{
 "type": "FeatureCollection",
 "features": [
  {
   "type": "Feature",
   "properties": {
    "klima_id": "BIR4.2",
    "projekt_navn": "Bellahøj Camping",
    "typologi": "Forsinkelsesplads",
    "vandopland": "Bispebjerg",
    "forventet_ibrugtagning": "2028"
   },
   "geometry": {
    "type": "MultiPolygon",
    "coordinates": [
     [
      [
       [
        12.51371,
        55.70037
       ],
       [
        12.51678,
        55.70335
       ],
       [
        12.51728,
        55.70317
       ],
       [
        12.51632,
        55.70232
       ],
       [
        12.51532,
        55.70133
       ],
       [
        12.51412,
        55.70021
       ],
       [
        12.51371,
        55.70037
       ]
      ]
     ]
    ]
   }
  },
  {
   "type": "Feature",
   "properties": {
    "klima_id": "BIR4.3",
    "projekt_navn": "Hulgårdsvej",
    "typologi": "Forsinkelsesplads",
    "vandopland": "Bispebjerg",
    "forventet_ibrugtagning": "2028"
   },
   "geometry": {
    "type": "MultiPolygon",
    "coordinates": [
     [
      [
       [
        12.5184,
        55.70194
       ],
       [
        12.51855,
        55.70208
       ],
       [
        12.51863,
        55.70223
       ],
       [
        12.51869,
        55.70219
       ],
       [
        12.51867,
        55.70206
       ],
       [
        12.5187,
        55.70202
       ],
       [
        12.51872,
        55.70202
       ],
       [
        12.51872,
        55.70201
       ],
       [
        12.5187,
        55.702
       ],
       [
        12.5186,
        55.70198
       ],
       [
        12.5186,
        55.70185
       ],
       [
        12.51867,
        55.70177
       ],
       [
        12.51858,
        55.70162
       ],
       [
        12.51856,
        55.70159
       ],
       [
        12.51862,
        55.70146
       ],
       [
        12.51859,
        55.70141
       ],
       [
        12.5185,
        55.70157
       ],
       [
        12.51846,
        55.70162
       ],
       [
        12.51836,
        55.7017
       ],
       [
        12.51821,
        55.70175
       ],
       [
        12.5184,
        55.70194
       ]
      ]
     ]
    ]
   }
  },
  {
   "type": "Feature",
   "properties": {
    "klima_id": "BIR16.1",
    "projekt_navn": "Hyrdevangen",
    "typologi": "Forsinkelsesplads",
    "vandopland": "Bispebjerg",
    "forventet_ibrugtagning": "2036"
   },
   "geometry": {
    "type": "MultiPolygon",
    "coordinates": [
     [
      [
       [
        12.51194,
        55.7116
       ],
       [
        12.51223,
        55.71098
       ],
       [
        12.51157,
        55.71125
       ],
       [
        12.51194,
        55.7116
       ]
      ]
     ]
    ]
   }
  },
  {
   "type": "Feature",
   "properties": {
    "klima_id": "BIR16.1",
    "projekt_navn": "Hyrdevangen",
    "typologi": "Forsinkelsesplads",
    "vandopland": "Bispebjerg",
    "forventet_ibrugtagning": "2036"
   },
   "geometry": {
    "type": "MultiPolygon",
    "coordinates": [
     [
      [
       [
        12.51314,
        55.71203
       ],
       [
        12.51297,
        55.71199
       ],
       [
        12.51275,
        55.71197
       ],
       [
        12.51259,
        55.71191
       ],
       [
        12.51253,
        55.71193
       ],
       [
        12.51253,
        55.71197
       ],
       [
        12.51276,
        55.71215
       ],
       [
        12.51294,
        55.71214
       ],
       [
        12.51306,
        55.71219
       ],
       [
        12.51314,
        55.71203
       ]
      ]
     ]
    ]
   }
  },
  {
   "type": "Feature",
   "properties": {
    "klima_id": "BIR6.1",
    "projekt_navn": "Bispeparken Nord",
    "vandopland": "Bispebjerg",
    "forventet_ibrugtagning": "2017"
   },
   "geometry": {
    "type": "MultiPolygon",
    "coordinates": [
     [
      [
       [
        12.53351,
        55.71395
       ],
       [
        12.5335,
        55.71393
       ],
       [
        12.53346,
        55.71389
       ],
       [
        12.53343,
        55.71384
       ],
       [
        12.5334,
        55.71379
       ],
       [
        12.53338,
        55.71374
       ],
       [
        12.53336,
        55.7137
       ],
       [
        12.53334,
        55.71366
       ],
       [
        12.53334,
        55.71362
       ],
       [
        12.53333,
        55.71359
       ],
       [
        12.53332,
        55.71354
       ],
       [
        12.53331,
        55.7135
       ],
       [
        12.53333,
        55.71344
       ],
       [
        12.53335,
        55.71339
       ],
       [
        12.53336,
        55.71335
       ],
       [
        12.5334,
        55.7133
       ],
       [
        12.53344,
        55.71325
       ],
       [
        12.53348,
        55.71321
       ],
       [
        12.53353,
        55.71318
       ],
       [
        12.53356,
        55.71313
       ],
       [
        12.5336,
        55.71309
       ],
       [
        12.53365,
        55.71304
       ],
       [
        12.53366,
        55.71299
       ],
       [
        12.5337,
        55.71294
       ],
       [
        12.53372,
        55.7129
       ],
       [
        12.53377,
        55.71285
       ],
       [
        12.53379,
        55.71282
       ],
       [
        12.53381,
        55.71277
       ],
       [
        12.53383,
        55.71275
       ],
       [
        12.53386,
        55.71273
       ],
       [
        12.53389,
        55.71274
       ],
       [
        12.53392,
        55.71274
       ],
       [
        12.53393,
        55.71274
       ],
       [
        12.53395,
        55.71276
       ],
       [
        12.53397,
        55.71277
       ],
       [
        12.53398,
        55.71279
       ],
       [
        12.53398,
        55.71281
       ],
       [
        12.534,
        55.71284
       ],
       [
        12.534,
        55.71287
       ],
       [
        12.534,
        55.71291
       ],
       [
        12.53399,
        55.71297
       ],
       [
        12.53399,
        55.713
       ],
       [
        12.53397,
        55.71308
       ],
       [
        12.53392,
        55.71313
       ],
       [
        12.53387,
        55.71318
       ],
       [
        12.53386,
        55.7132
       ],
       [
        12.53384,
        55.71328
       ],
       [
        12.53383,
        55.71333
       ],
       [
        12.53384,
        55.71341
       ],
       [
        12.53386,
        55.71346
       ],
       [
        12.53389,
        55.7135
       ],
       [
        12.53392,
        55.71356
       ],
       [
        12.53394,
        55.7136
       ],
       [
        12.53394,
        55.71365
       ],
       [
        12.53396,
        55.7137
       ],
       [
        12.53396,
        55.71375
       ],
       [
        12.5339,
        55.71383
       ],
       [
        12.53387,
        55.71387
       ],
       [
        12.53381,
        55.71391
       ],
       [
        12.53375,
        55.71395
       ],
       [
        12.5337,
        55.71398
       ],
       [
        12.53366,
        55.714
       ],
       [
        12.53363,
        55.71403
       ],
       [
        12.53357,
        55.71403
       ],
       [
        12.53353,
        55.714
       ],
       [
        12.53351,
        55.71395
       ]
      ]
     ]
    ]
   }
  },
  {
   "type": "Feature",
   "properties": {
    "klima_id": "BIR15.2",
    "projekt_navn": "Brønshøjparken",
    "typologi": "Forsinkelsesplads",
    "vandopland": "Bispebjerg",
    "forventet_ibrugtagning": "2034"
   },
   "geometry": {
    "type": "MultiPolygon",
    "coordinates": [
     [
      [
       [
        12.5107,
        55.70785
       ],
       [
        12.51096,
        55.70777
       ],
       [
        12.51038,
        55.70723
       ],
       [
        12.50954,
        55.70681
       ],
       [
        12.5093,
        55.70713
       ],
       [
        12.51028,
        55.70744
       ],
       [
        12.5107,
        55.70785
       ]
      ]
     ]
    ]
   }
  },
  {
   "type": "Feature",
   "properties": {
    "klima_id": "VEL17",
    "projekt_navn": "Sankt Jørgens Sø",
    "typologi": "Forsinkelsesplads",
    "vandopland": "Vesterbro-ladegaardså",
    "forventet_ibrugtagning": "2035"
   },
   "geometry": {
    "type": "MultiPolygon",
    "coordinates": [
     [
      [
       [
        12.55645,
        55.67782
       ],
       [
        12.55922,
        55.6776
       ],
       [
        12.5585,
        55.67478
       ],
       [
        12.55841,
        55.67477
       ],
       [
        12.55827,
        55.67484
       ],
       [
        12.55814,
        55.67485
       ],
       [
        12.55797,
        55.67485
       ],
       [
        12.55783,
        55.67482
       ],
       [
        12.55773,
        55.67476
       ],
       [
        12.55766,
        55.67468
       ],
       [
        12.55765,
        55.67461
       ],
       [
        12.55768,
        55.67454
       ],
       [
        12.55745,
        55.6745
       ],
       [
        12.55727,
        55.67428
       ],
       [
        12.55564,
        55.674
       ],
       [
        12.55558,
        55.6741
       ],
       [
        12.55552,
        55.6742
       ],
       [
        12.55583,
        55.67543
       ],
       [
        12.55645,
        55.67782
       ]
      ]
     ]
    ]
   }
  },
  {
   "type": "Feature",
   "properties": {
    "klima_id": "AM41",
    "projekt_navn": "Kirkegårdsvej, Kastrupvej og Sundby Kirkegård",
    "typologi": "Forsinkelsesplads",
    "vandopland": "Amager",
    "forventet_ibrugtagning": "2032"
   },
   "geometry": {
    "type": "MultiPolygon",
    "coordinates": [
     [
      [
       [
        12.61228,
        55.65753
       ],
       [
        12.61357,
        55.65775
       ],
       [
        12.61443,
        55.65638
       ],
       [
        12.61316,
        55.65613
       ],
       [
        12.61228,
        55.65753
       ]
      ]
     ]
    ]
   }
  },
  {
   "type": "Feature",
   "properties": {
    "klima_id": "OS18",
    "projekt_navn": "Tåsinge Plads",
    "typologi": "Forsinkelsesplads",
    "vandopland": "Østerbro",
    "forventet_ibrugtagning": "2014"
   },
   "geometry": {
    "type": "MultiPolygon",
    "coordinates": [
     [
      [
       [
        12.56768,
        55.7099
       ],
       [
        12.56764,
        55.71022
       ],
       [
        12.56848,
        55.71016
       ],
       [
        12.5685,
        55.71004
       ],
       [
        12.5678,
        55.70992
       ],
       [
        12.56768,
        55.7099
       ]
      ]
     ]
    ]
   }
  },
  {
   "type": "Feature",
   "properties": {
    "klima_id": "AM50",
    "projekt_navn": "Grækenlandskvarteret",
    "typologi": "Forsinkelsesplads",
    "vandopland": "Amager",
    "forventet_ibrugtagning": "2023"
   },
   "geometry": {
    "type": "MultiPolygon",
    "coordinates": [
     [
      [
       [
        12.61888,
        55.64317
       ],
       [
        12.61936,
        55.64325
       ],
       [
        12.61949,
        55.64303
       ],
       [
        12.61897,
        55.64293
       ],
       [
        12.61892,
        55.64299
       ],
       [
        12.61884,
        55.64312
       ],
       [
        12.61888,
        55.64317
       ]
      ]
     ]
    ]
   }
  },
  {
   "type": "Feature",
   "properties": {
    "klima_id": "AM50",
    "projekt_navn": "Grækenlandskvarteret",
    "typologi": "Forsinkelsesplads",
    "vandopland": "Amager",
    "forventet_ibrugtagning": "2023"
   },
   "geometry": {
    "type": "MultiPolygon",
    "coordinates": [
     [
      [
       [
        12.62565,
        55.6441
       ],
       [
        12.62641,
        55.64427
       ],
       [
        12.62655,
        55.64408
       ],
       [
        12.62649,
        55.644
       ],
       [
        12.62584,
        55.64387
       ],
       [
        12.62568,
        55.64406
       ],
       [
        12.62565,
        55.6441
       ]
      ]
     ]
    ]
   }
  },
  {
   "type": "Feature",
   "properties": {
    "klima_id": "AM46",
    "projekt_navn": "Krimsvejområdet Øresundsvej, Krimsvej og Tovelillevej",
    "typologi": "Forsinkelsesplads",
    "vandopland": "Amager",
    "forventet_ibrugtagning": "2029"
   },
   "geometry": {
    "type": "MultiPolygon",
    "coordinates": [
     [
      [
       [
        12.63245,
        55.66204
       ],
       [
        12.63315,
        55.66227
       ],
       [
        12.63356,
        55.66179
       ],
       [
        12.63268,
        55.6616
       ],
       [
        12.63245,
        55.66204
       ]
      ]
     ]
    ]
   }
  },
  {
   "type": "Feature",
   "properties": {
    "klima_id": "BIR16.4",
    "projekt_navn": "Ørevadsvej",
    "typologi": "Forsinkelsesplads",
    "vandopland": "Bispebjerg",
    "forventet_ibrugtagning": "2035"
   },
   "geometry": {
    "type": "MultiPolygon",
    "coordinates": [
     [
      [
       [
        12.51908,
        55.71378
       ],
       [
        12.51918,
        55.7138
       ],
       [
        12.51927,
        55.71381
       ],
       [
        12.51948,
        55.71339
       ],
       [
        12.51927,
        55.71332
       ],
       [
        12.51908,
        55.71378
       ]
      ]
     ]
    ]
   }
  },
  {
   "type": "Feature",
   "properties": {
    "klima_id": "Frederiksberg",
    "typologi": "Forsinkelsesplads"
   },
   "geometry": {
    "type": "MultiPolygon",
    "coordinates": [
     [
      [
       [
        12.49821,
        55.6713
       ],
       [
        12.50032,
        55.67126
       ],
       [
        12.50024,
        55.67067
       ],
       [
        12.49832,
        55.67072
       ],
       [
        12.49821,
        55.6713
       ]
      ]
     ]
    ]
   }
  },
  {
   "type": "Feature",
   "properties": {
    "klima_id": "BIR14.3",
    "projekt_navn": "Kirkemosen",
    "typologi": "Forsinkelsesplads",
    "vandopland": "Bispebjerg",
    "forventet_ibrugtagning": "2035"
   },
   "geometry": {
    "type": "MultiPolygon",
    "coordinates": [
     [
      [
       [
        12.50004,
        55.70981
       ],
       [
        12.49991,
        55.71032
       ],
       [
        12.4999,
        55.71046
       ],
       [
        12.50138,
        55.71042
       ],
       [
        12.50138,
        55.71011
       ],
       [
        12.50138,
        55.70979
       ],
       [
        12.50004,
        55.70981
       ]
      ]
     ]
    ]
   }
  },
  {
   "type": "Feature",
   "properties": {
    "klima_id": "OS34",
    "projekt_navn": "Østergasværk kvarter legeplads",
    "typologi": "Skybrudsbassin",
    "vandopland": "Østerbro",
    "forventet_ibrugtagning": "2019"
   },
   "geometry": {
    "type": "MultiPolygon",
    "coordinates": [
     [
      [
       [
        12.58118,
        55.71229
       ],
       [
        12.58116,
        55.71233
       ],
       [
        12.58163,
        55.71236
       ],
       [
        12.58181,
        55.71236
       ],
       [
        12.58214,
        55.71237
       ],
       [
        12.58216,
        55.71231
       ],
       [
        12.58118,
        55.71229
       ]
      ]
     ]
    ]
   }
  },
  {
   "type": "Feature",
   "properties": {
    "klima_id": "OS16",
    "projekt_navn": "Jagtvej",
    "typologi": "skybrudsbassin",
    "vandopland": "Østerbro",
    "forventet_ibrugtagning": "2027"
   },
   "geometry": {
    "type": "MultiPolygon",
    "coordinates": [
     [
      [
       [
        12.57059,
        55.70788
       ],
       [
        12.57062,
        55.7078
       ],
       [
        12.5725,
        55.70816
       ],
       [
        12.57244,
        55.70824
       ],
       [
        12.57059,
        55.70788
       ]
      ]
     ]
    ]
   }
  },
  {
   "type": "Feature",
   "properties": {
    "klima_id": "BIR19.4",
    "projekt_navn": "Kantorparken",
    "typologi": "Forsinkelsesplads",
    "vandopland": "Bispebjerg",
    "forventet_ibrugtagning": "2038"
   },
   "geometry": {
    "type": "MultiPolygon",
    "coordinates": [
     [
      [
       [
        12.53564,
        55.72179
       ],
       [
        12.53566,
        55.72191
       ],
       [
        12.53804,
        55.72189
       ],
       [
        12.53798,
        55.72177
       ],
       [
        12.53681,
        55.72178
       ],
       [
        12.53564,
        55.72179
       ]
      ]
     ]
    ]
   }
  },
  {
   "type": "Feature",
   "properties": {
    "klima_id": "Frederiksberg",
    "typologi": "Forsinkelsesplads"
   },
   "geometry": {
    "type": "MultiPolygon",
    "coordinates": [
     [
      [
       [
        12.52218,
        55.69168
       ],
       [
        12.52375,
        55.6912
       ],
       [
        12.52394,
        55.69141
       ],
       [
        12.52502,
        55.69107
       ],
       [
        12.52456,
        55.6906
       ],
       [
        12.52195,
        55.69137
       ],
       [
        12.52218,
        55.69168
       ]
      ]
     ]
    ]
   }
  },
  {
   "type": "Feature",
   "properties": {
    "klima_id": "Frederiksberg",
    "typologi": "Forsinkelsesplads"
   },
   "geometry": {
    "type": "MultiPolygon",
    "coordinates": [
     [
      [
       [
        12.50145,
        55.67199
       ],
       [
        12.50317,
        55.67196
       ],
       [
        12.50315,
        55.67092
       ],
       [
        12.50235,
        55.67095
       ],
       [
        12.5024,
        55.67146
       ],
       [
        12.5014,
        55.67149
       ],
       [
        12.50145,
        55.67199
       ]
      ]
     ]
    ]
   }
  },
  {
   "type": "Feature",
   "properties": {
    "klima_id": "BIR7.8",
    "projekt_navn": "Tuborgvej",
    "typologi": "Forsinkelsesplads",
    "vandopland": "Bispebjerg",
    "forventet_ibrugtagning": "2024"
   },
   "geometry": {
    "type": "MultiPolygon",
    "coordinates": [
     [
      [
       [
        12.53798,
        55.71667
       ],
       [
        12.53773,
        55.7165
       ],
       [
        12.53747,
        55.71633
       ],
       [
        12.5374,
        55.7164
       ],
       [
        12.53736,
        55.71647
       ],
       [
        12.53737,
        55.71658
       ],
       [
        12.53737,
        55.71665
       ],
       [
        12.53746,
        55.71671
       ],
       [
        12.53758,
        55.71673
       ],
       [
        12.53778,
        55.71672
       ],
       [
        12.53798,
        55.71667
       ]
      ]
     ]
    ]
   }
  },
  {
   "type": "Feature",
   "properties": {
    "klima_id": "Frederiksberg",
    "typologi": "Forsinkelsesplads"
   },
   "geometry": {
    "type": "MultiPolygon",
    "coordinates": [
     [
      [
       [
        12.49281,
        55.67564
       ],
       [
        12.4933,
        55.67566
       ],
       [
        12.49378,
        55.67326
       ],
       [
        12.49793,
        55.67331
       ],
       [
        12.49799,
        55.67303
       ],
       [
        12.49624,
        55.67299
       ],
       [
        12.49612,
        55.67293
       ],
       [
        12.49612,
        55.67279
       ],
       [
        12.49612,
        55.67253
       ],
       [
        12.4958,
        55.67254
       ],
       [
        12.49579,
        55.67296
       ],
       [
        12.49384,
        55.67296
       ],
       [
        12.49369,
        55.67289
       ],
       [
        12.49368,
        55.67278
       ],
       [
        12.49385,
        55.67256
       ],
       [
        12.49325,
        55.67258
       ],
       [
        12.49281,
        55.67564
       ]
      ]
     ]
    ]
   }
  },
  {
   "type": "Feature",
   "properties": {
    "klima_id": "BIR6.2",
    "projekt_navn": "Bispeparken Syd",
    "vandopland": "Bispebjerg",
    "forventet_ibrugtagning": "2023"
   },
   "geometry": {
    "type": "MultiPolygon",
    "coordinates": [
     [
      [
       [
        12.53393,
        55.71162
       ],
       [
        12.53395,
        55.71162
       ],
       [
        12.53396,
        55.71163
       ],
       [
        12.53397,
        55.71163
       ],
       [
        12.53399,
        55.71164
       ],
       [
        12.53399,
        55.71164
       ],
       [
        12.534,
        55.71164
       ],
       [
        12.53401,
        55.71165
       ],
       [
        12.53402,
        55.71165
       ],
       [
        12.53403,
        55.71165
       ],
       [
        12.53404,
        55.71165
       ],
       [
        12.53405,
        55.71165
       ],
       [
        12.53407,
        55.71165
       ],
       [
        12.53408,
        55.71165
       ],
       [
        12.53409,
        55.71165
       ],
       [
        12.53409,
        55.71164
       ],
       [
        12.5341,
        55.71164
       ],
       [
        12.53411,
        55.71164
       ],
       [
        12.53411,
        55.71163
       ],
       [
        12.53411,
        55.71162
       ],
       [
        12.53411,
        55.71161
       ],
       [
        12.53411,
        55.71161
       ],
       [
        12.5341,
        55.7116
       ],
       [
        12.5341,
        55.7116
       ],
       [
        12.53409,
        55.7116
       ],
       [
        12.53408,
        55.71159
       ],
       [
        12.53408,
        55.71159
       ],
       [
        12.53407,
        55.71159
       ],
       [
        12.53406,
        55.71158
       ],
       [
        12.53404,
        55.71157
       ],
       [
        12.53403,
        55.71157
       ],
       [
        12.53401,
        55.71156
       ],
       [
        12.534,
        55.71156
       ],
       [
        12.53399,
        55.71155
       ],
       [
        12.53397,
        55.71154
       ],
       [
        12.53397,
        55.71154
       ],
       [
        12.53395,
        55.71153
       ],
       [
        12.53394,
        55.71153
       ],
       [
        12.53392,
        55.71152
       ],
       [
        12.53391,
        55.71152
       ],
       [
        12.5339,
        55.71152
       ],
       [
        12.53388,
        55.71151
       ],
       [
        12.53386,
        55.71151
       ],
       [
        12.53385,
        55.71152
       ],
       [
        12.53385,
        55.71152
       ],
       [
        12.53384,
        55.71152
       ],
       [
        12.53381,
        55.71152
       ],
       [
        12.5338,
        55.71152
       ],
       [
        12.5338,
        55.71153
       ],
       [
        12.53379,
        55.71154
       ],
       [
        12.53378,
        55.71156
       ],
       [
        12.53378,
        55.71157
       ],
       [
        12.53378,
        55.71158
       ],
       [
        12.53379,
        55.71158
       ],
       [
        12.53383,
        55.71161
       ],
       [
        12.53384,
        55.71161
       ],
       [
        12.53387,
        55.71161
       ],
       [
        12.5339,
        55.71162
       ],
       [
        12.53391,
        55.71162
       ],
       [
        12.53391,
        55.71162
       ],
       [
        12.53393,
        55.71162
       ]
      ]
     ]
    ]
   }
  },
  {
   "type": "Feature",
   "properties": {
    "klima_id": "BIR11.1",
    "projekt_navn": "Ryparken",
    "typologi": "Forsinkelsesplads",
    "vandopland": "Bispebjerg",
    "forventet_ibrugtagning": "2016"
   },
   "geometry": {
    "type": "MultiPolygon",
    "coordinates": [
     [
      [
       [
        12.55879,
        55.71742
       ],
       [
        12.5589,
        55.71749
       ],
       [
        12.55901,
        55.71755
       ],
       [
        12.55909,
        55.71762
       ],
       [
        12.55917,
        55.7177
       ],
       [
        12.55926,
        55.71778
       ],
       [
        12.55936,
        55.71782
       ],
       [
        12.55948,
        55.71783
       ],
       [
        12.5596,
        55.71781
       ],
       [
        12.55972,
        55.7178
       ],
       [
        12.55986,
        55.71774
       ],
       [
        12.55998,
        55.71769
       ],
       [
        12.5601,
        55.71764
       ],
       [
        12.56032,
        55.71754
       ],
       [
        12.56056,
        55.71743
       ],
       [
        12.5607,
        55.71736
       ],
       [
        12.56075,
        55.71731
       ],
       [
        12.56078,
        55.71723
       ],
       [
        12.56077,
        55.71715
       ],
       [
        12.56071,
        55.71706
       ],
       [
        12.56062,
        55.71702
       ],
       [
        12.56042,
        55.71695
       ],
       [
        12.56011,
        55.7169
       ],
       [
        12.55975,
        55.71685
       ],
       [
        12.55942,
        55.7168
       ],
       [
        12.55917,
        55.71678
       ],
       [
        12.55894,
        55.71677
       ],
       [
        12.55875,
        55.71678
       ],
       [
        12.5586,
        55.7168
       ],
       [
        12.55848,
        55.71684
       ],
       [
        12.55839,
        55.71692
       ],
       [
        12.55834,
        55.71699
       ],
       [
        12.55829,
        55.71707
       ],
       [
        12.55826,
        55.71718
       ],
       [
        12.55824,
        55.71727
       ],
       [
        12.55831,
        55.71733
       ],
       [
        12.55843,
        55.71736
       ],
       [
        12.55855,
        55.71739
       ],
       [
        12.55861,
        55.7174
       ],
       [
        12.55868,
        55.7174
       ],
       [
        12.55879,
        55.71742
       ]
      ]
     ]
    ]
   }
  },
  {
   "type": "Feature",
   "properties": {
    "klima_id": "AM33",
    "projekt_navn": "Frankrigsgade",
    "vandopland": "Amager",
    "forventet_ibrugtagning": "2033"
   },
   "geometry": {
    "type": "MultiPolygon",
    "coordinates": [
     [
      [
       [
        12.60594,
        55.66055
       ],
       [
        12.60607,
        55.66046
       ],
       [
        12.60621,
        55.66052
       ],
       [
        12.60632,
        55.66057
       ],
       [
        12.60621,
        55.66068
       ],
       [
        12.60615,
        55.66065
       ],
       [
        12.60594,
        55.66055
       ]
      ]
     ]
    ]
   }
  },
  {
   "type": "Feature",
   "properties": {
    "klima_id": "Frederiksberg",
    "typologi": "Forsinkelsesplads"
   },
   "geometry": {
    "type": "MultiPolygon",
    "coordinates": [
     [
      [
       [
        12.55354,
        55.68159
       ],
       [
        12.55404,
        55.68147
       ],
       [
        12.55313,
        55.68024
       ],
       [
        12.5527,
        55.68038
       ],
       [
        12.55354,
        55.68159
       ]
      ]
     ]
    ]
   }
  },
  {
   "type": "Feature",
   "properties": {
    "klima_id": "AM33",
    "projekt_navn": "Frankrigsgade",
    "vandopland": "Amager",
    "forventet_ibrugtagning": "2033"
   },
   "geometry": {
    "type": "MultiPolygon",
    "coordinates": [
     [
      [
       [
        12.60556,
        55.66073
       ],
       [
        12.60545,
        55.66081
       ],
       [
        12.60513,
        55.66068
       ],
       [
        12.60524,
        55.66058
       ],
       [
        12.60532,
        55.66061
       ],
       [
        12.60556,
        55.66073
       ]
      ]
     ]
    ]
   }
  },
  {
   "type": "Feature",
   "properties": {
    "klima_id": "BIR5.4",
    "projekt_navn": "Tomsgårdsvej",
    "typologi": "Forsinkelsesplads",
    "vandopland": "Bispebjerg",
    "forventet_ibrugtagning": "2023"
   },
   "geometry": {
    "type": "MultiPolygon",
    "coordinates": [
     [
      [
       [
        12.52486,
        55.71031
       ],
       [
        12.52625,
        55.71041
       ],
       [
        12.52638,
        55.70999
       ],
       [
        12.52496,
        55.70985
       ],
       [
        12.52486,
        55.71031
       ]
      ]
     ]
    ]
   }
  },
  {
   "type": "Feature",
   "properties": {
    "klima_id": "BIR5.3",
    "projekt_navn": "Smedetoften m.fl.",
    "vandopland": "Bispebjerg",
    "forventet_ibrugtagning": "2025"
   },
   "geometry": {
    "type": "MultiPolygon",
    "coordinates": [
     [
      [
       [
        12.51974,
        55.70816
       ],
       [
        12.51971,
        55.70816
       ],
       [
        12.51969,
        55.70817
       ],
       [
        12.51967,
        55.70818
       ],
       [
        12.51965,
        55.70819
       ],
       [
        12.51962,
        55.70821
       ],
       [
        12.5196,
        55.70822
       ],
       [
        12.51957,
        55.70824
       ],
       [
        12.51955,
        55.70825
       ],
       [
        12.51952,
        55.70826
       ],
       [
        12.5195,
        55.70826
       ],
       [
        12.51947,
        55.70826
       ],
       [
        12.51948,
        55.70846
       ],
       [
        12.51974,
        55.70845
       ],
       [
        12.51974,
        55.70816
       ]
      ]
     ]
    ]
   }
  },
  {
   "type": "Feature",
   "properties": {
    "klima_id": "KV95",
    "projekt_navn": "Sønder Fasanvej",
    "typologi": "bassin",
    "vandopland": "København Vest",
    "forventet_ibrugtagning": "2031"
   },
   "geometry": {
    "type": "MultiPolygon",
    "coordinates": [
     [
      [
       [
        12.51707,
        55.6674
       ],
       [
        12.51676,
        55.66739
       ],
       [
        12.51675,
        55.6676
       ],
       [
        12.51674,
        55.66764
       ],
       [
        12.51674,
        55.66774
       ],
       [
        12.51674,
        55.66783
       ],
       [
        12.51692,
        55.66783
       ],
       [
        12.51699,
        55.66783
       ],
       [
        12.51705,
        55.66783
       ],
       [
        12.51707,
        55.6674
       ]
      ]
     ]
    ]
   }
  },
  {
   "type": "Feature",
   "properties": {
    "klima_id": "KV98",
    "projekt_navn": "Bogholder Allé",
    "typologi": "Forsinkelsesplads",
    "vandopland": "København Vest",
    "forventet_ibrugtagning": "Ukendt"
   },
   "geometry": {
    "type": "MultiPolygon",
    "coordinates": [
     [
      [
       [
        12.4869,
        55.68492
       ],
       [
        12.48704,
        55.68496
       ],
       [
        12.48718,
        55.68499
       ],
       [
        12.48742,
        55.68459
       ],
       [
        12.48718,
        55.68453
       ],
       [
        12.4869,
        55.68492
       ]
      ]
     ]
    ]
   }
  },
  {
   "type": "Feature",
   "properties": {
    "klima_id": "NO21",
    "projekt_navn": "De Indre Søer",
    "typologi": "Forsinkelsesplads",
    "vandopland": "Nørrebro",
    "forventet_ibrugtagning": "2023"
   },
   "geometry": {
    "type": "MultiPolygon",
    "coordinates": [
     [
      [
       [
        12.56848,
        55.69144
       ],
       [
        12.56858,
        55.69143
       ],
       [
        12.56926,
        55.69171
       ],
       [
        12.56957,
        55.69154
       ],
       [
        12.56985,
        55.69139
       ],
       [
        12.57014,
        55.69123
       ],
       [
        12.57044,
        55.69106
       ],
       [
        12.57056,
        55.69096
       ],
       [
        12.57077,
        55.69076
       ],
       [
        12.57082,
        55.69068
       ],
       [
        12.57081,
        55.69061
       ],
       [
        12.57077,
        55.69054
       ],
       [
        12.5704,
        55.69029
       ],
       [
        12.57042,
        55.69024
       ],
       [
        12.56966,
        55.68976
       ],
       [
        12.56864,
        55.68911
       ],
       [
        12.56815,
        55.68874
       ],
       [
        12.56703,
        55.68789
       ],
       [
        12.56638,
        55.68738
       ],
       [
        12.56615,
        55.68723
       ],
       [
        12.56599,
        55.68709
       ],
       [
        12.56583,
        55.68698
       ],
       [
        12.5657,
        55.68687
       ],
       [
        12.56546,
        55.68668
       ],
       [
        12.56535,
        55.68668
       ],
       [
        12.56526,
        55.68668
       ],
       [
        12.56515,
        55.68668
       ],
       [
        12.56504,
        55.68664
       ],
       [
        12.56494,
        55.68662
       ],
       [
        12.56485,
        55.68658
       ],
       [
        12.5648,
        55.68655
       ],
       [
        12.56472,
        55.6865
       ],
       [
        12.56305,
        55.68716
       ],
       [
        12.56314,
        55.68726
       ],
       [
        12.56316,
        55.68731
       ],
       [
        12.56317,
        55.68735
       ],
       [
        12.56317,
        55.68738
       ],
       [
        12.56316,
        55.68744
       ],
       [
        12.56313,
        55.68749
       ],
       [
        12.56311,
        55.68752
       ],
       [
        12.5631,
        55.68755
       ],
       [
        12.56377,
        55.68804
       ],
       [
        12.56445,
        55.68856
       ],
       [
        12.56575,
        55.68955
       ],
       [
        12.56616,
        55.68986
       ],
       [
        12.56648,
        55.6901
       ],
       [
        12.56848,
        55.69144
       ]
      ],
      [
       [
        12.56636,
        55.68944
       ],
       [
        12.56633,
        55.68943
       ],
       [
        12.56633,
        55.68943
       ],
       [
        12.5663,
        55.68942
       ],
       [
        12.5663,
        55.68942
       ],
       [
        12.5663,
        55.68941
       ],
       [
        12.5663,
        55.6894
       ],
       [
        12.56632,
        55.68938
       ],
       [
        12.56636,
        55.68937
       ],
       [
        12.56641,
        55.68937
       ],
       [
        12.56647,
        55.68938
       ],
       [
        12.56651,
        55.68939
       ],
       [
        12.56655,
        55.68941
       ],
       [
        12.56659,
        55.68944
       ],
       [
        12.56661,
        55.68946
       ],
       [
        12.56662,
        55.68947
       ],
       [
        12.56663,
        55.6895
       ],
       [
        12.56665,
        55.68953
       ],
       [
        12.56665,
        55.68955
       ],
       [
        12.56664,
        55.68957
       ],
       [
        12.56662,
        55.68958
       ],
       [
        12.56661,
        55.68959
       ],
       [
        12.56659,
        55.6896
       ],
       [
        12.56657,
        55.6896
       ],
       [
        12.56656,
        55.68961
       ],
       [
        12.56653,
        55.6896
       ],
       [
        12.56652,
        55.68959
       ],
       [
        12.5665,
        55.68958
       ],
       [
        12.56651,
        55.68957
       ],
       [
        12.56651,
        55.68956
       ],
       [
        12.56651,
        55.68954
       ],
       [
        12.56651,
        55.68953
       ],
       [
        12.56652,
        55.68952
       ],
       [
        12.56651,
        55.6895
       ],
       [
        12.5665,
        55.68948
       ],
       [
        12.56648,
        55.68947
       ],
       [
        12.56647,
        55.68946
       ],
       [
        12.56644,
        55.68945
       ],
       [
        12.56642,
        55.68945
       ],
       [
        12.5664,
        55.68944
       ],
       [
        12.56636,
        55.68944
       ]
      ]
     ]
    ]
   }
  },
  {
   "type": "Feature",
   "properties": {
    "klima_id": "Frederiksberg",
    "typologi": "Forsinkelsesplads"
   },
   "geometry": {
    "type": "MultiPolygon",
    "coordinates": [
     [
      [
       [
        12.51099,
        55.67495
       ],
       [
        12.51177,
        55.67326
       ],
       [
        12.51856,
        55.67312
       ],
       [
        12.51814,
        55.6721
       ],
       [
        12.51414,
        55.67217
       ],
       [
        12.51418,
        55.67254
       ],
       [
        12.51349,
        55.67257
       ],
       [
        12.51351,
        55.67282
       ],
       [
        12.51212,
        55.67285
       ],
       [
        12.51212,
        55.67226
       ],
       [
        12.50959,
        55.67229
       ],
       [
        12.50955,
        55.67377
       ],
       [
        12.51099,
        55.67495
       ]
      ]
     ]
    ]
   }
  },
  {
   "type": "Feature",
   "properties": {
    "klima_id": "OS18",
    "projekt_navn": "Tåsinge Plads",
    "typologi": "Forsinkelsesplads",
    "vandopland": "Østerbro",
    "forventet_ibrugtagning": "2014"
   },
   "geometry": {
    "type": "MultiPolygon",
    "coordinates": [
     [
      [
       [
        12.56599,
        55.71183
       ],
       [
        12.56625,
        55.71178
       ],
       [
        12.56627,
        55.71164
       ],
       [
        12.56585,
        55.71168
       ],
       [
        12.56599,
        55.71183
       ]
      ]
     ]
    ]
   }
  },
  {
   "type": "Feature",
   "properties": {
    "klima_id": "KV53",
    "projekt_navn": "Grøndalsparken",
    "typologi": "Forsinkelsesplads",
    "vandopland": "København Vest",
    "forventet_ibrugtagning": "2029"
   },
   "geometry": {
    "type": "MultiPolygon",
    "coordinates": [
     [
      [
       [
        12.48565,
        55.67798
       ],
       [
        12.48597,
        55.67807
       ],
       [
        12.48683,
        55.67834
       ],
       [
        12.4878,
        55.67874
       ],
       [
        12.48939,
        55.6794
       ],
       [
        12.48954,
        55.6794
       ],
       [
        12.48954,
        55.6794
       ],
       [
        12.48969,
        55.67939
       ],
       [
        12.48985,
        55.67954
       ],
       [
        12.48999,
        55.67968
       ],
       [
        12.4902,
        55.67991
       ],
       [
        12.4903,
        55.68005
       ],
       [
        12.49049,
        55.68033
       ],
       [
        12.49075,
        55.68067
       ],
       [
        12.49124,
        55.68142
       ],
       [
        12.4914,
        55.68165
       ],
       [
        12.49175,
        55.68208
       ],
       [
        12.49209,
        55.68243
       ],
       [
        12.49225,
        55.68261
       ],
       [
        12.49247,
        55.68282
       ],
       [
        12.4929,
        55.68316
       ],
       [
        12.49351,
        55.68368
       ],
       [
        12.49391,
        55.68397
       ],
       [
        12.49409,
        55.68408
       ],
       [
        12.49427,
        55.68421
       ],
       [
        12.49454,
        55.68436
       ],
       [
        12.49489,
        55.68455
       ],
       [
        12.49562,
        55.68489
       ],
       [
        12.49595,
        55.68502
       ],
       [
        12.49664,
        55.6853
       ],
       [
        12.49682,
        55.68537
       ],
       [
        12.49698,
        55.68542
       ],
       [
        12.4974,
        55.68559
       ],
       [
        12.49753,
        55.68565
       ],
       [
        12.49764,
        55.68564
       ],
       [
        12.49794,
        55.68546
       ],
       [
        12.4999,
        55.68649
       ],
       [
        12.49949,
        55.68673
       ],
       [
        12.49968,
        55.68684
       ],
       [
        12.50109,
        55.68766
       ],
       [
        12.50167,
        55.68805
       ],
       [
        12.50205,
        55.68833
       ],
       [
        12.50248,
        55.68849
       ],
       [
        12.50286,
        55.6886
       ],
       [
        12.50328,
        55.68872
       ],
       [
        12.50354,
        55.68877
       ],
       [
        12.50393,
        55.68885
       ],
       [
        12.50432,
        55.68891
       ],
       [
        12.50482,
        55.68896
       ],
       [
        12.5053,
        55.689
       ],
       [
        12.50545,
        55.68902
       ],
       [
        12.50578,
        55.68905
       ],
       [
        12.50629,
        55.6891
       ],
       [
        12.50693,
        55.68916
       ],
       [
        12.50743,
        55.6892
       ],
       [
        12.50762,
        55.68922
       ],
       [
        12.50831,
        55.68928
       ],
       [
        12.50906,
        55.68936
       ],
       [
        12.50992,
        55.68949
       ],
       [
        12.51069,
        55.6896
       ],
       [
        12.51133,
        55.68972
       ],
       [
        12.51174,
        55.68981
       ],
       [
        12.51242,
        55.68999
       ],
       [
        12.51356,
        55.69031
       ],
       [
        12.51534,
        55.69088
       ],
       [
        12.51587,
        55.69109
       ],
       [
        12.51797,
        55.69199
       ],
       [
        12.5183,
        55.69218
       ],
       [
        12.51855,
        55.69238
       ],
       [
        12.51881,
        55.6927
       ],
       [
        12.51903,
        55.6928
       ],
       [
        12.51941,
        55.69271
       ],
       [
        12.52101,
        55.69354
       ],
       [
        12.52106,
        55.69377
       ],
       [
        12.52217,
        55.69428
       ],
       [
        12.52287,
        55.69461
       ],
       [
        12.52298,
        55.69466
       ],
       [
        12.5235,
        55.69484
       ],
       [
        12.52414,
        55.69506
       ],
       [
        12.5249,
        55.69532
       ],
       [
        12.52593,
        55.69555
       ],
       [
        12.52703,
        55.69571
       ],
       [
        12.52731,
        55.69556
       ],
       [
        12.5265,
        55.69548
       ],
       [
        12.52488,
        55.69513
       ],
       [
        12.52336,
        55.69462
       ],
       [
        12.52291,
        55.69443
       ],
       [
        12.52203,
        55.69401
       ],
       [
        12.52141,
        55.6934
       ],
       [
        12.52126,
        55.69311
       ],
       [
        12.52089,
        55.69287
       ],
       [
        12.52036,
        55.69236
       ],
       [
        12.51987,
        55.69208
       ],
       [
        12.51953,
        55.69184
       ],
       [
        12.51907,
        55.69154
       ],
       [
        12.51856,
        55.69126
       ],
       [
        12.51819,
        55.69111
       ],
       [
        12.51753,
        55.69073
       ],
       [
        12.51681,
        55.6906
       ],
       [
        12.51627,
        55.69036
       ],
       [
        12.51565,
        55.69009
       ],
       [
        12.51537,
        55.69
       ],
       [
        12.51462,
        55.68984
       ],
       [
        12.51437,
        55.68978
       ],
       [
        12.51394,
        55.68967
       ],
       [
        12.51356,
        55.68954
       ],
       [
        12.51313,
        55.68939
       ],
       [
        12.5128,
        55.68931
       ],
       [
        12.51212,
        55.68917
       ],
       [
        12.51048,
        55.68898
       ],
       [
        12.51022,
        55.68896
       ],
       [
        12.50985,
        55.68905
       ],
       [
        12.50955,
        55.68903
       ],
       [
        12.50827,
        55.68887
       ],
       [
        12.50673,
        55.68858
       ],
       [
        12.50615,
        55.68856
       ],
       [
        12.50397,
        55.68825
       ],
       [
        12.50242,
        55.68778
       ],
       [
        12.5022,
        55.68762
       ],
       [
        12.50245,
        55.68743
       ],
       [
        12.50228,
        55.68737
       ],
       [
        12.50085,
        55.68663
       ],
       [
        12.50037,
        55.68661
       ],
       [
        12.49997,
        55.68644
       ],
       [
        12.49968,
        55.68629
       ],
       [
        12.49785,
        55.68532
       ],
       [
        12.49803,
        55.68521
       ],
       [
        12.49781,
        55.68509
       ],
       [
        12.49709,
        55.6847
       ],
       [
        12.49636,
        55.68431
       ],
       [
        12.49592,
        55.68407
       ],
       [
        12.49583,
        55.68411
       ],
       [
        12.49598,
        55.68455
       ],
       [
        12.49591,
        55.68453
       ],
       [
        12.49587,
        55.68453
       ],
       [
        12.49567,
        55.68443
       ],
       [
        12.49548,
        55.68432
       ],
       [
        12.49513,
        55.68369
       ],
       [
        12.49477,
        55.68331
       ],
       [
        12.49459,
        55.68315
       ],
       [
        12.49448,
        55.68312
       ],
       [
        12.49432,
        55.68296
       ],
       [
        12.49396,
        55.68306
       ],
       [
        12.49393,
        55.68304
       ],
       [
        12.49305,
        55.6821
       ],
       [
        12.49216,
        55.68052
       ],
       [
        12.49161,
        55.67956
       ],
       [
        12.49151,
        55.67917
       ],
       [
        12.4911,
        55.67898
       ],
       [
        12.49029,
        55.67849
       ],
       [
        12.4898,
        55.67828
       ],
       [
        12.48814,
        55.67765
       ],
       [
        12.48734,
        55.67745
       ],
       [
        12.48675,
        55.67741
       ],
       [
        12.48664,
        55.6774
       ],
       [
        12.48646,
        55.67755
       ],
       [
        12.48619,
        55.67769
       ],
       [
        12.48599,
        55.67778
       ],
       [
        12.48565,
        55.67798
       ]
      ]
     ]
    ]
   }
  },
  {
   "type": "Feature",
   "properties": {
    "klima_id": "KV46",
    "projekt_navn": "Bangsbo Plads",
    "typologi": "Forsinkelsesplads",
    "vandopland": "København Vest",
    "forventet_ibrugtagning": "2027"
   },
   "geometry": {
    "type": "MultiPolygon",
    "coordinates": [
     [
      [
       [
        12.49292,
        55.69162
       ],
       [
        12.4933,
        55.69186
       ],
       [
        12.49406,
        55.69146
       ],
       [
        12.49307,
        55.69132
       ],
       [
        12.49292,
        55.69162
       ]
      ]
     ]
    ]
   }
  },
  {
   "type": "Feature",
   "properties": {
    "klima_id": "BIR6.2",
    "projekt_navn": "Bispeparken Syd",
    "vandopland": "Bispebjerg",
    "forventet_ibrugtagning": "2023"
   },
   "geometry": {
    "type": "MultiPolygon",
    "coordinates": [
     [
      [
       [
        12.53383,
        55.71123
       ],
       [
        12.53384,
        55.71123
       ],
       [
        12.53386,
        55.71123
       ],
       [
        12.53388,
        55.71123
       ],
       [
        12.53389,
        55.71123
       ],
       [
        12.5339,
        55.71123
       ],
       [
        12.53392,
        55.71122
       ],
       [
        12.53393,
        55.71122
       ],
       [
        12.53395,
        55.71122
       ],
       [
        12.53397,
        55.71121
       ],
       [
        12.53398,
        55.71121
       ],
       [
        12.53399,
        55.7112
       ],
       [
        12.534,
        55.7112
       ],
       [
        12.53401,
        55.71119
       ],
       [
        12.53402,
        55.71119
       ],
       [
        12.53403,
        55.71118
       ],
       [
        12.53404,
        55.71118
       ],
       [
        12.53405,
        55.71117
       ],
       [
        12.53406,
        55.71117
       ],
       [
        12.53407,
        55.71116
       ],
       [
        12.53408,
        55.71116
       ],
       [
        12.53409,
        55.71115
       ],
       [
        12.5341,
        55.71115
       ],
       [
        12.53412,
        55.71114
       ],
       [
        12.53413,
        55.71114
       ],
       [
        12.53414,
        55.71114
       ],
       [
        12.53416,
        55.71114
       ],
       [
        12.53418,
        55.71114
       ],
       [
        12.5342,
        55.71115
       ],
       [
        12.53421,
        55.71115
       ],
       [
        12.53423,
        55.71116
       ],
       [
        12.53424,
        55.71116
       ],
       [
        12.53426,
        55.71118
       ],
       [
        12.53427,
        55.71119
       ],
       [
        12.53428,
        55.7112
       ],
       [
        12.53429,
        55.71122
       ],
       [
        12.53429,
        55.71124
       ],
       [
        12.53429,
        55.71126
       ],
       [
        12.5343,
        55.71127
       ],
       [
        12.5343,
        55.71129
       ],
       [
        12.53428,
        55.7113
       ],
       [
        12.53426,
        55.71131
       ],
       [
        12.53424,
        55.71132
       ],
       [
        12.5342,
        55.71132
       ],
       [
        12.53417,
        55.71133
       ],
       [
        12.53412,
        55.71133
       ],
       [
        12.53408,
        55.71134
       ],
       [
        12.53404,
        55.71135
       ],
       [
        12.53401,
        55.71136
       ],
       [
        12.53399,
        55.71137
       ],
       [
        12.53398,
        55.71138
       ],
       [
        12.53396,
        55.7114
       ],
       [
        12.53395,
        55.7114
       ],
       [
        12.53394,
        55.71141
       ],
       [
        12.53393,
        55.71141
       ],
       [
        12.53392,
        55.71141
       ],
       [
        12.53389,
        55.71143
       ],
       [
        12.53388,
        55.71143
       ],
       [
        12.53388,
        55.71144
       ],
       [
        12.53387,
        55.71144
       ],
       [
        12.53383,
        55.71144
       ],
       [
        12.53378,
        55.71144
       ],
       [
        12.53377,
        55.71143
       ],
       [
        12.53377,
        55.71142
       ],
       [
        12.53376,
        55.71141
       ],
       [
        12.53376,
        55.71139
       ],
       [
        12.53376,
        55.71139
       ],
       [
        12.53376,
        55.71136
       ],
       [
        12.53376,
        55.71135
       ],
       [
        12.53378,
        55.71134
       ],
       [
        12.53379,
        55.71133
       ],
       [
        12.5338,
        55.71132
       ],
       [
        12.5338,
        55.7113
       ],
       [
        12.5338,
        55.71129
       ],
       [
        12.5338,
        55.71128
       ],
       [
        12.53379,
        55.71126
       ],
       [
        12.53378,
        55.71125
       ],
       [
        12.53377,
        55.71124
       ],
       [
        12.53377,
        55.71124
       ],
       [
        12.53377,
        55.71123
       ],
       [
        12.53378,
        55.71122
       ],
       [
        12.53379,
        55.71122
       ],
       [
        12.53381,
        55.71122
       ],
       [
        12.53382,
        55.71122
       ],
       [
        12.53383,
        55.71123
       ]
      ]
     ]
    ]
   }
  },
  {
   "type": "Feature",
   "properties": {
    "klima_id": "KV20",
    "projekt_navn": "Damhusengen",
    "typologi": "Forsinkelsesplads",
    "vandopland": "København Vest",
    "forventet_ibrugtagning": "2033"
   },
   "geometry": {
    "type": "MultiPolygon",
    "coordinates": [
     [
      [
       [
        12.46943,
        55.68046
       ],
       [
        12.46942,
        55.68087
       ],
       [
        12.46941,
        55.68121
       ],
       [
        12.46941,
        55.68127
       ],
       [
        12.46935,
        55.68134
       ],
       [
        12.4693,
        55.68138
       ],
       [
        12.46872,
        55.68182
       ],
       [
        12.46859,
        55.68192
       ],
       [
        12.46831,
        55.68206
       ],
       [
        12.46801,
        55.68222
       ],
       [
        12.46795,
        55.68226
       ],
       [
        12.46788,
        55.68233
       ],
       [
        12.46782,
        55.6824
       ],
       [
        12.46782,
        55.68248
       ],
       [
        12.46784,
        55.68255
       ],
       [
        12.46787,
        55.68265
       ],
       [
        12.46789,
        55.68272
       ],
       [
        12.4679,
        55.68282
       ],
       [
        12.46789,
        55.68291
       ],
       [
        12.46784,
        55.68309
       ],
       [
        12.46778,
        55.68332
       ],
       [
        12.46776,
        55.68338
       ],
       [
        12.46771,
        55.68346
       ],
       [
        12.46765,
        55.68361
       ],
       [
        12.46761,
        55.68376
       ],
       [
        12.46759,
        55.68383
       ],
       [
        12.46754,
        55.68388
       ],
       [
        12.46751,
        55.68393
       ],
       [
        12.4675,
        55.68398
       ],
       [
        12.46754,
        55.6843
       ],
       [
        12.46755,
        55.68442
       ],
       [
        12.46754,
        55.68454
       ],
       [
        12.46747,
        55.68478
       ],
       [
        12.46735,
        55.68516
       ],
       [
        12.46731,
        55.68531
       ],
       [
        12.46727,
        55.68543
       ],
       [
        12.46721,
        55.68584
       ],
       [
        12.46717,
        55.68614
       ],
       [
        12.467,
        55.68681
       ],
       [
        12.4668,
        55.68754
       ],
       [
        12.46663,
        55.68813
       ],
       [
        12.46649,
        55.68857
       ],
       [
        12.4663,
        55.68922
       ],
       [
        12.46629,
        55.68925
       ],
       [
        12.46628,
        55.68929
       ],
       [
        12.46623,
        55.68945
       ],
       [
        12.46616,
        55.68969
       ],
       [
        12.46607,
        55.69003
       ],
       [
        12.46605,
        55.69024
       ],
       [
        12.46604,
        55.69037
       ],
       [
        12.46604,
        55.69047
       ],
       [
        12.46607,
        55.69055
       ],
       [
        12.46646,
        55.69106
       ],
       [
        12.46649,
        55.69111
       ],
       [
        12.46651,
        55.69116
       ],
       [
        12.4665,
        55.6912
       ],
       [
        12.46669,
        55.69144
       ],
       [
        12.46671,
        55.69144
       ],
       [
        12.46691,
        55.69143
       ],
       [
        12.46711,
        55.69141
       ],
       [
        12.46727,
        55.6914
       ],
       [
        12.46783,
        55.69104
       ],
       [
        12.46849,
        55.69034
       ],
       [
        12.46999,
        55.68935
       ],
       [
        12.47062,
        55.68881
       ],
       [
        12.47179,
        55.68733
       ],
       [
        12.47165,
        55.68625
       ],
       [
        12.4719,
        55.68471
       ],
       [
        12.47338,
        55.68293
       ],
       [
        12.47358,
        55.68195
       ],
       [
        12.47263,
        55.68176
       ],
       [
        12.47284,
        55.68121
       ],
       [
        12.46943,
        55.68046
       ]
      ]
     ]
    ]
   }
  },
  {
   "type": "Feature",
   "properties": {
    "klima_id": "AM49",
    "projekt_navn": "Floridavej",
    "typologi": "Forsinkelsesplads",
    "vandopland": "Amager",
    "forventet_ibrugtagning": "2038"
   },
   "geometry": {
    "type": "MultiPolygon",
    "coordinates": [
     [
      [
       [
        12.5906,
        55.63656
       ],
       [
        12.5904,
        55.63664
       ],
       [
        12.59036,
        55.63671
       ],
       [
        12.58989,
        55.63683
       ],
       [
        12.58958,
        55.63697
       ],
       [
        12.58933,
        55.63704
       ],
       [
        12.58906,
        55.63714
       ],
       [
        12.58885,
        55.63722
       ],
       [
        12.58892,
        55.63741
       ],
       [
        12.589,
        55.63744
       ],
       [
        12.58932,
        55.6375
       ],
       [
        12.58999,
        55.63749
       ],
       [
        12.58993,
        55.63711
       ],
       [
        12.58999,
        55.63704
       ],
       [
        12.59013,
        55.637
       ],
       [
        12.59024,
        55.63696
       ],
       [
        12.59043,
        55.63685
       ],
       [
        12.59057,
        55.6368
       ],
       [
        12.591,
        55.63666
       ],
       [
        12.59122,
        55.63655
       ],
       [
        12.59114,
        55.63653
       ],
       [
        12.59105,
        55.63649
       ],
       [
        12.59099,
        55.63648
       ],
       [
        12.59075,
        55.63651
       ],
       [
        12.5906,
        55.63656
       ]
      ]
     ]
    ]
   }
  },
  {
   "type": "Feature",
   "properties": {
    "klima_id": "BIR9.4",
    "projekt_navn": "Lersø Parkallé Syd",
    "vandopland": "Bispebjerg",
    "forventet_ibrugtagning": "2023"
   },
   "geometry": {
    "type": "MultiPolygon",
    "coordinates": [
     [
      [
       [
        12.55289,
        55.71167
       ],
       [
        12.55262,
        55.71154
       ],
       [
        12.55299,
        55.71132
       ],
       [
        12.55339,
        55.71114
       ],
       [
        12.5539,
        55.71083
       ],
       [
        12.55397,
        55.71079
       ],
       [
        12.55408,
        55.71073
       ],
       [
        12.55424,
        55.71063
       ],
       [
        12.5544,
        55.71053
       ],
       [
        12.55452,
        55.71045
       ],
       [
        12.55465,
        55.71034
       ],
       [
        12.55473,
        55.71028
       ],
       [
        12.55481,
        55.7102
       ],
       [
        12.55501,
        55.71026
       ],
       [
        12.55485,
        55.71041
       ],
       [
        12.55471,
        55.71051
       ],
       [
        12.55462,
        55.71058
       ],
       [
        12.55454,
        55.71064
       ],
       [
        12.55442,
        55.71072
       ],
       [
        12.55426,
        55.71082
       ],
       [
        12.55409,
        55.71093
       ],
       [
        12.5538,
        55.7111
       ],
       [
        12.55352,
        55.71125
       ],
       [
        12.55323,
        55.71147
       ],
       [
        12.55289,
        55.71167
       ]
      ]
     ]
    ]
   }
  },
  {
   "type": "Feature",
   "properties": {
    "klima_id": "NO2",
    "projekt_navn": "Fredens Park",
    "typologi": "Forsinkelsesplads",
    "vandopland": "Nørrebro",
    "forventet_ibrugtagning": "2025"
   },
   "geometry": {
    "type": "MultiPolygon",
    "coordinates": [
     [
      [
       [
        12.56749,
        55.69406
       ],
       [
        12.56855,
        55.69349
       ],
       [
        12.56864,
        55.69344
       ],
       [
        12.56865,
        55.69344
       ],
       [
        12.56878,
        55.69338
       ],
       [
        12.56849,
        55.69319
       ],
       [
        12.56867,
        55.69309
       ],
       [
        12.56973,
        55.69253
       ],
       [
        12.56927,
        55.69223
       ],
       [
        12.56829,
        55.69277
       ],
       [
        12.56805,
        55.6929
       ],
       [
        12.56673,
        55.69365
       ],
       [
        12.56749,
        55.69406
       ]
      ]
     ]
    ]
   }
  },
  {
   "type": "Feature",
   "properties": {
    "klima_id": "IB16",
    "projekt_navn": "Rensning af daglig regn ved Kastelsgraven",
    "typologi": "Rensning",
    "vandopland": "Indre By",
    "forventet_ibrugtagning": "2028"
   },
   "geometry": {
    "type": "MultiPolygon",
    "coordinates": [
     [
      [
       [
        12.59525,
        55.68985
       ],
       [
        12.59542,
        55.6895
       ],
       [
        12.59345,
        55.68871
       ],
       [
        12.59337,
        55.68868
       ],
       [
        12.59321,
        55.68865
       ],
       [
        12.59311,
        55.68866
       ],
       [
        12.59303,
        55.68867
       ],
       [
        12.59295,
        55.6887
       ],
       [
        12.59273,
        55.68877
       ],
       [
        12.59239,
        55.68963
       ],
       [
        12.5923,
        55.68986
       ],
       [
        12.59223,
        55.69001
       ],
       [
        12.59221,
        55.69018
       ],
       [
        12.59212,
        55.69032
       ],
       [
        12.59029,
        55.69119
       ],
       [
        12.59026,
        55.69121
       ],
       [
        12.59019,
        55.69127
       ],
       [
        12.59014,
        55.69135
       ],
       [
        12.59014,
        55.69141
       ],
       [
        12.59016,
        55.69149
       ],
       [
        12.59021,
        55.69157
       ],
       [
        12.59026,
        55.69162
       ],
       [
        12.59036,
        55.69168
       ],
       [
        12.59159,
        55.69223
       ],
       [
        12.59191,
        55.69239
       ],
       [
        12.59207,
        55.69244
       ],
       [
        12.59216,
        55.69247
       ],
       [
        12.59253,
        55.69388
       ],
       [
        12.59257,
        55.69394
       ],
       [
        12.59261,
        55.69399
       ],
       [
        12.59265,
        55.69402
       ],
       [
        12.59302,
        55.69409
       ],
       [
        12.59311,
        55.6941
       ],
       [
        12.59322,
        55.6941
       ],
       [
        12.59333,
        55.69409
       ],
       [
        12.59343,
        55.69406
       ],
       [
        12.59521,
        55.69334
       ],
       [
        12.59532,
        55.69329
       ],
       [
        12.59516,
        55.69293
       ],
       [
        12.59479,
        55.69299
       ],
       [
        12.59472,
        55.693
       ],
       [
        12.59469,
        55.69301
       ],
       [
        12.59464,
        55.69306
       ],
       [
        12.59463,
        55.69319
       ],
       [
        12.59462,
        55.69322
       ],
       [
        12.59461,
        55.69324
       ],
       [
        12.59457,
        55.69327
       ],
       [
        12.59322,
        55.6938
       ],
       [
        12.59317,
        55.69381
       ],
       [
        12.59309,
        55.6938
       ],
       [
        12.59305,
        55.69378
       ],
       [
        12.59297,
        55.69373
       ],
       [
        12.59268,
        55.69281
       ],
       [
        12.59288,
        55.69265
       ],
       [
        12.59291,
        55.69254
       ],
       [
        12.59239,
        55.69203
       ],
       [
        12.59199,
        55.69204
       ],
       [
        12.59067,
        55.69146
       ],
       [
        12.59063,
        55.69141
       ],
       [
        12.59063,
        55.69138
       ],
       [
        12.59064,
        55.69136
       ],
       [
        12.59068,
        55.69134
       ],
       [
        12.59203,
        55.69074
       ],
       [
        12.59244,
        55.69079
       ],
       [
        12.59309,
        55.69021
       ],
       [
        12.59283,
        55.69001
       ],
       [
        12.59311,
        55.68908
       ],
       [
        12.59312,
        55.68906
       ],
       [
        12.59315,
        55.68904
       ],
       [
        12.59317,
        55.68903
       ],
       [
        12.59321,
        55.68902
       ],
       [
        12.59325,
        55.68903
       ],
       [
        12.5933,
        55.68904
       ],
       [
        12.59333,
        55.68905
       ],
       [
        12.59473,
        55.68955
       ],
       [
        12.59478,
        55.68978
       ],
       [
        12.59525,
        55.68985
       ]
      ]
     ],
     [
      [
       [
        12.59717,
        55.69341
       ],
       [
        12.5976,
        55.69345
       ],
       [
        12.59777,
        55.69346
       ],
       [
        12.59794,
        55.69346
       ],
       [
        12.59809,
        55.69345
       ],
       [
        12.5983,
        55.69342
       ],
       [
        12.59844,
        55.69336
       ],
       [
        12.59855,
        55.69329
       ],
       [
        12.59859,
        55.69325
       ],
       [
        12.59862,
        55.69319
       ],
       [
        12.59864,
        55.69313
       ],
       [
        12.59866,
        55.69307
       ],
       [
        12.59866,
        55.69301
       ],
       [
        12.59842,
        55.69186
       ],
       [
        12.59824,
        55.69183
       ],
       [
        12.59812,
        55.6918
       ],
       [
        12.59802,
        55.69175
       ],
       [
        12.59791,
        55.69169
       ],
       [
        12.59783,
        55.69161
       ],
       [
        12.59778,
        55.69153
       ],
       [
        12.59775,
        55.69145
       ],
       [
        12.59775,
        55.69136
       ],
       [
        12.59779,
        55.69127
       ],
       [
        12.59784,
        55.69119
       ],
       [
        12.5979,
        55.69113
       ],
       [
        12.59801,
        55.69106
       ],
       [
        12.59814,
        55.691
       ],
       [
        12.59828,
        55.69097
       ],
       [
        12.5983,
        55.69097
       ],
       [
        12.59845,
        55.69034
       ],
       [
        12.59843,
        55.69028
       ],
       [
        12.59841,
        55.69021
       ],
       [
        12.59825,
        55.68993
       ],
       [
        12.59822,
        55.68985
       ],
       [
        12.59819,
        55.68979
       ],
       [
        12.59815,
        55.68971
       ],
       [
        12.59812,
        55.68964
       ],
       [
        12.59814,
        55.68959
       ],
       [
        12.59813,
        55.68955
       ],
       [
        12.59787,
        55.68947
       ],
       [
        12.59782,
        55.68949
       ],
       [
        12.59775,
        55.68952
       ],
       [
        12.59764,
        55.68951
       ],
       [
        12.59755,
        55.6895
       ],
       [
        12.5975,
        55.68947
       ],
       [
        12.59738,
        55.68932
       ],
       [
        12.59737,
        55.6893
       ],
       [
        12.59725,
        55.6893
       ],
       [
        12.59668,
        55.68931
       ],
       [
        12.59655,
        55.6891
       ],
       [
        12.59653,
        55.68907
       ],
       [
        12.59652,
        55.68904
       ],
       [
        12.59651,
        55.68904
       ],
       [
        12.59643,
        55.68894
       ],
       [
        12.59642,
        55.68893
       ],
       [
        12.59636,
        55.68883
       ],
       [
        12.59633,
        55.68878
       ],
       [
        12.59628,
        55.68873
       ],
       [
        12.59625,
        55.6887
       ],
       [
        12.59616,
        55.68864
       ],
       [
        12.59609,
        55.68859
       ],
       [
        12.59606,
        55.68858
       ],
       [
        12.59601,
        55.68856
       ],
       [
        12.59595,
        55.68855
       ],
       [
        12.59588,
        55.68855
       ],
       [
        12.5958,
        55.68855
       ],
       [
        12.59574,
        55.68856
       ],
       [
        12.59568,
        55.68857
       ],
       [
        12.5956,
        55.68858
       ],
       [
        12.59551,
        55.68861
       ],
       [
        12.59543,
        55.68863
       ],
       [
        12.59535,
        55.68866
       ],
       [
        12.59527,
        55.6887
       ],
       [
        12.59513,
        55.68879
       ],
       [
        12.59529,
        55.68903
       ],
       [
        12.59549,
        55.68893
       ],
       [
        12.59568,
        55.68884
       ],
       [
        12.59577,
        55.68881
       ],
       [
        12.59581,
        55.68882
       ],
       [
        12.59584,
        55.68883
       ],
       [
        12.59587,
        55.68886
       ],
       [
        12.59621,
        55.68937
       ],
       [
        12.59621,
        55.68939
       ],
       [
        12.59621,
        55.68941
       ],
       [
        12.5962,
        55.68942
       ],
       [
        12.59618,
        55.68943
       ],
       [
        12.59604,
        55.68946
       ],
       [
        12.59553,
        55.68952
       ],
       [
        12.59536,
        55.68988
       ],
       [
        12.59551,
        55.68991
       ],
       [
        12.59563,
        55.68993
       ],
       [
        12.59574,
        55.68994
       ],
       [
        12.59578,
        55.68994
       ],
       [
        12.59582,
        55.68994
       ],
       [
        12.59584,
        55.68993
       ],
       [
        12.59585,
        55.68992
       ],
       [
        12.59595,
        55.68986
       ],
       [
        12.59606,
        55.68977
       ],
       [
        12.59618,
        55.68975
       ],
       [
        12.59773,
        55.68968
       ],
       [
        12.59782,
        55.68971
       ],
       [
        12.59789,
        55.68975
       ],
       [
        12.59791,
        55.6898
       ],
       [
        12.59788,
        55.68987
       ],
       [
        12.59772,
        55.69016
       ],
       [
        12.59738,
        55.69084
       ],
       [
        12.59736,
        55.69087
       ],
       [
        12.59731,
        55.69089
       ],
       [
        12.59697,
        55.69094
       ],
       [
        12.59694,
        55.69095
       ],
       [
        12.59688,
        55.69099
       ],
       [
        12.59689,
        55.69179
       ],
       [
        12.59691,
        55.69183
       ],
       [
        12.59696,
        55.69187
       ],
       [
        12.59731,
        55.69193
       ],
       [
        12.59787,
        55.69302
       ],
       [
        12.59787,
        55.69306
       ],
       [
        12.59786,
        55.6931
       ],
       [
        12.59774,
        55.69311
       ],
       [
        12.59684,
        55.69308
       ],
       [
        12.59671,
        55.69307
       ],
       [
        12.59598,
        55.69303
       ],
       [
        12.59577,
        55.69288
       ],
       [
        12.59572,
        55.69287
       ],
       [
        12.59567,
        55.69286
       ],
       [
        12.59553,
        55.69287
       ],
       [
        12.59525,
        55.69291
       ],
       [
        12.59542,
        55.69328
       ],
       [
        12.59553,
        55.69329
       ],
       [
        12.59577,
        55.69329
       ],
       [
        12.59593,
        55.6933
       ],
       [
        12.59607,
        55.69331
       ],
       [
        12.59625,
        55.69332
       ],
       [
        12.59642,
        55.69331
       ],
       [
        12.59656,
        55.69331
       ],
       [
        12.59683,
        55.69334
       ],
       [
        12.59717,
        55.69341
       ]
      ]
     ],
     [
      [
       [
        12.59204,
        55.69332
       ],
       [
        12.59208,
        55.69326
       ],
       [
        12.59201,
        55.69302
       ],
       [
        12.59201,
        55.693
       ],
       [
        12.59198,
        55.69298
       ],
       [
        12.59192,
        55.69296
       ],
       [
        12.59186,
        55.69295
       ],
       [
        12.59162,
        55.69297
       ],
       [
        12.59148,
        55.69295
       ],
       [
        12.59107,
        55.69294
       ],
       [
        12.591,
        55.69292
       ],
       [
        12.59095,
        55.69289
       ],
       [
        12.59093,
        55.69286
       ],
       [
        12.59092,
        55.69283
       ],
       [
        12.59093,
        55.6928
       ],
       [
        12.59097,
        55.69277
       ],
       [
        12.59102,
        55.69272
       ],
       [
        12.59105,
        55.69268
       ],
       [
        12.5911,
        55.69264
       ],
       [
        12.59112,
        55.6926
       ],
       [
        12.59114,
        55.69256
       ],
       [
        12.59131,
        55.69236
       ],
       [
        12.59095,
        55.69218
       ],
       [
        12.59088,
        55.69217
       ],
       [
        12.59024,
        55.69186
       ],
       [
        12.59001,
        55.69171
       ],
       [
        12.58973,
        55.69176
       ],
       [
        12.58889,
        55.69145
       ],
       [
        12.58887,
        55.69144
       ],
       [
        12.58884,
        55.69142
       ],
       [
        12.58883,
        55.6914
       ],
       [
        12.58876,
        55.69139
       ],
       [
        12.58873,
        55.69147
       ],
       [
        12.58872,
        55.69148
       ],
       [
        12.58871,
        55.69151
       ],
       [
        12.58873,
        55.69154
       ],
       [
        12.58905,
        55.69175
       ],
       [
        12.58919,
        55.69182
       ],
       [
        12.58974,
        55.69204
       ],
       [
        12.58978,
        55.69203
       ],
       [
        12.58991,
        55.69209
       ],
       [
        12.59025,
        55.69225
       ],
       [
        12.59063,
        55.69237
       ],
       [
        12.59068,
        55.69241
       ],
       [
        12.5907,
        55.69244
       ],
       [
        12.59069,
        55.69247
       ],
       [
        12.59066,
        55.69248
       ],
       [
        12.59062,
        55.69249
       ],
       [
        12.59055,
        55.69251
       ],
       [
        12.59049,
        55.69254
       ],
       [
        12.59043,
        55.69259
       ],
       [
        12.59036,
        55.69257
       ],
       [
        12.59035,
        55.69259
       ],
       [
        12.5919,
        55.69355
       ],
       [
        12.59201,
        55.69361
       ],
       [
        12.59205,
        55.69363
       ],
       [
        12.59209,
        55.69362
       ],
       [
        12.59211,
        55.6936
       ],
       [
        12.59204,
        55.69332
       ]
      ]
     ],
     [
      [
       [
        12.58884,
        55.69137
       ],
       [
        12.58888,
        55.69132
       ],
       [
        12.58894,
        55.6913
       ],
       [
        12.58934,
        55.69119
       ],
       [
        12.58957,
        55.69108
       ],
       [
        12.58966,
        55.69105
       ],
       [
        12.58973,
        55.69103
       ],
       [
        12.58978,
        55.69102
       ],
       [
        12.58997,
        55.69106
       ],
       [
        12.59085,
        55.69063
       ],
       [
        12.59094,
        55.69063
       ],
       [
        12.59136,
        55.69044
       ],
       [
        12.59096,
        55.68997
       ],
       [
        12.59094,
        55.68993
       ],
       [
        12.59095,
        55.68989
       ],
       [
        12.591,
        55.68987
       ],
       [
        12.59105,
        55.68986
       ],
       [
        12.59202,
        55.68981
       ],
       [
        12.59212,
        55.68957
       ],
       [
        12.5921,
        55.68952
       ],
       [
        12.59227,
        55.68902
       ],
       [
        12.59247,
        55.68865
       ],
       [
        12.59231,
        55.68856
       ],
       [
        12.59224,
        55.68855
       ],
       [
        12.59218,
        55.68856
       ],
       [
        12.59215,
        55.68859
       ],
       [
        12.59208,
        55.68861
       ],
       [
        12.59182,
        55.68884
       ],
       [
        12.59172,
        55.6895
       ],
       [
        12.59165,
        55.68958
       ],
       [
        12.59143,
        55.68961
       ],
       [
        12.59126,
        55.68962
       ],
       [
        12.59102,
        55.68962
       ],
       [
        12.59099,
        55.68963
       ],
       [
        12.59094,
        55.68964
       ],
       [
        12.59056,
        55.68993
       ],
       [
        12.59054,
        55.68995
       ],
       [
        12.59053,
        55.68998
       ],
       [
        12.59054,
        55.69002
       ],
       [
        12.59074,
        55.69033
       ],
       [
        12.58944,
        55.69087
       ],
       [
        12.58924,
        55.69095
       ],
       [
        12.58921,
        55.69098
       ],
       [
        12.58879,
        55.69136
       ],
       [
        12.58884,
        55.69137
       ]
      ]
     ],
     [
      [
       [
        12.59345,
        55.68855
       ],
       [
        12.5944,
        55.68889
       ],
       [
        12.59451,
        55.68894
       ],
       [
        12.59455,
        55.68901
       ],
       [
        12.59498,
        55.68917
       ],
       [
        12.5952,
        55.68906
       ],
       [
        12.59503,
        55.6888
       ],
       [
        12.59489,
        55.68875
       ],
       [
        12.59481,
        55.68871
       ],
       [
        12.59297,
        55.68787
       ],
       [
        12.59275,
        55.68807
       ],
       [
        12.59324,
        55.68832
       ],
       [
        12.59325,
        55.68844
       ],
       [
        12.59325,
        55.68845
       ],
       [
        12.59335,
        55.68851
       ],
       [
        12.59345,
        55.68855
       ]
      ]
     ]
    ]
   }
  },
  {
   "type": "Feature",
   "properties": {
    "klima_id": "VEL28",
    "projekt_navn": "Nørrebroparken Syd",
    "typologi": "Forsinkelsesplads",
    "vandopland": "Vesterbro-ladegaardså",
    "forventet_ibrugtagning": "2032"
   },
   "geometry": {
    "type": "MultiPolygon",
    "coordinates": [
     [
      [
       [
        12.5448,
        55.68667
       ],
       [
        12.54483,
        55.68743
       ],
       [
        12.54437,
        55.68832
       ],
       [
        12.54515,
        55.68807
       ],
       [
        12.54559,
        55.68689
       ],
       [
        12.54539,
        55.6863
       ],
       [
        12.5448,
        55.68667
       ]
      ]
     ]
    ]
   }
  },
  {
   "type": "Feature",
   "properties": {
    "klima_id": "BIR6.2",
    "projekt_navn": "Bispeparken Syd",
    "vandopland": "Bispebjerg",
    "forventet_ibrugtagning": "2023"
   },
   "geometry": {
    "type": "MultiPolygon",
    "coordinates": [
     [
      [
       [
        12.53392,
        55.71086
       ],
       [
        12.53396,
        55.71085
       ],
       [
        12.53401,
        55.71085
       ],
       [
        12.53407,
        55.71084
       ],
       [
        12.53411,
        55.71083
       ],
       [
        12.53415,
        55.71083
       ],
       [
        12.53419,
        55.71083
       ],
       [
        12.53421,
        55.71084
       ],
       [
        12.53423,
        55.71085
       ],
       [
        12.53425,
        55.71087
       ],
       [
        12.53426,
        55.71089
       ],
       [
        12.53426,
        55.71091
       ],
       [
        12.53425,
        55.71092
       ],
       [
        12.53424,
        55.71093
       ],
       [
        12.53422,
        55.71094
       ],
       [
        12.53419,
        55.71094
       ],
       [
        12.53418,
        55.71094
       ],
       [
        12.53415,
        55.71095
       ],
       [
        12.53413,
        55.71096
       ],
       [
        12.53409,
        55.71098
       ],
       [
        12.53407,
        55.71099
       ],
       [
        12.53406,
        55.711
       ],
       [
        12.53405,
        55.71102
       ],
       [
        12.53403,
        55.71103
       ],
       [
        12.53401,
        55.71104
       ],
       [
        12.53399,
        55.71105
       ],
       [
        12.53397,
        55.71106
       ],
       [
        12.53395,
        55.71107
       ],
       [
        12.53391,
        55.71107
       ],
       [
        12.53388,
        55.71107
       ],
       [
        12.53387,
        55.71105
       ],
       [
        12.53385,
        55.71103
       ],
       [
        12.53384,
        55.71101
       ],
       [
        12.53386,
        55.711
       ],
       [
        12.53388,
        55.71099
       ],
       [
        12.5339,
        55.71098
       ],
       [
        12.53392,
        55.71097
       ],
       [
        12.53392,
        55.71096
       ],
       [
        12.53393,
        55.71095
       ],
       [
        12.53393,
        55.71094
       ],
       [
        12.53392,
        55.71093
       ],
       [
        12.53391,
        55.71092
       ],
       [
        12.53389,
        55.71091
       ],
       [
        12.53388,
        55.7109
       ],
       [
        12.53387,
        55.71089
       ],
       [
        12.53387,
        55.71088
       ],
       [
        12.53389,
        55.71087
       ],
       [
        12.53392,
        55.71086
       ]
      ]
     ]
    ]
   }
  },
  {
   "type": "Feature",
   "properties": {
    "klima_id": "BIR6.2",
    "projekt_navn": "Bispeparken Syd",
    "vandopland": "Bispebjerg",
    "forventet_ibrugtagning": "2023"
   },
   "geometry": {
    "type": "MultiPolygon",
    "coordinates": [
     [
      [
       [
        12.5338,
        55.71188
       ],
       [
        12.53384,
        55.71188
       ],
       [
        12.53388,
        55.71188
       ],
       [
        12.53391,
        55.71188
       ],
       [
        12.53395,
        55.71188
       ],
       [
        12.53398,
        55.71188
       ],
       [
        12.53401,
        55.71188
       ],
       [
        12.53406,
        55.71188
       ],
       [
        12.53408,
        55.71187
       ],
       [
        12.53408,
        55.71186
       ],
       [
        12.53408,
        55.71184
       ],
       [
        12.53406,
        55.71184
       ],
       [
        12.53403,
        55.71183
       ],
       [
        12.53399,
        55.71183
       ],
       [
        12.53394,
        55.71183
       ],
       [
        12.53393,
        55.71183
       ],
       [
        12.53391,
        55.71183
       ],
       [
        12.53389,
        55.71183
       ],
       [
        12.53387,
        55.71182
       ],
       [
        12.53385,
        55.71182
       ],
       [
        12.53382,
        55.71182
       ],
       [
        12.53377,
        55.71182
       ],
       [
        12.53376,
        55.71183
       ],
       [
        12.53375,
        55.71184
       ],
       [
        12.53375,
        55.71185
       ],
       [
        12.53375,
        55.71186
       ],
       [
        12.53375,
        55.71188
       ],
       [
        12.53375,
        55.71188
       ],
       [
        12.53376,
        55.71188
       ],
       [
        12.53378,
        55.71188
       ],
       [
        12.5338,
        55.71188
       ]
      ]
     ]
    ]
   }
  },
  {
   "type": "Feature",
   "properties": {
    "klima_id": "OS42",
    "projekt_navn": "Rensning Kildevældssøen",
    "typologi": "Forsinkelsesplads",
    "vandopland": "Østerbro",
    "forventet_ibrugtagning": "2022"
   },
   "geometry": {
    "type": "MultiPolygon",
    "coordinates": [
     [
      [
       [
        12.56788,
        55.71583
       ],
       [
        12.56683,
        55.71548
       ],
       [
        12.56659,
        55.71582
       ],
       [
        12.56767,
        55.71603
       ],
       [
        12.56788,
        55.71583
       ]
      ]
     ]
    ]
   }
  },
  {
   "type": "Feature",
   "properties": {
    "klima_id": "NO16",
    "projekt_navn": "De Gamles By",
    "typologi": "Forsinkelsesplads",
    "vandopland": "Nørrebro",
    "forventet_ibrugtagning": "2018"
   },
   "geometry": {
    "type": "MultiPolygon",
    "coordinates": [
     [
      [
       [
        12.55456,
        55.69441
       ],
       [
        12.55676,
        55.69547
       ],
       [
        12.55837,
        55.69609
       ],
       [
        12.5603,
        55.69661
       ],
       [
        12.56081,
        55.69642
       ],
       [
        12.5608,
        55.69632
       ],
       [
        12.56089,
        55.69621
       ],
       [
        12.56097,
        55.69612
       ],
       [
        12.56115,
        55.69605
       ],
       [
        12.56123,
        55.69605
       ],
       [
        12.56126,
        55.69604
       ],
       [
        12.56108,
        55.69422
       ],
       [
        12.5575,
        55.69199
       ],
       [
        12.55456,
        55.69441
       ]
      ]
     ]
    ]
   }
  },
  {
   "type": "Feature",
   "properties": {
    "klima_id": "KV80",
    "projekt_navn": "Sydhavns Plads",
    "typologi": "Forsinkelsesplads",
    "vandopland": "København Vest",
    "forventet_ibrugtagning": "2031"
   },
   "geometry": {
    "type": "MultiPolygon",
    "coordinates": [
     [
      [
       [
        12.54252,
        55.65446
       ],
       [
        12.54292,
        55.65432
       ],
       [
        12.54279,
        55.65404
       ],
       [
        12.54267,
        55.65375
       ],
       [
        12.54221,
        55.6536
       ],
       [
        12.5419,
        55.65375
       ],
       [
        12.54155,
        55.65398
       ],
       [
        12.53996,
        55.65359
       ],
       [
        12.53982,
        55.65383
       ],
       [
        12.54161,
        55.65425
       ],
       [
        12.54252,
        55.65446
       ]
      ]
     ]
    ]
   }
  },
  {
   "type": "Feature",
   "properties": {
    "klima_id": "AM9",
    "projekt_navn": "Italiensvej. Kastrupvej – Amager Strandvej",
    "typologi": "Forsinkelsesplads",
    "vandopland": "Amager",
    "forventet_ibrugtagning": "2029"
   },
   "geometry": {
    "type": "MultiPolygon",
    "coordinates": [
     [
      [
       [
        12.62099,
        55.65496
       ],
       [
        12.62111,
        55.65499
       ],
       [
        12.62111,
        55.65503
       ],
       [
        12.6218,
        55.65516
       ],
       [
        12.62197,
        55.65489
       ],
       [
        12.62113,
        55.65472
       ],
       [
        12.62099,
        55.65496
       ]
      ]
     ]
    ]
   }
  },
  {
   "type": "Feature",
   "properties": {
    "klima_id": "AM20B",
    "projekt_navn": "Hyttehusvej, Røde Mellemvej m.fl",
    "typologi": "Forsinkelsesplads",
    "vandopland": "Amager",
    "forventet_ibrugtagning": "2024"
   },
   "geometry": {
    "type": "MultiPolygon",
    "coordinates": [
     [
      [
       [
        12.58899,
        55.6418
       ],
       [
        12.5889,
        55.64183
       ],
       [
        12.58958,
        55.64201
       ],
       [
        12.58947,
        55.64196
       ],
       [
        12.58938,
        55.64131
       ],
       [
        12.58937,
        55.64129
       ],
       [
        12.58895,
        55.64129
       ],
       [
        12.58901,
        55.6413
       ],
       [
        12.58899,
        55.6418
       ]
      ]
     ]
    ]
   }
  },
  {
   "type": "Feature",
   "properties": {
    "klima_id": "VEL42",
    "projekt_navn": "Ørnevej-Vibevej-Glentevej",
    "typologi": "Forsinkelsesplads",
    "vandopland": "Vesterbro-ladegaardså",
    "forventet_ibrugtagning": "2023"
   },
   "geometry": {
    "type": "MultiPolygon",
    "coordinates": [
     [
      [
       [
        12.53197,
        55.70084
       ],
       [
        12.53208,
        55.70075
       ],
       [
        12.53168,
        55.70041
       ],
       [
        12.53129,
        55.70048
       ],
       [
        12.53169,
        55.70089
       ],
       [
        12.53197,
        55.70084
       ]
      ]
     ]
    ]
   }
  },
  {
   "type": "Feature",
   "properties": {
    "klima_id": "AM42",
    "projekt_navn": "Skolen ved Sundet - Boldbane",
    "typologi": "Forsinkelsesplads",
    "vandopland": "Amager",
    "forventet_ibrugtagning": "2023"
   },
   "geometry": {
    "type": "MultiPolygon",
    "coordinates": [
     [
      [
       [
        12.62502,
        55.65267
       ],
       [
        12.62528,
        55.65276
       ],
       [
        12.62614,
        55.65291
       ],
       [
        12.62648,
        55.65298
       ],
       [
        12.62653,
        55.65265
       ],
       [
        12.62656,
        55.65226
       ],
       [
        12.62619,
        55.65219
       ],
       [
        12.62581,
        55.65215
       ],
       [
        12.62546,
        55.65211
       ],
       [
        12.62502,
        55.65267
       ]
      ]
     ]
    ]
   }
  },
  {
   "type": "Feature",
   "properties": {
    "klima_id": "AM50",
    "projekt_navn": "Grækenlandskvarteret",
    "typologi": "Forsinkelsesplads",
    "vandopland": "Amager",
    "forventet_ibrugtagning": "2023"
   },
   "geometry": {
    "type": "MultiPolygon",
    "coordinates": [
     [
      [
       [
        12.61867,
        55.64343
       ],
       [
        12.61916,
        55.64352
       ],
       [
        12.61928,
        55.64333
       ],
       [
        12.61883,
        55.64324
       ],
       [
        12.61877,
        55.64326
       ],
       [
        12.61867,
        55.64343
       ]
      ]
     ]
    ]
   }
  },
  {
   "type": "Feature",
   "properties": {
    "klima_id": "AM15",
    "projekt_navn": "Gyldenrisvej og P-plads bag Kvickly",
    "typologi": "Forsinkelsesplads",
    "vandopland": "Amager",
    "forventet_ibrugtagning": "2029"
   },
   "geometry": {
    "type": "MultiPolygon",
    "coordinates": [
     [
      [
       [
        12.61483,
        55.6413
       ],
       [
        12.61457,
        55.64203
       ],
       [
        12.6151,
        55.64207
       ],
       [
        12.61522,
        55.64178
       ],
       [
        12.61549,
        55.64181
       ],
       [
        12.61565,
        55.64141
       ],
       [
        12.61483,
        55.6413
       ]
      ]
     ]
    ]
   }
  },
  {
   "type": "Feature",
   "properties": {
    "klima_id": "KV3",
    "projekt_navn": "Grønt område bag Korsager skole",
    "typologi": "Forsinkelsesplads",
    "vandopland": "København Vest",
    "forventet_ibrugtagning": "2030"
   },
   "geometry": {
    "type": "MultiPolygon",
    "coordinates": [
     [
      [
       [
        12.46935,
        55.70768
       ],
       [
        12.46867,
        55.7084
       ],
       [
        12.4688,
        55.70844
       ],
       [
        12.46887,
        55.70838
       ],
       [
        12.46906,
        55.7084
       ],
       [
        12.46897,
        55.70857
       ],
       [
        12.46915,
        55.70865
       ],
       [
        12.46932,
        55.70857
       ],
       [
        12.46939,
        55.70856
       ],
       [
        12.46951,
        55.70849
       ],
       [
        12.4696,
        55.70845
       ],
       [
        12.4698,
        55.70853
       ],
       [
        12.4696,
        55.70875
       ],
       [
        12.4697,
        55.70878
       ],
       [
        12.47013,
        55.70896
       ],
       [
        12.47031,
        55.70889
       ],
       [
        12.4705,
        55.70897
       ],
       [
        12.47047,
        55.70907
       ],
       [
        12.47116,
        55.70938
       ],
       [
        12.47135,
        55.70951
       ],
       [
        12.47162,
        55.70936
       ],
       [
        12.46935,
        55.70768
       ]
      ]
     ]
    ]
   }
  },
  {
   "type": "Feature",
   "properties": {
    "klima_id": "KV5",
    "projekt_navn": "Husumparken",
    "typologi": "Forsinkelsesplads",
    "vandopland": "København Vest",
    "forventet_ibrugtagning": "2030"
   },
   "geometry": {
    "type": "MultiPolygon",
    "coordinates": [
     [
      [
       [
        12.47166,
        55.70379
       ],
       [
        12.47186,
        55.70412
       ],
       [
        12.47077,
        55.70434
       ],
       [
        12.4714,
        55.70522
       ],
       [
        12.472,
        55.70511
       ],
       [
        12.47467,
        55.70479
       ],
       [
        12.47536,
        55.70477
       ],
       [
        12.47521,
        55.70378
       ],
       [
        12.4741,
        55.70387
       ],
       [
        12.47399,
        55.70383
       ],
       [
        12.47379,
        55.70382
       ],
       [
        12.47373,
        55.70371
       ],
       [
        12.47338,
        55.70372
       ],
       [
        12.47333,
        55.70357
       ],
       [
        12.47166,
        55.70379
       ]
      ]
     ]
    ]
   }
  },
  {
   "type": "Feature",
   "properties": {
    "klima_id": "KV4A",
    "projekt_navn": "Husum Vænge øvre del",
    "typologi": "Forsinkelsesplads",
    "vandopland": "København Vest",
    "forventet_ibrugtagning": "2030"
   },
   "geometry": {
    "type": "MultiPolygon",
    "coordinates": [
     [
      [
       [
        12.47478,
        55.70798
       ],
       [
        12.47403,
        55.7078
       ],
       [
        12.47534,
        55.71104
       ],
       [
        12.47578,
        55.71088
       ],
       [
        12.47478,
        55.70798
       ]
      ]
     ]
    ]
   }
  },
  {
   "type": "Feature",
   "properties": {
    "klima_id": "AM10",
    "projekt_navn": "Elbagade - Fillipsparken",
    "typologi": "Forsinkelsesplads",
    "vandopland": "Amager",
    "forventet_ibrugtagning": "2031"
   },
   "geometry": {
    "type": "MultiPolygon",
    "coordinates": [
     [
      [
       [
        12.61727,
        55.65422
       ],
       [
        12.61783,
        55.65433
       ],
       [
        12.61819,
        55.65371
       ],
       [
        12.61764,
        55.65361
       ],
       [
        12.61727,
        55.65422
       ]
      ]
     ]
    ]
   }
  },
  {
   "type": "Feature",
   "properties": {
    "klima_id": "BIR7.10&18.1",
    "projekt_navn": "Bispebjerg Parkallé",
    "typologi": "Forsinkelsesplads",
    "vandopland": "Bispebjerg",
    "forventet_ibrugtagning": "2032"
   },
   "geometry": {
    "type": "MultiPolygon",
    "coordinates": [
     [
      [
       [
        12.54038,
        55.71918
       ],
       [
        12.54027,
        55.71918
       ],
       [
        12.54004,
        55.7193
       ],
       [
        12.53951,
        55.71947
       ],
       [
        12.53882,
        55.7197
       ],
       [
        12.53799,
        55.71989
       ],
       [
        12.53762,
        55.71994
       ],
       [
        12.53694,
        55.72003
       ],
       [
        12.53594,
        55.72007
       ],
       [
        12.53477,
        55.72003
       ],
       [
        12.53385,
        55.72
       ],
       [
        12.5338,
        55.72034
       ],
       [
        12.53441,
        55.72036
       ],
       [
        12.53483,
        55.72038
       ],
       [
        12.53567,
        55.72042
       ],
       [
        12.53622,
        55.72041
       ],
       [
        12.53662,
        55.72039
       ],
       [
        12.53712,
        55.72034
       ],
       [
        12.53771,
        55.72028
       ],
       [
        12.53827,
        55.72019
       ],
       [
        12.53917,
        55.71998
       ],
       [
        12.53994,
        55.71971
       ],
       [
        12.5406,
        55.71944
       ],
       [
        12.54049,
        55.71935
       ],
       [
        12.54038,
        55.71918
       ]
      ]
     ]
    ]
   }
  },
  {
   "type": "Feature",
   "properties": {
    "klima_id": "BIR16.2",
    "projekt_navn": "Enemærket",
    "typologi": "Forsinkelsesplads",
    "vandopland": "Bispebjerg",
    "forventet_ibrugtagning": "2036"
   },
   "geometry": {
    "type": "MultiPolygon",
    "coordinates": [
     [
      [
       [
        12.51102,
        55.71192
       ],
       [
        12.51091,
        55.71221
       ],
       [
        12.51077,
        55.7126
       ],
       [
        12.51129,
        55.71266
       ],
       [
        12.51158,
        55.71199
       ],
       [
        12.51102,
        55.71192
       ]
      ]
     ]
    ]
   }
  },
  {
   "type": "Feature",
   "properties": {
    "klima_id": "KV26A",
    "projekt_navn": "Vigerslevparken Nord",
    "typologi": "Forsinkelsesplads",
    "vandopland": "København Vest",
    "forventet_ibrugtagning": "2033"
   },
   "geometry": {
    "type": "MultiPolygon",
    "coordinates": [
     [
      [
       [
        12.47848,
        55.67086
       ],
       [
        12.47849,
        55.67098
       ],
       [
        12.47856,
        55.67128
       ],
       [
        12.47855,
        55.67137
       ],
       [
        12.47854,
        55.67151
       ],
       [
        12.47855,
        55.67153
       ],
       [
        12.47855,
        55.67188
       ],
       [
        12.47884,
        55.67188
       ],
       [
        12.47884,
        55.672
       ],
       [
        12.47954,
        55.67205
       ],
       [
        12.47963,
        55.67255
       ],
       [
        12.48091,
        55.6725
       ],
       [
        12.48077,
        55.6719
       ],
       [
        12.48017,
        55.67051
       ],
       [
        12.48065,
        55.67051
       ],
       [
        12.48021,
        55.66919
       ],
       [
        12.47839,
        55.66886
       ],
       [
        12.47848,
        55.67086
       ]
      ]
     ]
    ]
   }
  },
  {
   "type": "Feature",
   "properties": {
    "klima_id": "AM1E",
    "projekt_navn": "Amagerbanen. Prags Boulevard til Lindgreens Allé",
    "typologi": "Forsinkelsesplads",
    "vandopland": "Amager",
    "forventet_ibrugtagning": "2019"
   },
   "geometry": {
    "type": "MultiPolygon",
    "coordinates": [
     [
      [
       [
        12.62012,
        55.66899
       ],
       [
        12.62166,
        55.66871
       ],
       [
        12.62199,
        55.66863
       ],
       [
        12.62278,
        55.66839
       ],
       [
        12.62367,
        55.66801
       ],
       [
        12.62416,
        55.66767
       ],
       [
        12.62387,
        55.66759
       ],
       [
        12.62335,
        55.66797
       ],
       [
        12.62218,
        55.66843
       ],
       [
        12.62188,
        55.66839
       ],
       [
        12.62182,
        55.66849
       ],
       [
        12.62175,
        55.66852
       ],
       [
        12.62163,
        55.66855
       ],
       [
        12.62049,
        55.66874
       ],
       [
        12.61925,
        55.66866
       ],
       [
        12.61914,
        55.66876
       ],
       [
        12.62012,
        55.66899
       ]
      ]
     ]
    ]
   }
  },
  {
   "type": "Feature",
   "properties": {
    "klima_id": "KV28",
    "projekt_navn": "Grønt område bag Lykkebo skole",
    "typologi": "Forsinkelsesplads",
    "vandopland": "København Vest",
    "forventet_ibrugtagning": "2021"
   },
   "geometry": {
    "type": "MultiPolygon",
    "coordinates": [
     [
      [
       [
        12.48573,
        55.66036
       ],
       [
        12.48636,
        55.66032
       ],
       [
        12.48638,
        55.66025
       ],
       [
        12.4865,
        55.66024
       ],
       [
        12.48649,
        55.65941
       ],
       [
        12.48564,
        55.6594
       ],
       [
        12.48569,
        55.65988
       ],
       [
        12.48573,
        55.66036
       ]
      ]
     ]
    ]
   }
  },
  {
   "type": "Feature",
   "properties": {
    "klima_id": "VEL8",
    "projekt_navn": "Tove Ditlevsens Plads",
    "typologi": "Forsinkelsesplads",
    "vandopland": "Vesterbro-ladegaardså",
    "forventet_ibrugtagning": "2038"
   },
   "geometry": {
    "type": "MultiPolygon",
    "coordinates": [
     [
      [
       [
        12.54505,
        55.66861
       ],
       [
        12.54527,
        55.66897
       ],
       [
        12.54549,
        55.66898
       ],
       [
        12.54557,
        55.66856
       ],
       [
        12.54535,
        55.66855
       ],
       [
        12.54505,
        55.66861
       ]
      ]
     ]
    ]
   }
  },
  {
   "type": "Feature",
   "properties": {
    "klima_id": "KV72",
    "projekt_navn": "Karens Minde",
    "typologi": "Forsinkelsesplads",
    "vandopland": "København Vest",
    "forventet_ibrugtagning": "2022"
   },
   "geometry": {
    "type": "MultiPolygon",
    "coordinates": [
     [
      [
       [
        12.52768,
        55.64949
       ],
       [
        12.52791,
        55.64951
       ],
       [
        12.52848,
        55.64957
       ],
       [
        12.52872,
        55.64959
       ],
       [
        12.52882,
        55.64925
       ],
       [
        12.52907,
        55.64838
       ],
       [
        12.529,
        55.64833
       ],
       [
        12.52904,
        55.64813
       ],
       [
        12.52906,
        55.64806
       ],
       [
        12.52911,
        55.64792
       ],
       [
        12.52919,
        55.64792
       ],
       [
        12.52933,
        55.64744
       ],
       [
        12.52925,
        55.64743
       ],
       [
        12.52919,
        55.64736
       ],
       [
        12.52964,
        55.64721
       ],
       [
        12.52928,
        55.64691
       ],
       [
        12.52919,
        55.6468
       ],
       [
        12.52921,
        55.6467
       ],
       [
        12.52934,
        55.64655
       ],
       [
        12.52934,
        55.64652
       ],
       [
        12.52939,
        55.64636
       ],
       [
        12.52944,
        55.64623
       ],
       [
        12.52949,
        55.64591
       ],
       [
        12.52965,
        55.64591
       ],
       [
        12.52966,
        55.64597
       ],
       [
        12.52965,
        55.64608
       ],
       [
        12.52963,
        55.64624
       ],
       [
        12.53001,
        55.64624
       ],
       [
        12.53,
        55.64652
       ],
       [
        12.53023,
        55.64654
       ],
       [
        12.53033,
        55.64653
       ],
       [
        12.53033,
        55.64698
       ],
       [
        12.5308,
        55.64682
       ],
       [
        12.53093,
        55.64618
       ],
       [
        12.53104,
        55.64565
       ],
       [
        12.52975,
        55.64552
       ],
       [
        12.52958,
        55.64525
       ],
       [
        12.52987,
        55.6446
       ],
       [
        12.52951,
        55.64459
       ],
       [
        12.52932,
        55.64459
       ],
       [
        12.52921,
        55.6446
       ],
       [
        12.52905,
        55.64461
       ],
       [
        12.5289,
        55.64463
       ],
       [
        12.52876,
        55.64463
       ],
       [
        12.52862,
        55.64462
       ],
       [
        12.52847,
        55.64463
       ],
       [
        12.52831,
        55.64466
       ],
       [
        12.52807,
        55.64469
       ],
       [
        12.52806,
        55.64474
       ],
       [
        12.5278,
        55.64566
       ],
       [
        12.52857,
        55.64549
       ],
       [
        12.52883,
        55.64589
       ],
       [
        12.52877,
        55.64606
       ],
       [
        12.52891,
        55.64608
       ],
       [
        12.52882,
        55.64638
       ],
       [
        12.52862,
        55.64704
       ],
       [
        12.5284,
        55.64701
       ],
       [
        12.5281,
        55.64806
       ],
       [
        12.52811,
        55.64827
       ],
       [
        12.52802,
        55.6483
       ],
       [
        12.5279,
        55.64872
       ],
       [
        12.52791,
        55.64872
       ],
       [
        12.52768,
        55.64949
       ]
      ]
     ]
    ]
   }
  },
  {
   "type": "Feature",
   "properties": {
    "klima_id": "BIR5.4",
    "projekt_navn": "Tomsgårdsvej",
    "typologi": "Forsinkelsesplads",
    "vandopland": "Bispebjerg",
    "forventet_ibrugtagning": "2023"
   },
   "geometry": {
    "type": "MultiPolygon",
    "coordinates": [
     [
      [
       [
        12.52727,
        55.71151
       ],
       [
        12.52725,
        55.71154
       ],
       [
        12.52724,
        55.71157
       ],
       [
        12.52725,
        55.71159
       ],
       [
        12.52728,
        55.71161
       ],
       [
        12.52731,
        55.71162
       ],
       [
        12.52733,
        55.71162
       ],
       [
        12.52736,
        55.71163
       ],
       [
        12.52739,
        55.71162
       ],
       [
        12.52742,
        55.71161
       ],
       [
        12.52743,
        55.7116
       ],
       [
        12.52746,
        55.71156
       ],
       [
        12.52803,
        55.71058
       ],
       [
        12.52804,
        55.7105
       ],
       [
        12.52806,
        55.71042
       ],
       [
        12.52808,
        55.7104
       ],
       [
        12.5281,
        55.71037
       ],
       [
        12.52811,
        55.71034
       ],
       [
        12.52811,
        55.71033
       ],
       [
        12.52809,
        55.71031
       ],
       [
        12.52806,
        55.71031
       ],
       [
        12.52802,
        55.71031
       ],
       [
        12.52799,
        55.71032
       ],
       [
        12.52796,
        55.71034
       ],
       [
        12.52727,
        55.71151
       ]
      ]
     ]
    ]
   }
  },
  {
   "type": "Feature",
   "properties": {
    "klima_id": "BIR5.4",
    "projekt_navn": "Tomsgårdsvej",
    "typologi": "Forsinkelsesplads",
    "vandopland": "Bispebjerg",
    "forventet_ibrugtagning": "2023"
   },
   "geometry": {
    "type": "MultiPolygon",
    "coordinates": [
     [
      [
       [
        12.53005,
        55.71187
       ],
       [
        12.53008,
        55.71185
       ],
       [
        12.53011,
        55.71184
       ],
       [
        12.53046,
        55.7115
       ],
       [
        12.53047,
        55.71148
       ],
       [
        12.53047,
        55.71146
       ],
       [
        12.53047,
        55.71145
       ],
       [
        12.53047,
        55.71144
       ],
       [
        12.53045,
        55.71142
       ],
       [
        12.53044,
        55.71141
       ],
       [
        12.53041,
        55.71141
       ],
       [
        12.53039,
        55.7114
       ],
       [
        12.53036,
        55.7114
       ],
       [
        12.53033,
        55.71141
       ],
       [
        12.53031,
        55.71141
       ],
       [
        12.53029,
        55.71142
       ],
       [
        12.53028,
        55.71143
       ],
       [
        12.53032,
        55.71145
       ],
       [
        12.53028,
        55.71149
       ],
       [
        12.53023,
        55.71147
       ],
       [
        12.52992,
        55.71177
       ],
       [
        12.52991,
        55.71178
       ],
       [
        12.52991,
        55.71179
       ],
       [
        12.52991,
        55.7118
       ],
       [
        12.52991,
        55.71182
       ],
       [
        12.52991,
        55.71183
       ],
       [
        12.52992,
        55.71184
       ],
       [
        12.52994,
        55.71186
       ],
       [
        12.52997,
        55.71187
       ],
       [
        12.52998,
        55.71187
       ],
       [
        12.53,
        55.71187
       ],
       [
        12.53001,
        55.71187
       ],
       [
        12.53003,
        55.71187
       ],
       [
        12.53005,
        55.71187
       ]
      ]
     ]
    ]
   }
  },
  {
   "type": "Feature",
   "properties": {
    "klima_id": "BIR7.3&10.1",
    "projekt_navn": "Lundehus Kirke",
    "typologi": "Forsinkelsesplads",
    "vandopland": "Bispebjerg",
    "forventet_ibrugtagning": "2032"
   },
   "geometry": {
    "type": "MultiPolygon",
    "coordinates": [
     [
      [
       [
        12.55571,
        55.71703
       ],
       [
        12.5558,
        55.71701
       ],
       [
        12.5558,
        55.71694
       ],
       [
        12.55578,
        55.71679
       ],
       [
        12.55575,
        55.71656
       ],
       [
        12.55569,
        55.71642
       ],
       [
        12.55555,
        55.71639
       ],
       [
        12.55531,
        55.71643
       ],
       [
        12.55511,
        55.71645
       ],
       [
        12.55502,
        55.71651
       ],
       [
        12.55497,
        55.7166
       ],
       [
        12.55497,
        55.71672
       ],
       [
        12.55497,
        55.71685
       ],
       [
        12.55504,
        55.71693
       ],
       [
        12.55518,
        55.71697
       ],
       [
        12.55571,
        55.71703
       ]
      ]
     ]
    ]
   }
  },
  {
   "type": "Feature",
   "properties": {
    "klima_id": "AM34",
    "projekt_navn": "Ålandsgade",
    "typologi": "Forsinkelsesplads",
    "vandopland": "Amager",
    "forventet_ibrugtagning": "2038"
   },
   "geometry": {
    "type": "MultiPolygon",
    "coordinates": [
     [
      [
       [
        12.60364,
        55.66521
       ],
       [
        12.60379,
        55.66522
       ],
       [
        12.60413,
        55.66472
       ],
       [
        12.604,
        55.66469
       ],
       [
        12.60364,
        55.66521
       ]
      ]
     ]
    ]
   }
  },
  {
   "type": "Feature",
   "properties": {
    "klima_id": "VEL5",
    "projekt_navn": "Enghaveparken",
    "vandopland": "Vesterbro-ladegaardså",
    "forventet_ibrugtagning": "2017"
   },
   "geometry": {
    "type": "MultiPolygon",
    "coordinates": [
     [
      [
       [
        12.5412,
        55.66819
       ],
       [
        12.54116,
        55.66818
       ],
       [
        12.54026,
        55.66647
       ],
       [
        12.54028,
        55.66645
       ],
       [
        12.54131,
        55.66632
       ],
       [
        12.54139,
        55.66632
       ],
       [
        12.54314,
        55.66611
       ],
       [
        12.54328,
        55.66615
       ],
       [
        12.54405,
        55.6675
       ],
       [
        12.54404,
        55.66752
       ],
       [
        12.54227,
        55.66794
       ],
       [
        12.5422,
        55.66795
       ],
       [
        12.5412,
        55.66819
       ]
      ]
     ]
    ]
   }
  },
  {
   "type": "Feature",
   "properties": {
    "klima_id": "BIR8.1",
    "projekt_navn": "Banearealet",
    "typologi": "Forsinkelsesplads",
    "vandopland": "Bispebjerg",
    "forventet_ibrugtagning": "2030"
   },
   "geometry": {
    "type": "MultiPolygon",
    "coordinates": [
     [
      [
       [
        12.54272,
        55.70688
       ],
       [
        12.54479,
        55.70791
       ],
       [
        12.54537,
        55.70815
       ],
       [
        12.54856,
        55.70933
       ],
       [
        12.55113,
        55.71027
       ],
       [
        12.55095,
        55.71012
       ],
       [
        12.55054,
        55.70997
       ],
       [
        12.54833,
        55.70902
       ],
       [
        12.54688,
        55.70844
       ],
       [
        12.54492,
        55.70768
       ],
       [
        12.54267,
        55.70681
       ],
       [
        12.54272,
        55.70688
       ]
      ]
     ]
    ]
   }
  },
  {
   "type": "Feature",
   "properties": {
    "klima_id": "BIR24N",
    "projekt_navn": "Mimersparken",
    "vandopland": "Bispebjerg",
    "forventet_ibrugtagning": "2023"
   },
   "geometry": {
    "type": "MultiPolygon",
    "coordinates": [
     [
      [
       [
        12.54176,
        55.70568
       ],
       [
        12.54163,
        55.70576
       ],
       [
        12.54147,
        55.70585
       ],
       [
        12.54129,
        55.70591
       ],
       [
        12.54056,
        55.70523
       ],
       [
        12.54022,
        55.70515
       ],
       [
        12.53997,
        55.70516
       ],
       [
        12.53967,
        55.70519
       ],
       [
        12.53942,
        55.7052
       ],
       [
        12.5394,
        55.7052
       ],
       [
        12.53937,
        55.70519
       ],
       [
        12.53937,
        55.70518
       ],
       [
        12.53936,
        55.70514
       ],
       [
        12.53933,
        55.70504
       ],
       [
        12.5393,
        55.70499
       ],
       [
        12.53924,
        55.70495
       ],
       [
        12.53916,
        55.70494
       ],
       [
        12.53827,
        55.705
       ],
       [
        12.53823,
        55.70471
       ],
       [
        12.53945,
        55.70461
       ],
       [
        12.53952,
        55.70456
       ],
       [
        12.53952,
        55.7045
       ],
       [
        12.53923,
        55.70413
       ],
       [
        12.54075,
        55.70388
       ],
       [
        12.54084,
        55.70418
       ],
       [
        12.54093,
        55.70449
       ],
       [
        12.54065,
        55.70452
       ],
       [
        12.54074,
        55.70483
       ],
       [
        12.5411,
        55.7048
       ],
       [
        12.54145,
        55.70508
       ],
       [
        12.54158,
        55.70519
       ],
       [
        12.54134,
        55.70524
       ],
       [
        12.54143,
        55.70538
       ],
       [
        12.54169,
        55.70534
       ],
       [
        12.54173,
        55.70551
       ],
       [
        12.54176,
        55.70568
       ]
      ]
     ]
    ]
   }
  },
  {
   "type": "Feature",
   "properties": {
    "klima_id": "KV36",
    "projekt_navn": "Vigerslevparken Syd",
    "typologi": "Forsinkelsesplads",
    "vandopland": "København Vest",
    "forventet_ibrugtagning": "2024"
   },
   "geometry": {
    "type": "MultiPolygon",
    "coordinates": [
     [
      [
       [
        12.48512,
        55.65257
       ],
       [
        12.48655,
        55.65259
       ],
       [
        12.48639,
        55.65225
       ],
       [
        12.48613,
        55.65203
       ],
       [
        12.48602,
        55.652
       ],
       [
        12.48512,
        55.65257
       ]
      ]
     ],
     [
      [
       [
        12.48671,
        55.65192
       ],
       [
        12.4865,
        55.65202
       ],
       [
        12.48673,
        55.6523
       ],
       [
        12.48687,
        55.6526
       ],
       [
        12.48836,
        55.65258
       ],
       [
        12.48857,
        55.65233
       ],
       [
        12.4879,
        55.65214
       ],
       [
        12.48987,
        55.64986
       ],
       [
        12.49033,
        55.64932
       ],
       [
        12.49041,
        55.64924
       ],
       [
        12.49046,
        55.64919
       ],
       [
        12.48976,
        55.64906
       ],
       [
        12.48902,
        55.64895
       ],
       [
        12.48878,
        55.64893
       ],
       [
        12.48851,
        55.64918
       ],
       [
        12.48863,
        55.64939
       ],
       [
        12.48831,
        55.64987
       ],
       [
        12.48813,
        55.64998
       ],
       [
        12.48787,
        55.65062
       ],
       [
        12.48772,
        55.65081
       ],
       [
        12.48767,
        55.65094
       ],
       [
        12.48727,
        55.65133
       ],
       [
        12.48666,
        55.65169
       ],
       [
        12.48642,
        55.65181
       ],
       [
        12.48671,
        55.65192
       ]
      ]
     ],
     [
      [
       [
        12.48885,
        55.64888
       ],
       [
        12.48903,
        55.64891
       ],
       [
        12.48981,
        55.64901
       ],
       [
        12.49056,
        55.64912
       ],
       [
        12.49088,
        55.64889
       ],
       [
        12.49156,
        55.64841
       ],
       [
        12.49106,
        55.64826
       ],
       [
        12.49421,
        55.646
       ],
       [
        12.49562,
        55.64618
       ],
       [
        12.50122,
        55.64273
       ],
       [
        12.50026,
        55.64171
       ],
       [
        12.49968,
        55.64206
       ],
       [
        12.49863,
        55.64258
       ],
       [
        12.49771,
        55.64281
       ],
       [
        12.4972,
        55.64304
       ],
       [
        12.49718,
        55.64334
       ],
       [
        12.4952,
        55.6448
       ],
       [
        12.49554,
        55.64494
       ],
       [
        12.49534,
        55.64507
       ],
       [
        12.49502,
        55.64492
       ],
       [
        12.49437,
        55.64537
       ],
       [
        12.4935,
        55.6457
       ],
       [
        12.49268,
        55.64579
       ],
       [
        12.49193,
        55.64585
       ],
       [
        12.49144,
        55.64597
       ],
       [
        12.49088,
        55.64624
       ],
       [
        12.49077,
        55.64634
       ],
       [
        12.49043,
        55.64646
       ],
       [
        12.49023,
        55.64697
       ],
       [
        12.4902,
        55.64729
       ],
       [
        12.49016,
        55.64754
       ],
       [
        12.48919,
        55.64866
       ],
       [
        12.48885,
        55.64888
       ]
      ]
     ],
     [
      [
       [
        12.50065,
        55.64153
       ],
       [
        12.50083,
        55.6418
       ],
       [
        12.50169,
        55.64138
       ],
       [
        12.50129,
        55.64111
       ],
       [
        12.50109,
        55.64134
       ],
       [
        12.50093,
        55.64147
       ],
       [
        12.50065,
        55.64153
       ]
      ]
     ],
     [
      [
       [
        12.50151,
        55.64078
       ],
       [
        12.50178,
        55.64093
       ],
       [
        12.50211,
        55.64041
       ],
       [
        12.50304,
        55.63925
       ],
       [
        12.50487,
        55.63773
       ],
       [
        12.50488,
        55.63749
       ],
       [
        12.50676,
        55.63596
       ],
       [
        12.5066,
        55.63587
       ],
       [
        12.50593,
        55.63631
       ],
       [
        12.50497,
        55.63711
       ],
       [
        12.50399,
        55.6379
       ],
       [
        12.50311,
        55.63863
       ],
       [
        12.50256,
        55.63909
       ],
       [
        12.50172,
        55.64027
       ],
       [
        12.50181,
        55.64035
       ],
       [
        12.50151,
        55.64078
       ]
      ]
     ]
    ]
   }
  },
  {
   "type": "Feature",
   "properties": {
    "klima_id": "KV94",
    "projekt_navn": "5 mindre skybrudsprojekter i Vigerslevparken",
    "typologi": "Uvdielse af åen",
    "vandopland": "København Vest",
    "forventet_ibrugtagning": "2024"
   },
   "geometry": {
    "type": "MultiPolygon",
    "coordinates": [
     [
      [
       [
        12.4865,
        55.65202
       ],
       [
        12.48671,
        55.65192
       ],
       [
        12.48642,
        55.65181
       ],
       [
        12.48632,
        55.65186
       ],
       [
        12.48623,
        55.65191
       ],
       [
        12.48633,
        55.65195
       ],
       [
        12.48644,
        55.65199
       ],
       [
        12.4865,
        55.65202
       ]
      ]
     ],
     [
      [
       [
        12.47812,
        55.66232
       ],
       [
        12.47845,
        55.66238
       ],
       [
        12.47845,
        55.6622
       ],
       [
        12.47812,
        55.66215
       ],
       [
        12.47812,
        55.66232
       ]
      ]
     ],
     [
      [
       [
        12.47817,
        55.66325
       ],
       [
        12.4785,
        55.66325
       ],
       [
        12.47849,
        55.66309
       ],
       [
        12.47816,
        55.6631
       ],
       [
        12.47817,
        55.66325
       ]
      ]
     ],
     [
      [
       [
        12.49502,
        55.64492
       ],
       [
        12.49534,
        55.64507
       ],
       [
        12.49554,
        55.64494
       ],
       [
        12.4952,
        55.6448
       ],
       [
        12.49502,
        55.64492
       ]
      ]
     ],
     [
      [
       [
        12.48896,
        55.64894
       ],
       [
        12.48902,
        55.64895
       ],
       [
        12.48933,
        55.64899
       ],
       [
        12.48937,
        55.64895
       ],
       [
        12.48913,
        55.64892
       ],
       [
        12.48903,
        55.64891
       ],
       [
        12.48898,
        55.6489
       ],
       [
        12.48896,
        55.64894
       ]
      ]
     ]
    ]
   }
  },
  {
   "type": "Feature",
   "properties": {
    "klima_id": "Frederiksberg",
    "typologi": "Forsinkelsesplads"
   },
   "geometry": {
    "type": "MultiPolygon",
    "coordinates": [
     [
      [
       [
        12.51107,
        55.68168
       ],
       [
        12.51307,
        55.68156
       ],
       [
        12.51186,
        55.67939
       ],
       [
        12.51174,
        55.67939
       ],
       [
        12.50985,
        55.67975
       ],
       [
        12.50983,
        55.67982
       ],
       [
        12.51107,
        55.68168
       ]
      ]
     ]
    ]
   }
  },
  {
   "type": "Feature",
   "properties": {
    "klima_id": "KV33",
    "projekt_navn": "Kulbanevej",
    "typologi": "Forsinkelsesplads",
    "vandopland": "København Vest",
    "forventet_ibrugtagning": "2021"
   },
   "geometry": {
    "type": "MultiPolygon",
    "coordinates": [
     [
      [
       [
        12.49585,
        55.6574
       ],
       [
        12.49504,
        55.65722
       ],
       [
        12.49473,
        55.65751
       ],
       [
        12.495,
        55.65763
       ],
       [
        12.49538,
        55.65772
       ],
       [
        12.49563,
        55.65772
       ],
       [
        12.49585,
        55.6574
       ]
      ]
     ]
    ]
   }
  },
  {
   "type": "Feature",
   "properties": {
    "klima_id": "NO6",
    "projekt_navn": "Fælledparken",
    "typologi": "Forsinkelsesplads",
    "vandopland": "Nørrebro",
    "forventet_ibrugtagning": "2023"
   },
   "geometry": {
    "type": "MultiPolygon",
    "coordinates": [
     [
      [
       [
        12.57102,
        55.69753
       ],
       [
        12.5689,
        55.69751
       ],
       [
        12.56744,
        55.69834
       ],
       [
        12.56744,
        55.69895
       ],
       [
        12.57251,
        55.69899
       ],
       [
        12.57249,
        55.69848
       ],
       [
        12.57102,
        55.69753
       ]
      ]
     ]
    ]
   }
  },
  {
   "type": "Feature",
   "properties": {
    "klima_id": "BIR6.2",
    "projekt_navn": "Bispeparken Syd",
    "vandopland": "Bispebjerg",
    "forventet_ibrugtagning": "2023"
   },
   "geometry": {
    "type": "MultiPolygon",
    "coordinates": [
     [
      [
       [
        12.53404,
        55.71178
       ],
       [
        12.53402,
        55.71178
       ],
       [
        12.534,
        55.71177
       ],
       [
        12.53397,
        55.71177
       ],
       [
        12.53395,
        55.71177
       ],
       [
        12.53393,
        55.71177
       ],
       [
        12.53392,
        55.71177
       ],
       [
        12.53391,
        55.71176
       ],
       [
        12.5339,
        55.71175
       ],
       [
        12.53389,
        55.71175
       ],
       [
        12.53388,
        55.71174
       ],
       [
        12.53388,
        55.71174
       ],
       [
        12.53388,
        55.71173
       ],
       [
        12.53388,
        55.71172
       ],
       [
        12.53389,
        55.71172
       ],
       [
        12.5339,
        55.71171
       ],
       [
        12.53391,
        55.71171
       ],
       [
        12.53392,
        55.7117
       ],
       [
        12.53395,
        55.7117
       ],
       [
        12.53397,
        55.7117
       ],
       [
        12.53398,
        55.7117
       ],
       [
        12.53399,
        55.71171
       ],
       [
        12.534,
        55.71172
       ],
       [
        12.53402,
        55.71172
       ],
       [
        12.53405,
        55.71172
       ],
       [
        12.53408,
        55.71172
       ],
       [
        12.53411,
        55.71172
       ],
       [
        12.53413,
        55.71173
       ],
       [
        12.53414,
        55.71174
       ],
       [
        12.53414,
        55.71175
       ],
       [
        12.53413,
        55.71176
       ],
       [
        12.53412,
        55.71178
       ],
       [
        12.53411,
        55.71178
       ],
       [
        12.53408,
        55.71178
       ],
       [
        12.53407,
        55.71178
       ],
       [
        12.53404,
        55.71178
       ]
      ]
     ]
    ]
   }
  },
  {
   "type": "Feature",
   "properties": {
    "klima_id": "BIR5.7",
    "projekt_navn": "Dortheavej",
    "typologi": "Forsinkelsesplads",
    "vandopland": "Bispebjerg",
    "forventet_ibrugtagning": "2031"
   },
   "geometry": {
    "type": "MultiPolygon",
    "coordinates": [
     [
      [
       [
        12.53513,
        55.70619
       ],
       [
        12.53552,
        55.70619
       ],
       [
        12.53559,
        55.70619
       ],
       [
        12.5356,
        55.70619
       ],
       [
        12.5356,
        55.70618
       ],
       [
        12.53561,
        55.70618
       ],
       [
        12.5356,
        55.70613
       ],
       [
        12.53559,
        55.70605
       ],
       [
        12.53557,
        55.70602
       ],
       [
        12.53554,
        55.706
       ],
       [
        12.53549,
        55.706
       ],
       [
        12.53532,
        55.70599
       ],
       [
        12.53521,
        55.70599
       ],
       [
        12.5352,
        55.706
       ],
       [
        12.53517,
        55.70602
       ],
       [
        12.53513,
        55.70606
       ],
       [
        12.53509,
        55.70606
       ],
       [
        12.53509,
        55.70611
       ],
       [
        12.53508,
        55.70616
       ],
       [
        12.53509,
        55.70618
       ],
       [
        12.53508,
        55.7062
       ],
       [
        12.53513,
        55.70619
       ]
      ]
     ]
    ]
   }
  },
  {
   "type": "Feature",
   "properties": {
    "klima_id": "KV30",
    "projekt_navn": "Lykkebovej",
    "vandopland": "København Vest",
    "forventet_ibrugtagning": "2024"
   },
   "geometry": {
    "type": "MultiPolygon",
    "coordinates": [
     [
      [
       [
        12.48737,
        55.65834
       ],
       [
        12.48769,
        55.65835
       ],
       [
        12.48767,
        55.65863
       ],
       [
        12.48735,
        55.65862
       ],
       [
        12.48737,
        55.65834
       ]
      ]
     ]
    ]
   }
  },
  {
   "type": "Feature",
   "properties": {
    "klima_id": "AM60",
    "projekt_navn": "Rensning af frakoblet daglig regn i Kastrup Fort Sø",
    "typologi": "Rensning",
    "vandopland": "Amager",
    "forventet_ibrugtagning": "2031"
   },
   "geometry": {
    "type": "MultiPolygon",
    "coordinates": [
     [
      [
       [
        12.6368,
        55.64986
       ],
       [
        12.63965,
        55.64637
       ],
       [
        12.64187,
        55.6466
       ],
       [
        12.64194,
        55.64662
       ],
       [
        12.64202,
        55.64664
       ],
       [
        12.64209,
        55.64667
       ],
       [
        12.64216,
        55.6467
       ],
       [
        12.64222,
        55.64673
       ],
       [
        12.64228,
        55.64676
       ],
       [
        12.64233,
        55.6468
       ],
       [
        12.64238,
        55.64684
       ],
       [
        12.64242,
        55.64688
       ],
       [
        12.64245,
        55.64693
       ],
       [
        12.64247,
        55.64697
       ],
       [
        12.64248,
        55.64702
       ],
       [
        12.64249,
        55.64707
       ],
       [
        12.64248,
        55.64712
       ],
       [
        12.64247,
        55.64716
       ],
       [
        12.64245,
        55.64721
       ],
       [
        12.64128,
        55.6488
       ],
       [
        12.64059,
        55.64975
       ],
       [
        12.6402,
        55.65007
       ],
       [
        12.64016,
        55.65009
       ],
       [
        12.63945,
        55.65045
       ],
       [
        12.6394,
        55.65047
       ],
       [
        12.63936,
        55.65049
       ],
       [
        12.63931,
        55.6505
       ],
       [
        12.63925,
        55.65052
       ],
       [
        12.6392,
        55.65053
       ],
       [
        12.63914,
        55.65054
       ],
       [
        12.63909,
        55.65054
       ],
       [
        12.63903,
        55.65055
       ],
       [
        12.63897,
        55.65055
       ],
       [
        12.63892,
        55.65054
       ],
       [
        12.63886,
        55.65053
       ],
       [
        12.6388,
        55.65053
       ],
       [
        12.63875,
        55.65051
       ],
       [
        12.6387,
        55.6505
       ],
       [
        12.63864,
        55.65049
       ],
       [
        12.63859,
        55.65047
       ],
       [
        12.63858,
        55.65047
       ],
       [
        12.63855,
        55.65046
       ],
       [
        12.63812,
        55.6503
       ],
       [
        12.63812,
        55.65029
       ],
       [
        12.63812,
        55.65027
       ],
       [
        12.63813,
        55.65026
       ],
       [
        12.63813,
        55.65024
       ],
       [
        12.63813,
        55.65023
       ],
       [
        12.63813,
        55.65021
       ],
       [
        12.63812,
        55.6502
       ],
       [
        12.63811,
        55.65019
       ],
       [
        12.63819,
        55.6501
       ],
       [
        12.63823,
        55.6501
       ],
       [
        12.63831,
        55.65003
       ],
       [
        12.63888,
        55.6502
       ],
       [
        12.63892,
        55.6502
       ],
       [
        12.63896,
        55.6502
       ],
       [
        12.639,
        55.6502
       ],
       [
        12.63904,
        55.6502
       ],
       [
        12.63908,
        55.6502
       ],
       [
        12.63912,
        55.6502
       ],
       [
        12.63916,
        55.65019
       ],
       [
        12.6392,
        55.65019
       ],
       [
        12.63923,
        55.65018
       ],
       [
        12.63927,
        55.65017
       ],
       [
        12.63931,
        55.65016
       ],
       [
        12.63934,
        55.65015
       ],
       [
        12.63937,
        55.65014
       ],
       [
        12.63941,
        55.65012
       ],
       [
        12.63944,
        55.65011
       ],
       [
        12.63947,
        55.65009
       ],
       [
        12.6395,
        55.65008
       ],
       [
        12.63953,
        55.65006
       ],
       [
        12.63955,
        55.65004
       ],
       [
        12.63958,
        55.65003
       ],
       [
        12.6396,
        55.65001
       ],
       [
        12.63962,
        55.64999
       ],
       [
        12.63964,
        55.64997
       ],
       [
        12.63966,
        55.64995
       ],
       [
        12.63967,
        55.64993
       ],
       [
        12.63968,
        55.6499
       ],
       [
        12.63969,
        55.64988
       ],
       [
        12.6397,
        55.64986
       ],
       [
        12.6397,
        55.64984
       ],
       [
        12.6397,
        55.64981
       ],
       [
        12.6397,
        55.64979
       ],
       [
        12.6397,
        55.64977
       ],
       [
        12.63969,
        55.64972
       ],
       [
        12.63983,
        55.64943
       ],
       [
        12.63988,
        55.64932
       ],
       [
        12.63993,
        55.64931
       ],
       [
        12.63997,
        55.64931
       ],
       [
        12.64001,
        55.6493
       ],
       [
        12.64006,
        55.64929
       ],
       [
        12.6401,
        55.64929
       ],
       [
        12.64014,
        55.64928
       ],
       [
        12.64018,
        55.64927
       ],
       [
        12.64022,
        55.64925
       ],
       [
        12.64026,
        55.64924
       ],
       [
        12.6403,
        55.64923
       ],
       [
        12.64033,
        55.64922
       ],
       [
        12.64037,
        55.6492
       ],
       [
        12.6404,
        55.64918
       ],
       [
        12.64042,
        55.64916
       ],
       [
        12.64044,
        55.64914
       ],
       [
        12.64047,
        55.64912
       ],
       [
        12.64049,
        55.64909
       ],
       [
        12.64051,
        55.64907
       ],
       [
        12.64053,
        55.64905
       ],
       [
        12.64055,
        55.64903
       ],
       [
        12.64058,
        55.64901
       ],
       [
        12.6406,
        55.64898
       ],
       [
        12.64062,
        55.64896
       ],
       [
        12.64064,
        55.64894
       ],
       [
        12.64066,
        55.64892
       ],
       [
        12.64068,
        55.64889
       ],
       [
        12.6407,
        55.64887
       ],
       [
        12.64071,
        55.64885
       ],
       [
        12.64073,
        55.64883
       ],
       [
        12.64075,
        55.6488
       ],
       [
        12.64077,
        55.64878
       ],
       [
        12.64079,
        55.64876
       ],
       [
        12.64081,
        55.64873
       ],
       [
        12.64082,
        55.64871
       ],
       [
        12.64084,
        55.64869
       ],
       [
        12.64086,
        55.64866
       ],
       [
        12.64087,
        55.64864
       ],
       [
        12.64089,
        55.64862
       ],
       [
        12.6409,
        55.64859
       ],
       [
        12.64092,
        55.64857
       ],
       [
        12.64093,
        55.64855
       ],
       [
        12.64094,
        55.64852
       ],
       [
        12.64096,
        55.6485
       ],
       [
        12.64097,
        55.64847
       ],
       [
        12.64098,
        55.64845
       ],
       [
        12.64099,
        55.64842
       ],
       [
        12.64101,
        55.6484
       ],
       [
        12.64102,
        55.64838
       ],
       [
        12.64103,
        55.64835
       ],
       [
        12.64103,
        55.64833
       ],
       [
        12.64104,
        55.6483
       ],
       [
        12.64105,
        55.64828
       ],
       [
        12.64105,
        55.64825
       ],
       [
        12.64105,
        55.64823
       ],
       [
        12.64105,
        55.6482
       ],
       [
        12.64105,
        55.64818
       ],
       [
        12.64105,
        55.64815
       ],
       [
        12.64104,
        55.64813
       ],
       [
        12.64103,
        55.6481
       ],
       [
        12.64101,
        55.64808
       ],
       [
        12.641,
        55.64805
       ],
       [
        12.64098,
        55.64803
       ],
       [
        12.64095,
        55.64801
       ],
       [
        12.64093,
        55.64799
       ],
       [
        12.64088,
        55.64795
       ],
       [
        12.641,
        55.64767
       ],
       [
        12.64109,
        55.64765
       ],
       [
        12.64117,
        55.64762
       ],
       [
        12.64124,
        55.64758
       ],
       [
        12.64131,
        55.64754
       ],
       [
        12.64137,
        55.6475
       ],
       [
        12.64142,
        55.64745
       ],
       [
        12.64146,
        55.6474
       ],
       [
        12.64148,
        55.64734
       ],
       [
        12.64149,
        55.64729
       ],
       [
        12.64148,
        55.64723
       ],
       [
        12.64147,
        55.64718
       ],
       [
        12.64144,
        55.64712
       ],
       [
        12.6414,
        55.64707
       ],
       [
        12.64134,
        55.64703
       ],
       [
        12.64127,
        55.64699
       ],
       [
        12.6412,
        55.64695
       ],
       [
        12.63991,
        55.64676
       ],
       [
        12.63801,
        55.64946
       ],
       [
        12.63774,
        55.64985
       ],
       [
        12.63819,
        55.65
       ],
       [
        12.63801,
        55.65019
       ],
       [
        12.638,
        55.6502
       ],
       [
        12.63798,
        55.65021
       ],
       [
        12.63796,
        55.65022
       ],
       [
        12.63794,
        55.65023
       ],
       [
        12.63793,
        55.65024
       ],
       [
        12.6368,
        55.64986
       ]
      ]
     ]
    ]
   }
  },
  {
   "type": "Feature",
   "properties": {
    "klima_id": "KV69",
    "projekt_navn": "Vestre Kirkegård",
    "typologi": "Forsinkelsesplads",
    "vandopland": "København Vest",
    "forventet_ibrugtagning": "2023"
   },
   "geometry": {
    "type": "MultiPolygon",
    "coordinates": [
     [
      [
       [
        12.52873,
        55.65923
       ],
       [
        12.52883,
        55.65922
       ],
       [
        12.52887,
        55.65921
       ],
       [
        12.52894,
        55.65921
       ],
       [
        12.52898,
        55.65921
       ],
       [
        12.52905,
        55.65921
       ],
       [
        12.52912,
        55.65922
       ],
       [
        12.52919,
        55.65923
       ],
       [
        12.52927,
        55.65924
       ],
       [
        12.52934,
        55.65926
       ],
       [
        12.5294,
        55.65929
       ],
       [
        12.52943,
        55.65932
       ],
       [
        12.52946,
        55.65936
       ],
       [
        12.52947,
        55.65939
       ],
       [
        12.52948,
        55.65943
       ],
       [
        12.5295,
        55.65949
       ],
       [
        12.52949,
        55.65955
       ],
       [
        12.52948,
        55.65961
       ],
       [
        12.52947,
        55.65965
       ],
       [
        12.5294,
        55.65969
       ],
       [
        12.52934,
        55.65972
       ],
       [
        12.52928,
        55.65975
       ],
       [
        12.52921,
        55.65977
       ],
       [
        12.52915,
        55.65979
       ],
       [
        12.52912,
        55.65983
       ],
       [
        12.52911,
        55.65988
       ],
       [
        12.52914,
        55.65994
       ],
       [
        12.52917,
        55.65999
       ],
       [
        12.52919,
        55.66005
       ],
       [
        12.52916,
        55.66012
       ],
       [
        12.5291,
        55.66016
       ],
       [
        12.52903,
        55.66018
       ],
       [
        12.52888,
        55.66018
       ],
       [
        12.52875,
        55.66018
       ],
       [
        12.52863,
        55.66016
       ],
       [
        12.52855,
        55.66012
       ],
       [
        12.52851,
        55.66007
       ],
       [
        12.5285,
        55.65999
       ],
       [
        12.52852,
        55.65992
       ],
       [
        12.52857,
        55.65989
       ],
       [
        12.52863,
        55.65985
       ],
       [
        12.52867,
        55.65983
       ],
       [
        12.52873,
        55.65978
       ],
       [
        12.52874,
        55.65973
       ],
       [
        12.52871,
        55.6597
       ],
       [
        12.52865,
        55.65964
       ],
       [
        12.52861,
        55.65956
       ],
       [
        12.52855,
        55.6595
       ],
       [
        12.5285,
        55.65943
       ],
       [
        12.52848,
        55.65937
       ],
       [
        12.52848,
        55.65931
       ],
       [
        12.52858,
        55.65927
       ],
       [
        12.52868,
        55.65924
       ],
       [
        12.52873,
        55.65923
       ]
      ]
     ]
    ]
   }
  },
  {
   "type": "Feature",
   "properties": {
    "klima_id": "BIR30",
    "projekt_navn": "Bispebjerg Kirkegård del 1",
    "vandopland": "Bispebjerg",
    "forventet_ibrugtagning": "2024"
   },
   "geometry": {
    "type": "MultiPolygon",
    "coordinates": [
     [
      [
       [
        12.52649,
        55.71336
       ],
       [
        12.52631,
        55.71401
       ],
       [
        12.52598,
        55.71398
       ],
       [
        12.52596,
        55.71406
       ],
       [
        12.52628,
        55.71408
       ],
       [
        12.5261,
        55.71472
       ],
       [
        12.52633,
        55.71475
       ],
       [
        12.52649,
        55.7141
       ],
       [
        12.52682,
        55.71413
       ],
       [
        12.52681,
        55.71404
       ],
       [
        12.52651,
        55.71402
       ],
       [
        12.52667,
        55.71338
       ],
       [
        12.52649,
        55.71336
       ]
      ]
     ]
    ]
   }
  },
  {
   "type": "Feature",
   "properties": {
    "klima_id": "BIR30",
    "projekt_navn": "Bispebjerg Kirkegård del 1",
    "vandopland": "Bispebjerg",
    "forventet_ibrugtagning": "2024"
   },
   "geometry": {
    "type": "MultiPolygon",
    "coordinates": [
     [
      [
       [
        12.53008,
        55.71454
       ],
       [
        12.53107,
        55.71464
       ],
       [
        12.53115,
        55.71438
       ],
       [
        12.53014,
        55.71427
       ],
       [
        12.53008,
        55.71454
       ]
      ]
     ]
    ]
   }
  },
  {
   "type": "Feature",
   "properties": {
    "klima_id": "BIR29",
    "projekt_navn": "Bispebjerg Kirkegård del 2",
    "typologi": "Forsinkelsesplads",
    "vandopland": "Bispebjerg",
    "forventet_ibrugtagning": "2025"
   },
   "geometry": {
    "type": "MultiPolygon",
    "coordinates": [
     [
      [
       [
        12.52445,
        55.713
       ],
       [
        12.53013,
        55.71356
       ],
       [
        12.53056,
        55.71218
       ],
       [
        12.52475,
        55.71162
       ],
       [
        12.52445,
        55.713
       ]
      ]
     ]
    ]
   }
  },
  {
   "type": "Feature",
   "properties": {
    "klima_id": "BIR7.1",
    "projekt_navn": "Lersøparken",
    "typologi": "Skybrudsbassin",
    "vandopland": "Bispebjerg",
    "forventet_ibrugtagning": "2025"
   },
   "geometry": {
    "type": "MultiPolygon",
    "coordinates": [
     [
      [
       [
        12.54273,
        55.70831
       ],
       [
        12.54262,
        55.70824
       ],
       [
        12.54251,
        55.7082
       ],
       [
        12.54246,
        55.70818
       ],
       [
        12.54241,
        55.70817
       ],
       [
        12.54241,
        55.70817
       ],
       [
        12.5424,
        55.70817
       ],
       [
        12.54238,
        55.70817
       ],
       [
        12.54237,
        55.70818
       ],
       [
        12.54236,
        55.70819
       ],
       [
        12.54235,
        55.70819
       ],
       [
        12.54235,
        55.7082
       ],
       [
        12.54235,
        55.70821
       ],
       [
        12.54235,
        55.70823
       ],
       [
        12.54235,
        55.70823
       ],
       [
        12.54236,
        55.70825
       ],
       [
        12.54236,
        55.70826
       ],
       [
        12.54236,
        55.70826
       ],
       [
        12.54237,
        55.70828
       ],
       [
        12.54261,
        55.70878
       ],
       [
        12.54278,
        55.70911
       ],
       [
        12.54288,
        55.70941
       ],
       [
        12.5429,
        55.70943
       ],
       [
        12.54293,
        55.70944
       ],
       [
        12.54298,
        55.70946
       ],
       [
        12.54298,
        55.70946
       ],
       [
        12.54301,
        55.70947
       ],
       [
        12.54308,
        55.70948
       ],
       [
        12.54312,
        55.70948
       ],
       [
        12.54315,
        55.70948
       ],
       [
        12.54323,
        55.70948
       ],
       [
        12.5433,
        55.70948
       ],
       [
        12.54334,
        55.70948
       ],
       [
        12.54339,
        55.70946
       ],
       [
        12.54342,
        55.70944
       ],
       [
        12.54345,
        55.70943
       ],
       [
        12.54347,
        55.7094
       ],
       [
        12.54349,
        55.70937
       ],
       [
        12.54352,
        55.70934
       ],
       [
        12.54355,
        55.70931
       ],
       [
        12.54365,
        55.70927
       ],
       [
        12.54373,
        55.70924
       ],
       [
        12.54379,
        55.70919
       ],
       [
        12.54386,
        55.70916
       ],
       [
        12.54391,
        55.70912
       ],
       [
        12.54395,
        55.70909
       ],
       [
        12.54399,
        55.70906
       ],
       [
        12.54403,
        55.70903
       ],
       [
        12.54408,
        55.70901
       ],
       [
        12.54411,
        55.70898
       ],
       [
        12.54413,
        55.70895
       ],
       [
        12.5441,
        55.70892
       ],
       [
        12.54407,
        55.7089
       ],
       [
        12.54402,
        55.70889
       ],
       [
        12.54401,
        55.70888
       ],
       [
        12.54394,
        55.70888
       ],
       [
        12.5439,
        55.70889
       ],
       [
        12.54386,
        55.70889
       ],
       [
        12.54379,
        55.70888
       ],
       [
        12.54377,
        55.70888
       ],
       [
        12.54374,
        55.70889
       ],
       [
        12.54371,
        55.70887
       ],
       [
        12.54369,
        55.70886
       ],
       [
        12.54363,
        55.70884
       ],
       [
        12.54359,
        55.70881
       ],
       [
        12.54356,
        55.70879
       ],
       [
        12.54354,
        55.70876
       ],
       [
        12.54351,
        55.70869
       ],
       [
        12.54347,
        55.70867
       ],
       [
        12.54344,
        55.70864
       ],
       [
        12.54336,
        55.70858
       ],
       [
        12.54325,
        55.70852
       ],
       [
        12.54273,
        55.70831
       ]
      ]
     ]
    ]
   }
  },
  {
   "type": "Feature",
   "properties": {
    "klima_id": "BIR5.4",
    "projekt_navn": "Tomsgårdsvej",
    "typologi": "Forsinkelsesplads",
    "vandopland": "Bispebjerg",
    "forventet_ibrugtagning": "2023"
   },
   "geometry": {
    "type": "MultiPolygon",
    "coordinates": [
     [
      [
       [
        12.52879,
        55.71171
       ],
       [
        12.52939,
        55.71098
       ],
       [
        12.5294,
        55.71096
       ],
       [
        12.5294,
        55.71093
       ],
       [
        12.52938,
        55.71091
       ],
       [
        12.52935,
        55.7109
       ],
       [
        12.52931,
        55.71089
       ],
       [
        12.52928,
        55.71089
       ],
       [
        12.52923,
        55.7109
       ],
       [
        12.52921,
        55.71091
       ],
       [
        12.52875,
        55.71147
       ],
       [
        12.52858,
        55.71168
       ],
       [
        12.52858,
        55.7117
       ],
       [
        12.52859,
        55.71172
       ],
       [
        12.52861,
        55.71174
       ],
       [
        12.52864,
        55.71175
       ],
       [
        12.52867,
        55.71175
       ],
       [
        12.5287,
        55.71175
       ],
       [
        12.52874,
        55.71174
       ],
       [
        12.52877,
        55.71173
       ],
       [
        12.52879,
        55.71171
       ]
      ]
     ]
    ]
   }
  },
  {
   "type": "Feature",
   "properties": {
    "klima_id": "KV69",
    "projekt_navn": "Vestre Kirkegård",
    "typologi": "Forsinkelsesplads",
    "vandopland": "København Vest",
    "forventet_ibrugtagning": "2023"
   },
   "geometry": {
    "type": "MultiPolygon",
    "coordinates": [
     [
      [
       [
        12.53455,
        55.65476
       ],
       [
        12.53452,
        55.65472
       ],
       [
        12.53452,
        55.65466
       ],
       [
        12.53453,
        55.65462
       ],
       [
        12.53456,
        55.65459
       ],
       [
        12.53466,
        55.65457
       ],
       [
        12.53476,
        55.65457
       ],
       [
        12.53486,
        55.65458
       ],
       [
        12.53496,
        55.6546
       ],
       [
        12.53501,
        55.65465
       ],
       [
        12.53504,
        55.6547
       ],
       [
        12.53503,
        55.65475
       ],
       [
        12.53499,
        55.6548
       ],
       [
        12.53492,
        55.65483
       ],
       [
        12.53486,
        55.65484
       ],
       [
        12.53483,
        55.65484
       ],
       [
        12.53481,
        55.65485
       ],
       [
        12.5348,
        55.65487
       ],
       [
        12.53476,
        55.65495
       ],
       [
        12.53472,
        55.65509
       ],
       [
        12.5347,
        55.65517
       ],
       [
        12.53466,
        55.65522
       ],
       [
        12.5346,
        55.65524
       ],
       [
        12.53453,
        55.65524
       ],
       [
        12.53448,
        55.65524
       ],
       [
        12.53445,
        55.65523
       ],
       [
        12.53443,
        55.65519
       ],
       [
        12.53443,
        55.65516
       ],
       [
        12.53448,
        55.65505
       ],
       [
        12.53453,
        55.65494
       ],
       [
        12.5346,
        55.6548
       ],
       [
        12.53455,
        55.65476
       ]
      ]
     ]
    ]
   }
  },
  {
   "type": "Feature",
   "properties": {
    "klima_id": "BIR30",
    "projekt_navn": "Bispebjerg Kirkegård del 1",
    "vandopland": "Bispebjerg",
    "forventet_ibrugtagning": "2024"
   },
   "geometry": {
    "type": "MultiPolygon",
    "coordinates": [
     [
      [
       [
        12.52885,
        55.7145
       ],
       [
        12.52888,
        55.71439
       ],
       [
        12.52867,
        55.71437
       ],
       [
        12.52872,
        55.71419
       ],
       [
        12.52893,
        55.71421
       ],
       [
        12.52897,
        55.71409
       ],
       [
        12.5285,
        55.71405
       ],
       [
        12.52838,
        55.71446
       ],
       [
        12.52885,
        55.7145
       ]
      ]
     ]
    ]
   }
  },
  {
   "type": "Feature",
   "properties": {
    "klima_id": "BIR1.2",
    "projekt_navn": "Svanemøllens Kasserne Nord",
    "typologi": "Forsinkelsesplads",
    "vandopland": "Bispebjerg",
    "forventet_ibrugtagning": "2028"
   },
   "geometry": {
    "type": "MultiPolygon",
    "coordinates": [
     [
      [
       [
        12.56972,
        55.72242
       ],
       [
        12.56955,
        55.72225
       ],
       [
        12.56942,
        55.72216
       ],
       [
        12.56931,
        55.72202
       ],
       [
        12.56923,
        55.72192
       ],
       [
        12.56909,
        55.72189
       ],
       [
        12.56898,
        55.72189
       ],
       [
        12.56859,
        55.72195
       ],
       [
        12.5685,
        55.72201
       ],
       [
        12.56847,
        55.72207
       ],
       [
        12.56852,
        55.7222
       ],
       [
        12.56863,
        55.72235
       ],
       [
        12.56873,
        55.7226
       ],
       [
        12.56884,
        55.72269
       ],
       [
        12.56895,
        55.72273
       ],
       [
        12.56912,
        55.72272
       ],
       [
        12.5693,
        55.72268
       ],
       [
        12.56949,
        55.72264
       ],
       [
        12.56963,
        55.72262
       ],
       [
        12.56973,
        55.72255
       ],
       [
        12.56972,
        55.72242
       ]
      ]
     ]
    ]
   }
  },
  {
   "type": "Feature",
   "properties": {
    "klima_id": "NO21",
    "projekt_navn": "De Indre Søer",
    "typologi": "bassin",
    "vandopland": "Nørrebro",
    "forventet_ibrugtagning": "2023"
   },
   "geometry": {
    "type": "MultiPolygon",
    "coordinates": [
     [
      [
       [
        12.58278,
        55.69198
       ],
       [
        12.58299,
        55.69205
       ],
       [
        12.583,
        55.69206
       ],
       [
        12.58302,
        55.69206
       ],
       [
        12.58304,
        55.69206
       ],
       [
        12.58306,
        55.69205
       ],
       [
        12.58308,
        55.69204
       ],
       [
        12.58309,
        55.69204
       ],
       [
        12.58311,
        55.69203
       ],
       [
        12.58313,
        55.69203
       ],
       [
        12.58315,
        55.69202
       ],
       [
        12.58317,
        55.69202
       ],
       [
        12.58319,
        55.69202
       ],
       [
        12.58321,
        55.69202
       ],
       [
        12.58323,
        55.69201
       ],
       [
        12.58325,
        55.69201
       ],
       [
        12.58327,
        55.69201
       ],
       [
        12.58329,
        55.692
       ],
       [
        12.58331,
        55.692
       ],
       [
        12.58333,
        55.692
       ],
       [
        12.58335,
        55.692
       ],
       [
        12.58337,
        55.69199
       ],
       [
        12.58339,
        55.69199
       ],
       [
        12.58341,
        55.69199
       ],
       [
        12.58343,
        55.69198
       ],
       [
        12.58345,
        55.69198
       ],
       [
        12.58346,
        55.69198
       ],
       [
        12.58348,
        55.69197
       ],
       [
        12.5835,
        55.69196
       ],
       [
        12.58351,
        55.69195
       ],
       [
        12.58353,
        55.69195
       ],
       [
        12.58355,
        55.69194
       ],
       [
        12.58356,
        55.69194
       ],
       [
        12.58358,
        55.69193
       ],
       [
        12.58407,
        55.69183
       ],
       [
        12.58409,
        55.69183
       ],
       [
        12.5841,
        55.69182
       ],
       [
        12.58412,
        55.69182
       ],
       [
        12.58413,
        55.69181
       ],
       [
        12.58415,
        55.69181
       ],
       [
        12.58416,
        55.6918
       ],
       [
        12.58418,
        55.6918
       ],
       [
        12.58419,
        55.69179
       ],
       [
        12.58421,
        55.69178
       ],
       [
        12.58422,
        55.69178
       ],
       [
        12.58424,
        55.69178
       ],
       [
        12.58426,
        55.69178
       ],
       [
        12.58427,
        55.69178
       ],
       [
        12.58429,
        55.69179
       ],
       [
        12.5843,
        55.6918
       ],
       [
        12.5843,
        55.69181
       ],
       [
        12.58431,
        55.69188
       ],
       [
        12.58432,
        55.6919
       ],
       [
        12.58434,
        55.69192
       ],
       [
        12.58436,
        55.69194
       ],
       [
        12.58438,
        55.69196
       ],
       [
        12.58441,
        55.69198
       ],
       [
        12.58443,
        55.69199
       ],
       [
        12.58445,
        55.69201
       ],
       [
        12.58448,
        55.69203
       ],
       [
        12.58463,
        55.6922
       ],
       [
        12.58466,
        55.69223
       ],
       [
        12.58471,
        55.69225
       ],
       [
        12.58477,
        55.69227
       ],
       [
        12.58482,
        55.69229
       ],
       [
        12.58489,
        55.6923
       ],
       [
        12.58495,
        55.69231
       ],
       [
        12.58501,
        55.69231
       ],
       [
        12.58508,
        55.69231
       ],
       [
        12.58582,
        55.69226
       ],
       [
        12.58573,
        55.69218
       ],
       [
        12.58571,
        55.69218
       ],
       [
        12.58525,
        55.69204
       ],
       [
        12.58523,
        55.69204
       ],
       [
        12.58521,
        55.69204
       ],
       [
        12.58518,
        55.69204
       ],
       [
        12.58516,
        55.69204
       ],
       [
        12.58514,
        55.69204
       ],
       [
        12.58512,
        55.69204
       ],
       [
        12.5851,
        55.69203
       ],
       [
        12.58508,
        55.69203
       ],
       [
        12.58506,
        55.69202
       ],
       [
        12.58505,
        55.69201
       ],
       [
        12.58504,
        55.692
       ],
       [
        12.58502,
        55.69199
       ],
       [
        12.58501,
        55.69199
       ],
       [
        12.58499,
        55.69198
       ],
       [
        12.58498,
        55.69197
       ],
       [
        12.58496,
        55.69196
       ],
       [
        12.58495,
        55.69195
       ],
       [
        12.58493,
        55.69194
       ],
       [
        12.58492,
        55.69193
       ],
       [
        12.58491,
        55.69192
       ],
       [
        12.5849,
        55.69191
       ],
       [
        12.58489,
        55.6919
       ],
       [
        12.58489,
        55.69189
       ],
       [
        12.58488,
        55.69188
       ],
       [
        12.58488,
        55.69187
       ],
       [
        12.58487,
        55.69186
       ],
       [
        12.58486,
        55.69185
       ],
       [
        12.58485,
        55.69184
       ],
       [
        12.58484,
        55.69182
       ],
       [
        12.58483,
        55.69181
       ],
       [
        12.58483,
        55.6918
       ],
       [
        12.58483,
        55.69179
       ],
       [
        12.58477,
        55.69176
       ],
       [
        12.58472,
        55.69168
       ],
       [
        12.58442,
        55.69142
       ],
       [
        12.58441,
        55.69141
       ],
       [
        12.5844,
        55.69139
       ],
       [
        12.58438,
        55.69138
       ],
       [
        12.58435,
        55.69137
       ],
       [
        12.58433,
        55.69136
       ],
       [
        12.5843,
        55.69135
       ],
       [
        12.58427,
        55.69134
       ],
       [
        12.58425,
        55.69133
       ],
       [
        12.58409,
        55.69116
       ],
       [
        12.58372,
        55.6909
       ],
       [
        12.58369,
        55.6909
       ],
       [
        12.58369,
        55.69092
       ],
       [
        12.58366,
        55.69101
       ],
       [
        12.58367,
        55.69103
       ],
       [
        12.58368,
        55.69105
       ],
       [
        12.5837,
        55.69107
       ],
       [
        12.58384,
        55.69112
       ],
       [
        12.58395,
        55.6913
       ],
       [
        12.58395,
        55.69131
       ],
       [
        12.58395,
        55.69132
       ],
       [
        12.58394,
        55.69133
       ],
       [
        12.58393,
        55.69134
       ],
       [
        12.58392,
        55.69134
       ],
       [
        12.58391,
        55.69135
       ],
       [
        12.5839,
        55.69136
       ],
       [
        12.58389,
        55.69137
       ],
       [
        12.58389,
        55.69138
       ],
       [
        12.58389,
        55.69138
       ],
       [
        12.58389,
        55.69139
       ],
       [
        12.58389,
        55.6914
       ],
       [
        12.58389,
        55.69141
       ],
       [
        12.58389,
        55.69142
       ],
       [
        12.58389,
        55.69143
       ],
       [
        12.58391,
        55.69144
       ],
       [
        12.58406,
        55.69164
       ],
       [
        12.58278,
        55.69193
       ],
       [
        12.58278,
        55.69194
       ],
       [
        12.58277,
        55.69194
       ],
       [
        12.58276,
        55.69195
       ],
       [
        12.58276,
        55.69195
       ],
       [
        12.58276,
        55.69196
       ],
       [
        12.58277,
        55.69197
       ],
       [
        12.58277,
        55.69197
       ],
       [
        12.58278,
        55.69198
       ]
      ]
     ]
    ]
   }
  },
  {
   "type": "Feature",
   "properties": {
    "klima_id": "BIR25",
    "projekt_navn": "Fremtidens Gårdhave Nattergalevej",
    "typologi": "Gårdhaveprojekt",
    "vandopland": "Bispebjerg",
    "forventet_ibrugtagning": "Ukendt"
   },
   "geometry": {
    "type": "MultiPolygon",
    "coordinates": [
     [
      [
       [
        12.53015,
        55.69932
       ],
       [
        12.52963,
        55.69971
       ],
       [
        12.5296,
        55.6997
       ],
       [
        12.52942,
        55.69983
       ],
       [
        12.52933,
        55.6999
       ],
       [
        12.52892,
        55.70021
       ],
       [
        12.52896,
        55.70023
       ],
       [
        12.52854,
        55.70054
       ],
       [
        12.52852,
        55.70053
       ],
       [
        12.52842,
        55.7006
       ],
       [
        12.52839,
        55.70059
       ],
       [
        12.52834,
        55.70062
       ],
       [
        12.52836,
        55.70063
       ],
       [
        12.52815,
        55.70079
       ],
       [
        12.52819,
        55.70081
       ],
       [
        12.52765,
        55.70122
       ],
       [
        12.52763,
        55.70121
       ],
       [
        12.52753,
        55.70128
       ],
       [
        12.52755,
        55.70129
       ],
       [
        12.52764,
        55.70137
       ],
       [
        12.52754,
        55.70141
       ],
       [
        12.52756,
        55.70143
       ],
       [
        12.52767,
        55.70139
       ],
       [
        12.52797,
        55.70166
       ],
       [
        12.52787,
        55.7017
       ],
       [
        12.52789,
        55.70172
       ],
       [
        12.528,
        55.70168
       ],
       [
        12.52822,
        55.70187
       ],
       [
        12.52807,
        55.70193
       ],
       [
        12.52809,
        55.70195
       ],
       [
        12.528,
        55.70198
       ],
       [
        12.52724,
        55.70134
       ],
       [
        12.52874,
        55.70016
       ],
       [
        12.52911,
        55.69987
       ],
       [
        12.52994,
        55.69922
       ],
       [
        12.52994,
        55.69921
       ],
       [
        12.52996,
        55.6992
       ],
       [
        12.52997,
        55.6992
       ],
       [
        12.52999,
        55.6992
       ],
       [
        12.52999,
        55.6992
       ],
       [
        12.52999,
        55.69921
       ],
       [
        12.53015,
        55.69932
       ]
      ]
     ]
    ]
   }
  },
  {
   "type": "Feature",
   "properties": {
    "klima_id": "KV57",
    "projekt_navn": "Gåsebækvej (Skellet)",
    "typologi": "bassin",
    "vandopland": "København Vest",
    "forventet_ibrugtagning": "2026"
   },
   "geometry": {
    "type": "MultiPolygon",
    "coordinates": [
     [
      [
       [
        12.49561,
        55.67014
       ],
       [
        12.49587,
        55.67017
       ],
       [
        12.49591,
        55.67006
       ],
       [
        12.49595,
        55.66993
       ],
       [
        12.49558,
        55.66989
       ],
       [
        12.49557,
        55.66989
       ],
       [
        12.49556,
        55.66994
       ],
       [
        12.49547,
        55.66994
       ],
       [
        12.49548,
        55.66985
       ],
       [
        12.49524,
        55.66974
       ],
       [
        12.495,
        55.66965
       ],
       [
        12.49475,
        55.66957
       ],
       [
        12.49468,
        55.66975
       ],
       [
        12.49465,
        55.67001
       ],
       [
        12.49481,
        55.67002
       ],
       [
        12.49547,
        55.67005
       ],
       [
        12.49562,
        55.67006
       ],
       [
        12.49561,
        55.67014
       ]
      ]
     ]
    ]
   }
  },
  {
   "type": "Feature",
   "properties": {
    "klima_id": "NO21",
    "projekt_navn": "De Indre Søer",
    "typologi": "bassin",
    "vandopland": "Nørrebro",
    "forventet_ibrugtagning": "2023"
   },
   "geometry": {
    "type": "MultiPolygon",
    "coordinates": [
     [
      [
       [
        12.57784,
        55.68933
       ],
       [
        12.57783,
        55.68933
       ],
       [
        12.57783,
        55.68934
       ],
       [
        12.57782,
        55.68935
       ],
       [
        12.57782,
        55.68936
       ],
       [
        12.57782,
        55.68936
       ],
       [
        12.57781,
        55.68937
       ],
       [
        12.57781,
        55.68938
       ],
       [
        12.57781,
        55.68939
       ],
       [
        12.57781,
        55.68939
       ],
       [
        12.57782,
        55.6894
       ],
       [
        12.57782,
        55.68941
       ],
       [
        12.57782,
        55.68942
       ],
       [
        12.57782,
        55.68942
       ],
       [
        12.57783,
        55.68943
       ],
       [
        12.57783,
        55.68944
       ],
       [
        12.57783,
        55.68945
       ],
       [
        12.57784,
        55.68945
       ],
       [
        12.57784,
        55.68946
       ],
       [
        12.57785,
        55.68947
       ],
       [
        12.57785,
        55.68947
       ],
       [
        12.57786,
        55.68948
       ],
       [
        12.57787,
        55.68949
       ],
       [
        12.57787,
        55.68949
       ],
       [
        12.57787,
        55.6895
       ],
       [
        12.57788,
        55.68951
       ],
       [
        12.57788,
        55.68952
       ],
       [
        12.57789,
        55.68952
       ],
       [
        12.5779,
        55.68953
       ],
       [
        12.57791,
        55.68953
       ],
       [
        12.57793,
        55.68953
       ],
       [
        12.57794,
        55.68953
       ],
       [
        12.57795,
        55.68954
       ],
       [
        12.57796,
        55.68954
       ],
       [
        12.57797,
        55.68955
       ],
       [
        12.57798,
        55.68955
       ],
       [
        12.57799,
        55.68956
       ],
       [
        12.578,
        55.68956
       ],
       [
        12.57801,
        55.68956
       ],
       [
        12.57803,
        55.68957
       ],
       [
        12.57804,
        55.68957
       ],
       [
        12.57805,
        55.68957
       ],
       [
        12.57806,
        55.68957
       ],
       [
        12.57808,
        55.68957
       ],
       [
        12.57809,
        55.68957
       ],
       [
        12.5781,
        55.68957
       ],
       [
        12.57812,
        55.68957
       ],
       [
        12.57813,
        55.68957
       ],
       [
        12.57814,
        55.68957
       ],
       [
        12.57816,
        55.68957
       ],
       [
        12.57817,
        55.68958
       ],
       [
        12.57818,
        55.68958
       ],
       [
        12.5782,
        55.68958
       ],
       [
        12.57821,
        55.68958
       ],
       [
        12.57822,
        55.68958
       ],
       [
        12.57824,
        55.68958
       ],
       [
        12.57825,
        55.68959
       ],
       [
        12.57826,
        55.68959
       ],
       [
        12.57827,
        55.68959
       ],
       [
        12.57829,
        55.68959
       ],
       [
        12.5783,
        55.68959
       ],
       [
        12.57831,
        55.68959
       ],
       [
        12.57833,
        55.68959
       ],
       [
        12.57834,
        55.68959
       ],
       [
        12.57835,
        55.68959
       ],
       [
        12.57837,
        55.68959
       ],
       [
        12.57838,
        55.68959
       ],
       [
        12.57839,
        55.68959
       ],
       [
        12.57841,
        55.68959
       ],
       [
        12.57842,
        55.68959
       ],
       [
        12.57843,
        55.68959
       ],
       [
        12.57845,
        55.6896
       ],
       [
        12.57846,
        55.6896
       ],
       [
        12.57847,
        55.6896
       ],
       [
        12.57849,
        55.6896
       ],
       [
        12.5785,
        55.6896
       ],
       [
        12.57851,
        55.6896
       ],
       [
        12.57853,
        55.6896
       ],
       [
        12.57854,
        55.68961
       ],
       [
        12.57855,
        55.68961
       ],
       [
        12.57857,
        55.68961
       ],
       [
        12.57858,
        55.68961
       ],
       [
        12.57859,
        55.68961
       ],
       [
        12.57861,
        55.68961
       ],
       [
        12.57862,
        55.68961
       ],
       [
        12.57863,
        55.68961
       ],
       [
        12.57864,
        55.68961
       ],
       [
        12.57866,
        55.68961
       ],
       [
        12.57867,
        55.68961
       ],
       [
        12.57868,
        55.68961
       ],
       [
        12.5787,
        55.68961
       ],
       [
        12.57871,
        55.68961
       ],
       [
        12.57872,
        55.68961
       ],
       [
        12.57874,
        55.68961
       ],
       [
        12.57875,
        55.68961
       ],
       [
        12.57876,
        55.68961
       ],
       [
        12.57878,
        55.6896
       ],
       [
        12.57879,
        55.6896
       ],
       [
        12.5788,
        55.6896
       ],
       [
        12.57882,
        55.6896
       ],
       [
        12.57883,
        55.6896
       ],
       [
        12.57884,
        55.6896
       ],
       [
        12.57886,
        55.6896
       ],
       [
        12.57887,
        55.6896
       ],
       [
        12.57888,
        55.6896
       ],
       [
        12.5789,
        55.6896
       ],
       [
        12.57891,
        55.68961
       ],
       [
        12.57892,
        55.68961
       ],
       [
        12.57894,
        55.68961
       ],
       [
        12.57895,
        55.68961
       ],
       [
        12.57896,
        55.68961
       ],
       [
        12.57898,
        55.6896
       ],
       [
        12.57899,
        55.6896
       ],
       [
        12.579,
        55.6896
       ],
       [
        12.57901,
        55.6896
       ],
       [
        12.57903,
        55.6896
       ],
       [
        12.57904,
        55.6896
       ],
       [
        12.57905,
        55.68959
       ],
       [
        12.57907,
        55.68959
       ],
       [
        12.57908,
        55.68959
       ],
       [
        12.57909,
        55.68958
       ],
       [
        12.5791,
        55.68958
       ],
       [
        12.57911,
        55.68958
       ],
       [
        12.57912,
        55.68957
       ],
       [
        12.57914,
        55.68957
       ],
       [
        12.57915,
        55.68956
       ],
       [
        12.57916,
        55.68956
       ],
       [
        12.57917,
        55.68956
       ],
       [
        12.57918,
        55.68955
       ],
       [
        12.57919,
        55.68955
       ],
       [
        12.57921,
        55.68955
       ],
       [
        12.57922,
        55.68955
       ],
       [
        12.57923,
        55.68954
       ],
       [
        12.57925,
        55.68954
       ],
       [
        12.57926,
        55.68954
       ],
       [
        12.57927,
        55.68954
       ],
       [
        12.57929,
        55.68954
       ],
       [
        12.5793,
        55.68954
       ],
       [
        12.57931,
        55.68954
       ],
       [
        12.57932,
        55.68954
       ],
       [
        12.57934,
        55.68953
       ],
       [
        12.57935,
        55.68953
       ],
       [
        12.57936,
        55.68953
       ],
       [
        12.57938,
        55.68953
       ],
       [
        12.57939,
        55.68952
       ],
       [
        12.5794,
        55.68952
       ],
       [
        12.57941,
        55.68952
       ],
       [
        12.57942,
        55.68951
       ],
       [
        12.57944,
        55.68951
       ],
       [
        12.57945,
        55.68951
       ],
       [
        12.57946,
        55.68951
       ],
       [
        12.57948,
        55.68951
       ],
       [
        12.57949,
        55.68951
       ],
       [
        12.5795,
        55.68951
       ],
       [
        12.57952,
        55.68951
       ],
       [
        12.57953,
        55.68951
       ],
       [
        12.57954,
        55.68951
       ],
       [
        12.57956,
        55.68951
       ],
       [
        12.57957,
        55.68951
       ],
       [
        12.57958,
        55.68951
       ],
       [
        12.5796,
        55.68951
       ],
       [
        12.57961,
        55.68951
       ],
       [
        12.57962,
        55.68951
       ],
       [
        12.57964,
        55.68951
       ],
       [
        12.57965,
        55.68951
       ],
       [
        12.57966,
        55.68951
       ],
       [
        12.57968,
        55.68951
       ],
       [
        12.57969,
        55.68951
       ],
       [
        12.5797,
        55.68952
       ],
       [
        12.57971,
        55.68952
       ],
       [
        12.57972,
        55.68953
       ],
       [
        12.57973,
        55.68953
       ],
       [
        12.57974,
        55.68954
       ],
       [
        12.57975,
        55.68954
       ],
       [
        12.57976,
        55.68955
       ],
       [
        12.57977,
        55.68955
       ],
       [
        12.57978,
        55.68955
       ],
       [
        12.5798,
        55.68955
       ],
       [
        12.57981,
        55.68956
       ],
       [
        12.57982,
        55.68955
       ],
       [
        12.57984,
        55.68955
       ],
       [
        12.57985,
        55.68955
       ],
       [
        12.57986,
        55.68955
       ],
       [
        12.57987,
        55.68955
       ],
       [
        12.57989,
        55.68954
       ],
       [
        12.5799,
        55.68954
       ],
       [
        12.57991,
        55.68954
       ],
       [
        12.57992,
        55.68953
       ],
       [
        12.57993,
        55.68953
       ],
       [
        12.57994,
        55.68952
       ],
       [
        12.57995,
        55.68952
       ],
       [
        12.57996,
        55.68951
       ],
       [
        12.57997,
        55.68951
       ],
       [
        12.57998,
        55.6895
       ],
       [
        12.57998,
        55.68949
       ],
       [
        12.58002,
        55.68947
       ],
       [
        12.58002,
        55.68948
       ],
       [
        12.58003,
        55.68948
       ],
       [
        12.58004,
        55.68947
       ],
       [
        12.58005,
        55.68947
       ],
       [
        12.58006,
        55.68946
       ],
       [
        12.58006,
        55.68945
       ],
       [
        12.58007,
        55.68945
       ],
       [
        12.58008,
        55.68944
       ],
       [
        12.58008,
        55.68944
       ],
       [
        12.58009,
        55.68943
       ],
       [
        12.58009,
        55.68942
       ],
       [
        12.5801,
        55.68942
       ],
       [
        12.5801,
        55.68941
       ],
       [
        12.58011,
        55.6894
       ],
       [
        12.58011,
        55.6894
       ],
       [
        12.58011,
        55.68939
       ],
       [
        12.58011,
        55.68938
       ],
       [
        12.58011,
        55.68938
       ],
       [
        12.58011,
        55.68937
       ],
       [
        12.58011,
        55.68936
       ],
       [
        12.58011,
        55.68936
       ],
       [
        12.58011,
        55.68935
       ],
       [
        12.58011,
        55.68934
       ],
       [
        12.5801,
        55.68934
       ],
       [
        12.58009,
        55.68933
       ],
       [
        12.58009,
        55.68933
       ],
       [
        12.58008,
        55.68932
       ],
       [
        12.58007,
        55.68932
       ],
       [
        12.58006,
        55.68931
       ],
       [
        12.58006,
        55.68931
       ],
       [
        12.58005,
        55.6893
       ],
       [
        12.58004,
        55.6893
       ],
       [
        12.58003,
        55.68929
       ],
       [
        12.58002,
        55.68929
       ],
       [
        12.58001,
        55.68928
       ],
       [
        12.58,
        55.68928
       ],
       [
        12.57999,
        55.68928
       ],
       [
        12.57998,
        55.68927
       ],
       [
        12.57997,
        55.68927
       ],
       [
        12.57996,
        55.68926
       ],
       [
        12.57996,
        55.68926
       ],
       [
        12.57995,
        55.68925
       ],
       [
        12.57994,
        55.68925
       ],
       [
        12.57993,
        55.68925
       ],
       [
        12.57992,
        55.68924
       ],
       [
        12.57991,
        55.68924
       ],
       [
        12.5799,
        55.68923
       ],
       [
        12.57989,
        55.68923
       ],
       [
        12.57988,
        55.68922
       ],
       [
        12.57987,
        55.68922
       ],
       [
        12.57986,
        55.68922
       ],
       [
        12.57985,
        55.68921
       ],
       [
        12.57984,
        55.68921
       ],
       [
        12.57983,
        55.68921
       ],
       [
        12.57982,
        55.68921
       ],
       [
        12.5798,
        55.68921
       ],
       [
        12.57979,
        55.68921
       ],
       [
        12.57978,
        55.6892
       ],
       [
        12.57977,
        55.6892
       ],
       [
        12.57976,
        55.68921
       ],
       [
        12.57974,
        55.68921
       ],
       [
        12.57973,
        55.68921
       ],
       [
        12.57972,
        55.68921
       ],
       [
        12.57971,
        55.68921
       ],
       [
        12.57894,
        55.68923
       ],
       [
        12.57859,
        55.68921
       ],
       [
        12.57858,
        55.68921
       ],
       [
        12.57857,
        55.68921
       ],
       [
        12.57855,
        55.68921
       ],
       [
        12.57854,
        55.68921
       ],
       [
        12.57853,
        55.6892
       ],
       [
        12.57851,
        55.6892
       ],
       [
        12.5785,
        55.6892
       ],
       [
        12.57849,
        55.6892
       ],
       [
        12.57848,
        55.6892
       ],
       [
        12.57846,
        55.6892
       ],
       [
        12.57845,
        55.6892
       ],
       [
        12.57844,
        55.6892
       ],
       [
        12.57842,
        55.6892
       ],
       [
        12.57841,
        55.68921
       ],
       [
        12.5784,
        55.68921
       ],
       [
        12.57838,
        55.68921
       ],
       [
        12.57837,
        55.68921
       ],
       [
        12.57836,
        55.68921
       ],
       [
        12.57834,
        55.68921
       ],
       [
        12.57833,
        55.68922
       ],
       [
        12.57832,
        55.68922
       ],
       [
        12.57831,
        55.68922
       ],
       [
        12.57829,
        55.68922
       ],
       [
        12.57828,
        55.68922
       ],
       [
        12.57827,
        55.68923
       ],
       [
        12.57825,
        55.68923
       ],
       [
        12.57824,
        55.68923
       ],
       [
        12.57823,
        55.68923
       ],
       [
        12.57822,
        55.68923
       ],
       [
        12.5782,
        55.68924
       ],
       [
        12.57819,
        55.68924
       ],
       [
        12.57818,
        55.68924
       ],
       [
        12.57816,
        55.68924
       ],
       [
        12.57815,
        55.68924
       ],
       [
        12.57814,
        55.68924
       ],
       [
        12.57812,
        55.68924
       ],
       [
        12.57811,
        55.68924
       ],
       [
        12.5781,
        55.68925
       ],
       [
        12.57808,
        55.68925
       ],
       [
        12.57807,
        55.68925
       ],
       [
        12.57806,
        55.68924
       ],
       [
        12.57804,
        55.68924
       ],
       [
        12.57803,
        55.68924
       ],
       [
        12.57802,
        55.68925
       ],
       [
        12.57801,
        55.68925
       ],
       [
        12.57799,
        55.68925
       ],
       [
        12.57798,
        55.68925
       ],
       [
        12.57797,
        55.68926
       ],
       [
        12.57796,
        55.68926
       ],
       [
        12.57794,
        55.68926
       ],
       [
        12.57793,
        55.68927
       ],
       [
        12.57792,
        55.68927
       ],
       [
        12.57791,
        55.68927
       ],
       [
        12.5779,
        55.68928
       ],
       [
        12.57789,
        55.68928
       ],
       [
        12.57788,
        55.68929
       ],
       [
        12.57787,
        55.6893
       ],
       [
        12.57786,
        55.6893
       ],
       [
        12.57786,
        55.68931
       ],
       [
        12.57785,
        55.68931
       ],
       [
        12.57784,
        55.68932
       ],
       [
        12.57784,
        55.68933
       ]
      ]
     ]
    ]
   }
  },
  {
   "type": "Feature",
   "properties": {
    "klima_id": "Frederiksberg",
    "typologi": "Forsinkelsesplads"
   },
   "geometry": {
    "type": "MultiPolygon",
    "coordinates": [
     [
      [
       [
        12.54145,
        55.68177
       ],
       [
        12.54373,
        55.68125
       ],
       [
        12.54302,
        55.68021
       ],
       [
        12.54298,
        55.68015
       ],
       [
        12.54082,
        55.68041
       ],
       [
        12.54145,
        55.68177
       ]
      ]
     ]
    ]
   }
  },
  {
   "type": "Feature",
   "properties": {
    "klima_id": "KV88",
    "projekt_navn": "Kagsmosen",
    "vandopland": "København Vest",
    "forventet_ibrugtagning": "2022"
   },
   "geometry": {
    "type": "MultiPolygon",
    "coordinates": [
     [
      [
       [
        12.45339,
        55.71005
       ],
       [
        12.45333,
        55.71044
       ],
       [
        12.45336,
        55.71047
       ],
       [
        12.45336,
        55.71048
       ],
       [
        12.45336,
        55.71052
       ],
       [
        12.45336,
        55.71052
       ],
       [
        12.45336,
        55.71052
       ],
       [
        12.45334,
        55.71065
       ],
       [
        12.45333,
        55.71073
       ],
       [
        12.45333,
        55.71078
       ],
       [
        12.45334,
        55.71084
       ],
       [
        12.45334,
        55.71084
       ],
       [
        12.45327,
        55.71121
       ],
       [
        12.45317,
        55.71192
       ],
       [
        12.45315,
        55.71208
       ],
       [
        12.45315,
        55.71208
       ],
       [
        12.45312,
        55.71214
       ],
       [
        12.45312,
        55.71214
       ],
       [
        12.45306,
        55.71221
       ],
       [
        12.45305,
        55.71221
       ],
       [
        12.45335,
        55.71243
       ],
       [
        12.45347,
        55.7125
       ],
       [
        12.4538,
        55.71271
       ],
       [
        12.45402,
        55.71284
       ],
       [
        12.45448,
        55.7131
       ],
       [
        12.45476,
        55.71326
       ],
       [
        12.45492,
        55.71335
       ],
       [
        12.45502,
        55.71339
       ],
       [
        12.45564,
        55.71363
       ],
       [
        12.45669,
        55.7139
       ],
       [
        12.457,
        55.71398
       ],
       [
        12.45711,
        55.71401
       ],
       [
        12.45712,
        55.71402
       ],
       [
        12.45721,
        55.71404
       ],
       [
        12.45721,
        55.71404
       ],
       [
        12.45726,
        55.71406
       ],
       [
        12.45859,
        55.71339
       ],
       [
        12.45881,
        55.71326
       ],
       [
        12.45942,
        55.71287
       ],
       [
        12.45974,
        55.71265
       ],
       [
        12.46003,
        55.71246
       ],
       [
        12.46003,
        55.71246
       ],
       [
        12.46021,
        55.71235
       ],
       [
        12.4603,
        55.71233
       ],
       [
        12.46047,
        55.71222
       ],
       [
        12.46056,
        55.71163
       ],
       [
        12.45891,
        55.71044
       ],
       [
        12.45874,
        55.71043
       ],
       [
        12.45865,
        55.71042
       ],
       [
        12.45855,
        55.71041
       ],
       [
        12.45791,
        55.71035
       ],
       [
        12.4576,
        55.71032
       ],
       [
        12.45728,
        55.71029
       ],
       [
        12.45697,
        55.71027
       ],
       [
        12.45665,
        55.71024
       ],
       [
        12.45634,
        55.71021
       ],
       [
        12.45602,
        55.71018
       ],
       [
        12.45571,
        55.71015
       ],
       [
        12.4554,
        55.71012
       ],
       [
        12.45535,
        55.71012
       ],
       [
        12.455,
        55.71009
       ],
       [
        12.45469,
        55.71006
       ],
       [
        12.45438,
        55.71003
       ],
       [
        12.45406,
        55.71
       ],
       [
        12.45375,
        55.70997
       ],
       [
        12.4534,
        55.70994
       ],
       [
        12.45339,
        55.71005
       ]
      ]
     ]
    ]
   }
  },
  {
   "type": "Feature",
   "properties": {
    "klima_id": "KV26B",
    "projekt_navn": "Vigerslevparken Midt",
    "typologi": "Forsinkelsesplads",
    "vandopland": "København Vest",
    "forventet_ibrugtagning": "2024"
   },
   "geometry": {
    "type": "MultiPolygon",
    "coordinates": [
     [
      [
       [
        12.47749,
        55.66033
       ],
       [
        12.47818,
        55.66039
       ],
       [
        12.47833,
        55.6604
       ],
       [
        12.47841,
        55.65979
       ],
       [
        12.47858,
        55.65902
       ],
       [
        12.47873,
        55.65836
       ],
       [
        12.47874,
        55.65829
       ],
       [
        12.47922,
        55.65718
       ],
       [
        12.47945,
        55.65682
       ],
       [
        12.48484,
        55.65411
       ],
       [
        12.48382,
        55.65352
       ],
       [
        12.48356,
        55.65367
       ],
       [
        12.4829,
        55.65396
       ],
       [
        12.48234,
        55.65413
       ],
       [
        12.48164,
        55.6541
       ],
       [
        12.48045,
        55.65492
       ],
       [
        12.4789,
        55.65605
       ],
       [
        12.47815,
        55.65673
       ],
       [
        12.478,
        55.65692
       ],
       [
        12.47783,
        55.65705
       ],
       [
        12.47779,
        55.6572
       ],
       [
        12.47758,
        55.65756
       ],
       [
        12.47738,
        55.65817
       ],
       [
        12.4773,
        55.65893
       ],
       [
        12.47737,
        55.6599
       ],
       [
        12.47749,
        55.66033
       ]
      ]
     ]
    ]
   }
  },
  {
   "type": "Feature",
   "properties": {
    "klima_id": "KV61",
    "projekt_navn": "Grønt område ved Vigerslev allé (Valby skole)",
    "typologi": "bassin",
    "vandopland": "København Vest",
    "forventet_ibrugtagning": "2029"
   },
   "geometry": {
    "type": "MultiPolygon",
    "coordinates": [
     [
      [
       [
        12.5087,
        55.66576
       ],
       [
        12.50899,
        55.66573
       ],
       [
        12.50933,
        55.66573
       ],
       [
        12.50928,
        55.66552
       ],
       [
        12.50882,
        55.66555
       ],
       [
        12.5088,
        55.6655
       ],
       [
        12.50864,
        55.66551
       ],
       [
        12.5087,
        55.66576
       ]
      ]
     ]
    ]
   }
  },
  {
   "type": "Feature",
   "properties": {
    "klima_id": "NO1",
    "projekt_navn": "Rensning i Sortedams Sø ",
    "typologi": "rensning",
    "vandopland": "Nørrebro",
    "forventet_ibrugtagning": "2021"
   },
   "geometry": {
    "type": "MultiPolygon",
    "coordinates": [
     [
      [
       [
        12.57605,
        55.69444
       ],
       [
        12.57597,
        55.69441
       ],
       [
        12.57597,
        55.69441
       ],
       [
        12.57589,
        55.69437
       ],
       [
        12.57477,
        55.693
       ],
       [
        12.57233,
        55.69149
       ],
       [
        12.57223,
        55.6915
       ],
       [
        12.57189,
        55.69129
       ],
       [
        12.57115,
        55.69147
       ],
       [
        12.57109,
        55.69148
       ],
       [
        12.57103,
        55.6915
       ],
       [
        12.57097,
        55.69152
       ],
       [
        12.57092,
        55.69154
       ],
       [
        12.57086,
        55.69156
       ],
       [
        12.57081,
        55.69158
       ],
       [
        12.57075,
        55.6916
       ],
       [
        12.5707,
        55.69162
       ],
       [
        12.57065,
        55.69165
       ],
       [
        12.57059,
        55.69167
       ],
       [
        12.57054,
        55.69169
       ],
       [
        12.57048,
        55.69171
       ],
       [
        12.57043,
        55.69173
       ],
       [
        12.57038,
        55.69176
       ],
       [
        12.57034,
        55.69179
       ],
       [
        12.57029,
        55.69181
       ],
       [
        12.56982,
        55.69205
       ],
       [
        12.57026,
        55.69247
       ],
       [
        12.57023,
        55.69253
       ],
       [
        12.57237,
        55.69387
       ],
       [
        12.57338,
        55.69509
       ],
       [
        12.5739,
        55.69546
       ],
       [
        12.57421,
        55.69561
       ],
       [
        12.57429,
        55.69565
       ],
       [
        12.57429,
        55.69565
       ],
       [
        12.57865,
        55.6977
       ],
       [
        12.57968,
        55.69621
       ],
       [
        12.57605,
        55.69444
       ]
      ],
      [
       [
        12.57367,
        55.69409
       ],
       [
        12.57368,
        55.6941
       ],
       [
        12.57379,
        55.69418
       ],
       [
        12.57393,
        55.69427
       ],
       [
        12.57396,
        55.6943
       ],
       [
        12.57397,
        55.69431
       ],
       [
        12.57398,
        55.69432
       ],
       [
        12.57399,
        55.69434
       ],
       [
        12.574,
        55.69436
       ],
       [
        12.574,
        55.69437
       ],
       [
        12.574,
        55.69438
       ],
       [
        12.57401,
        55.69439
       ],
       [
        12.57402,
        55.6944
       ],
       [
        12.57402,
        55.69442
       ],
       [
        12.57401,
        55.69442
       ],
       [
        12.574,
        55.69443
       ],
       [
        12.57398,
        55.69444
       ],
       [
        12.57391,
        55.69447
       ],
       [
        12.5739,
        55.69448
       ],
       [
        12.5739,
        55.69449
       ],
       [
        12.5739,
        55.6945
       ],
       [
        12.57391,
        55.69451
       ],
       [
        12.57392,
        55.69451
       ],
       [
        12.57393,
        55.69453
       ],
       [
        12.57393,
        55.69454
       ],
       [
        12.57393,
        55.69455
       ],
       [
        12.57392,
        55.69456
       ],
       [
        12.5739,
        55.69457
       ],
       [
        12.5739,
        55.69457
       ],
       [
        12.57389,
        55.69457
       ],
       [
        12.57387,
        55.69457
       ],
       [
        12.57385,
        55.69457
       ],
       [
        12.57382,
        55.69457
       ],
       [
        12.5738,
        55.69456
       ],
       [
        12.57377,
        55.69455
       ],
       [
        12.57376,
        55.69454
       ],
       [
        12.57374,
        55.69454
       ],
       [
        12.57372,
        55.69452
       ],
       [
        12.57371,
        55.69451
       ],
       [
        12.57354,
        55.69428
       ],
       [
        12.57353,
        55.69427
       ],
       [
        12.57352,
        55.69427
       ],
       [
        12.57352,
        55.69426
       ],
       [
        12.57352,
        55.69425
       ],
       [
        12.57352,
        55.69425
       ],
       [
        12.57353,
        55.69424
       ],
       [
        12.57354,
        55.69423
       ],
       [
        12.57355,
        55.69423
       ],
       [
        12.57357,
        55.69422
       ],
       [
        12.57358,
        55.69422
       ],
       [
        12.57363,
        55.69422
       ],
       [
        12.57364,
        55.69422
       ],
       [
        12.57365,
        55.69422
       ],
       [
        12.57366,
        55.69422
       ],
       [
        12.57367,
        55.69421
       ],
       [
        12.57368,
        55.6942
       ],
       [
        12.57368,
        55.69419
       ],
       [
        12.57367,
        55.69418
       ],
       [
        12.57363,
        55.69413
       ],
       [
        12.57362,
        55.69412
       ],
       [
        12.57362,
        55.69411
       ],
       [
        12.57362,
        55.6941
       ],
       [
        12.57363,
        55.69409
       ],
       [
        12.57365,
        55.69409
       ],
       [
        12.57367,
        55.69409
       ]
      ]
     ]
    ]
   }
  },
  {
   "type": "Feature",
   "properties": {
    "klima_id": "OS16",
    "projekt_navn": "Jagtvej",
    "typologi": "skybrudsbassin",
    "vandopland": "Østerbro",
    "forventet_ibrugtagning": "2027"
   },
   "geometry": {
    "type": "MultiPolygon",
    "coordinates": [
     [
      [
       [
        12.56506,
        55.70685
       ],
       [
        12.56509,
        55.70678
       ],
       [
        12.56762,
        55.70724
       ],
       [
        12.56758,
        55.70732
       ],
       [
        12.56506,
        55.70685
       ]
      ]
     ]
    ]
   }
  },
  {
   "type": "Feature",
   "properties": {
    "klima_id": "VEL29",
    "projekt_navn": "Nørrebroparken Nord",
    "typologi": "Forsinkelsesplads",
    "vandopland": "Vesterbro-ladegaardså",
    "forventet_ibrugtagning": "2023"
   },
   "geometry": {
    "type": "MultiPolygon",
    "coordinates": [
     [
      [
       [
        12.54162,
        55.6965
       ],
       [
        12.54281,
        55.69654
       ],
       [
        12.54279,
        55.69575
       ],
       [
        12.54162,
        55.69572
       ],
       [
        12.54162,
        55.6965
       ]
      ]
     ]
    ]
   }
  },
  {
   "type": "Feature",
   "properties": {
    "klima_id": "KV74",
    "projekt_navn": "Bavnehøj Idrætsanlæg",
    "typologi": "Forsinkelsesplads",
    "vandopland": "København Vest",
    "forventet_ibrugtagning": "2032"
   },
   "geometry": {
    "type": "MultiPolygon",
    "coordinates": [
     [
      [
       [
        12.53555,
        55.66247
       ],
       [
        12.53563,
        55.66146
       ],
       [
        12.53587,
        55.66055
       ],
       [
        12.5372,
        55.6606
       ],
       [
        12.53748,
        55.65895
       ],
       [
        12.5366,
        55.65895
       ],
       [
        12.53658,
        55.65937
       ],
       [
        12.53655,
        55.65946
       ],
       [
        12.53587,
        55.65944
       ],
       [
        12.53524,
        55.66239
       ],
       [
        12.53555,
        55.66247
       ]
      ]
     ]
    ]
   }
  },
  {
   "type": "Feature",
   "properties": {
    "klima_id": "VEL32",
    "projekt_navn": "Regnvandspark i Ørstedparken",
    "typologi": "Forsinkelsesplads",
    "vandopland": "Vesterbro-ladegaardså",
    "forventet_ibrugtagning": "2035"
   },
   "geometry": {
    "type": "MultiPolygon",
    "coordinates": [
     [
      [
       [
        12.56519,
        55.68068
       ],
       [
        12.56687,
        55.68067
       ],
       [
        12.56681,
        55.67993
       ],
       [
        12.56603,
        55.67951
       ],
       [
        12.56522,
        55.67965
       ],
       [
        12.56479,
        55.68014
       ],
       [
        12.56489,
        55.68044
       ],
       [
        12.56519,
        55.68068
       ]
      ]
     ]
    ]
   }
  },
  {
   "type": "Feature",
   "properties": {
    "klima_id": "OS18",
    "projekt_navn": "Tåsinge Plads",
    "typologi": "Forsinkelsesplads",
    "vandopland": "Østerbro",
    "forventet_ibrugtagning": "2014"
   },
   "geometry": {
    "type": "MultiPolygon",
    "coordinates": [
     [
      [
       [
        12.56468,
        55.71051
       ],
       [
        12.5645,
        55.71069
       ],
       [
        12.56457,
        55.71086
       ],
       [
        12.56471,
        55.71096
       ],
       [
        12.56512,
        55.71106
       ],
       [
        12.56533,
        55.71102
       ],
       [
        12.56557,
        55.71079
       ],
       [
        12.56555,
        55.71062
       ],
       [
        12.56552,
        55.71054
       ],
       [
        12.56534,
        55.71043
       ],
       [
        12.56502,
        55.71039
       ],
       [
        12.56476,
        55.71043
       ],
       [
        12.56468,
        55.71051
       ]
      ]
     ]
    ]
   }
  },
  {
   "type": "Feature",
   "properties": {
    "klima_id": "OS18",
    "projekt_navn": "Tåsinge Plads",
    "typologi": "Forsinkelsesplads",
    "vandopland": "Østerbro",
    "forventet_ibrugtagning": "2014"
   },
   "geometry": {
    "type": "MultiPolygon",
    "coordinates": [
     [
      [
       [
        12.5669,
        55.71293
       ],
       [
        12.56705,
        55.71291
       ],
       [
        12.56707,
        55.71274
       ],
       [
        12.5669,
        55.71265
       ],
       [
        12.56671,
        55.71263
       ],
       [
        12.56642,
        55.71269
       ],
       [
        12.56661,
        55.71286
       ],
       [
        12.56675,
        55.71295
       ],
       [
        12.5669,
        55.71293
       ]
      ]
     ]
    ]
   }
  },
  {
   "type": "Feature",
   "properties": {
    "klima_id": "BIR5.8",
    "projekt_navn": "Lygten",
    "typologi": "Forsinkelsesplads",
    "vandopland": "Bispebjerg",
    "forventet_ibrugtagning": "2031"
   },
   "geometry": {
    "type": "MultiPolygon",
    "coordinates": [
     [
      [
       [
        12.53599,
        55.70378
       ],
       [
        12.53516,
        55.70393
       ],
       [
        12.53475,
        55.70401
       ],
       [
        12.53481,
        55.70415
       ],
       [
        12.53487,
        55.70429
       ],
       [
        12.536,
        55.70408
       ],
       [
        12.53599,
        55.70378
       ]
      ]
     ]
    ]
   }
  },
  {
   "type": "Feature",
   "properties": {
    "klima_id": "NO21",
    "projekt_navn": "De Indre Søer",
    "typologi": "Forsinkelsesplads",
    "vandopland": "Nørrebro",
    "forventet_ibrugtagning": "2023"
   },
   "geometry": {
    "type": "MultiPolygon",
    "coordinates": [
     [
      [
       [
        12.5587,
        55.68135
       ],
       [
        12.55909,
        55.68121
       ],
       [
        12.55935,
        55.68112
       ],
       [
        12.55965,
        55.681
       ],
       [
        12.55994,
        55.68086
       ],
       [
        12.56002,
        55.6808
       ],
       [
        12.56006,
        55.68072
       ],
       [
        12.56006,
        55.68066
       ],
       [
        12.56003,
        55.68046
       ],
       [
        12.5598,
        55.6796
       ],
       [
        12.55959,
        55.67886
       ],
       [
        12.55947,
        55.67843
       ],
       [
        12.55938,
        55.6781
       ],
       [
        12.55659,
        55.67834
       ],
       [
        12.55691,
        55.67951
       ],
       [
        12.55716,
        55.68045
       ],
       [
        12.55733,
        55.68113
       ],
       [
        12.55741,
        55.68142
       ],
       [
        12.55745,
        55.68153
       ],
       [
        12.55753,
        55.68156
       ],
       [
        12.55764,
        55.68158
       ],
       [
        12.55775,
        55.68158
       ],
       [
        12.55827,
        55.68146
       ],
       [
        12.5587,
        55.68135
       ]
      ]
     ]
    ]
   }
  },
  {
   "type": "Feature",
   "properties": {
    "klima_id": "VEL42",
    "projekt_navn": "Ørnevej-Vibevej-Glentevej",
    "typologi": "Forsinkelsesplads",
    "vandopland": "Vesterbro-ladegaardså",
    "forventet_ibrugtagning": "2023"
   },
   "geometry": {
    "type": "MultiPolygon",
    "coordinates": [
     [
      [
       [
        12.53621,
        55.69786
       ],
       [
        12.53621,
        55.69789
       ],
       [
        12.53631,
        55.69788
       ],
       [
        12.5363,
        55.69784
       ],
       [
        12.53627,
        55.69775
       ],
       [
        12.53618,
        55.69766
       ],
       [
        12.5361,
        55.69757
       ],
       [
        12.53596,
        55.69751
       ],
       [
        12.53587,
        55.69743
       ],
       [
        12.5358,
        55.69735
       ],
       [
        12.53569,
        55.69783
       ],
       [
        12.53621,
        55.69786
       ]
      ]
     ]
    ]
   }
  },
  {
   "type": "Feature",
   "properties": {
    "klima_id": "NO21",
    "projekt_navn": "De Indre Søer",
    "typologi": "Forsinkelsesplads",
    "vandopland": "Nørrebro",
    "forventet_ibrugtagning": "2023"
   },
   "geometry": {
    "type": "MultiPolygon",
    "coordinates": [
     [
      [
       [
        12.56448,
        55.68629
       ],
       [
        12.56442,
        55.68624
       ],
       [
        12.56435,
        55.68613
       ],
       [
        12.56434,
        55.68607
       ],
       [
        12.56433,
        55.68601
       ],
       [
        12.56439,
        55.68592
       ],
       [
        12.56442,
        55.68586
       ],
       [
        12.56447,
        55.68582
       ],
       [
        12.5645,
        55.68579
       ],
       [
        12.56453,
        55.68577
       ],
       [
        12.56368,
        55.68487
       ],
       [
        12.56274,
        55.68387
       ],
       [
        12.56178,
        55.68284
       ],
       [
        12.56088,
        55.68188
       ],
       [
        12.56057,
        55.68157
       ],
       [
        12.55979,
        55.68188
       ],
       [
        12.55981,
        55.6819
       ],
       [
        12.55981,
        55.68196
       ],
       [
        12.55976,
        55.682
       ],
       [
        12.55974,
        55.68201
       ],
       [
        12.55966,
        55.68205
       ],
       [
        12.55924,
        55.68222
       ],
       [
        12.5592,
        55.68223
       ],
       [
        12.55913,
        55.68224
       ],
       [
        12.55909,
        55.68224
       ],
       [
        12.55905,
        55.68224
       ],
       [
        12.559,
        55.68223
       ],
       [
        12.55897,
        55.68222
       ],
       [
        12.55895,
        55.68221
       ],
       [
        12.55894,
        55.6822
       ],
       [
        12.55893,
        55.68219
       ],
       [
        12.55807,
        55.68252
       ],
       [
        12.55846,
        55.68293
       ],
       [
        12.55875,
        55.68323
       ],
       [
        12.55919,
        55.68369
       ],
       [
        12.55938,
        55.68389
       ],
       [
        12.56067,
        55.68354
       ],
       [
        12.56107,
        55.68395
       ],
       [
        12.5615,
        55.68441
       ],
       [
        12.56202,
        55.68496
       ],
       [
        12.56073,
        55.68529
       ],
       [
        12.56095,
        55.68552
       ],
       [
        12.56121,
        55.68578
       ],
       [
        12.5614,
        55.68598
       ],
       [
        12.56175,
        55.68634
       ],
       [
        12.56196,
        55.68655
       ],
       [
        12.56223,
        55.6868
       ],
       [
        12.56229,
        55.68681
       ],
       [
        12.56237,
        55.68681
       ],
       [
        12.56241,
        55.68681
       ],
       [
        12.5625,
        55.68683
       ],
       [
        12.56256,
        55.68684
       ],
       [
        12.56266,
        55.68687
       ],
       [
        12.56274,
        55.6869
       ],
       [
        12.5628,
        55.68695
       ],
       [
        12.5637,
        55.68661
       ],
       [
        12.56448,
        55.68629
       ]
      ]
     ]
    ]
   }
  },
  {
   "type": "Feature",
   "properties": {
    "klima_id": "OS35",
    "projekt_navn": "Østergasværk kvarter lokalpark",
    "typologi": "Skybrudsbassin",
    "vandopland": "Østerbro",
    "forventet_ibrugtagning": "Ukendt"
   },
   "geometry": {
    "type": "MultiPolygon",
    "coordinates": [
     [
      [
       [
        12.58156,
        55.71121
       ],
       [
        12.58138,
        55.71133
       ],
       [
        12.58139,
        55.71138
       ],
       [
        12.58143,
        55.71144
       ],
       [
        12.5815,
        55.71147
       ],
       [
        12.58156,
        55.71164
       ],
       [
        12.58156,
        55.71169
       ],
       [
        12.58155,
        55.71174
       ],
       [
        12.58147,
        55.71181
       ],
       [
        12.58139,
        55.71188
       ],
       [
        12.58139,
        55.71199
       ],
       [
        12.58139,
        55.71203
       ],
       [
        12.58146,
        55.71209
       ],
       [
        12.58154,
        55.71211
       ],
       [
        12.58163,
        55.71213
       ],
       [
        12.58184,
        55.71214
       ],
       [
        12.5819,
        55.71213
       ],
       [
        12.58196,
        55.7121
       ],
       [
        12.58201,
        55.71207
       ],
       [
        12.58203,
        55.71198
       ],
       [
        12.58202,
        55.71191
       ],
       [
        12.58197,
        55.71184
       ],
       [
        12.5819,
        55.71175
       ],
       [
        12.5819,
        55.71169
       ],
       [
        12.58192,
        55.71162
       ],
       [
        12.58194,
        55.71157
       ],
       [
        12.58195,
        55.71148
       ],
       [
        12.58199,
        55.7114
       ],
       [
        12.58201,
        55.71133
       ],
       [
        12.58201,
        55.71128
       ],
       [
        12.58196,
        55.71123
       ],
       [
        12.58187,
        55.71121
       ],
       [
        12.58171,
        55.7112
       ],
       [
        12.58156,
        55.71121
       ]
      ]
     ]
    ]
   }
  },
  {
   "type": "Feature",
   "properties": {
    "klima_id": "VEL12",
    "projekt_navn": "Skydebanehaven",
    "typologi": "Forsinkelsesplads",
    "vandopland": "Vesterbro-ladegaardså",
    "forventet_ibrugtagning": "2028"
   },
   "geometry": {
    "type": "MultiPolygon",
    "coordinates": [
     [
      [
       [
        12.5521,
        55.67041
       ],
       [
        12.55273,
        55.67043
       ],
       [
        12.55316,
        55.67045
       ],
       [
        12.55305,
        55.67131
       ],
       [
        12.55374,
        55.67134
       ],
       [
        12.55406,
        55.67001
       ],
       [
        12.55386,
        55.67
       ],
       [
        12.55217,
        55.66993
       ],
       [
        12.5521,
        55.67041
       ]
      ]
     ]
    ]
   }
  },
  {
   "type": "Feature",
   "properties": {
    "klima_id": "NO21",
    "projekt_navn": "De Indre Søer",
    "typologi": "bassin",
    "vandopland": "Nørrebro",
    "forventet_ibrugtagning": "2023"
   },
   "geometry": {
    "type": "MultiPolygon",
    "coordinates": [
     [
      [
       [
        12.58007,
        55.68969
       ],
       [
        12.58007,
        55.6897
       ],
       [
        12.58009,
        55.68971
       ],
       [
        12.5801,
        55.68971
       ],
       [
        12.58011,
        55.68972
       ],
       [
        12.58011,
        55.68973
       ],
       [
        12.58011,
        55.68974
       ],
       [
        12.58012,
        55.68975
       ],
       [
        12.58012,
        55.68976
       ],
       [
        12.58013,
        55.68977
       ],
       [
        12.58013,
        55.68978
       ],
       [
        12.58013,
        55.68979
       ],
       [
        12.58013,
        55.6898
       ],
       [
        12.58013,
        55.68981
       ],
       [
        12.58014,
        55.68982
       ],
       [
        12.58014,
        55.68983
       ],
       [
        12.58014,
        55.68984
       ],
       [
        12.58014,
        55.68985
       ],
       [
        12.58014,
        55.68986
       ],
       [
        12.58014,
        55.68987
       ],
       [
        12.58014,
        55.68988
       ],
       [
        12.58014,
        55.68989
       ],
       [
        12.58014,
        55.6899
       ],
       [
        12.58014,
        55.68991
       ],
       [
        12.58014,
        55.68991
       ],
       [
        12.58014,
        55.68992
       ],
       [
        12.58013,
        55.68993
       ],
       [
        12.58013,
        55.68994
       ],
       [
        12.58013,
        55.68995
       ],
       [
        12.58013,
        55.68996
       ],
       [
        12.58013,
        55.68997
       ],
       [
        12.58013,
        55.68998
       ],
       [
        12.58013,
        55.68999
       ],
       [
        12.58012,
        55.69
       ],
       [
        12.58012,
        55.69001
       ],
       [
        12.58012,
        55.69002
       ],
       [
        12.58012,
        55.69003
       ],
       [
        12.58012,
        55.69004
       ],
       [
        12.58012,
        55.69005
       ],
       [
        12.58012,
        55.69006
       ],
       [
        12.58012,
        55.69007
       ],
       [
        12.58012,
        55.69008
       ],
       [
        12.58012,
        55.69009
       ],
       [
        12.58012,
        55.6901
       ],
       [
        12.58013,
        55.69011
       ],
       [
        12.58013,
        55.69012
       ],
       [
        12.58013,
        55.69013
       ],
       [
        12.58013,
        55.69014
       ],
       [
        12.58013,
        55.69015
       ],
       [
        12.58014,
        55.69015
       ],
       [
        12.58014,
        55.69016
       ],
       [
        12.58014,
        55.69017
       ],
       [
        12.58014,
        55.69018
       ],
       [
        12.58015,
        55.69019
       ],
       [
        12.58015,
        55.6902
       ],
       [
        12.58015,
        55.69021
       ],
       [
        12.58015,
        55.69022
       ],
       [
        12.58015,
        55.69023
       ],
       [
        12.58015,
        55.69024
       ],
       [
        12.58015,
        55.69025
       ],
       [
        12.58016,
        55.69026
       ],
       [
        12.58016,
        55.69027
       ],
       [
        12.58017,
        55.69028
       ],
       [
        12.58018,
        55.69029
       ],
       [
        12.58019,
        55.69029
       ],
       [
        12.5802,
        55.6903
       ],
       [
        12.5802,
        55.69031
       ],
       [
        12.58021,
        55.69032
       ],
       [
        12.58021,
        55.69033
       ],
       [
        12.58021,
        55.69034
       ],
       [
        12.58022,
        55.69035
       ],
       [
        12.58022,
        55.69036
       ],
       [
        12.58022,
        55.69037
       ],
       [
        12.58023,
        55.69038
       ],
       [
        12.58023,
        55.69039
       ],
       [
        12.58024,
        55.6904
       ],
       [
        12.58024,
        55.69041
       ],
       [
        12.58024,
        55.69042
       ],
       [
        12.58024,
        55.69043
       ],
       [
        12.58024,
        55.69044
       ],
       [
        12.58025,
        55.69044
       ],
       [
        12.58026,
        55.69045
       ],
       [
        12.58028,
        55.69046
       ],
       [
        12.58029,
        55.69046
       ],
       [
        12.58031,
        55.69046
       ],
       [
        12.58032,
        55.69047
       ],
       [
        12.58034,
        55.69047
       ],
       [
        12.58035,
        55.69048
       ],
       [
        12.58037,
        55.69048
       ],
       [
        12.58038,
        55.69049
       ],
       [
        12.58039,
        55.6905
       ],
       [
        12.58039,
        55.69051
       ],
       [
        12.58039,
        55.69052
       ],
       [
        12.58039,
        55.69053
       ],
       [
        12.5804,
        55.69054
       ],
       [
        12.5804,
        55.69055
       ],
       [
        12.5804,
        55.69056
       ],
       [
        12.58041,
        55.69056
       ],
       [
        12.58041,
        55.69057
       ],
       [
        12.58041,
        55.69058
       ],
       [
        12.58042,
        55.69059
       ],
       [
        12.58049,
        55.69076
       ],
       [
        12.58048,
        55.69077
       ],
       [
        12.58048,
        55.69079
       ],
       [
        12.58048,
        55.6908
       ],
       [
        12.58048,
        55.69081
       ],
       [
        12.58049,
        55.69082
       ],
       [
        12.58049,
        55.69084
       ],
       [
        12.5805,
        55.69085
       ],
       [
        12.58051,
        55.69086
       ],
       [
        12.58051,
        55.69087
       ],
       [
        12.58052,
        55.69089
       ],
       [
        12.58053,
        55.6909
       ],
       [
        12.58053,
        55.69091
       ],
       [
        12.58054,
        55.69092
       ],
       [
        12.58055,
        55.69094
       ],
       [
        12.58055,
        55.69095
       ],
       [
        12.58056,
        55.69096
       ],
       [
        12.58057,
        55.69097
       ],
       [
        12.58057,
        55.69098
       ],
       [
        12.58058,
        55.691
       ],
       [
        12.58057,
        55.69101
       ],
       [
        12.58057,
        55.69102
       ],
       [
        12.58058,
        55.69104
       ],
       [
        12.58059,
        55.69105
       ],
       [
        12.58061,
        55.69105
       ],
       [
        12.58063,
        55.69106
       ],
       [
        12.58065,
        55.69107
       ],
       [
        12.58067,
        55.69107
       ],
       [
        12.58069,
        55.69108
       ],
       [
        12.58072,
        55.69108
       ],
       [
        12.58074,
        55.69108
       ],
       [
        12.58076,
        55.69109
       ],
       [
        12.58078,
        55.6911
       ],
       [
        12.58079,
        55.6911
       ],
       [
        12.58081,
        55.69111
       ],
       [
        12.58083,
        55.69112
       ],
       [
        12.58085,
        55.69113
       ],
       [
        12.58087,
        55.69114
       ],
       [
        12.58089,
        55.69114
       ],
       [
        12.58091,
        55.69115
       ],
       [
        12.58093,
        55.69115
       ],
       [
        12.58095,
        55.69115
       ],
       [
        12.58097,
        55.69116
       ],
       [
        12.581,
        55.69116
       ],
       [
        12.58102,
        55.69116
       ],
       [
        12.58104,
        55.69116
       ],
       [
        12.58106,
        55.69116
       ],
       [
        12.58109,
        55.69116
       ],
       [
        12.58111,
        55.69115
       ],
       [
        12.58113,
        55.69115
       ],
       [
        12.58116,
        55.69115
       ],
       [
        12.58118,
        55.69115
       ],
       [
        12.5812,
        55.69115
       ],
       [
        12.58122,
        55.69115
       ],
       [
        12.58125,
        55.69114
       ],
       [
        12.58127,
        55.69114
       ],
       [
        12.58129,
        55.69114
       ],
       [
        12.58131,
        55.69114
       ],
       [
        12.58134,
        55.69114
       ],
       [
        12.58136,
        55.69114
       ],
       [
        12.58138,
        55.69114
       ],
       [
        12.5814,
        55.69114
       ],
       [
        12.58143,
        55.69114
       ],
       [
        12.58145,
        55.69114
       ],
       [
        12.58147,
        55.69114
       ],
       [
        12.5815,
        55.69114
       ],
       [
        12.58152,
        55.69114
       ],
       [
        12.58154,
        55.69114
       ],
       [
        12.58156,
        55.69115
       ],
       [
        12.58158,
        55.69115
       ],
       [
        12.5816,
        55.69116
       ],
       [
        12.58162,
        55.69117
       ],
       [
        12.58164,
        55.69117
       ],
       [
        12.58166,
        55.69117
       ],
       [
        12.58169,
        55.69117
       ],
       [
        12.58171,
        55.69117
       ],
       [
        12.58173,
        55.69117
       ],
       [
        12.58175,
        55.69117
       ],
       [
        12.58178,
        55.69117
       ],
       [
        12.5818,
        55.69117
       ],
       [
        12.58182,
        55.69117
       ],
       [
        12.58184,
        55.69116
       ],
       [
        12.58187,
        55.69116
       ],
       [
        12.58189,
        55.69116
       ],
       [
        12.58191,
        55.69116
       ],
       [
        12.58194,
        55.69116
       ],
       [
        12.58196,
        55.69116
       ],
       [
        12.58198,
        55.69116
       ],
       [
        12.582,
        55.69116
       ],
       [
        12.58203,
        55.69115
       ],
       [
        12.58205,
        55.69115
       ],
       [
        12.58207,
        55.69115
       ],
       [
        12.58209,
        55.69115
       ],
       [
        12.58212,
        55.69115
       ],
       [
        12.58214,
        55.69115
       ],
       [
        12.58216,
        55.69114
       ],
       [
        12.58218,
        55.69114
       ],
       [
        12.58221,
        55.69114
       ],
       [
        12.58223,
        55.69114
       ],
       [
        12.58225,
        55.69114
       ],
       [
        12.58227,
        55.69113
       ],
       [
        12.58229,
        55.69113
       ],
       [
        12.58232,
        55.69113
       ],
       [
        12.58234,
        55.69113
       ],
       [
        12.58236,
        55.69112
       ],
       [
        12.58238,
        55.69112
       ],
       [
        12.5824,
        55.69111
       ],
       [
        12.58243,
        55.69111
       ],
       [
        12.58245,
        55.69111
       ],
       [
        12.58247,
        55.69111
       ],
       [
        12.58249,
        55.69111
       ],
       [
        12.58252,
        55.69111
       ],
       [
        12.58254,
        55.6911
       ],
       [
        12.58256,
        55.6911
       ],
       [
        12.58258,
        55.6911
       ],
       [
        12.58261,
        55.6911
       ],
       [
        12.58263,
        55.6911
       ],
       [
        12.58265,
        55.69109
       ],
       [
        12.58267,
        55.69109
       ],
       [
        12.58269,
        55.69108
       ],
       [
        12.58271,
        55.69108
       ],
       [
        12.58273,
        55.69107
       ],
       [
        12.58275,
        55.69106
       ],
       [
        12.58277,
        55.69105
       ],
       [
        12.58278,
        55.69104
       ],
       [
        12.5828,
        55.69103
       ],
       [
        12.58281,
        55.69103
       ],
       [
        12.58283,
        55.69102
       ],
       [
        12.58284,
        55.691
       ],
       [
        12.58326,
        55.69097
       ],
       [
        12.58327,
        55.69097
       ],
       [
        12.58329,
        55.69098
       ],
       [
        12.58331,
        55.69098
       ],
       [
        12.58332,
        55.69098
       ],
       [
        12.58334,
        55.69098
       ],
       [
        12.58336,
        55.69097
       ],
       [
        12.58337,
        55.69096
       ],
       [
        12.58338,
        55.69096
       ],
       [
        12.5834,
        55.69095
       ],
       [
        12.58341,
        55.69094
       ],
       [
        12.58342,
        55.69093
       ],
       [
        12.58343,
        55.69092
       ],
       [
        12.58344,
        55.69092
       ],
       [
        12.58345,
        55.69091
       ],
       [
        12.58346,
        55.6909
       ],
       [
        12.58347,
        55.69089
       ],
       [
        12.58348,
        55.69088
       ],
       [
        12.58349,
        55.69088
       ],
       [
        12.5835,
        55.69087
       ],
       [
        12.58351,
        55.69086
       ],
       [
        12.58353,
        55.69085
       ],
       [
        12.58354,
        55.69084
       ],
       [
        12.58355,
        55.69083
       ],
       [
        12.58355,
        55.69082
       ],
       [
        12.58354,
        55.69081
       ],
       [
        12.58354,
        55.6908
       ],
       [
        12.58353,
        55.6908
       ],
       [
        12.58352,
        55.69079
       ],
       [
        12.58351,
        55.69078
       ],
       [
        12.5835,
        55.69077
       ],
       [
        12.58349,
        55.69076
       ],
       [
        12.58348,
        55.69075
       ],
       [
        12.58347,
        55.69074
       ],
       [
        12.58346,
        55.69073
       ],
       [
        12.58345,
        55.69072
       ],
       [
        12.58344,
        55.69072
       ],
       [
        12.58343,
        55.69071
       ],
       [
        12.58341,
        55.6907
       ],
       [
        12.5834,
        55.6907
       ],
       [
        12.58338,
        55.69069
       ],
       [
        12.58337,
        55.69069
       ],
       [
        12.58335,
        55.69068
       ],
       [
        12.58333,
        55.69068
       ],
       [
        12.58332,
        55.69067
       ],
       [
        12.5833,
        55.69067
       ],
       [
        12.58329,
        55.69066
       ],
       [
        12.58327,
        55.69066
       ],
       [
        12.58325,
        55.69066
       ],
       [
        12.58323,
        55.69065
       ],
       [
        12.58322,
        55.69065
       ],
       [
        12.5832,
        55.69065
       ],
       [
        12.58318,
        55.69065
       ],
       [
        12.58316,
        55.69065
       ],
       [
        12.58314,
        55.69064
       ],
       [
        12.58313,
        55.69064
       ],
       [
        12.58311,
        55.69064
       ],
       [
        12.58309,
        55.69064
       ],
       [
        12.58307,
        55.69064
       ],
       [
        12.58305,
        55.69064
       ],
       [
        12.58304,
        55.69064
       ],
       [
        12.58302,
        55.69064
       ],
       [
        12.583,
        55.69065
       ],
       [
        12.58298,
        55.69065
       ],
       [
        12.58296,
        55.69065
       ],
       [
        12.58177,
        55.69079
       ],
       [
        12.58175,
        55.6908
       ],
       [
        12.58173,
        55.6908
       ],
       [
        12.58171,
        55.6908
       ],
       [
        12.58169,
        55.69081
       ],
       [
        12.58166,
        55.69081
       ],
       [
        12.58164,
        55.69082
       ],
       [
        12.58162,
        55.69082
       ],
       [
        12.5816,
        55.69082
       ],
       [
        12.58158,
        55.69083
       ],
       [
        12.58156,
        55.69083
       ],
       [
        12.58154,
        55.69083
       ],
       [
        12.58152,
        55.69084
       ],
       [
        12.58149,
        55.69084
       ],
       [
        12.58147,
        55.69084
       ],
       [
        12.58145,
        55.69084
       ],
       [
        12.58143,
        55.69085
       ],
       [
        12.58141,
        55.69085
       ],
       [
        12.58139,
        55.69085
       ],
       [
        12.58137,
        55.69085
       ],
       [
        12.58134,
        55.69085
       ],
       [
        12.58132,
        55.69085
       ],
       [
        12.5813,
        55.69085
       ],
       [
        12.58128,
        55.69085
       ],
       [
        12.58126,
        55.69085
       ],
       [
        12.58123,
        55.69085
       ],
       [
        12.58121,
        55.69085
       ],
       [
        12.58119,
        55.69085
       ],
       [
        12.58117,
        55.69085
       ],
       [
        12.58115,
        55.69085
       ],
       [
        12.58112,
        55.69085
       ],
       [
        12.5811,
        55.69085
       ],
       [
        12.58108,
        55.69084
       ],
       [
        12.58106,
        55.69083
       ],
       [
        12.58105,
        55.69082
       ],
       [
        12.58104,
        55.69081
       ],
       [
        12.58103,
        55.6908
       ],
       [
        12.58103,
        55.69079
       ],
       [
        12.58102,
        55.69078
       ],
       [
        12.58101,
        55.69076
       ],
       [
        12.58101,
        55.69075
       ],
       [
        12.581,
        55.69074
       ],
       [
        12.58099,
        55.69073
       ],
       [
        12.58098,
        55.69072
       ],
       [
        12.58097,
        55.69071
       ],
       [
        12.58096,
        55.6907
       ],
       [
        12.58096,
        55.69068
       ],
       [
        12.58095,
        55.69067
       ],
       [
        12.58094,
        55.69066
       ],
       [
        12.58093,
        55.69065
       ],
       [
        12.58092,
        55.69064
       ],
       [
        12.58091,
        55.69063
       ],
       [
        12.58091,
        55.69062
       ],
       [
        12.58091,
        55.6906
       ],
       [
        12.58091,
        55.69059
       ],
       [
        12.58092,
        55.69058
       ],
       [
        12.58092,
        55.69057
       ],
       [
        12.58093,
        55.69055
       ],
       [
        12.58093,
        55.69054
       ],
       [
        12.58093,
        55.69053
       ],
       [
        12.58093,
        55.69052
       ],
       [
        12.58093,
        55.6905
       ],
       [
        12.58093,
        55.69049
       ],
       [
        12.58093,
        55.69048
       ],
       [
        12.58093,
        55.69047
       ],
       [
        12.58073,
        55.68966
       ],
       [
        12.58071,
        55.68965
       ],
       [
        12.5807,
        55.68963
       ],
       [
        12.58067,
        55.68962
       ],
       [
        12.58065,
        55.6896
       ],
       [
        12.58063,
        55.68959
       ],
       [
        12.58061,
        55.68958
       ],
       [
        12.58058,
        55.68956
       ],
       [
        12.58056,
        55.68955
       ],
       [
        12.58054,
        55.68954
       ],
       [
        12.58051,
        55.68952
       ],
       [
        12.58049,
        55.68951
       ],
       [
        12.58046,
        55.6895
       ],
       [
        12.58044,
        55.68949
       ],
       [
        12.5804,
        55.68948
       ],
       [
        12.58037,
        55.68948
       ],
       [
        12.58034,
        55.68948
       ],
       [
        12.58032,
        55.68949
       ],
       [
        12.58031,
        55.68949
       ],
       [
        12.58029,
        55.6895
       ],
       [
        12.58028,
        55.6895
       ],
       [
        12.58026,
        55.6895
       ],
       [
        12.58024,
        55.68951
       ],
       [
        12.58023,
        55.68951
       ],
       [
        12.58022,
        55.68952
       ],
       [
        12.58021,
        55.68953
       ],
       [
        12.5802,
        55.68954
       ],
       [
        12.5802,
        55.68955
       ],
       [
        12.58019,
        55.68956
       ],
       [
        12.58017,
        55.68956
       ],
       [
        12.58016,
        55.68957
       ],
       [
        12.58015,
        55.68958
       ],
       [
        12.58013,
        55.68958
       ],
       [
        12.58012,
        55.68959
       ],
       [
        12.58012,
        55.6896
       ],
       [
        12.58011,
        55.68961
       ],
       [
        12.5801,
        55.68962
       ],
       [
        12.5801,
        55.68963
       ],
       [
        12.5801,
        55.68964
       ],
       [
        12.58009,
        55.68964
       ],
       [
        12.58009,
        55.68965
       ],
       [
        12.58008,
        55.68966
       ],
       [
        12.58008,
        55.68967
       ],
       [
        12.58008,
        55.68968
       ],
       [
        12.58007,
        55.68969
       ]
      ]
     ]
    ]
   }
  },
  {
   "type": "Feature",
   "properties": {
    "klima_id": "KV96",
    "projekt_navn": "Damhusengens skole",
    "typologi": "bassin",
    "vandopland": "København Vest",
    "forventet_ibrugtagning": "Ukendt"
   },
   "geometry": {
    "type": "MultiPolygon",
    "coordinates": [
     [
      [
       [
        12.47965,
        55.68555
       ],
       [
        12.47981,
        55.6856
       ],
       [
        12.47971,
        55.68576
       ],
       [
        12.4796,
        55.68596
       ],
       [
        12.47954,
        55.68608
       ],
       [
        12.47945,
        55.68626
       ],
       [
        12.4794,
        55.6864
       ],
       [
        12.47939,
        55.68643
       ],
       [
        12.47936,
        55.68648
       ],
       [
        12.48222,
        55.68696
       ],
       [
        12.48256,
        55.68607
       ],
       [
        12.4825,
        55.68606
       ],
       [
        12.48208,
        55.68602
       ],
       [
        12.48201,
        55.68601
       ],
       [
        12.48171,
        55.68596
       ],
       [
        12.48181,
        55.68565
       ],
       [
        12.4821,
        55.68478
       ],
       [
        12.48188,
        55.68476
       ],
       [
        12.48159,
        55.68472
       ],
       [
        12.48142,
        55.68471
       ],
       [
        12.48118,
        55.68469
       ],
       [
        12.48107,
        55.68469
       ],
       [
        12.48084,
        55.68468
       ],
       [
        12.48061,
        55.68468
       ],
       [
        12.48057,
        55.68468
       ],
       [
        12.48031,
        55.68468
       ],
       [
        12.48031,
        55.68468
       ],
       [
        12.48025,
        55.68468
       ],
       [
        12.47998,
        55.6847
       ],
       [
        12.47997,
        55.6847
       ],
       [
        12.47976,
        55.68472
       ],
       [
        12.4797,
        55.68475
       ],
       [
        12.47941,
        55.68545
       ],
       [
        12.47944,
        55.68549
       ],
       [
        12.47965,
        55.68555
       ]
      ]
     ]
    ]
   }
  },
  {
   "type": "Feature",
   "properties": {
    "klima_id": "KV43",
    "projekt_navn": "Tryggevældevej",
    "typologi": "Forsinkelsesplads",
    "vandopland": "København Vest",
    "forventet_ibrugtagning": "2026"
   },
   "geometry": {
    "type": "MultiPolygon",
    "coordinates": [
     [
      [
       [
        12.48598,
        55.69252
       ],
       [
        12.48757,
        55.6929
       ],
       [
        12.48759,
        55.69277
       ],
       [
        12.48759,
        55.69275
       ],
       [
        12.48598,
        55.69241
       ],
       [
        12.48598,
        55.69252
       ]
      ]
     ]
    ]
   }
  },
  {
   "type": "Feature",
   "properties": {
    "klima_id": "KV44",
    "projekt_navn": "Bellahøjvej",
    "typologi": "Forsinkelsesplads",
    "vandopland": "København Vest",
    "forventet_ibrugtagning": "2026"
   },
   "geometry": {
    "type": "MultiPolygon",
    "coordinates": [
     [
      [
       [
        12.49486,
        55.69443
       ],
       [
        12.49491,
        55.69428
       ],
       [
        12.49434,
        55.69417
       ],
       [
        12.49413,
        55.69425
       ],
       [
        12.49486,
        55.69443
       ]
      ]
     ]
    ]
   }
  },
  {
   "type": "Feature",
   "properties": {
    "klima_id": "KV69",
    "projekt_navn": "Vestre Kirkegård",
    "typologi": "Forsinkelsesplads",
    "vandopland": "København Vest",
    "forventet_ibrugtagning": "2023"
   },
   "geometry": {
    "type": "MultiPolygon",
    "coordinates": [
     [
      [
       [
        12.52928,
        55.65361
       ],
       [
        12.52928,
        55.65367
       ],
       [
        12.52928,
        55.65371
       ],
       [
        12.5293,
        55.65374
       ],
       [
        12.52931,
        55.65376
       ],
       [
        12.52933,
        55.65377
       ],
       [
        12.52936,
        55.65378
       ],
       [
        12.52945,
        55.6538
       ],
       [
        12.52948,
        55.6538
       ],
       [
        12.52959,
        55.6538
       ],
       [
        12.5297,
        55.6538
       ],
       [
        12.52983,
        55.65379
       ],
       [
        12.52995,
        55.65379
       ],
       [
        12.53013,
        55.6538
       ],
       [
        12.53025,
        55.65382
       ],
       [
        12.53037,
        55.65384
       ],
       [
        12.53047,
        55.65387
       ],
       [
        12.53053,
        55.65388
       ],
       [
        12.53063,
        55.6539
       ],
       [
        12.53071,
        55.65391
       ],
       [
        12.5308,
        55.65393
       ],
       [
        12.5309,
        55.65392
       ],
       [
        12.53094,
        55.65391
       ],
       [
        12.531,
        55.65388
       ],
       [
        12.53105,
        55.65384
       ],
       [
        12.53106,
        55.65381
       ],
       [
        12.53107,
        55.65378
       ],
       [
        12.53108,
        55.65374
       ],
       [
        12.53108,
        55.65372
       ],
       [
        12.53113,
        55.65364
       ],
       [
        12.53115,
        55.65353
       ],
       [
        12.53117,
        55.65345
       ],
       [
        12.53118,
        55.65337
       ],
       [
        12.5312,
        55.65327
       ],
       [
        12.53122,
        55.65314
       ],
       [
        12.53122,
        55.65303
       ],
       [
        12.5312,
        55.65293
       ],
       [
        12.53118,
        55.65288
       ],
       [
        12.53117,
        55.65285
       ],
       [
        12.53114,
        55.65284
       ],
       [
        12.53108,
        55.65282
       ],
       [
        12.53103,
        55.65282
       ],
       [
        12.53098,
        55.65281
       ],
       [
        12.53093,
        55.6528
       ],
       [
        12.53084,
        55.65278
       ],
       [
        12.53078,
        55.65276
       ],
       [
        12.53071,
        55.65275
       ],
       [
        12.53066,
        55.65273
       ],
       [
        12.53062,
        55.65272
       ],
       [
        12.53059,
        55.65272
       ],
       [
        12.53055,
        55.65273
       ],
       [
        12.53053,
        55.65273
       ],
       [
        12.53052,
        55.65275
       ],
       [
        12.53051,
        55.65278
       ],
       [
        12.53051,
        55.6528
       ],
       [
        12.53052,
        55.65284
       ],
       [
        12.53052,
        55.65287
       ],
       [
        12.53051,
        55.65293
       ],
       [
        12.53049,
        55.653
       ],
       [
        12.53048,
        55.65305
       ],
       [
        12.53048,
        55.6531
       ],
       [
        12.53047,
        55.65316
       ],
       [
        12.53045,
        55.65321
       ],
       [
        12.53043,
        55.65327
       ],
       [
        12.53042,
        55.65332
       ],
       [
        12.53042,
        55.65334
       ],
       [
        12.5304,
        55.65338
       ],
       [
        12.5304,
        55.65342
       ],
       [
        12.53037,
        55.65347
       ],
       [
        12.53035,
        55.6535
       ],
       [
        12.53023,
        55.65352
       ],
       [
        12.53019,
        55.65352
       ],
       [
        12.5301,
        55.6535
       ],
       [
        12.53002,
        55.65348
       ],
       [
        12.52994,
        55.65346
       ],
       [
        12.52983,
        55.65346
       ],
       [
        12.52972,
        55.65346
       ],
       [
        12.52959,
        55.65345
       ],
       [
        12.52947,
        55.65345
       ],
       [
        12.52939,
        55.65344
       ],
       [
        12.52932,
        55.65345
       ],
       [
        12.52929,
        55.65346
       ],
       [
        12.52929,
        55.65356
       ],
       [
        12.52928,
        55.65361
       ]
      ]
     ]
    ]
   }
  },
  {
   "type": "Feature",
   "properties": {
    "klima_id": "OS42",
    "projekt_navn": "Rensning Kildevældssøen",
    "typologi": "Rensning",
    "vandopland": "Østerbro",
    "forventet_ibrugtagning": "2022"
   },
   "geometry": {
    "type": "MultiPolygon",
    "coordinates": [
     [
      [
       [
        12.5658,
        55.7145
       ],
       [
        12.56577,
        55.71463
       ],
       [
        12.5658,
        55.71472
       ],
       [
        12.56595,
        55.71484
       ],
       [
        12.56611,
        55.71491
       ],
       [
        12.56645,
        55.715
       ],
       [
        12.5669,
        55.71507
       ],
       [
        12.56711,
        55.71511
       ],
       [
        12.56725,
        55.71514
       ],
       [
        12.56741,
        55.7152
       ],
       [
        12.56752,
        55.71525
       ],
       [
        12.56758,
        55.71529
       ],
       [
        12.56767,
        55.71531
       ],
       [
        12.56776,
        55.7153
       ],
       [
        12.56792,
        55.71528
       ],
       [
        12.56812,
        55.71516
       ],
       [
        12.56842,
        55.71492
       ],
       [
        12.56846,
        55.71484
       ],
       [
        12.56842,
        55.71472
       ],
       [
        12.56834,
        55.71465
       ],
       [
        12.5682,
        55.71458
       ],
       [
        12.56798,
        55.71451
       ],
       [
        12.56789,
        55.71446
       ],
       [
        12.56764,
        55.71443
       ],
       [
        12.56694,
        55.71438
       ],
       [
        12.5668,
        55.71435
       ],
       [
        12.56648,
        55.71423
       ],
       [
        12.56631,
        55.71421
       ],
       [
        12.56614,
        55.71422
       ],
       [
        12.566,
        55.71426
       ],
       [
        12.56592,
        55.71433
       ],
       [
        12.56592,
        55.71433
       ],
       [
        12.5658,
        55.7145
       ]
      ]
     ]
    ]
   }
  },
  {
   "type": "Feature",
   "properties": {
    "klima_id": "VEL26",
    "projekt_navn": "Hans Tavsens Park",
    "typologi": "Forsinkelsesplads",
    "vandopland": "Vesterbro-ladegaardså",
    "forventet_ibrugtagning": "2025"
   },
   "geometry": {
    "type": "MultiPolygon",
    "coordinates": [
     [
      [
       [
        12.54725,
        55.68971
       ],
       [
        12.55025,
        55.68857
       ],
       [
        12.54992,
        55.68826
       ],
       [
        12.54965,
        55.68803
       ],
       [
        12.54945,
        55.68809
       ],
       [
        12.54941,
        55.68803
       ],
       [
        12.54647,
        55.68911
       ],
       [
        12.54725,
        55.68971
       ]
      ]
     ]
    ]
   }
  },
  {
   "type": "Feature",
   "properties": {
    "klima_id": "BIR10.3",
    "projekt_navn": "Lundehus Skole",
    "typologi": "Forsinkelsesplads",
    "vandopland": "Bispebjerg",
    "forventet_ibrugtagning": "2023"
   },
   "geometry": {
    "type": "MultiPolygon",
    "coordinates": [
     [
      [
       [
        12.54699,
        55.71686
       ],
       [
        12.54642,
        55.71666
       ],
       [
        12.546,
        55.71656
       ],
       [
        12.54571,
        55.71662
       ],
       [
        12.54569,
        55.71673
       ],
       [
        12.54578,
        55.71685
       ],
       [
        12.54601,
        55.71697
       ],
       [
        12.54632,
        55.71705
       ],
       [
        12.54663,
        55.71709
       ],
       [
        12.54693,
        55.7171
       ],
       [
        12.54717,
        55.71701
       ],
       [
        12.54699,
        55.71686
       ]
      ]
     ]
    ]
   }
  },
  {
   "type": "Feature",
   "properties": {
    "klima_id": "KV83",
    "projekt_navn": "Krogbjergparken syd",
    "typologi": "Forsinkelsesplads",
    "vandopland": "København Vest",
    "forventet_ibrugtagning": "2033"
   },
   "geometry": {
    "type": "MultiPolygon",
    "coordinates": [
     [
      [
       [
        12.46362,
        55.69735
       ],
       [
        12.46358,
        55.6974
       ],
       [
        12.46366,
        55.69772
       ],
       [
        12.46374,
        55.69794
       ],
       [
        12.46387,
        55.69814
       ],
       [
        12.46398,
        55.69854
       ],
       [
        12.46407,
        55.69888
       ],
       [
        12.46412,
        55.69917
       ],
       [
        12.46406,
        55.69944
       ],
       [
        12.46397,
        55.69968
       ],
       [
        12.4639,
        55.69998
       ],
       [
        12.4639,
        55.70025
       ],
       [
        12.46367,
        55.70085
       ],
       [
        12.46402,
        55.70083
       ],
       [
        12.46437,
        55.70075
       ],
       [
        12.46519,
        55.70057
       ],
       [
        12.46524,
        55.70045
       ],
       [
        12.46534,
        55.70004
       ],
       [
        12.46542,
        55.69968
       ],
       [
        12.46547,
        55.69928
       ],
       [
        12.46549,
        55.69893
       ],
       [
        12.46549,
        55.69875
       ],
       [
        12.46545,
        55.69853
       ],
       [
        12.46539,
        55.69831
       ],
       [
        12.46532,
        55.69801
       ],
       [
        12.46527,
        55.69773
       ],
       [
        12.46506,
        55.69763
       ],
       [
        12.4649,
        55.69757
       ],
       [
        12.46465,
        55.69752
       ],
       [
        12.46433,
        55.69747
       ],
       [
        12.46394,
        55.69739
       ],
       [
        12.46362,
        55.69735
       ]
      ]
     ]
    ]
   }
  },
  {
   "type": "Feature",
   "properties": {
    "klima_id": "BIR10.3",
    "projekt_navn": "Lundehus Skole",
    "typologi": "Forsinkelsesplads",
    "vandopland": "Bispebjerg",
    "forventet_ibrugtagning": "2023"
   },
   "geometry": {
    "type": "MultiPolygon",
    "coordinates": [
     [
      [
       [
        12.54873,
        55.71723
       ],
       [
        12.54777,
        55.71732
       ],
       [
        12.54762,
        55.71748
       ],
       [
        12.54769,
        55.71757
       ],
       [
        12.54793,
        55.71756
       ],
       [
        12.54842,
        55.71749
       ],
       [
        12.54864,
        55.7175
       ],
       [
        12.54888,
        55.71744
       ],
       [
        12.54901,
        55.71736
       ],
       [
        12.54898,
        55.71727
       ],
       [
        12.54886,
        55.71723
       ],
       [
        12.54873,
        55.71723
       ]
      ]
     ]
    ]
   }
  },
  {
   "type": "Feature",
   "properties": {
    "klima_id": "KV23",
    "projekt_navn": "Damhussøen",
    "typologi": "Forsinkelsesplads",
    "vandopland": "København Vest",
    "forventet_ibrugtagning": "2033"
   },
   "geometry": {
    "type": "MultiPolygon",
    "coordinates": [
     [
      [
       [
        12.48569,
        55.67755
       ],
       [
        12.48647,
        55.67707
       ],
       [
        12.48585,
        55.67684
       ],
       [
        12.48431,
        55.6759
       ],
       [
        12.48416,
        55.67507
       ],
       [
        12.48382,
        55.67399
       ],
       [
        12.48371,
        55.67387
       ],
       [
        12.48326,
        55.67364
       ],
       [
        12.48253,
        55.67343
       ],
       [
        12.48219,
        55.67322
       ],
       [
        12.48184,
        55.67304
       ],
       [
        12.4809,
        55.67285
       ],
       [
        12.47612,
        55.67293
       ],
       [
        12.47529,
        55.67309
       ],
       [
        12.47493,
        55.67316
       ],
       [
        12.47431,
        55.67353
       ],
       [
        12.47409,
        55.67396
       ],
       [
        12.47474,
        55.67389
       ],
       [
        12.4752,
        55.67372
       ],
       [
        12.47586,
        55.67364
       ],
       [
        12.47644,
        55.67356
       ],
       [
        12.47709,
        55.67344
       ],
       [
        12.47786,
        55.67341
       ],
       [
        12.47876,
        55.67342
       ],
       [
        12.47947,
        55.6735
       ],
       [
        12.48008,
        55.67354
       ],
       [
        12.48088,
        55.67365
       ],
       [
        12.48171,
        55.67377
       ],
       [
        12.48249,
        55.67397
       ],
       [
        12.48297,
        55.67414
       ],
       [
        12.48322,
        55.67422
       ],
       [
        12.48334,
        55.67444
       ],
       [
        12.4836,
        55.67559
       ],
       [
        12.48357,
        55.67585
       ],
       [
        12.48375,
        55.67604
       ],
       [
        12.48408,
        55.67622
       ],
       [
        12.48563,
        55.67709
       ],
       [
        12.48538,
        55.67727
       ],
       [
        12.48569,
        55.67755
       ]
      ]
     ]
    ]
   }
  },
  {
   "type": "Feature",
   "properties": {
    "klima_id": "BIR7.10&18.1",
    "projekt_navn": "Bispebjerg Parkallé",
    "typologi": "Forsinkelsesplads",
    "vandopland": "Bispebjerg",
    "forventet_ibrugtagning": "2032"
   },
   "geometry": {
    "type": "MultiPolygon",
    "coordinates": [
     [
      [
       [
        12.53373,
        55.7177
       ],
       [
        12.53384,
        55.71804
       ],
       [
        12.53404,
        55.71814
       ],
       [
        12.53409,
        55.71821
       ],
       [
        12.53462,
        55.71992
       ],
       [
        12.53487,
        55.71994
       ],
       [
        12.5343,
        55.71817
       ],
       [
        12.53437,
        55.71806
       ],
       [
        12.53445,
        55.71795
       ],
       [
        12.53433,
        55.71757
       ],
       [
        12.53373,
        55.7177
       ]
      ]
     ]
    ]
   }
  },
  {
   "type": "Feature",
   "properties": {
    "klima_id": "BIR13.1",
    "projekt_navn": "Brønshøj Skole",
    "typologi": "Forsinkelsesplads",
    "vandopland": "Bispebjerg",
    "forventet_ibrugtagning": "2037"
   },
   "geometry": {
    "type": "MultiPolygon",
    "coordinates": [
     [
      [
       [
        12.49507,
        55.70337
       ],
       [
        12.49506,
        55.70373
       ],
       [
        12.49514,
        55.70372
       ],
       [
        12.49518,
        55.70365
       ],
       [
        12.49557,
        55.70363
       ],
       [
        12.49582,
        55.70366
       ],
       [
        12.49614,
        55.70367
       ],
       [
        12.49629,
        55.70368
       ],
       [
        12.49632,
        55.70327
       ],
       [
        12.49557,
        55.70327
       ],
       [
        12.49558,
        55.70336
       ],
       [
        12.49507,
        55.70337
       ]
      ]
     ]
    ]
   }
  },
  {
   "type": "Feature",
   "properties": {
    "klima_id": "VEL36",
    "projekt_navn": "Ågadeparken",
    "typologi": "Forsinkelsesplads",
    "vandopland": "Vesterbro-ladegaardså",
    "forventet_ibrugtagning": "2031"
   },
   "geometry": {
    "type": "MultiPolygon",
    "coordinates": [
     [
      [
       [
        12.53704,
        55.69053
       ],
       [
        12.53779,
        55.69012
       ],
       [
        12.53971,
        55.68909
       ],
       [
        12.54011,
        55.68863
       ],
       [
        12.5399,
        55.68874
       ],
       [
        12.5382,
        55.68961
       ],
       [
        12.53777,
        55.68974
       ],
       [
        12.53704,
        55.69053
       ]
      ]
     ]
    ]
   }
  },
  {
   "type": "Feature",
   "properties": {
    "klima_id": "Frederiksberg",
    "typologi": "Forsinkelsesplads"
   },
   "geometry": {
    "type": "MultiPolygon",
    "coordinates": [
     [
      [
       [
        12.52829,
        55.67889
       ],
       [
        12.53013,
        55.67869
       ],
       [
        12.52991,
        55.67811
       ],
       [
        12.5281,
        55.67841
       ],
       [
        12.52829,
        55.67889
       ]
      ]
     ]
    ]
   }
  },
  {
   "type": "Feature",
   "properties": {
    "klima_id": "OS14",
    "projekt_navn": "Reersøgade m.fl. ",
    "typologi": "Skybrudsbassin",
    "vandopland": "Østerbro",
    "forventet_ibrugtagning": "2024"
   },
   "geometry": {
    "type": "MultiPolygon",
    "coordinates": [
     [
      [
       [
        12.57473,
        55.71052
       ],
       [
        12.57473,
        55.71046
       ],
       [
        12.57522,
        55.71046
       ],
       [
        12.57522,
        55.71057
       ],
       [
        12.57522,
        55.71057
       ],
       [
        12.57521,
        55.71058
       ],
       [
        12.57521,
        55.71058
       ],
       [
        12.5752,
        55.71058
       ],
       [
        12.57519,
        55.71059
       ],
       [
        12.57518,
        55.71059
       ],
       [
        12.57518,
        55.71059
       ],
       [
        12.57516,
        55.71059
       ],
       [
        12.57515,
        55.71059
       ],
       [
        12.57487,
        55.71054
       ],
       [
        12.57473,
        55.71052
       ]
      ]
     ]
    ]
   }
  },
  {
   "type": "Feature",
   "properties": {
    "klima_id": "NO17",
    "projekt_navn": "Sjællandsgade",
    "typologi": "Forsinkelsesplads",
    "vandopland": "Nørrebro",
    "forventet_ibrugtagning": "2027"
   },
   "geometry": {
    "type": "MultiPolygon",
    "coordinates": [
     [
      [
       [
        12.55497,
        55.69503
       ],
       [
        12.55411,
        55.69469
       ],
       [
        12.55423,
        55.69453
       ],
       [
        12.55505,
        55.69489
       ],
       [
        12.55505,
        55.69489
       ],
       [
        12.55497,
        55.69503
       ]
      ]
     ]
    ]
   }
  },
  {
   "type": "Feature",
   "properties": {
    "klima_id": "BIR15.1",
    "projekt_navn": "Svenskelejren",
    "typologi": "Forsinkelsesplads",
    "vandopland": "Bispebjerg",
    "forventet_ibrugtagning": "2034"
   },
   "geometry": {
    "type": "MultiPolygon",
    "coordinates": [
     [
      [
       [
        12.50723,
        55.70568
       ],
       [
        12.50728,
        55.70608
       ],
       [
        12.50855,
        55.70628
       ],
       [
        12.50865,
        55.70587
       ],
       [
        12.50858,
        55.70586
       ],
       [
        12.50723,
        55.70568
       ]
      ]
     ]
    ]
   }
  },
  {
   "type": "Feature",
   "properties": {
    "klima_id": "OS14",
    "projekt_navn": "Reersøgade m.fl. ",
    "typologi": "Skybrudsbassin",
    "vandopland": "Østerbro",
    "forventet_ibrugtagning": "2024"
   },
   "geometry": {
    "type": "MultiPolygon",
    "coordinates": [
     [
      [
       [
        12.57376,
        55.71098
       ],
       [
        12.57384,
        55.71081
       ],
       [
        12.57414,
        55.71081
       ],
       [
        12.57415,
        55.7109
       ],
       [
        12.57408,
        55.71104
       ],
       [
        12.57407,
        55.71105
       ],
       [
        12.57406,
        55.71106
       ],
       [
        12.57403,
        55.71107
       ],
       [
        12.57402,
        55.71107
       ],
       [
        12.574,
        55.71108
       ],
       [
        12.57398,
        55.71108
       ],
       [
        12.57397,
        55.71108
       ],
       [
        12.5738,
        55.71104
       ],
       [
        12.57378,
        55.71103
       ],
       [
        12.57377,
        55.71102
       ],
       [
        12.57376,
        55.71102
       ],
       [
        12.57376,
        55.71098
       ]
      ]
     ]
    ]
   }
  },
  {
   "type": "Feature",
   "properties": {
    "klima_id": "OS16",
    "projekt_navn": "Jagtvej",
    "typologi": "skybrudsbassin",
    "vandopland": "Østerbro",
    "forventet_ibrugtagning": "2027"
   },
   "geometry": {
    "type": "MultiPolygon",
    "coordinates": [
     [
      [
       [
        12.57015,
        55.70779
       ],
       [
        12.5702,
        55.70772
       ],
       [
        12.56791,
        55.7073
       ],
       [
        12.56787,
        55.70737
       ],
       [
        12.57015,
        55.70779
       ]
      ]
     ]
    ]
   }
  },
  {
   "type": "Feature",
   "properties": {
    "klima_id": "VEL4",
    "projekt_navn": "Enghave Plads",
    "typologi": "Forsinkelsesplads",
    "vandopland": "Vesterbro-ladegaardså",
    "forventet_ibrugtagning": "2029"
   },
   "geometry": {
    "type": "MultiPolygon",
    "coordinates": [
     [
      [
       [
        12.54442,
        55.66747
       ],
       [
        12.5457,
        55.66732
       ],
       [
        12.54575,
        55.66714
       ],
       [
        12.5458,
        55.66697
       ],
       [
        12.54362,
        55.66606
       ],
       [
        12.54442,
        55.66747
       ]
      ]
     ]
    ]
   }
  },
  {
   "type": "Feature",
   "properties": {
    "klima_id": "BIR5.3",
    "projekt_navn": "Smedetoften m.fl.",
    "vandopland": "Bispebjerg",
    "forventet_ibrugtagning": "2025"
   },
   "geometry": {
    "type": "MultiPolygon",
    "coordinates": [
     [
      [
       [
        12.51897,
        55.70867
       ],
       [
        12.5192,
        55.70867
       ],
       [
        12.51921,
        55.70899
       ],
       [
        12.51898,
        55.709
       ],
       [
        12.51897,
        55.70867
       ]
      ]
     ]
    ]
   }
  },
  {
   "type": "Feature",
   "properties": {
    "klima_id": "Frederiksberg",
    "typologi": "Forsinkelsesplads"
   },
   "geometry": {
    "type": "MultiPolygon",
    "coordinates": [
     [
      [
       [
        12.54072,
        55.68013
       ],
       [
        12.54126,
        55.68005
       ],
       [
        12.54099,
        55.67946
       ],
       [
        12.54041,
        55.6795
       ],
       [
        12.54072,
        55.68013
       ]
      ]
     ]
    ]
   }
  },
  {
   "type": "Feature",
   "properties": {
    "klima_id": "Frederiksberg",
    "typologi": "Forsinkelsesplads"
   },
   "geometry": {
    "type": "MultiPolygon",
    "coordinates": [
     [
      [
       [
        12.55362,
        55.67553
       ],
       [
        12.55293,
        55.67461
       ],
       [
        12.55255,
        55.6747
       ],
       [
        12.5533,
        55.67574
       ],
       [
        12.55362,
        55.67553
       ]
      ]
     ]
    ]
   }
  },
  {
   "type": "Feature",
   "properties": {
    "klima_id": "AM30",
    "projekt_navn": "Brigadevej",
    "typologi": "Forsinkelsesplads",
    "vandopland": "Amager",
    "forventet_ibrugtagning": "2028"
   },
   "geometry": {
    "type": "MultiPolygon",
    "coordinates": [
     [
      [
       [
        12.59635,
        55.66384
       ],
       [
        12.5966,
        55.66346
       ],
       [
        12.5961,
        55.66334
       ],
       [
        12.59582,
        55.66372
       ],
       [
        12.59635,
        55.66384
       ]
      ]
     ]
    ]
   }
  },
  {
   "type": "Feature",
   "properties": {
    "klima_id": "BIR5.3",
    "projekt_navn": "Smedetoften m.fl.",
    "vandopland": "Bispebjerg",
    "forventet_ibrugtagning": "2025"
   },
   "geometry": {
    "type": "MultiPolygon",
    "coordinates": [
     [
      [
       [
        12.52003,
        55.70821
       ],
       [
        12.52025,
        55.70808
       ],
       [
        12.52026,
        55.70843
       ],
       [
        12.52002,
        55.70844
       ],
       [
        12.52003,
        55.70821
       ]
      ]
     ]
    ]
   }
  },
  {
   "type": "Feature",
   "properties": {
    "klima_id": "Frederiksberg",
    "typologi": "Forsinkelsesplads"
   },
   "geometry": {
    "type": "MultiPolygon",
    "coordinates": [
     [
      [
       [
        12.52771,
        55.67897
       ],
       [
        12.52811,
        55.67893
       ],
       [
        12.52794,
        55.67842
       ],
       [
        12.52757,
        55.67848
       ],
       [
        12.52771,
        55.67897
       ]
      ]
     ]
    ]
   }
  },
  {
   "type": "Feature",
   "properties": {
    "klima_id": "Frederiksberg",
    "typologi": "Forsinkelsesplads"
   },
   "geometry": {
    "type": "MultiPolygon",
    "coordinates": [
     [
      [
       [
        12.53235,
        55.67838
       ],
       [
        12.53311,
        55.67827
       ],
       [
        12.53297,
        55.67781
       ],
       [
        12.53218,
        55.67792
       ],
       [
        12.53235,
        55.67838
       ]
      ]
     ]
    ]
   }
  },
  {
   "type": "Feature",
   "properties": {
    "klima_id": "Frederiksberg",
    "typologi": "Forsinkelsesplads"
   },
   "geometry": {
    "type": "MultiPolygon",
    "coordinates": [
     [
      [
       [
        12.53254,
        55.67768
       ],
       [
        12.53297,
        55.67763
       ],
       [
        12.53276,
        55.67677
       ],
       [
        12.53228,
        55.67682
       ],
       [
        12.53254,
        55.67768
       ]
      ]
     ]
    ]
   }
  },
  {
   "type": "Feature",
   "properties": {
    "klima_id": "Frederiksberg",
    "typologi": "Forsinkelsesplads"
   },
   "geometry": {
    "type": "MultiPolygon",
    "coordinates": [
     [
      [
       [
        12.54645,
        55.6735
       ],
       [
        12.54655,
        55.67356
       ],
       [
        12.54676,
        55.67363
       ],
       [
        12.54695,
        55.67365
       ],
       [
        12.54709,
        55.67363
       ],
       [
        12.54722,
        55.67362
       ],
       [
        12.54739,
        55.67355
       ],
       [
        12.54753,
        55.67345
       ],
       [
        12.54758,
        55.67333
       ],
       [
        12.54759,
        55.67322
       ],
       [
        12.54749,
        55.67309
       ],
       [
        12.54732,
        55.67298
       ],
       [
        12.54714,
        55.67294
       ],
       [
        12.54701,
        55.67293
       ],
       [
        12.54687,
        55.67293
       ],
       [
        12.54662,
        55.67298
       ],
       [
        12.54647,
        55.67306
       ],
       [
        12.54638,
        55.67315
       ],
       [
        12.54633,
        55.67327
       ],
       [
        12.54635,
        55.67337
       ],
       [
        12.54641,
        55.67345
       ],
       [
        12.54645,
        55.6735
       ]
      ]
     ]
    ]
   }
  },
  {
   "type": "Feature",
   "properties": {
    "klima_id": "Frederiksberg",
    "typologi": "Forsinkelsesplads"
   },
   "geometry": {
    "type": "MultiPolygon",
    "coordinates": [
     [
      [
       [
        12.54276,
        55.68682
       ],
       [
        12.54294,
        55.68693
       ],
       [
        12.54434,
        55.68643
       ],
       [
        12.54473,
        55.68621
       ],
       [
        12.54512,
        55.68599
       ],
       [
        12.54507,
        55.68561
       ],
       [
        12.5448,
        55.68567
       ],
       [
        12.54421,
        55.6858
       ],
       [
        12.54435,
        55.68608
       ],
       [
        12.54263,
        55.68642
       ],
       [
        12.54276,
        55.68682
       ]
      ]
     ]
    ]
   }
  },
  {
   "type": "Feature",
   "properties": {
    "klima_id": "BIR5.3",
    "projekt_navn": "Smedetoften m.fl.",
    "vandopland": "Bispebjerg",
    "forventet_ibrugtagning": "2025"
   },
   "geometry": {
    "type": "MultiPolygon",
    "coordinates": [
     [
      [
       [
        12.51843,
        55.70842
       ],
       [
        12.51869,
        55.70842
       ],
       [
        12.51869,
        55.7087
       ],
       [
        12.51843,
        55.7087
       ],
       [
        12.51843,
        55.70842
       ]
      ]
     ]
    ]
   }
  },
  {
   "type": "Feature",
   "properties": {
    "klima_id": "BIR6.2",
    "projekt_navn": "Bispeparken Syd",
    "typologi": "Forsinkelsesplads",
    "vandopland": "Bispebjerg",
    "forventet_ibrugtagning": "2023"
   },
   "geometry": {
    "type": "MultiPolygon",
    "coordinates": [
     [
      [
       [
        12.53411,
        55.71033
       ],
       [
        12.53404,
        55.71036
       ],
       [
        12.53396,
        55.71038
       ],
       [
        12.53388,
        55.71044
       ],
       [
        12.53382,
        55.71049
       ],
       [
        12.5338,
        55.71054
       ],
       [
        12.53385,
        55.71058
       ],
       [
        12.53389,
        55.71064
       ],
       [
        12.53385,
        55.71067
       ],
       [
        12.53387,
        55.7107
       ],
       [
        12.53392,
        55.71072
       ],
       [
        12.534,
        55.71073
       ],
       [
        12.53411,
        55.71072
       ],
       [
        12.53419,
        55.7107
       ],
       [
        12.53425,
        55.71066
       ],
       [
        12.53427,
        55.71061
       ],
       [
        12.53428,
        55.71051
       ],
       [
        12.53433,
        55.71045
       ],
       [
        12.5344,
        55.71042
       ],
       [
        12.53442,
        55.71039
       ],
       [
        12.53439,
        55.71035
       ],
       [
        12.53428,
        55.71031
       ],
       [
        12.53411,
        55.71033
       ]
      ]
     ]
    ]
   }
  },
  {
   "type": "Feature",
   "properties": {
    "klima_id": "Frederiksberg",
    "typologi": "Forsinkelsesplads"
   },
   "geometry": {
    "type": "MultiPolygon",
    "coordinates": [
     [
      [
       [
        12.53195,
        55.68486
       ],
       [
        12.53323,
        55.68659
       ],
       [
        12.5343,
        55.68631
       ],
       [
        12.53288,
        55.68465
       ],
       [
        12.53195,
        55.68486
       ]
      ]
     ]
    ]
   }
  },
  {
   "type": "Feature",
   "properties": {
    "klima_id": "Frederiksberg",
    "typologi": "Forsinkelsesplads"
   },
   "geometry": {
    "type": "MultiPolygon",
    "coordinates": [
     [
      [
       [
        12.49808,
        55.68122
       ],
       [
        12.50015,
        55.68118
       ],
       [
        12.50013,
        55.68057
       ],
       [
        12.49801,
        55.68062
       ],
       [
        12.49808,
        55.68122
       ]
      ]
     ]
    ]
   }
  },
  {
   "type": "Feature",
   "properties": {
    "klima_id": "Frederiksberg",
    "typologi": "Forsinkelsesplads"
   },
   "geometry": {
    "type": "MultiPolygon",
    "coordinates": [
     [
      [
       [
        12.54374,
        55.68415
       ],
       [
        12.5442,
        55.68402
       ],
       [
        12.54218,
        55.68179
       ],
       [
        12.54104,
        55.68209
       ],
       [
        12.54211,
        55.68259
       ],
       [
        12.54374,
        55.68415
       ]
      ]
     ]
    ]
   }
  },
  {
   "type": "Feature",
   "properties": {
    "klima_id": "Frederiksberg",
    "typologi": "Forsinkelsesplads"
   },
   "geometry": {
    "type": "MultiPolygon",
    "coordinates": [
     [
      [
       [
        12.53329,
        55.69491
       ],
       [
        12.53306,
        55.69471
       ],
       [
        12.53289,
        55.69449
       ],
       [
        12.5319,
        55.69476
       ],
       [
        12.53163,
        55.69461
       ],
       [
        12.53089,
        55.69489
       ],
       [
        12.53113,
        55.69509
       ],
       [
        12.53184,
        55.69489
       ],
       [
        12.53205,
        55.69525
       ],
       [
        12.53329,
        55.69491
       ]
      ]
     ]
    ]
   }
  },
  {
   "type": "Feature",
   "properties": {
    "klima_id": "VEL17",
    "projekt_navn": "Sankt Jørgens Sø",
    "typologi": "Forsinkelsesplads",
    "vandopland": "Vesterbro-ladegaardså",
    "forventet_ibrugtagning": "2035"
   },
   "geometry": {
    "type": "MultiPolygon",
    "coordinates": [
     [
      [
       [
        12.556,
        55.6768
       ],
       [
        12.55617,
        55.67677
       ],
       [
        12.55566,
        55.67479
       ],
       [
        12.55537,
        55.67493
       ],
       [
        12.55531,
        55.67521
       ],
       [
        12.5553,
        55.67547
       ],
       [
        12.55512,
        55.67555
       ],
       [
        12.55489,
        55.6758
       ],
       [
        12.55502,
        55.67616
       ],
       [
        12.55519,
        55.67615
       ],
       [
        12.55524,
        55.67634
       ],
       [
        12.55537,
        55.67643
       ],
       [
        12.55544,
        55.67659
       ],
       [
        12.55574,
        55.67661
       ],
       [
        12.55579,
        55.67682
       ],
       [
        12.556,
        55.6768
       ]
      ]
     ]
    ]
   }
  },
  {
   "type": "Feature",
   "properties": {
    "klima_id": "BIR5.5",
    "projekt_navn": "Fuglekvarteret Vest",
    "typologi": "Forsinkelsesplads",
    "vandopland": "Bispebjerg",
    "forventet_ibrugtagning": "2028"
   },
   "geometry": {
    "type": "MultiPolygon",
    "coordinates": [
     [
      [
       [
        12.5245,
        55.70398
       ],
       [
        12.52466,
        55.70403
       ],
       [
        12.52475,
        55.704
       ],
       [
        12.52483,
        55.70393
       ],
       [
        12.52481,
        55.7038
       ],
       [
        12.52464,
        55.70377
       ],
       [
        12.52446,
        55.70377
       ],
       [
        12.5244,
        55.70385
       ],
       [
        12.52438,
        55.70391
       ],
       [
        12.5245,
        55.70398
       ]
      ]
     ]
    ]
   }
  },
  {
   "type": "Feature",
   "properties": {
    "klima_id": "VEL14",
    "projekt_navn": "Vesterbros Torv",
    "typologi": "Forsinkelsesplads",
    "vandopland": "Vesterbro-ladegaardså",
    "forventet_ibrugtagning": "2029"
   },
   "geometry": {
    "type": "MultiPolygon",
    "coordinates": [
     [
      [
       [
        12.55467,
        55.67231
       ],
       [
        12.55496,
        55.67227
       ],
       [
        12.55548,
        55.6722
       ],
       [
        12.55556,
        55.67219
       ],
       [
        12.55566,
        55.67209
       ],
       [
        12.55482,
        55.67183
       ],
       [
        12.55467,
        55.67231
       ]
      ]
     ]
    ]
   }
  },
  {
   "type": "Feature",
   "properties": {
    "klima_id": "Frederiksberg",
    "typologi": "Forsinkelsesplads"
   },
   "geometry": {
    "type": "MultiPolygon",
    "coordinates": [
     [
      [
       [
        12.50731,
        55.66955
       ],
       [
        12.50749,
        55.6697
       ],
       [
        12.50761,
        55.66992
       ],
       [
        12.50763,
        55.67031
       ],
       [
        12.51079,
        55.6703
       ],
       [
        12.5108,
        55.67111
       ],
       [
        12.51142,
        55.67102
       ],
       [
        12.5113,
        55.67066
       ],
       [
        12.51115,
        55.67009
       ],
       [
        12.51119,
        55.66983
       ],
       [
        12.50731,
        55.66955
       ]
      ]
     ]
    ]
   }
  },
  {
   "type": "Feature",
   "properties": {
    "klima_id": "Frederiksberg",
    "typologi": "Forsinkelsesplads"
   },
   "geometry": {
    "type": "MultiPolygon",
    "coordinates": [
     [
      [
       [
        12.51839,
        55.67185
       ],
       [
        12.51895,
        55.67183
       ],
       [
        12.51789,
        55.66981
       ],
       [
        12.52343,
        55.66732
       ],
       [
        12.52377,
        55.66699
       ],
       [
        12.53029,
        55.66843
       ],
       [
        12.53024,
        55.66779
       ],
       [
        12.52348,
        55.6665
       ],
       [
        12.52294,
        55.66707
       ],
       [
        12.52282,
        55.66711
       ],
       [
        12.52054,
        55.66796
       ],
       [
        12.51725,
        55.66965
       ],
       [
        12.51763,
        55.67038
       ],
       [
        12.51839,
        55.67185
       ]
      ]
     ]
    ]
   }
  },
  {
   "type": "Feature",
   "properties": {
    "klima_id": "VEL37",
    "projekt_navn": "Bispeengbuen",
    "typologi": "Forsinkelsesplads",
    "vandopland": "Vesterbro-ladegaardså",
    "forventet_ibrugtagning": "2031"
   },
   "geometry": {
    "type": "MultiPolygon",
    "coordinates": [
     [
      [
       [
        12.53428,
        55.69496
       ],
       [
        12.53514,
        55.69446
       ],
       [
        12.53529,
        55.69411
       ],
       [
        12.53489,
        55.69431
       ],
       [
        12.53408,
        55.69472
       ],
       [
        12.53428,
        55.69496
       ]
      ]
     ]
    ]
   }
  },
  {
   "type": "Feature",
   "properties": {
    "klima_id": "BIR5.3",
    "projekt_navn": "Smedetoften m.fl.",
    "vandopland": "Bispebjerg",
    "forventet_ibrugtagning": "2025"
   },
   "geometry": {
    "type": "MultiPolygon",
    "coordinates": [
     [
      [
       [
        12.51974,
        55.70847
       ],
       [
        12.51972,
        55.70847
       ],
       [
        12.51969,
        55.70848
       ],
       [
        12.51968,
        55.7085
       ],
       [
        12.51966,
        55.70851
       ],
       [
        12.51964,
        55.70852
       ],
       [
        12.51961,
        55.70855
       ],
       [
        12.5196,
        55.70856
       ],
       [
        12.51959,
        55.70857
       ],
       [
        12.51957,
        55.70858
       ],
       [
        12.51954,
        55.70859
       ],
       [
        12.51951,
        55.7086
       ],
       [
        12.51948,
        55.7086
       ],
       [
        12.51948,
        55.70882
       ],
       [
        12.51959,
        55.70881
       ],
       [
        12.51959,
        55.70879
       ],
       [
        12.51974,
        55.70879
       ],
       [
        12.51975,
        55.7086
       ],
       [
        12.51974,
        55.70847
       ]
      ]
     ]
    ]
   }
  },
  {
   "type": "Feature",
   "properties": {
    "klima_id": "NO17",
    "projekt_navn": "Sjællandsgade",
    "typologi": "Forsinkelsesplads",
    "vandopland": "Nørrebro",
    "forventet_ibrugtagning": "2027"
   },
   "geometry": {
    "type": "MultiPolygon",
    "coordinates": [
     [
      [
       [
        12.55335,
        55.69454
       ],
       [
        12.55379,
        55.69466
       ],
       [
        12.55402,
        55.69441
       ],
       [
        12.55372,
        55.69423
       ],
       [
        12.55335,
        55.69454
       ]
      ]
     ]
    ]
   }
  },
  {
   "type": "Feature",
   "properties": {
    "klima_id": "BIR5.3",
    "projekt_navn": "Smedetoften m.fl.",
    "typologi": "Skybrudsbassin",
    "vandopland": "Bispebjerg",
    "forventet_ibrugtagning": "2025"
   },
   "geometry": {
    "type": "MultiPolygon",
    "coordinates": [
     [
      [
       [
        12.52078,
        55.70857
       ],
       [
        12.5206,
        55.70857
       ],
       [
        12.52059,
        55.70859
       ],
       [
        12.52053,
        55.70859
       ],
       [
        12.52053,
        55.70827
       ],
       [
        12.52062,
        55.70824
       ],
       [
        12.52068,
        55.7082
       ],
       [
        12.52073,
        55.70817
       ],
       [
        12.52075,
        55.70816
       ],
       [
        12.52078,
        55.70814
       ],
       [
        12.5208,
        55.70814
       ],
       [
        12.52081,
        55.70813
       ],
       [
        12.52079,
        55.70848
       ],
       [
        12.52078,
        55.70857
       ]
      ]
     ]
    ]
   }
  },
  {
   "type": "Feature",
   "properties": {
    "klima_id": "BIR5.5",
    "projekt_navn": "Fuglekvarteret Vest",
    "typologi": "Forsinkelsesplads",
    "vandopland": "Bispebjerg",
    "forventet_ibrugtagning": "2028"
   },
   "geometry": {
    "type": "MultiPolygon",
    "coordinates": [
     [
      [
       [
        12.52487,
        55.70331
       ],
       [
        12.52487,
        55.70315
       ],
       [
        12.52493,
        55.70315
       ],
       [
        12.52492,
        55.7032
       ],
       [
        12.52501,
        55.70325
       ],
       [
        12.52504,
        55.70326
       ],
       [
        12.52507,
        55.70327
       ],
       [
        12.52512,
        55.70328
       ],
       [
        12.52529,
        55.70327
       ],
       [
        12.52537,
        55.70324
       ],
       [
        12.5254,
        55.7032
       ],
       [
        12.52539,
        55.70316
       ],
       [
        12.52537,
        55.70312
       ],
       [
        12.52532,
        55.70309
       ],
       [
        12.52528,
        55.70307
       ],
       [
        12.5252,
        55.70306
       ],
       [
        12.52514,
        55.70305
       ],
       [
        12.52506,
        55.70306
       ],
       [
        12.52499,
        55.70307
       ],
       [
        12.52493,
        55.70311
       ],
       [
        12.52486,
        55.70311
       ],
       [
        12.52487,
        55.70299
       ],
       [
        12.52479,
        55.70299
       ],
       [
        12.52474,
        55.70304
       ],
       [
        12.5247,
        55.70316
       ],
       [
        12.52467,
        55.70332
       ],
       [
        12.52487,
        55.70331
       ]
      ]
     ]
    ]
   }
  },
  {
   "type": "Feature",
   "properties": {
    "klima_id": "KV67",
    "projekt_navn": "Sti bag Ottiliavej",
    "typologi": "Forsinkelsesplads",
    "vandopland": "København Vest",
    "forventet_ibrugtagning": "2034"
   },
   "geometry": {
    "type": "MultiPolygon",
    "coordinates": [
     [
      [
       [
        12.51791,
        55.65633
       ],
       [
        12.51791,
        55.65621
       ],
       [
        12.51781,
        55.65621
       ],
       [
        12.51782,
        55.65633
       ],
       [
        12.51791,
        55.65633
       ]
      ]
     ]
    ]
   }
  },
  {
   "type": "Feature",
   "properties": {
    "klima_id": "KV67",
    "projekt_navn": "Sti bag Ottiliavej",
    "typologi": "Forsinkelsesplads",
    "vandopland": "København Vest",
    "forventet_ibrugtagning": "2034"
   },
   "geometry": {
    "type": "MultiPolygon",
    "coordinates": [
     [
      [
       [
        12.51782,
        55.65454
       ],
       [
        12.51799,
        55.65455
       ],
       [
        12.518,
        55.65488
       ],
       [
        12.51781,
        55.65487
       ],
       [
        12.51782,
        55.65454
       ]
      ]
     ]
    ]
   }
  },
  {
   "type": "Feature",
   "properties": {
    "klima_id": "VEL21",
    "projekt_navn": "Regnvandspark i Peblinge Sø",
    "typologi": "Forsinkelsesplads",
    "vandopland": "Vesterbro-ladegaardså",
    "forventet_ibrugtagning": "2023"
   },
   "geometry": {
    "type": "MultiPolygon",
    "coordinates": [
     [
      [
       [
        12.55939,
        55.68389
       ],
       [
        12.56075,
        55.68529
       ],
       [
        12.56202,
        55.68496
       ],
       [
        12.56068,
        55.68353
       ],
       [
        12.55939,
        55.68389
       ]
      ]
     ]
    ]
   }
  },
  {
   "type": "Feature",
   "properties": {
    "klima_id": "AM50",
    "projekt_navn": "Grækenlandskvarteret",
    "typologi": "Forsinkelsesplads",
    "vandopland": "Amager",
    "forventet_ibrugtagning": "2023"
   },
   "geometry": {
    "type": "MultiPolygon",
    "coordinates": [
     [
      [
       [
        12.6224,
        55.64186
       ],
       [
        12.6235,
        55.64208
       ],
       [
        12.62362,
        55.6419
       ],
       [
        12.6225,
        55.6417
       ],
       [
        12.6224,
        55.64186
       ]
      ]
     ]
    ]
   }
  },
  {
   "type": "Feature",
   "properties": {
    "klima_id": "KV69",
    "projekt_navn": "Vestre Kirkegård",
    "typologi": "Forsinkelsesplads",
    "vandopland": "København Vest",
    "forventet_ibrugtagning": "2023"
   },
   "geometry": {
    "type": "MultiPolygon",
    "coordinates": [
     [
      [
       [
        12.52773,
        55.65278
       ],
       [
        12.52834,
        55.65284
       ],
       [
        12.52849,
        55.65237
       ],
       [
        12.52789,
        55.6523
       ],
       [
        12.52773,
        55.65278
       ]
      ]
     ]
    ]
   }
  },
  {
   "type": "Feature",
   "properties": {
    "klima_id": "KV91",
    "projekt_navn": "Valbygårdsvej",
    "typologi": "Forsinkelsesplads",
    "vandopland": "København Vest",
    "forventet_ibrugtagning": "2031"
   },
   "geometry": {
    "type": "MultiPolygon",
    "coordinates": [
     [
      [
       [
        12.52375,
        55.65723
       ],
       [
        12.52381,
        55.65686
       ],
       [
        12.52309,
        55.65682
       ],
       [
        12.52302,
        55.65718
       ],
       [
        12.52375,
        55.65722
       ],
       [
        12.52375,
        55.65722
       ],
       [
        12.52375,
        55.65723
       ]
      ]
     ]
    ]
   }
  },
  {
   "type": "Feature",
   "properties": {
    "klima_id": "KV69",
    "projekt_navn": "Vestre Kirkegård",
    "typologi": "Forsinkelsesplads",
    "vandopland": "København Vest",
    "forventet_ibrugtagning": "2023"
   },
   "geometry": {
    "type": "MultiPolygon",
    "coordinates": [
     [
      [
       [
        12.52866,
        55.65271
       ],
       [
        12.5291,
        55.65276
       ],
       [
        12.52918,
        55.65245
       ],
       [
        12.52876,
        55.65239
       ],
       [
        12.52866,
        55.65271
       ]
      ]
     ]
    ]
   }
  },
  {
   "type": "Feature",
   "properties": {
    "klima_id": "BIR7.1",
    "projekt_navn": "Lersøparken",
    "typologi": "Skybrudsbassin",
    "vandopland": "Bispebjerg",
    "forventet_ibrugtagning": "2025"
   },
   "geometry": {
    "type": "MultiPolygon",
    "coordinates": [
     [
      [
       [
        12.54397,
        55.70927
       ],
       [
        12.54406,
        55.70919
       ],
       [
        12.54417,
        55.70913
       ],
       [
        12.54422,
        55.70911
       ],
       [
        12.54426,
        55.70912
       ],
       [
        12.54431,
        55.70912
       ],
       [
        12.54435,
        55.70914
       ],
       [
        12.54439,
        55.70918
       ],
       [
        12.54445,
        55.70924
       ],
       [
        12.54489,
        55.70971
       ],
       [
        12.54524,
        55.71015
       ],
       [
        12.54529,
        55.7103
       ],
       [
        12.54531,
        55.7104
       ],
       [
        12.54532,
        55.71047
       ],
       [
        12.54531,
        55.71055
       ],
       [
        12.54523,
        55.7106
       ],
       [
        12.54515,
        55.71066
       ],
       [
        12.54506,
        55.71073
       ],
       [
        12.545,
        55.71083
       ],
       [
        12.54494,
        55.71088
       ],
       [
        12.54487,
        55.71098
       ],
       [
        12.54473,
        55.71108
       ],
       [
        12.54467,
        55.71111
       ],
       [
        12.54458,
        55.71111
       ],
       [
        12.54449,
        55.71112
       ],
       [
        12.54439,
        55.7111
       ],
       [
        12.54432,
        55.71109
       ],
       [
        12.54425,
        55.71105
       ],
       [
        12.54416,
        55.71098
       ],
       [
        12.5441,
        55.71092
       ],
       [
        12.54405,
        55.71087
       ],
       [
        12.54399,
        55.71079
       ],
       [
        12.54393,
        55.71071
       ],
       [
        12.54384,
        55.71063
       ],
       [
        12.54373,
        55.71051
       ],
       [
        12.54366,
        55.71043
       ],
       [
        12.54357,
        55.71037
       ],
       [
        12.5435,
        55.71032
       ],
       [
        12.54342,
        55.71025
       ],
       [
        12.54334,
        55.71022
       ],
       [
        12.54325,
        55.71018
       ],
       [
        12.54314,
        55.71012
       ],
       [
        12.54307,
        55.71008
       ],
       [
        12.54303,
        55.71005
       ],
       [
        12.543,
        55.71001
       ],
       [
        12.54299,
        55.70996
       ],
       [
        12.54299,
        55.70994
       ],
       [
        12.54299,
        55.70991
       ],
       [
        12.54301,
        55.70989
       ],
       [
        12.54311,
        55.70982
       ],
       [
        12.54333,
        55.70971
       ],
       [
        12.5437,
        55.70949
       ],
       [
        12.54397,
        55.70927
       ]
      ]
     ]
    ]
   }
  },
  {
   "type": "Feature",
   "properties": {
    "klima_id": "KV69",
    "projekt_navn": "Vestre Kirkegård",
    "typologi": "Forsinkelsesplads",
    "vandopland": "København Vest",
    "forventet_ibrugtagning": "2023"
   },
   "geometry": {
    "type": "MultiPolygon",
    "coordinates": [
     [
      [
       [
        12.53141,
        55.65962
       ],
       [
        12.53157,
        55.65925
       ],
       [
        12.53215,
        55.65933
       ],
       [
        12.53197,
        55.65969
       ],
       [
        12.53141,
        55.65962
       ],
       [
        12.53141,
        55.65962
       ],
       [
        12.53141,
        55.65962
       ]
      ]
     ]
    ]
   }
  },
  {
   "type": "Feature",
   "properties": {
    "klima_id": "BIR5.3",
    "projekt_navn": "Smedetoften m.fl.",
    "vandopland": "Bispebjerg",
    "forventet_ibrugtagning": "2025"
   },
   "geometry": {
    "type": "MultiPolygon",
    "coordinates": [
     [
      [
       [
        12.51897,
        55.70866
       ],
       [
        12.5192,
        55.70866
       ],
       [
        12.51919,
        55.70831
       ],
       [
        12.51897,
        55.70832
       ],
       [
        12.51897,
        55.70866
       ]
      ]
     ]
    ]
   }
  },
  {
   "type": "Feature",
   "properties": {
    "klima_id": "KV4",
    "projekt_navn": "Husum Vænge",
    "typologi": "Forsinkelsesplads",
    "vandopland": "København Vest",
    "forventet_ibrugtagning": "2020"
   },
   "geometry": {
    "type": "MultiPolygon",
    "coordinates": [
     [
      [
       [
        12.47403,
        55.7078
       ],
       [
        12.4748,
        55.708
       ],
       [
        12.4742,
        55.70626
       ],
       [
        12.47344,
        55.70635
       ],
       [
        12.47403,
        55.7078
       ]
      ]
     ]
    ]
   }
  },
  {
   "type": "Feature",
   "properties": {
    "klima_id": "KV2",
    "projekt_navn": "Bystævnet",
    "typologi": "Forsinkelsesplads",
    "vandopland": "København Vest",
    "forventet_ibrugtagning": "2037"
   },
   "geometry": {
    "type": "MultiPolygon",
    "coordinates": [
     [
      [
       [
        12.47601,
        55.71292
       ],
       [
        12.47504,
        55.71265
       ],
       [
        12.47524,
        55.71327
       ],
       [
        12.47543,
        55.71352
       ],
       [
        12.47599,
        55.71364
       ],
       [
        12.47601,
        55.71292
       ]
      ]
     ]
    ]
   }
  },
  {
   "type": "Feature",
   "properties": {
    "klima_id": "BIR4.1",
    "projekt_navn": "Bellahøjvej",
    "typologi": "Forsinkelsesplads",
    "vandopland": "Bispebjerg",
    "forventet_ibrugtagning": "2031"
   },
   "geometry": {
    "type": "MultiPolygon",
    "coordinates": [
     [
      [
       [
        12.51475,
        55.69945
       ],
       [
        12.51506,
        55.69936
       ],
       [
        12.51459,
        55.69893
       ],
       [
        12.5143,
        55.69904
       ],
       [
        12.51475,
        55.69945
       ]
      ]
     ]
    ]
   }
  },
  {
   "type": "Feature",
   "properties": {
    "klima_id": "KV67",
    "projekt_navn": "Sti bag Ottiliavej",
    "typologi": "Forsinkelsesplads",
    "vandopland": "København Vest",
    "forventet_ibrugtagning": "2034"
   },
   "geometry": {
    "type": "MultiPolygon",
    "coordinates": [
     [
      [
       [
        12.5178,
        55.65743
       ],
       [
        12.51794,
        55.65743
       ],
       [
        12.51794,
        55.65718
       ],
       [
        12.5178,
        55.65718
       ],
       [
        12.5178,
        55.65743
       ]
      ]
     ]
    ]
   }
  },
  {
   "type": "Feature",
   "properties": {
    "klima_id": "KV32",
    "projekt_navn": "Gårdstedet",
    "vandopland": "København Vest",
    "forventet_ibrugtagning": "2024"
   },
   "geometry": {
    "type": "MultiPolygon",
    "coordinates": [
     [
      [
       [
        12.48734,
        55.65775
       ],
       [
        12.48785,
        55.65784
       ],
       [
        12.48803,
        55.65778
       ],
       [
        12.48733,
        55.65708
       ],
       [
        12.48711,
        55.65716
       ],
       [
        12.48697,
        55.65744
       ],
       [
        12.48747,
        55.65752
       ],
       [
        12.48734,
        55.65775
       ]
      ]
     ]
    ]
   }
  },
  {
   "type": "Feature",
   "properties": {
    "klima_id": "BIR13.3",
    "projekt_navn": "Brønshøj Gadekær",
    "typologi": "Forsinkelsesplads",
    "vandopland": "Bispebjerg",
    "forventet_ibrugtagning": "2037"
   },
   "geometry": {
    "type": "MultiPolygon",
    "coordinates": [
     [
      [
       [
        12.49841,
        55.70318
       ],
       [
        12.49869,
        55.70319
       ],
       [
        12.49895,
        55.70318
       ],
       [
        12.49909,
        55.70315
       ],
       [
        12.49913,
        55.7031
       ],
       [
        12.49907,
        55.70305
       ],
       [
        12.4989,
        55.70297
       ],
       [
        12.49884,
        55.70295
       ],
       [
        12.49868,
        55.70289
       ],
       [
        12.49848,
        55.70281
       ],
       [
        12.49826,
        55.70275
       ],
       [
        12.49813,
        55.70273
       ],
       [
        12.49804,
        55.70273
       ],
       [
        12.49798,
        55.70275
       ],
       [
        12.49795,
        55.70282
       ],
       [
        12.49794,
        55.70296
       ],
       [
        12.49795,
        55.70309
       ],
       [
        12.49797,
        55.70316
       ],
       [
        12.49805,
        55.70317
       ],
       [
        12.49813,
        55.70318
       ],
       [
        12.49841,
        55.70318
       ]
      ]
     ]
    ]
   }
  },
  {
   "type": "Feature",
   "properties": {
    "klima_id": "KV26B",
    "projekt_navn": "Vigerslevparken Midt",
    "typologi": "Forsinkelsesplads",
    "vandopland": "København Vest",
    "forventet_ibrugtagning": "2024"
   },
   "geometry": {
    "type": "MultiPolygon",
    "coordinates": [
     [
      [
       [
        12.47757,
        55.66051
       ],
       [
        12.47877,
        55.66063
       ],
       [
        12.47892,
        55.66307
       ],
       [
        12.47896,
        55.66383
       ],
       [
        12.47854,
        55.66403
       ],
       [
        12.47832,
        55.66379
       ],
       [
        12.47825,
        55.6637
       ],
       [
        12.47817,
        55.66354
       ],
       [
        12.47817,
        55.66325
       ],
       [
        12.4785,
        55.66325
       ],
       [
        12.47849,
        55.66309
       ],
       [
        12.47816,
        55.6631
       ],
       [
        12.47812,
        55.66264
       ],
       [
        12.47812,
        55.66232
       ],
       [
        12.47845,
        55.66238
       ],
       [
        12.47845,
        55.6622
       ],
       [
        12.47812,
        55.66215
       ],
       [
        12.47811,
        55.66197
       ],
       [
        12.4781,
        55.66179
       ],
       [
        12.47809,
        55.66166
       ],
       [
        12.47806,
        55.66152
       ],
       [
        12.47794,
        55.66132
       ],
       [
        12.47776,
        55.66097
       ],
       [
        12.47759,
        55.6606
       ],
       [
        12.47757,
        55.66051
       ]
      ]
     ]
    ]
   }
  },
  {
   "type": "Feature",
   "properties": {
    "klima_id": "AM21",
    "projekt_navn": "Remiseparken og ”Stierne” til Urbanplanen",
    "typologi": "Forsinkelsesplads",
    "vandopland": "Amager",
    "forventet_ibrugtagning": "2020"
   },
   "geometry": {
    "type": "MultiPolygon",
    "coordinates": [
     [
      [
       [
        12.59609,
        55.65251
       ],
       [
        12.59616,
        55.65251
       ],
       [
        12.59559,
        55.65104
       ],
       [
        12.5949,
        55.65112
       ],
       [
        12.5947,
        55.65115
       ],
       [
        12.59468,
        55.65112
       ],
       [
        12.59465,
        55.65109
       ],
       [
        12.59465,
        55.65106
       ],
       [
        12.59463,
        55.65103
       ],
       [
        12.59461,
        55.65097
       ],
       [
        12.59456,
        55.65095
       ],
       [
        12.59452,
        55.65093
       ],
       [
        12.59443,
        55.65094
       ],
       [
        12.5943,
        55.65098
       ],
       [
        12.59412,
        55.65107
       ],
       [
        12.59409,
        55.65109
       ],
       [
        12.59408,
        55.65111
       ],
       [
        12.59415,
        55.65125
       ],
       [
        12.59433,
        55.65124
       ],
       [
        12.59553,
        55.65109
       ],
       [
        12.59609,
        55.65251
       ]
      ]
     ],
     [
      [
       [
        12.59408,
        55.64909
       ],
       [
        12.59402,
        55.64892
       ],
       [
        12.59422,
        55.6489
       ],
       [
        12.59417,
        55.64877
       ],
       [
        12.59414,
        55.64869
       ],
       [
        12.59416,
        55.64869
       ],
       [
        12.59415,
        55.64866
       ],
       [
        12.59471,
        55.6486
       ],
       [
        12.59451,
        55.64798
       ],
       [
        12.59482,
        55.64794
       ],
       [
        12.59472,
        55.64756
       ],
       [
        12.59587,
        55.64743
       ],
       [
        12.59597,
        55.64764
       ],
       [
        12.59684,
        55.64754
       ],
       [
        12.59679,
        55.64736
       ],
       [
        12.59433,
        55.64726
       ],
       [
        12.59454,
        55.64787
       ],
       [
        12.59424,
        55.64791
       ],
       [
        12.59428,
        55.64803
       ],
       [
        12.59363,
        55.64809
       ],
       [
        12.59368,
        55.64826
       ],
       [
        12.59432,
        55.6482
       ],
       [
        12.59442,
        55.64849
       ],
       [
        12.59412,
        55.64854
       ],
       [
        12.59408,
        55.64867
       ],
       [
        12.59409,
        55.64869
       ],
       [
        12.59415,
        55.64883
       ],
       [
        12.59416,
        55.64887
       ],
       [
        12.59383,
        55.6489
       ],
       [
        12.59385,
        55.64894
       ],
       [
        12.59241,
        55.64912
       ],
       [
        12.59242,
        55.64925
       ],
       [
        12.59345,
        55.64912
       ],
       [
        12.59347,
        55.64917
       ],
       [
        12.59408,
        55.64909
       ]
      ]
     ]
    ]
   }
  }
 ]
}