{
 "type": "FeatureCollection",
 "features": [
  {
   "type": "Feature",
   "properties": {
    "id": 1,
    "opland": "København Vest og Frederiksberg Vest",
    "opland_kort_navn": "København Vest",
    "kontaktperson1_kk": "Jan Burgdorf Nielsen",
    "kontaktperson2_kk": "Rosalina Mathilde Wenningsted-Torgard"
   },
   "geometry": {
    "type": "MultiPolygon",
    "coordinates": [
     [
      [
       [
        12.47758,
        55.66052
       ],
       [
        12.47751,
        55.66033
       ],
       [
        12.4774,
        55.66002
       ],
       [
        12.47735,
        55.65954
       ],
       [
        12.47732,
        55.65919
       ],
       [
        12.47732,
        55.65895
       ],
       [
        12.47733,
        55.65872
       ],
       [
        12.47735,
        55.65852
       ],
       [
        12.47736,
        55.65844
       ],
       [
        12.47745,
        55.658
       ],
       [
        12.47752,
        55.65778
       ],
       [
        12.47772,
        55.65735
       ],
       [
        12.47781,
        55.65717
       ],
       [
        12.47782,
        55.65707
       ],
       [
        12.47789,
        55.65698
       ],
       [
        12.4779,
        55.65698
       ],
       [
        12.47803,
        55.65689
       ],
       [
        12.47818,
        55.6567
       ],
       [
        12.47842,
        55.65646
       ],
       [
        12.479,
        55.65598
       ],
       [
        12.479,
        55.65598
       ],
       [
        12.47949,
        55.65563
       ],
       [
        12.47988,
        55.65533
       ],
       [
        12.4802,
        55.65512
       ],
       [
        12.48084,
        55.65466
       ],
       [
        12.48127,
        55.65436
       ],
       [
        12.48155,
        55.65416
       ],
       [
        12.48162,
        55.65411
       ],
       [
        12.48174,
        55.6541
       ],
       [
        12.4822,
        55.65412
       ],
       [
        12.48235,
        55.6541
       ],
       [
        12.48246,
        55.65408
       ],
       [
        12.48283,
        55.65399
       ],
       [
        12.48308,
        55.6539
       ],
       [
        12.48354,
        55.65369
       ],
       [
        12.48378,
        55.65353
       ],
       [
        12.48385,
        55.65347
       ],
       [
        12.48398,
        55.65336
       ],
       [
        12.48418,
        55.65321
       ],
       [
        12.48438,
        55.65308
       ],
       [
        12.48439,
        55.65307
       ],
       [
        12.48459,
        55.65293
       ],
       [
        12.48515,
        55.65252
       ],
       [
        12.48552,
        55.65232
       ],
       [
        12.48587,
        55.65212
       ],
       [
        12.48606,
        55.65201
       ],
       [
        12.48628,
        55.65189
       ],
       [
        12.48648,
        55.65178
       ],
       [
        12.48681,
        55.65162
       ],
       [
        12.48706,
        55.65148
       ],
       [
        12.48721,
        55.65139
       ],
       [
        12.48733,
        55.65131
       ],
       [
        12.48746,
        55.6512
       ],
       [
        12.48757,
        55.65108
       ],
       [
        12.48768,
        55.65094
       ],
       [
        12.48777,
        55.65077
       ],
       [
        12.48787,
        55.65061
       ],
       [
        12.48797,
        55.65044
       ],
       [
        12.48807,
        55.65025
       ],
       [
        12.48813,
        55.65011
       ],
       [
        12.48818,
        55.64997
       ],
       [
        12.48826,
        55.64991
       ],
       [
        12.48836,
        55.64984
       ],
       [
        12.48842,
        55.64973
       ],
       [
        12.48842,
        55.64968
       ],
       [
        12.48846,
        55.64966
       ],
       [
        12.48865,
        55.64938
       ],
       [
        12.48855,
        55.64917
       ],
       [
        12.48876,
        55.64894
       ],
       [
        12.48887,
        55.64886
       ],
       [
        12.48916,
        55.64869
       ],
       [
        12.48925,
        55.64862
       ],
       [
        12.48934,
        55.64851
       ],
       [
        12.48948,
        55.64835
       ],
       [
        12.48958,
        55.64822
       ],
       [
        12.48967,
        55.64813
       ],
       [
        12.48986,
        55.64789
       ],
       [
        12.49006,
        55.64766
       ],
       [
        12.49013,
        55.64756
       ],
       [
        12.49016,
        55.64745
       ],
       [
        12.49018,
        55.6474
       ],
       [
        12.49022,
        55.64737
       ],
       [
        12.49027,
        55.64724
       ],
       [
        12.4903,
        55.64715
       ],
       [
        12.49031,
        55.64707
       ],
       [
        12.49031,
        55.64695
       ],
       [
        12.49038,
        55.64666
       ],
       [
        12.49041,
        55.64663
       ],
       [
        12.49044,
        55.64658
       ],
       [
        12.49048,
        55.64647
       ],
       [
        12.4906,
        55.6464
       ],
       [
        12.49074,
        55.64636
       ],
       [
        12.49122,
        55.64607
       ],
       [
        12.49224,
        55.64583
       ],
       [
        12.49288,
        55.64578
       ],
       [
        12.49411,
        55.6455
       ],
       [
        12.49431,
        55.64541
       ],
       [
        12.49467,
        55.64519
       ],
       [
        12.49496,
        55.64497
       ],
       [
        12.49509,
        55.64486
       ],
       [
        12.49557,
        55.64445
       ],
       [
        12.49677,
        55.64354
       ],
       [
        12.49695,
        55.64342
       ],
       [
        12.49711,
        55.64332
       ],
       [
        12.49722,
        55.64321
       ],
       [
        12.49725,
        55.64303
       ],
       [
        12.4974,
        55.64295
       ],
       [
        12.49779,
        55.64278
       ],
       [
        12.49822,
        55.64269
       ],
       [
        12.49865,
        55.64259
       ],
       [
        12.49874,
        55.64256
       ],
       [
        12.49919,
        55.64232
       ],
       [
        12.49943,
        55.6422
       ],
       [
        12.49969,
        55.64204
       ],
       [
        12.50002,
        55.64185
       ],
       [
        12.50012,
        55.6418
       ],
       [
        12.50031,
        55.6417
       ],
       [
        12.50061,
        55.64147
       ],
       [
        12.50075,
        55.64145
       ],
       [
        12.50087,
        55.64141
       ],
       [
        12.50097,
        55.64137
       ],
       [
        12.50106,
        55.64129
       ],
       [
        12.50118,
        55.64114
       ],
       [
        12.5015,
        55.64088
       ],
       [
        12.50167,
        55.64057
       ],
       [
        12.50178,
        55.64041
       ],
       [
        12.50181,
        55.64037
       ],
       [
        12.5018,
        55.64033
       ],
       [
        12.50178,
        55.64027
       ],
       [
        12.50177,
        55.64022
       ],
       [
        12.50206,
        55.63978
       ],
       [
        12.50217,
        55.6396
       ],
       [
        12.50234,
        55.63935
       ],
       [
        12.50245,
        55.63919
       ],
       [
        12.50258,
        55.63905
       ],
       [
        12.50299,
        55.63872
       ],
       [
        12.50346,
        55.63833
       ],
       [
        12.50401,
        55.63789
       ],
       [
        12.50449,
        55.6375
       ],
       [
        12.50541,
        55.63678
       ],
       [
        12.50646,
        55.63595
       ],
       [
        12.5066,
        55.63589
       ],
       [
        12.50664,
        55.63583
       ],
       [
        12.50659,
        55.63572
       ],
       [
        12.50666,
        55.63568
       ],
       [
        12.50676,
        55.63579
       ],
       [
        12.50676,
        55.63583
       ],
       [
        12.50665,
        55.63594
       ],
       [
        12.50697,
        55.636
       ],
       [
        12.50701,
        55.636
       ],
       [
        12.50885,
        55.6345
       ],
       [
        12.50923,
        55.63445
       ],
       [
        12.52,
        55.63733
       ],
       [
        12.52229,
        55.63745
       ],
       [
        12.52232,
        55.63735
       ],
       [
        12.5226,
        55.63702
       ],
       [
        12.52553,
        55.63733
       ],
       [
        12.52557,
        55.63732
       ],
       [
        12.52561,
        55.6373
       ],
       [
        12.52565,
        55.63728
       ],
       [
        12.52569,
        55.63727
       ],
       [
        12.52573,
        55.63725
       ],
       [
        12.52577,
        55.63723
       ],
       [
        12.52582,
        55.63722
       ],
       [
        12.52586,
        55.6372
       ],
       [
        12.5259,
        55.63719
       ],
       [
        12.52603,
        55.63714
       ],
       [
        12.52607,
        55.63713
       ],
       [
        12.52612,
        55.63712
       ],
       [
        12.52616,
        55.6371
       ],
       [
        12.5262,
        55.63708
       ],
       [
        12.52624,
        55.63706
       ],
       [
        12.52628,
        55.63704
       ],
       [
        12.52632,
        55.63703
       ],
       [
        12.52636,
        55.63701
       ],
       [
        12.52641,
        55.637
       ],
       [
        12.52646,
        55.63699
       ],
       [
        12.5265,
        55.63699
       ],
       [
        12.52655,
        55.63698
       ],
       [
        12.5266,
        55.63697
       ],
       [
        12.52665,
        55.63697
       ],
       [
        12.5267,
        55.63695
       ],
       [
        12.52735,
        55.63669
       ],
       [
        12.52739,
        55.63667
       ],
       [
        12.52743,
        55.63665
       ],
       [
        12.52748,
        55.63664
       ],
       [
        12.5276,
        55.63659
       ],
       [
        12.52773,
        55.63654
       ],
       [
        12.52777,
        55.63653
       ],
       [
        12.52782,
        55.63652
       ],
       [
        12.52787,
        55.63651
       ],
       [
        12.52792,
        55.63651
       ],
       [
        12.52797,
        55.63651
       ],
       [
        12.52802,
        55.63651
       ],
       [
        12.52807,
        55.63651
       ],
       [
        12.52812,
        55.63652
       ],
       [
        12.52817,
        55.63652
       ],
       [
        12.52822,
        55.63652
       ],
       [
        12.52827,
        55.63653
       ],
       [
        12.52832,
        55.63653
       ],
       [
        12.5319,
        55.63685
       ],
       [
        12.53179,
        55.63723
       ],
       [
        12.53159,
        55.63731
       ],
       [
        12.53143,
        55.63729
       ],
       [
        12.53139,
        55.63729
       ],
       [
        12.53136,
        55.63729
       ],
       [
        12.53132,
        55.63728
       ],
       [
        12.53128,
        55.63728
       ],
       [
        12.53125,
        55.63728
       ],
       [
        12.53121,
        55.63727
       ],
       [
        12.53118,
        55.63727
       ],
       [
        12.53114,
        55.63726
       ],
       [
        12.53111,
        55.63725
       ],
       [
        12.53107,
        55.63725
       ],
       [
        12.53104,
        55.63724
       ],
       [
        12.53093,
        55.63724
       ],
       [
        12.53085,
        55.63723
       ],
       [
        12.53075,
        55.63722
       ],
       [
        12.53067,
        55.63721
       ],
       [
        12.53064,
        55.63721
       ],
       [
        12.53057,
        55.63719
       ],
       [
        12.53053,
        55.63719
       ],
       [
        12.5305,
        55.63718
       ],
       [
        12.53046,
        55.63718
       ],
       [
        12.53039,
        55.63718
       ],
       [
        12.53035,
        55.63717
       ],
       [
        12.53031,
        55.63717
       ],
       [
        12.53028,
        55.63716
       ],
       [
        12.53024,
        55.63715
       ],
       [
        12.53021,
        55.63715
       ],
       [
        12.53018,
        55.63714
       ],
       [
        12.53014,
        55.63714
       ],
       [
        12.53007,
        55.63713
       ],
       [
        12.52985,
        55.63712
       ],
       [
        12.52981,
        55.63712
       ],
       [
        12.52977,
        55.63711
       ],
       [
        12.5297,
        55.6371
       ],
       [
        12.52967,
        55.6371
       ],
       [
        12.52963,
        55.63709
       ],
       [
        12.52959,
        55.63709
       ],
       [
        12.52956,
        55.63709
       ],
       [
        12.52948,
        55.63709
       ],
       [
        12.52945,
        55.63708
       ],
       [
        12.52941,
        55.63708
       ],
       [
        12.52937,
        55.63708
       ],
       [
        12.52934,
        55.63707
       ],
       [
        12.5293,
        55.63707
       ],
       [
        12.52923,
        55.63705
       ],
       [
        12.5292,
        55.63705
       ],
       [
        12.52916,
        55.63704
       ],
       [
        12.52909,
        55.63703
       ],
       [
        12.52902,
        55.63702
       ],
       [
        12.52898,
        55.63702
       ],
       [
        12.52895,
        55.63702
       ],
       [
        12.52891,
        55.63701
       ],
       [
        12.52887,
        55.63701
       ],
       [
        12.52884,
        55.63701
       ],
       [
        12.52876,
        55.637
       ],
       [
        12.52869,
        55.637
       ],
       [
        12.52865,
        55.637
       ],
       [
        12.52862,
        55.637
       ],
       [
        12.52858,
        55.637
       ],
       [
        12.52854,
        55.637
       ],
       [
        12.52851,
        55.63699
       ],
       [
        12.52845,
        55.63696
       ],
       [
        12.52841,
        55.63696
       ],
       [
        12.52838,
        55.63695
       ],
       [
        12.52834,
        55.63694
       ],
       [
        12.5283,
        55.63694
       ],
       [
        12.52827,
        55.63694
       ],
       [
        12.52823,
        55.63694
       ],
       [
        12.5282,
        55.63695
       ],
       [
        12.52817,
        55.63696
       ],
       [
        12.52813,
        55.63697
       ],
       [
        12.5281,
        55.63698
       ],
       [
        12.52807,
        55.63699
       ],
       [
        12.52803,
        55.63699
       ],
       [
        12.52799,
        55.63699
       ],
       [
        12.52795,
        55.63699
       ],
       [
        12.52792,
        55.63699
       ],
       [
        12.52788,
        55.63699
       ],
       [
        12.52785,
        55.637
       ],
       [
        12.52782,
        55.63702
       ],
       [
        12.52779,
        55.63702
       ],
       [
        12.52775,
        55.63703
       ],
       [
        12.52768,
        55.63705
       ],
       [
        12.52765,
        55.63705
       ],
       [
        12.52758,
        55.63707
       ],
       [
        12.52754,
        55.63708
       ],
       [
        12.52748,
        55.63709
       ],
       [
        12.52744,
        55.6371
       ],
       [
        12.52741,
        55.63711
       ],
       [
        12.52738,
        55.63712
       ],
       [
        12.52735,
        55.63713
       ],
       [
        12.52732,
        55.63715
       ],
       [
        12.52729,
        55.63716
       ],
       [
        12.52726,
        55.63717
       ],
       [
        12.52723,
        55.63718
       ],
       [
        12.5272,
        55.63719
       ],
       [
        12.52716,
        55.6372
       ],
       [
        12.52712,
        55.6372
       ],
       [
        12.52709,
        55.63721
       ],
       [
        12.52702,
        55.63721
       ],
       [
        12.52698,
        55.63722
       ],
       [
        12.52694,
        55.63722
       ],
       [
        12.52691,
        55.63723
       ],
       [
        12.52679,
        55.6371
       ],
       [
        12.52666,
        55.63714
       ],
       [
        12.52672,
        55.63723
       ],
       [
        12.52703,
        55.63751
       ],
       [
        12.52612,
        55.64256
       ],
       [
        12.52611,
        55.64277
       ],
       [
        12.52611,
        55.64279
       ],
       [
        12.52641,
        55.64279
       ],
       [
        12.52641,
        55.64271
       ],
       [
        12.52708,
        55.63909
       ],
       [
        12.52736,
        55.63753
       ],
       [
        12.53163,
        55.638
       ],
       [
        12.5319,
        55.63822
       ],
       [
        12.53162,
        55.63923
       ],
       [
        12.53162,
        55.63925
       ],
       [
        12.53069,
        55.64243
       ],
       [
        12.53093,
        55.64239
       ],
       [
        12.53099,
        55.64219
       ],
       [
        12.5311,
        55.64204
       ],
       [
        12.53118,
        55.64201
       ],
       [
        12.53133,
        55.642
       ],
       [
        12.53143,
        55.64198
       ],
       [
        12.53168,
        55.64099
       ],
       [
        12.53195,
        55.63951
       ],
       [
        12.53217,
        55.63914
       ],
       [
        12.53217,
        55.6382
       ],
       [
        12.53216,
        55.63819
       ],
       [
        12.53215,
        55.63817
       ],
       [
        12.53215,
        55.63816
       ],
       [
        12.53215,
        55.63814
       ],
       [
        12.53215,
        55.63813
       ],
       [
        12.53215,
        55.63811
       ],
       [
        12.53215,
        55.6381
       ],
       [
        12.53216,
        55.63809
       ],
       [
        12.53216,
        55.63807
       ],
       [
        12.53217,
        55.63806
       ],
       [
        12.53218,
        55.63804
       ],
       [
        12.53218,
        55.63803
       ],
       [
        12.53221,
        55.63799
       ],
       [
        12.53221,
        55.63797
       ],
       [
        12.53222,
        55.63796
       ],
       [
        12.53222,
        55.63794
       ],
       [
        12.53223,
        55.63793
       ],
       [
        12.53223,
        55.63792
       ],
       [
        12.53224,
        55.6379
       ],
       [
        12.53224,
        55.63789
       ],
       [
        12.53224,
        55.63787
       ],
       [
        12.53224,
        55.63786
       ],
       [
        12.53224,
        55.63783
       ],
       [
        12.53224,
        55.6378
       ],
       [
        12.53224,
        55.63775
       ],
       [
        12.53224,
        55.63774
       ],
       [
        12.53224,
        55.63771
       ],
       [
        12.53224,
        55.63768
       ],
       [
        12.53224,
        55.63767
       ],
       [
        12.53223,
        55.63765
       ],
       [
        12.53221,
        55.63762
       ],
       [
        12.53221,
        55.63761
       ],
       [
        12.53221,
        55.6376
       ],
       [
        12.53221,
        55.63758
       ],
       [
        12.53222,
        55.63757
       ],
       [
        12.53222,
        55.63755
       ],
       [
        12.53222,
        55.63754
       ],
       [
        12.53222,
        55.63752
       ],
       [
        12.53222,
        55.63751
       ],
       [
        12.53221,
        55.63749
       ],
       [
        12.53221,
        55.63748
       ],
       [
        12.5322,
        55.63747
       ],
       [
        12.53221,
        55.63745
       ],
       [
        12.53221,
        55.63744
       ],
       [
        12.53223,
        55.63741
       ],
       [
        12.53223,
        55.63739
       ],
       [
        12.53223,
        55.63738
       ],
       [
        12.53223,
        55.63736
       ],
       [
        12.53223,
        55.63735
       ],
       [
        12.53223,
        55.63734
       ],
       [
        12.53222,
        55.63732
       ],
       [
        12.53219,
        55.6373
       ],
       [
        12.53216,
        55.63729
       ],
       [
        12.53197,
        55.63723
       ],
       [
        12.5321,
        55.63687
       ],
       [
        12.53215,
        55.63683
       ],
       [
        12.5322,
        55.6368
       ],
       [
        12.53224,
        55.63676
       ],
       [
        12.53229,
        55.63673
       ],
       [
        12.53234,
        55.6367
       ],
       [
        12.53238,
        55.63666
       ],
       [
        12.53241,
        55.63662
       ],
       [
        12.53245,
        55.63658
       ],
       [
        12.53253,
        55.63618
       ],
       [
        12.52954,
        55.63627
       ],
       [
        12.52931,
        55.63606
       ],
       [
        12.52932,
        55.63604
       ],
       [
        12.5299,
        55.63578
       ],
       [
        12.5308,
        55.6358
       ],
       [
        12.53103,
        55.63566
       ],
       [
        12.53124,
        55.6354
       ],
       [
        12.53114,
        55.63429
       ],
       [
        12.53095,
        55.63386
       ],
       [
        12.53092,
        55.63329
       ],
       [
        12.53078,
        55.63279
       ],
       [
        12.5308,
        55.63265
       ],
       [
        12.53073,
        55.63263
       ],
       [
        12.53069,
        55.63227
       ],
       [
        12.53092,
        55.63194
       ],
       [
        12.53094,
        55.63194
       ],
       [
        12.53094,
        55.6319
       ],
       [
        12.53096,
        55.63187
       ],
       [
        12.5314,
        55.63173
       ],
       [
        12.53182,
        55.63177
       ],
       [
        12.53255,
        55.63206
       ],
       [
        12.53304,
        55.63179
       ],
       [
        12.53315,
        55.63176
       ],
       [
        12.53322,
        55.63177
       ],
       [
        12.53328,
        55.63181
       ],
       [
        12.53328,
        55.63185
       ],
       [
        12.53322,
        55.6319
       ],
       [
        12.53278,
        55.63217
       ],
       [
        12.53278,
        55.63226
       ],
       [
        12.53303,
        55.63242
       ],
       [
        12.5332,
        55.63256
       ],
       [
        12.53397,
        55.63277
       ],
       [
        12.53426,
        55.63293
       ],
       [
        12.53672,
        55.63431
       ],
       [
        12.53724,
        55.63401
       ],
       [
        12.53734,
        55.63398
       ],
       [
        12.53741,
        55.63399
       ],
       [
        12.53749,
        55.63406
       ],
       [
        12.53689,
        55.63441
       ],
       [
        12.53705,
        55.63457
       ],
       [
        12.53727,
        55.63471
       ],
       [
        12.53741,
        55.63487
       ],
       [
        12.53761,
        55.63489
       ],
       [
        12.53793,
        55.63499
       ],
       [
        12.53854,
        55.63524
       ],
       [
        12.5394,
        55.63554
       ],
       [
        12.53984,
        55.63567
       ],
       [
        12.54027,
        55.63566
       ],
       [
        12.5405,
        55.63572
       ],
       [
        12.54063,
        55.63581
       ],
       [
        12.54058,
        55.6359
       ],
       [
        12.54058,
        55.63603
       ],
       [
        12.54081,
        55.63618
       ],
       [
        12.541,
        55.63621
       ],
       [
        12.54101,
        55.63623
       ],
       [
        12.54102,
        55.63621
       ],
       [
        12.54105,
        55.63621
       ],
       [
        12.54123,
        55.63611
       ],
       [
        12.54126,
        55.6361
       ],
       [
        12.54129,
        55.6361
       ],
       [
        12.54132,
        55.63611
       ],
       [
        12.54134,
        55.63612
       ],
       [
        12.54136,
        55.63613
       ],
       [
        12.54137,
        55.63615
       ],
       [
        12.54137,
        55.63617
       ],
       [
        12.54136,
        55.63618
       ],
       [
        12.54076,
        55.63654
       ],
       [
        12.546,
        55.6393
       ],
       [
        12.54662,
        55.63895
       ],
       [
        12.54664,
        55.63894
       ],
       [
        12.54665,
        55.63894
       ],
       [
        12.54667,
        55.63894
       ],
       [
        12.54668,
        55.63894
       ],
       [
        12.5467,
        55.63895
       ],
       [
        12.54671,
        55.63895
       ],
       [
        12.54673,
        55.63896
       ],
       [
        12.54674,
        55.63896
       ],
       [
        12.54675,
        55.63897
       ],
       [
        12.54676,
        55.63898
       ],
       [
        12.54676,
        55.63899
       ],
       [
        12.54676,
        55.639
       ],
       [
        12.54676,
        55.63901
       ],
       [
        12.54676,
        55.63901
       ],
       [
        12.54675,
        55.63902
       ],
       [
        12.54675,
        55.63903
       ],
       [
        12.54556,
        55.63974
       ],
       [
        12.54534,
        55.63987
       ],
       [
        12.54437,
        55.64044
       ],
       [
        12.54434,
        55.64044
       ],
       [
        12.54434,
        55.6405
       ],
       [
        12.54153,
        55.6405
       ],
       [
        12.54091,
        55.64265
       ],
       [
        12.54125,
        55.64298
       ],
       [
        12.54133,
        55.64305
       ],
       [
        12.54185,
        55.64303
       ],
       [
        12.54259,
        55.64298
       ],
       [
        12.54346,
        55.64286
       ],
       [
        12.54399,
        55.64276
       ],
       [
        12.54437,
        55.64267
       ],
       [
        12.54443,
        55.64252
       ],
       [
        12.54468,
        55.64246
       ],
       [
        12.54485,
        55.64255
       ],
       [
        12.54506,
        55.64248
       ],
       [
        12.54442,
        55.6429
       ],
       [
        12.54517,
        55.64244
       ],
       [
        12.54546,
        55.64235
       ],
       [
        12.54625,
        55.64201
       ],
       [
        12.54678,
        55.64173
       ],
       [
        12.54672,
        55.64164
       ],
       [
        12.54691,
        55.64152
       ],
       [
        12.54711,
        55.64153
       ],
       [
        12.54855,
        55.64048
       ],
       [
        12.54853,
        55.64039
       ],
       [
        12.54889,
        55.64017
       ],
       [
        12.54962,
        55.64035
       ],
       [
        12.54958,
        55.6404
       ],
       [
        12.54979,
        55.64052
       ],
       [
        12.54879,
        55.64149
       ],
       [
        12.54874,
        55.64155
       ],
       [
        12.5487,
        55.64161
       ],
       [
        12.54867,
        55.64167
       ],
       [
        12.54866,
        55.64171
       ],
       [
        12.54867,
        55.64176
       ],
       [
        12.54868,
        55.64178
       ],
       [
        12.54862,
        55.64184
       ],
       [
        12.54876,
        55.64192
       ],
       [
        12.54878,
        55.64194
       ],
       [
        12.54882,
        55.64197
       ],
       [
        12.54884,
        55.64196
       ],
       [
        12.54921,
        55.64217
       ],
       [
        12.54911,
        55.6422
       ],
       [
        12.54913,
        55.64223
       ],
       [
        12.54913,
        55.64226
       ],
       [
        12.54949,
        55.64256
       ],
       [
        12.54948,
        55.64266
       ],
       [
        12.54954,
        55.64271
       ],
       [
        12.54945,
        55.64275
       ],
       [
        12.5494,
        55.64285
       ],
       [
        12.549,
        55.64303
       ],
       [
        12.54901,
        55.64314
       ],
       [
        12.54918,
        55.64316
       ],
       [
        12.54959,
        55.643
       ],
       [
        12.54979,
        55.643
       ],
       [
        12.54987,
        55.64297
       ],
       [
        12.54993,
        55.64301
       ],
       [
        12.55011,
        55.64304
       ],
       [
        12.55045,
        55.64331
       ],
       [
        12.55052,
        55.64336
       ],
       [
        12.55055,
        55.64339
       ],
       [
        12.55106,
        55.6432
       ],
       [
        12.5511,
        55.64323
       ],
       [
        12.55058,
        55.64342
       ],
       [
        12.5506,
        55.64344
       ],
       [
        12.55071,
        55.64348
       ],
       [
        12.55085,
        55.64356
       ],
       [
        12.5511,
        55.64369
       ],
       [
        12.5512,
        55.64372
       ],
       [
        12.55151,
        55.64389
       ],
       [
        12.55165,
        55.64397
       ],
       [
        12.55177,
        55.64406
       ],
       [
        12.55197,
        55.64418
       ],
       [
        12.55214,
        55.64428
       ],
       [
        12.55247,
        55.64416
       ],
       [
        12.55251,
        55.64415
       ],
       [
        12.55253,
        55.64414
       ],
       [
        12.55256,
        55.64414
       ],
       [
        12.55259,
        55.64416
       ],
       [
        12.55259,
        55.64418
       ],
       [
        12.55257,
        55.64419
       ],
       [
        12.55251,
        55.64421
       ],
       [
        12.55223,
        55.64433
       ],
       [
        12.55224,
        55.64433
       ],
       [
        12.55225,
        55.64436
       ],
       [
        12.55223,
        55.64439
       ],
       [
        12.55213,
        55.64443
       ],
       [
        12.55223,
        55.64452
       ],
       [
        12.55238,
        55.64446
       ],
       [
        12.5524,
        55.64445
       ],
       [
        12.55272,
        55.6447
       ],
       [
        12.5526,
        55.64478
       ],
       [
        12.55272,
        55.64487
       ],
       [
        12.55282,
        55.6448
       ],
       [
        12.55285,
        55.64482
       ],
       [
        12.55287,
        55.64481
       ],
       [
        12.55349,
        55.64526
       ],
       [
        12.55395,
        55.6456
       ],
       [
        12.55407,
        55.64568
       ],
       [
        12.5543,
        55.64555
       ],
       [
        12.55435,
        55.64554
       ],
       [
        12.55439,
        55.64554
       ],
       [
        12.55438,
        55.64558
       ],
       [
        12.55419,
        55.6457
       ],
       [
        12.55425,
        55.64579
       ],
       [
        12.55466,
        55.6461
       ],
       [
        12.55475,
        55.64614
       ],
       [
        12.55487,
        55.64622
       ],
       [
        12.55506,
        55.64642
       ],
       [
        12.55512,
        55.64655
       ],
       [
        12.55514,
        55.64656
       ],
       [
        12.55515,
        55.64656
       ],
       [
        12.55521,
        55.64659
       ],
       [
        12.55527,
        55.64661
       ],
       [
        12.55533,
        55.64663
       ],
       [
        12.55538,
        55.64666
       ],
       [
        12.55543,
        55.64668
       ],
       [
        12.55548,
        55.6467
       ],
       [
        12.55553,
        55.64672
       ],
       [
        12.55558,
        55.64675
       ],
       [
        12.5556,
        55.64676
       ],
       [
        12.55562,
        55.64677
       ],
       [
        12.55564,
        55.64678
       ],
       [
        12.55565,
        55.64679
       ],
       [
        12.55567,
        55.6468
       ],
       [
        12.55569,
        55.64681
       ],
       [
        12.5557,
        55.64682
       ],
       [
        12.55572,
        55.64683
       ],
       [
        12.55574,
        55.64685
       ],
       [
        12.55575,
        55.64686
       ],
       [
        12.55576,
        55.64687
       ],
       [
        12.55578,
        55.64689
       ],
       [
        12.55579,
        55.64691
       ],
       [
        12.5558,
        55.64692
       ],
       [
        12.55581,
        55.64693
       ],
       [
        12.55582,
        55.64695
       ],
       [
        12.55584,
        55.64698
       ],
       [
        12.55585,
        55.647
       ],
       [
        12.55585,
        55.64702
       ],
       [
        12.55586,
        55.64705
       ],
       [
        12.55587,
        55.64707
       ],
       [
        12.55588,
        55.64709
       ],
       [
        12.55588,
        55.64712
       ],
       [
        12.55589,
        55.64714
       ],
       [
        12.55589,
        55.64715
       ],
       [
        12.55589,
        55.64716
       ],
       [
        12.55589,
        55.64716
       ],
       [
        12.55588,
        55.64717
       ],
       [
        12.55588,
        55.64718
       ],
       [
        12.55588,
        55.64719
       ],
       [
        12.55588,
        55.64719
       ],
       [
        12.55587,
        55.6472
       ],
       [
        12.55577,
        55.64729
       ],
       [
        12.55576,
        55.64729
       ],
       [
        12.55575,
        55.6473
       ],
       [
        12.55574,
        55.6473
       ],
       [
        12.55573,
        55.6473
       ],
       [
        12.55572,
        55.6473
       ],
       [
        12.55571,
        55.6473
       ],
       [
        12.55569,
        55.6473
       ],
       [
        12.55568,
        55.64731
       ],
       [
        12.55566,
        55.64731
       ],
       [
        12.55565,
        55.64731
       ],
       [
        12.55564,
        55.64731
       ],
       [
        12.55561,
        55.64731
       ],
       [
        12.5556,
        55.6473
       ],
       [
        12.55558,
        55.6473
       ],
       [
        12.55557,
        55.6473
       ],
       [
        12.55556,
        55.6473
       ],
       [
        12.55555,
        55.6473
       ],
       [
        12.55553,
        55.6473
       ],
       [
        12.55551,
        55.6473
       ],
       [
        12.55549,
        55.64729
       ],
       [
        12.55547,
        55.64729
       ],
       [
        12.55546,
        55.64729
       ],
       [
        12.55544,
        55.64728
       ],
       [
        12.55543,
        55.64728
       ],
       [
        12.5554,
        55.64727
       ],
       [
        12.55537,
        55.64727
       ],
       [
        12.55534,
        55.64726
       ],
       [
        12.55531,
        55.64725
       ],
       [
        12.55529,
        55.64724
       ],
       [
        12.55527,
        55.64724
       ],
       [
        12.55525,
        55.64723
       ],
       [
        12.55523,
        55.64722
       ],
       [
        12.55521,
        55.64721
       ],
       [
        12.5552,
        55.64721
       ],
       [
        12.55518,
        55.6472
       ],
       [
        12.55516,
        55.64719
       ],
       [
        12.55515,
        55.64718
       ],
       [
        12.55513,
        55.64718
       ],
       [
        12.55511,
        55.64717
       ],
       [
        12.5551,
        55.64716
       ],
       [
        12.55508,
        55.64714
       ],
       [
        12.55506,
        55.64713
       ],
       [
        12.55504,
        55.64712
       ],
       [
        12.55503,
        55.64711
       ],
       [
        12.55501,
        55.6471
       ],
       [
        12.555,
        55.64709
       ],
       [
        12.55498,
        55.64708
       ],
       [
        12.55497,
        55.64707
       ],
       [
        12.55495,
        55.64705
       ],
       [
        12.55493,
        55.64704
       ],
       [
        12.55492,
        55.64703
       ],
       [
        12.55491,
        55.64702
       ],
       [
        12.55489,
        55.647
       ],
       [
        12.55488,
        55.64699
       ],
       [
        12.55487,
        55.64698
       ],
       [
        12.55486,
        55.64696
       ],
       [
        12.55485,
        55.64695
       ],
       [
        12.55483,
        55.64693
       ],
       [
        12.55482,
        55.64692
       ],
       [
        12.55481,
        55.64691
       ],
       [
        12.5548,
        55.64689
       ],
       [
        12.554,
        55.64632
       ],
       [
        12.55382,
        55.6464
       ],
       [
        12.55327,
        55.64636
       ],
       [
        12.55318,
        55.64628
       ],
       [
        12.55311,
        55.64621
       ],
       [
        12.55286,
        55.6463
       ],
       [
        12.55293,
        55.64636
       ],
       [
        12.55181,
        55.64677
       ],
       [
        12.55174,
        55.64671
       ],
       [
        12.55154,
        55.64687
       ],
       [
        12.55031,
        55.64734
       ],
       [
        12.55038,
        55.64742
       ],
       [
        12.5511,
        55.64806
       ],
       [
        12.55253,
        55.64755
       ],
       [
        12.55321,
        55.64761
       ],
       [
        12.5547,
        55.64875
       ],
       [
        12.55611,
        55.64979
       ],
       [
        12.55612,
        55.6498
       ],
       [
        12.55704,
        55.65052
       ],
       [
        12.55856,
        55.65167
       ],
       [
        12.55834,
        55.65216
       ],
       [
        12.55565,
        55.65286
       ],
       [
        12.55556,
        55.65288
       ],
       [
        12.55317,
        55.65351
       ],
       [
        12.55147,
        55.652
       ],
       [
        12.55071,
        55.65228
       ],
       [
        12.55233,
        55.65373
       ],
       [
        12.54884,
        55.65463
       ],
       [
        12.54941,
        55.65532
       ],
       [
        12.55246,
        55.65458
       ],
       [
        12.55249,
        55.65457
       ],
       [
        12.55252,
        55.65458
       ],
       [
        12.55312,
        55.65536
       ],
       [
        12.55315,
        55.65561
       ],
       [
        12.55262,
        55.65679
       ],
       [
        12.55291,
        55.65683
       ],
       [
        12.55303,
        55.65658
       ],
       [
        12.55309,
        55.65662
       ],
       [
        12.55324,
        55.65667
       ],
       [
        12.55516,
        55.65694
       ],
       [
        12.55524,
        55.6569
       ],
       [
        12.5552,
        55.65688
       ],
       [
        12.55329,
        55.65662
       ],
       [
        12.55319,
        55.65658
       ],
       [
        12.55314,
        55.65655
       ],
       [
        12.55309,
        55.65647
       ],
       [
        12.55354,
        55.65546
       ],
       [
        12.5528,
        55.65452
       ],
       [
        12.55281,
        55.65448
       ],
       [
        12.55449,
        55.65406
       ],
       [
        12.55453,
        55.6541
       ],
       [
        12.55833,
        55.65315
       ],
       [
        12.55836,
        55.65316
       ],
       [
        12.55858,
        55.65312
       ],
       [
        12.56218,
        55.65778
       ],
       [
        12.56202,
        55.65782
       ],
       [
        12.563,
        55.65911
       ],
       [
        12.563,
        55.65912
       ],
       [
        12.563,
        55.65912
       ],
       [
        12.56299,
        55.65914
       ],
       [
        12.56208,
        55.65936
       ],
       [
        12.5584,
        55.65884
       ],
       [
        12.55819,
        55.65932
       ],
       [
        12.55976,
        55.65953
       ],
       [
        12.56028,
        55.6602
       ],
       [
        12.56051,
        55.66014
       ],
       [
        12.56033,
        55.65992
       ],
       [
        12.56109,
        55.65972
       ],
       [
        12.56212,
        55.65987
       ],
       [
        12.56318,
        55.66002
       ],
       [
        12.56281,
        55.66036
       ],
       [
        12.56289,
        55.66039
       ],
       [
        12.56336,
        55.65994
       ],
       [
        12.56359,
        55.66001
       ],
       [
        12.56353,
        55.66007
       ],
       [
        12.5641,
        55.66015
       ],
       [
        12.56435,
        55.66048
       ],
       [
        12.56382,
        55.66086
       ],
       [
        12.56391,
        55.6609
       ],
       [
        12.56439,
        55.66054
       ],
       [
        12.56638,
        55.66317
       ],
       [
        12.56633,
        55.66322
       ],
       [
        12.56409,
        55.6622
       ],
       [
        12.56395,
        55.66231
       ],
       [
        12.56398,
        55.66232
       ],
       [
        12.56358,
        55.6626
       ],
       [
        12.5636,
        55.66261
       ],
       [
        12.56377,
        55.66249
       ],
       [
        12.56482,
        55.66297
       ],
       [
        12.56463,
        55.66311
       ],
       [
        12.56355,
        55.66262
       ],
       [
        12.56344,
        55.6627
       ],
       [
        12.56302,
        55.663
       ],
       [
        12.56321,
        55.66308
       ],
       [
        12.56359,
        55.66281
       ],
       [
        12.56363,
        55.66282
       ],
       [
        12.56366,
        55.6628
       ],
       [
        12.56402,
        55.66296
       ],
       [
        12.5636,
        55.66326
       ],
       [
        12.56476,
        55.66378
       ],
       [
        12.56518,
        55.66349
       ],
       [
        12.56584,
        55.66379
       ],
       [
        12.56581,
        55.66383
       ],
       [
        12.56554,
        55.66403
       ],
       [
        12.56561,
        55.66406
       ],
       [
        12.56543,
        55.66428
       ],
       [
        12.56538,
        55.66431
       ],
       [
        12.5654,
        55.66432
       ],
       [
        12.56539,
        55.66441
       ],
       [
        12.5644,
        55.66396
       ],
       [
        12.56429,
        55.66404
       ],
       [
        12.56536,
        55.66453
       ],
       [
        12.56537,
        55.66452
       ],
       [
        12.56532,
        55.66484
       ],
       [
        12.56526,
        55.66482
       ],
       [
        12.56519,
        55.66478
       ],
       [
        12.56504,
        55.66473
       ],
       [
        12.56501,
        55.66471
       ],
       [
        12.56477,
        55.6646
       ],
       [
        12.56468,
        55.66453
       ],
       [
        12.56475,
        55.66449
       ],
       [
        12.56473,
        55.66443
       ],
       [
        12.56457,
        55.6644
       ],
       [
        12.56454,
        55.66438
       ],
       [
        12.56443,
        55.66436
       ],
       [
        12.5643,
        55.6643
       ],
       [
        12.56424,
        55.66426
       ],
       [
        12.5642,
        55.66425
       ],
       [
        12.56417,
        55.66423
       ],
       [
        12.564,
        55.66417
       ],
       [
        12.56361,
        55.66399
       ],
       [
        12.56356,
        55.66397
       ],
       [
        12.56349,
        55.66393
       ],
       [
        12.5634,
        55.66388
       ],
       [
        12.56329,
        55.66383
       ],
       [
        12.56324,
        55.66381
       ],
       [
        12.56318,
        55.66379
       ],
       [
        12.56314,
        55.66375
       ],
       [
        12.56313,
        55.66375
       ],
       [
        12.56296,
        55.66376
       ],
       [
        12.56289,
        55.66375
       ],
       [
        12.56295,
        55.66368
       ],
       [
        12.56277,
        55.66366
       ],
       [
        12.56268,
        55.6636
       ],
       [
        12.56269,
        55.66354
       ],
       [
        12.56261,
        55.66352
       ],
       [
        12.56253,
        55.6635
       ],
       [
        12.56241,
        55.66342
       ],
       [
        12.56222,
        55.6634
       ],
       [
        12.56216,
        55.66339
       ],
       [
        12.56209,
        55.66337
       ],
       [
        12.56206,
        55.66335
       ],
       [
        12.56193,
        55.66333
       ],
       [
        12.56198,
        55.66323
       ],
       [
        12.56198,
        55.66321
       ],
       [
        12.56173,
        55.66323
       ],
       [
        12.56169,
        55.66318
       ],
       [
        12.56161,
        55.66313
       ],
       [
        12.5614,
        55.66308
       ],
       [
        12.56131,
        55.66309
       ],
       [
        12.56123,
        55.66315
       ],
       [
        12.56114,
        55.66313
       ],
       [
        12.56093,
        55.66304
       ],
       [
        12.56086,
        55.663
       ],
       [
        12.56058,
        55.66288
       ],
       [
        12.56025,
        55.66272
       ],
       [
        12.56002,
        55.66262
       ],
       [
        12.55965,
        55.66245
       ],
       [
        12.5593,
        55.66229
       ],
       [
        12.55924,
        55.66233
       ],
       [
        12.55911,
        55.66243
       ],
       [
        12.55944,
        55.66258
       ],
       [
        12.55949,
        55.66261
       ],
       [
        12.55956,
        55.66264
       ],
       [
        12.55966,
        55.6627
       ],
       [
        12.55971,
        55.66277
       ],
       [
        12.55963,
        55.66279
       ],
       [
        12.5594,
        55.66269
       ],
       [
        12.55929,
        55.66263
       ],
       [
        12.55923,
        55.6626
       ],
       [
        12.55917,
        55.66256
       ],
       [
        12.55883,
        55.66243
       ],
       [
        12.55879,
        55.66241
       ],
       [
        12.55849,
        55.66228
       ],
       [
        12.55844,
        55.66225
       ],
       [
        12.55801,
        55.66205
       ],
       [
        12.55787,
        55.66206
       ],
       [
        12.55778,
        55.66203
       ],
       [
        12.55772,
        55.66217
       ],
       [
        12.55769,
        55.66219
       ],
       [
        12.55763,
        55.66223
       ],
       [
        12.55753,
        55.66223
       ],
       [
        12.55747,
        55.66219
       ],
       [
        12.55737,
        55.66218
       ],
       [
        12.55725,
        55.66216
       ],
       [
        12.55716,
        55.66221
       ],
       [
        12.55686,
        55.66216
       ],
       [
        12.55616,
        55.66207
       ],
       [
        12.55586,
        55.66206
       ],
       [
        12.55567,
        55.66205
       ],
       [
        12.5554,
        55.66204
       ],
       [
        12.55535,
        55.66204
       ],
       [
        12.55466,
        55.66204
       ],
       [
        12.55441,
        55.66205
       ],
       [
        12.55392,
        55.6621
       ],
       [
        12.55384,
        55.6621
       ],
       [
        12.55352,
        55.66214
       ],
       [
        12.55316,
        55.66214
       ],
       [
        12.5531,
        55.66216
       ],
       [
        12.55275,
        55.6622
       ],
       [
        12.55181,
        55.66225
       ],
       [
        12.55168,
        55.66225
       ],
       [
        12.55155,
        55.66226
       ],
       [
        12.55105,
        55.66225
       ],
       [
        12.55094,
        55.66222
       ],
       [
        12.55073,
        55.66219
       ],
       [
        12.55069,
        55.66221
       ],
       [
        12.55052,
        55.66219
       ],
       [
        12.55037,
        55.66225
       ],
       [
        12.55026,
        55.66235
       ],
       [
        12.55016,
        55.66237
       ],
       [
        12.55008,
        55.6624
       ],
       [
        12.55014,
        55.66242
       ],
       [
        12.55013,
        55.66249
       ],
       [
        12.55005,
        55.66248
       ],
       [
        12.54966,
        55.66243
       ],
       [
        12.54912,
        55.66239
       ],
       [
        12.54883,
        55.66237
       ],
       [
        12.54867,
        55.66236
       ],
       [
        12.54846,
        55.66235
       ],
       [
        12.54839,
        55.6623
       ],
       [
        12.54815,
        55.6623
       ],
       [
        12.548,
        55.66229
       ],
       [
        12.54791,
        55.66228
       ],
       [
        12.54777,
        55.66226
       ],
       [
        12.54756,
        55.6623
       ],
       [
        12.5471,
        55.66229
       ],
       [
        12.54707,
        55.66232
       ],
       [
        12.54695,
        55.66232
       ],
       [
        12.54685,
        55.66232
       ],
       [
        12.54684,
        55.6624
       ],
       [
        12.5467,
        55.66239
       ],
       [
        12.54656,
        55.66241
       ],
       [
        12.54633,
        55.6624
       ],
       [
        12.54632,
        55.66239
       ],
       [
        12.54621,
        55.66239
       ],
       [
        12.54616,
        55.66236
       ],
       [
        12.54604,
        55.66234
       ],
       [
        12.54582,
        55.66236
       ],
       [
        12.5456,
        55.66235
       ],
       [
        12.54553,
        55.66231
       ],
       [
        12.54531,
        55.66229
       ],
       [
        12.54517,
        55.6623
       ],
       [
        12.54513,
        55.66228
       ],
       [
        12.54505,
        55.66226
       ],
       [
        12.54491,
        55.66227
       ],
       [
        12.54486,
        55.66227
       ],
       [
        12.54468,
        55.66224
       ],
       [
        12.54458,
        55.66223
       ],
       [
        12.54455,
        55.66221
       ],
       [
        12.54436,
        55.66218
       ],
       [
        12.54432,
        55.66216
       ],
       [
        12.54426,
        55.66213
       ],
       [
        12.54406,
        55.66211
       ],
       [
        12.54406,
        55.66209
       ],
       [
        12.5439,
        55.66207
       ],
       [
        12.54387,
        55.66205
       ],
       [
        12.54359,
        55.66196
       ],
       [
        12.54354,
        55.66197
       ],
       [
        12.5435,
        55.66197
       ],
       [
        12.54338,
        55.6619
       ],
       [
        12.54328,
        55.66189
       ],
       [
        12.54302,
        55.66179
       ],
       [
        12.54289,
        55.66171
       ],
       [
        12.54254,
        55.66155
       ],
       [
        12.54205,
        55.66127
       ],
       [
        12.54174,
        55.66105
       ],
       [
        12.5417,
        55.66103
       ],
       [
        12.54162,
        55.66094
       ],
       [
        12.54157,
        55.66089
       ],
       [
        12.54153,
        55.66086
       ],
       [
        12.54144,
        55.66077
       ],
       [
        12.54133,
        55.66064
       ],
       [
        12.54125,
        55.66058
       ],
       [
        12.54122,
        55.66052
       ],
       [
        12.54118,
        55.66049
       ],
       [
        12.54116,
        55.66046
       ],
       [
        12.54113,
        55.66046
       ],
       [
        12.54113,
        55.66043
       ],
       [
        12.54097,
        55.66043
       ],
       [
        12.54097,
        55.66045
       ],
       [
        12.54116,
        55.66076
       ],
       [
        12.54163,
        55.66125
       ],
       [
        12.54165,
        55.66129
       ],
       [
        12.54161,
        55.66127
       ],
       [
        12.54136,
        55.66104
       ],
       [
        12.54121,
        55.66108
       ],
       [
        12.54131,
        55.66115
       ],
       [
        12.54134,
        55.66123
       ],
       [
        12.54144,
        55.66127
       ],
       [
        12.54137,
        55.66134
       ],
       [
        12.54143,
        55.66142
       ],
       [
        12.54134,
        55.66146
       ],
       [
        12.54143,
        55.66171
       ],
       [
        12.5415,
        55.66183
       ],
       [
        12.54157,
        55.66198
       ],
       [
        12.54161,
        55.66211
       ],
       [
        12.54168,
        55.66222
       ],
       [
        12.54171,
        55.66226
       ],
       [
        12.54179,
        55.66232
       ],
       [
        12.54184,
        55.66246
       ],
       [
        12.54183,
        55.66257
       ],
       [
        12.54136,
        55.66264
       ],
       [
        12.5413,
        55.66253
       ],
       [
        12.54125,
        55.66252
       ],
       [
        12.54102,
        55.66256
       ],
       [
        12.54086,
        55.66258
       ],
       [
        12.54071,
        55.66261
       ],
       [
        12.54043,
        55.66264
       ],
       [
        12.54033,
        55.66262
       ],
       [
        12.54013,
        55.66261
       ],
       [
        12.54009,
        55.66258
       ],
       [
        12.5396,
        55.66266
       ],
       [
        12.53952,
        55.66265
       ],
       [
        12.5395,
        55.66266
       ],
       [
        12.53936,
        55.66268
       ],
       [
        12.53917,
        55.66273
       ],
       [
        12.53906,
        55.66271
       ],
       [
        12.53887,
        55.66272
       ],
       [
        12.53883,
        55.66268
       ],
       [
        12.53873,
        55.66268
       ],
       [
        12.53859,
        55.66273
       ],
       [
        12.53856,
        55.66278
       ],
       [
        12.53843,
        55.66278
       ],
       [
        12.5384,
        55.6628
       ],
       [
        12.53831,
        55.66282
       ],
       [
        12.53825,
        55.66292
       ],
       [
        12.53768,
        55.66298
       ],
       [
        12.53763,
        55.66306
       ],
       [
        12.53753,
        55.66313
       ],
       [
        12.53741,
        55.66317
       ],
       [
        12.53741,
        55.66317
       ],
       [
        12.53744,
        55.66318
       ],
       [
        12.53759,
        55.66361
       ],
       [
        12.53755,
        55.66362
       ],
       [
        12.53744,
        55.66369
       ],
       [
        12.53712,
        55.66375
       ],
       [
        12.53706,
        55.66377
       ],
       [
        12.53699,
        55.66379
       ],
       [
        12.5369,
        55.66374
       ],
       [
        12.53601,
        55.66383
       ],
       [
        12.53355,
        55.66382
       ],
       [
        12.53352,
        55.66382
       ],
       [
        12.53352,
        55.66382
       ],
       [
        12.53339,
        55.66378
       ],
       [
        12.53319,
        55.66383
       ],
       [
        12.53304,
        55.66384
       ],
       [
        12.53296,
        55.66384
       ],
       [
        12.53292,
        55.66386
       ],
       [
        12.53268,
        55.66392
       ],
       [
        12.53234,
        55.66393
       ],
       [
        12.53214,
        55.66385
       ],
       [
        12.53202,
        55.66394
       ],
       [
        12.53192,
        55.66392
       ],
       [
        12.53186,
        55.66387
       ],
       [
        12.53177,
        55.66387
       ],
       [
        12.53148,
        55.66388
       ],
       [
        12.53136,
        55.66385
       ],
       [
        12.53124,
        55.66389
       ],
       [
        12.53121,
        55.66391
       ],
       [
        12.53103,
        55.66391
       ],
       [
        12.53099,
        55.66392
       ],
       [
        12.53076,
        55.66387
       ],
       [
        12.53076,
        55.66387
       ],
       [
        12.53076,
        55.66387
       ],
       [
        12.52939,
        55.66391
       ],
       [
        12.52868,
        55.66393
       ],
       [
        12.52838,
        55.66398
       ],
       [
        12.52831,
        55.66399
       ],
       [
        12.52822,
        55.66409
       ],
       [
        12.52817,
        55.66417
       ],
       [
        12.52814,
        55.66428
       ],
       [
        12.52817,
        55.66435
       ],
       [
        12.52814,
        55.66443
       ],
       [
        12.52801,
        55.66449
       ],
       [
        12.52787,
        55.6646
       ],
       [
        12.52781,
        55.66476
       ],
       [
        12.52778,
        55.66487
       ],
       [
        12.52763,
        55.665
       ],
       [
        12.52764,
        55.66506
       ],
       [
        12.52777,
        55.66512
       ],
       [
        12.52784,
        55.66521
       ],
       [
        12.52779,
        55.66528
       ],
       [
        12.52764,
        55.66538
       ],
       [
        12.52752,
        55.6655
       ],
       [
        12.52757,
        55.66564
       ],
       [
        12.52765,
        55.6657
       ],
       [
        12.5276,
        55.66583
       ],
       [
        12.52758,
        55.6659
       ],
       [
        12.52755,
        55.66595
       ],
       [
        12.52753,
        55.66608
       ],
       [
        12.52747,
        55.66612
       ],
       [
        12.52736,
        55.66635
       ],
       [
        12.52718,
        55.66639
       ],
       [
        12.52718,
        55.66646
       ],
       [
        12.52722,
        55.66652
       ],
       [
        12.52722,
        55.66656
       ],
       [
        12.52722,
        55.66657
       ],
       [
        12.52716,
        55.66658
       ],
       [
        12.52707,
        55.66661
       ],
       [
        12.52695,
        55.66664
       ],
       [
        12.52688,
        55.66679
       ],
       [
        12.52693,
        55.66682
       ],
       [
        12.52696,
        55.66683
       ],
       [
        12.52699,
        55.66685
       ],
       [
        12.52706,
        55.66688
       ],
       [
        12.52721,
        55.66691
       ],
       [
        12.52728,
        55.66686
       ],
       [
        12.52734,
        55.66686
       ],
       [
        12.52738,
        55.66688
       ],
       [
        12.52741,
        55.66689
       ],
       [
        12.52743,
        55.6669
       ],
       [
        12.52742,
        55.66697
       ],
       [
        12.5273,
        55.66696
       ],
       [
        12.52728,
        55.66707
       ],
       [
        12.52722,
        55.66707
       ],
       [
        12.52715,
        55.66711
       ],
       [
        12.52712,
        55.66721
       ],
       [
        12.52721,
        55.66729
       ],
       [
        12.52716,
        55.66738
       ],
       [
        12.52698,
        55.66748
       ],
       [
        12.52702,
        55.66763
       ],
       [
        12.52697,
        55.66771
       ],
       [
        12.52695,
        55.66797
       ],
       [
        12.52683,
        55.66803
       ],
       [
        12.52669,
        55.66808
       ],
       [
        12.52686,
        55.66815
       ],
       [
        12.52689,
        55.66817
       ],
       [
        12.52692,
        55.66815
       ],
       [
        12.52698,
        55.66816
       ],
       [
        12.52712,
        55.66818
       ],
       [
        12.52718,
        55.66819
       ],
       [
        12.52726,
        55.66821
       ],
       [
        12.52737,
        55.66817
       ],
       [
        12.52743,
        55.66821
       ],
       [
        12.52757,
        55.66823
       ],
       [
        12.5275,
        55.66829
       ],
       [
        12.52748,
        55.66837
       ],
       [
        12.52742,
        55.66838
       ],
       [
        12.52733,
        55.66842
       ],
       [
        12.5271,
        55.66845
       ],
       [
        12.52705,
        55.66859
       ],
       [
        12.52696,
        55.66856
       ],
       [
        12.52678,
        55.66853
       ],
       [
        12.52655,
        55.6686
       ],
       [
        12.52652,
        55.66865
       ],
       [
        12.52643,
        55.66868
       ],
       [
        12.5264,
        55.6687
       ],
       [
        12.52635,
        55.66873
       ],
       [
        12.52621,
        55.66872
       ],
       [
        12.52609,
        55.66878
       ],
       [
        12.52606,
        55.66897
       ],
       [
        12.52609,
        55.66907
       ],
       [
        12.52642,
        55.66909
       ],
       [
        12.52646,
        55.66911
       ],
       [
        12.52631,
        55.66914
       ],
       [
        12.52623,
        55.66926
       ],
       [
        12.52619,
        55.6693
       ],
       [
        12.52616,
        55.66938
       ],
       [
        12.52602,
        55.66942
       ],
       [
        12.52607,
        55.66955
       ],
       [
        12.52599,
        55.66963
       ],
       [
        12.52602,
        55.66972
       ],
       [
        12.52621,
        55.6698
       ],
       [
        12.52626,
        55.66984
       ],
       [
        12.52634,
        55.66992
       ],
       [
        12.52638,
        55.66994
       ],
       [
        12.52641,
        55.66997
       ],
       [
        12.52636,
        55.67007
       ],
       [
        12.52632,
        55.67016
       ],
       [
        12.52637,
        55.67018
       ],
       [
        12.52634,
        55.67023
       ],
       [
        12.52635,
        55.67026
       ],
       [
        12.52634,
        55.67032
       ],
       [
        12.52616,
        55.67038
       ],
       [
        12.52609,
        55.67038
       ],
       [
        12.52593,
        55.6704
       ],
       [
        12.52576,
        55.67039
       ],
       [
        12.52571,
        55.67042
       ],
       [
        12.52574,
        55.67051
       ],
       [
        12.52573,
        55.67057
       ],
       [
        12.52545,
        55.6706
       ],
       [
        12.5253,
        55.67067
       ],
       [
        12.52514,
        55.67064
       ],
       [
        12.52489,
        55.67067
       ],
       [
        12.52482,
        55.67067
       ],
       [
        12.52465,
        55.67069
       ],
       [
        12.52458,
        55.67072
       ],
       [
        12.52445,
        55.67075
       ],
       [
        12.52442,
        55.67077
       ],
       [
        12.52434,
        55.67081
       ],
       [
        12.5243,
        55.67092
       ],
       [
        12.52441,
        55.67097
       ],
       [
        12.52441,
        55.67101
       ],
       [
        12.52445,
        55.67104
       ],
       [
        12.52441,
        55.67108
       ],
       [
        12.5244,
        55.67111
       ],
       [
        12.52452,
        55.67111
       ],
       [
        12.5248,
        55.67122
       ],
       [
        12.52496,
        55.67117
       ],
       [
        12.52501,
        55.6713
       ],
       [
        12.52506,
        55.67132
       ],
       [
        12.52506,
        55.67135
       ],
       [
        12.52497,
        55.67137
       ],
       [
        12.52495,
        55.67137
       ],
       [
        12.52473,
        55.67141
       ],
       [
        12.52459,
        55.67142
       ],
       [
        12.52458,
        55.67143
       ],
       [
        12.52433,
        55.6715
       ],
       [
        12.5243,
        55.67155
       ],
       [
        12.52427,
        55.67157
       ],
       [
        12.52417,
        55.67165
       ],
       [
        12.52412,
        55.67168
       ],
       [
        12.52409,
        55.6717
       ],
       [
        12.52404,
        55.67172
       ],
       [
        12.52396,
        55.67165
       ],
       [
        12.52386,
        55.67166
       ],
       [
        12.52383,
        55.67163
       ],
       [
        12.52368,
        55.67162
       ],
       [
        12.52364,
        55.67168
       ],
       [
        12.52344,
        55.67169
       ],
       [
        12.52346,
        55.67172
       ],
       [
        12.52346,
        55.6718
       ],
       [
        12.52334,
        55.6719
       ],
       [
        12.52332,
        55.67196
       ],
       [
        12.52323,
        55.67201
       ],
       [
        12.52317,
        55.67207
       ],
       [
        12.52302,
        55.67213
       ],
       [
        12.52296,
        55.6722
       ],
       [
        12.52289,
        55.67223
       ],
       [
        12.52293,
        55.67227
       ],
       [
        12.52297,
        55.67234
       ],
       [
        12.523,
        55.67236
       ],
       [
        12.52304,
        55.67241
       ],
       [
        12.52308,
        55.67245
       ],
       [
        12.52311,
        55.6725
       ],
       [
        12.52298,
        55.67252
       ],
       [
        12.52292,
        55.67245
       ],
       [
        12.52279,
        55.67244
       ],
       [
        12.52275,
        55.67242
       ],
       [
        12.52261,
        55.67243
       ],
       [
        12.52257,
        55.67252
       ],
       [
        12.52254,
        55.67255
       ],
       [
        12.52261,
        55.67261
       ],
       [
        12.52256,
        55.67277
       ],
       [
        12.52243,
        55.67281
       ],
       [
        12.52229,
        55.67272
       ],
       [
        12.52213,
        55.67284
       ],
       [
        12.5219,
        55.67288
       ],
       [
        12.52185,
        55.67295
       ],
       [
        12.52169,
        55.67299
       ],
       [
        12.52166,
        55.67302
       ],
       [
        12.52174,
        55.67311
       ],
       [
        12.52177,
        55.67321
       ],
       [
        12.52162,
        55.6732
       ],
       [
        12.52159,
        55.67323
       ],
       [
        12.52145,
        55.67325
       ],
       [
        12.52136,
        55.67331
       ],
       [
        12.52127,
        55.67329
       ],
       [
        12.52122,
        55.67329
       ],
       [
        12.52118,
        55.67335
       ],
       [
        12.52108,
        55.67339
       ],
       [
        12.5211,
        55.67344
       ],
       [
        12.52103,
        55.67351
       ],
       [
        12.52105,
        55.67359
       ],
       [
        12.52085,
        55.67361
       ],
       [
        12.52077,
        55.67367
       ],
       [
        12.52083,
        55.67389
       ],
       [
        12.52069,
        55.67392
       ],
       [
        12.52067,
        55.67396
       ],
       [
        12.52063,
        55.67399
       ],
       [
        12.52061,
        55.67407
       ],
       [
        12.52035,
        55.67409
       ],
       [
        12.52029,
        55.67402
       ],
       [
        12.52014,
        55.67401
       ],
       [
        12.5201,
        55.67408
       ],
       [
        12.52024,
        55.67417
       ],
       [
        12.5204,
        55.6742
       ],
       [
        12.52063,
        55.6743
       ],
       [
        12.52071,
        55.67432
       ],
       [
        12.52074,
        55.67433
       ],
       [
        12.52074,
        55.67435
       ],
       [
        12.52066,
        55.67442
       ],
       [
        12.52073,
        55.67503
       ],
       [
        12.52047,
        55.67519
       ],
       [
        12.52035,
        55.67522
       ],
       [
        12.52017,
        55.67516
       ],
       [
        12.52004,
        55.67514
       ],
       [
        12.52001,
        55.67513
       ],
       [
        12.51999,
        55.67512
       ],
       [
        12.51983,
        55.67526
       ],
       [
        12.51993,
        55.67531
       ],
       [
        12.52,
        55.67541
       ],
       [
        12.52007,
        55.67547
       ],
       [
        12.52007,
        55.67551
       ],
       [
        12.52008,
        55.67554
       ],
       [
        12.52022,
        55.67561
       ],
       [
        12.52015,
        55.67581
       ],
       [
        12.52018,
        55.67585
       ],
       [
        12.52022,
        55.67606
       ],
       [
        12.52035,
        55.67619
       ],
       [
        12.52044,
        55.67624
       ],
       [
        12.52058,
        55.67627
       ],
       [
        12.5206,
        55.67639
       ],
       [
        12.52057,
        55.67644
       ],
       [
        12.52043,
        55.67646
       ],
       [
        12.52049,
        55.67659
       ],
       [
        12.52055,
        55.67661
       ],
       [
        12.52044,
        55.67665
       ],
       [
        12.52054,
        55.6769
       ],
       [
        12.52062,
        55.67707
       ],
       [
        12.52073,
        55.67708
       ],
       [
        12.52083,
        55.67714
       ],
       [
        12.52121,
        55.6771
       ],
       [
        12.52128,
        55.67711
       ],
       [
        12.52126,
        55.67716
       ],
       [
        12.52131,
        55.67721
       ],
       [
        12.5214,
        55.67723
       ],
       [
        12.52143,
        55.67733
       ],
       [
        12.52138,
        55.67735
       ],
       [
        12.52136,
        55.67741
       ],
       [
        12.52123,
        55.67743
       ],
       [
        12.52121,
        55.67748
       ],
       [
        12.52084,
        55.67751
       ],
       [
        12.52092,
        55.67761
       ],
       [
        12.52087,
        55.67779
       ],
       [
        12.52095,
        55.67783
       ],
       [
        12.52099,
        55.67789
       ],
       [
        12.52119,
        55.67788
       ],
       [
        12.52133,
        55.6779
       ],
       [
        12.52144,
        55.67798
       ],
       [
        12.52151,
        55.67821
       ],
       [
        12.5217,
        55.67823
       ],
       [
        12.52172,
        55.67827
       ],
       [
        12.52198,
        55.67829
       ],
       [
        12.52204,
        55.67859
       ],
       [
        12.52212,
        55.6786
       ],
       [
        12.52207,
        55.67865
       ],
       [
        12.52201,
        55.67868
       ],
       [
        12.52147,
        55.67873
       ],
       [
        12.52133,
        55.67868
       ],
       [
        12.5213,
        55.67885
       ],
       [
        12.52122,
        55.67886
       ],
       [
        12.52126,
        55.67904
       ],
       [
        12.5213,
        55.67905
       ],
       [
        12.52138,
        55.67906
       ],
       [
        12.52141,
        55.6791
       ],
       [
        12.52149,
        55.67913
       ],
       [
        12.52162,
        55.67924
       ],
       [
        12.52181,
        55.67926
       ],
       [
        12.52187,
        55.6793
       ],
       [
        12.52198,
        55.67931
       ],
       [
        12.52213,
        55.67934
       ],
       [
        12.52223,
        55.67934
       ],
       [
        12.5223,
        55.67934
       ],
       [
        12.52242,
        55.67936
       ],
       [
        12.52262,
        55.67937
       ],
       [
        12.52271,
        55.6794
       ],
       [
        12.52281,
        55.67941
       ],
       [
        12.52285,
        55.67946
       ],
       [
        12.52304,
        55.67948
       ],
       [
        12.52317,
        55.6795
       ],
       [
        12.52328,
        55.6795
       ],
       [
        12.52326,
        55.67958
       ],
       [
        12.52337,
        55.6796
       ],
       [
        12.52342,
        55.67971
       ],
       [
        12.52356,
        55.67975
       ],
       [
        12.52373,
        55.67973
       ],
       [
        12.52396,
        55.67969
       ],
       [
        12.52411,
        55.67971
       ],
       [
        12.52412,
        55.67979
       ],
       [
        12.52412,
        55.67987
       ],
       [
        12.52413,
        55.67993
       ],
       [
        12.52413,
        55.67995
       ],
       [
        12.52417,
        55.67997
       ],
       [
        12.52417,
        55.68014
       ],
       [
        12.52436,
        55.6802
       ],
       [
        12.52448,
        55.68015
       ],
       [
        12.52457,
        55.68016
       ],
       [
        12.52462,
        55.68012
       ],
       [
        12.52479,
        55.68015
       ],
       [
        12.52487,
        55.68016
       ],
       [
        12.52489,
        55.68022
       ],
       [
        12.52501,
        55.68031
       ],
       [
        12.52499,
        55.68038
       ],
       [
        12.52501,
        55.68043
       ],
       [
        12.52494,
        55.68046
       ],
       [
        12.52497,
        55.68051
       ],
       [
        12.52517,
        55.68053
       ],
       [
        12.52515,
        55.68059
       ],
       [
        12.52508,
        55.68064
       ],
       [
        12.52506,
        55.6807
       ],
       [
        12.525,
        55.68073
       ],
       [
        12.52504,
        55.68081
       ],
       [
        12.52512,
        55.68081
       ],
       [
        12.52515,
        55.68085
       ],
       [
        12.52514,
        55.68089
       ],
       [
        12.52517,
        55.681
       ],
       [
        12.52462,
        55.68094
       ],
       [
        12.52451,
        55.68098
       ],
       [
        12.52456,
        55.68105
       ],
       [
        12.52454,
        55.68113
       ],
       [
        12.52466,
        55.68121
       ],
       [
        12.5247,
        55.68134
       ],
       [
        12.52478,
        55.68155
       ],
       [
        12.52469,
        55.68163
       ],
       [
        12.52439,
        55.68165
       ],
       [
        12.52436,
        55.68173
       ],
       [
        12.52432,
        55.68176
       ],
       [
        12.52431,
        55.68189
       ],
       [
        12.52425,
        55.68194
       ],
       [
        12.52422,
        55.68202
       ],
       [
        12.52406,
        55.68204
       ],
       [
        12.524,
        55.68206
       ],
       [
        12.52397,
        55.68201
       ],
       [
        12.52392,
        55.68196
       ],
       [
        12.52396,
        55.68194
       ],
       [
        12.52398,
        55.68186
       ],
       [
        12.52404,
        55.6818
       ],
       [
        12.524,
        55.68172
       ],
       [
        12.52391,
        55.68172
       ],
       [
        12.5236,
        55.68175
       ],
       [
        12.52354,
        55.68162
       ],
       [
        12.52347,
        55.68158
       ],
       [
        12.52339,
        55.68161
       ],
       [
        12.52332,
        55.68158
       ],
       [
        12.52327,
        55.68155
       ],
       [
        12.52322,
        55.68152
       ],
       [
        12.52287,
        55.68152
       ],
       [
        12.52282,
        55.68148
       ],
       [
        12.52265,
        55.68154
       ],
       [
        12.52258,
        55.6816
       ],
       [
        12.5225,
        55.68157
       ],
       [
        12.52246,
        55.68153
       ],
       [
        12.52231,
        55.68154
       ],
       [
        12.5222,
        55.68147
       ],
       [
        12.52217,
        55.68143
       ],
       [
        12.52215,
        55.68142
       ],
       [
        12.52213,
        55.68143
       ],
       [
        12.52202,
        55.68144
       ],
       [
        12.52187,
        55.68149
       ],
       [
        12.52155,
        55.68152
       ],
       [
        12.52144,
        55.68152
       ],
       [
        12.5213,
        55.68155
       ],
       [
        12.52108,
        55.6816
       ],
       [
        12.521,
        55.68155
       ],
       [
        12.52087,
        55.68156
       ],
       [
        12.52088,
        55.68163
       ],
       [
        12.52059,
        55.6817
       ],
       [
        12.52028,
        55.68174
       ],
       [
        12.52034,
        55.68203
       ],
       [
        12.52017,
        55.68206
       ],
       [
        12.52009,
        55.68212
       ],
       [
        12.51999,
        55.68214
       ],
       [
        12.51986,
        55.68212
       ],
       [
        12.51974,
        55.68215
       ],
       [
        12.51977,
        55.68222
       ],
       [
        12.51941,
        55.68228
       ],
       [
        12.5191,
        55.68235
       ],
       [
        12.5188,
        55.68236
       ],
       [
        12.51875,
        55.6824
       ],
       [
        12.51843,
        55.68246
       ],
       [
        12.51827,
        55.68244
       ],
       [
        12.51809,
        55.6825
       ],
       [
        12.518,
        55.68252
       ],
       [
        12.51797,
        55.68257
       ],
       [
        12.51805,
        55.68267
       ],
       [
        12.51804,
        55.6827
       ],
       [
        12.51805,
        55.68273
       ],
       [
        12.51821,
        55.68279
       ],
       [
        12.51826,
        55.68285
       ],
       [
        12.51841,
        55.68281
       ],
       [
        12.51852,
        55.68281
       ],
       [
        12.51864,
        55.68277
       ],
       [
        12.51876,
        55.68287
       ],
       [
        12.51878,
        55.6829
       ],
       [
        12.51887,
        55.68292
       ],
       [
        12.51937,
        55.6828
       ],
       [
        12.51941,
        55.68269
       ],
       [
        12.51947,
        55.68263
       ],
       [
        12.51958,
        55.6826
       ],
       [
        12.5197,
        55.68272
       ],
       [
        12.51974,
        55.68272
       ],
       [
        12.51983,
        55.68266
       ],
       [
        12.51982,
        55.6826
       ],
       [
        12.51975,
        55.68254
       ],
       [
        12.51969,
        55.68248
       ],
       [
        12.51976,
        55.68244
       ],
       [
        12.51998,
        55.68241
       ],
       [
        12.5201,
        55.68241
       ],
       [
        12.52022,
        55.68256
       ],
       [
        12.52026,
        55.68258
       ],
       [
        12.52079,
        55.68245
       ],
       [
        12.52135,
        55.68231
       ],
       [
        12.52145,
        55.68231
       ],
       [
        12.52145,
        55.68235
       ],
       [
        12.52158,
        55.68236
       ],
       [
        12.52161,
        55.68239
       ],
       [
        12.52154,
        55.68246
       ],
       [
        12.52146,
        55.68247
       ],
       [
        12.52144,
        55.68257
       ],
       [
        12.52116,
        55.68264
       ],
       [
        12.52113,
        55.68267
       ],
       [
        12.52098,
        55.68271
       ],
       [
        12.52104,
        55.68287
       ],
       [
        12.52118,
        55.68293
       ],
       [
        12.5212,
        55.68296
       ],
       [
        12.52103,
        55.68298
       ],
       [
        12.52105,
        55.68308
       ],
       [
        12.52098,
        55.6831
       ],
       [
        12.52093,
        55.68313
       ],
       [
        12.52089,
        55.68316
       ],
       [
        12.52086,
        55.68328
       ],
       [
        12.52069,
        55.68331
       ],
       [
        12.52047,
        55.68331
       ],
       [
        12.52039,
        55.68324
       ],
       [
        12.5203,
        55.68323
       ],
       [
        12.52026,
        55.6833
       ],
       [
        12.51978,
        55.68342
       ],
       [
        12.51972,
        55.68338
       ],
       [
        12.51959,
        55.68336
       ],
       [
        12.51961,
        55.68345
       ],
       [
        12.51969,
        55.68352
       ],
       [
        12.51961,
        55.6836
       ],
       [
        12.51967,
        55.68372
       ],
       [
        12.51967,
        55.68383
       ],
       [
        12.51989,
        55.68393
       ],
       [
        12.52005,
        55.68402
       ],
       [
        12.52005,
        55.68406
       ],
       [
        12.52009,
        55.68411
       ],
       [
        12.52035,
        55.68406
       ],
       [
        12.52048,
        55.68401
       ],
       [
        12.52066,
        55.68396
       ],
       [
        12.52074,
        55.68402
       ],
       [
        12.52055,
        55.68407
       ],
       [
        12.52057,
        55.68414
       ],
       [
        12.52085,
        55.68415
       ],
       [
        12.52055,
        55.68432
       ],
       [
        12.52052,
        55.68434
       ],
       [
        12.52049,
        55.68435
       ],
       [
        12.52046,
        55.68437
       ],
       [
        12.52033,
        55.68439
       ],
       [
        12.52024,
        55.68443
       ],
       [
        12.52018,
        55.68445
       ],
       [
        12.52009,
        55.68448
       ],
       [
        12.52018,
        55.68465
       ],
       [
        12.5204,
        55.6846
       ],
       [
        12.52045,
        55.68464
       ],
       [
        12.52049,
        55.68464
       ],
       [
        12.52054,
        55.6846
       ],
       [
        12.52077,
        55.68457
       ],
       [
        12.52086,
        55.6846
       ],
       [
        12.52095,
        55.68459
       ],
       [
        12.52117,
        55.68461
       ],
       [
        12.52126,
        55.68455
       ],
       [
        12.52136,
        55.68455
       ],
       [
        12.52143,
        55.68454
       ],
       [
        12.52161,
        55.68454
       ],
       [
        12.52165,
        55.68461
       ],
       [
        12.52169,
        55.68465
       ],
       [
        12.52169,
        55.68469
       ],
       [
        12.52188,
        55.68471
       ],
       [
        12.52191,
        55.68464
       ],
       [
        12.52197,
        55.6846
       ],
       [
        12.52201,
        55.68455
       ],
       [
        12.52195,
        55.68446
       ],
       [
        12.52216,
        55.68443
       ],
       [
        12.5222,
        55.68449
       ],
       [
        12.52223,
        55.68457
       ],
       [
        12.52218,
        55.68463
       ],
       [
        12.52225,
        55.68475
       ],
       [
        12.52224,
        55.6848
       ],
       [
        12.52227,
        55.68485
       ],
       [
        12.52225,
        55.68489
       ],
       [
        12.52213,
        55.68492
       ],
       [
        12.52199,
        55.68495
       ],
       [
        12.52205,
        55.68505
       ],
       [
        12.52205,
        55.68508
       ],
       [
        12.52193,
        55.68511
       ],
       [
        12.52182,
        55.68507
       ],
       [
        12.52173,
        55.68511
       ],
       [
        12.52165,
        55.68514
       ],
       [
        12.52138,
        55.68518
       ],
       [
        12.52144,
        55.68529
       ],
       [
        12.5215,
        55.68531
       ],
       [
        12.5215,
        55.68535
       ],
       [
        12.52134,
        55.68541
       ],
       [
        12.52132,
        55.68546
       ],
       [
        12.52129,
        55.6855
       ],
       [
        12.52129,
        55.68554
       ],
       [
        12.52126,
        55.68557
       ],
       [
        12.52127,
        55.68562
       ],
       [
        12.52124,
        55.68566
       ],
       [
        12.52121,
        55.68571
       ],
       [
        12.5213,
        55.68586
       ],
       [
        12.5213,
        55.68597
       ],
       [
        12.5213,
        55.68599
       ],
       [
        12.52144,
        55.68598
       ],
       [
        12.52149,
        55.68598
       ],
       [
        12.52152,
        55.68594
       ],
       [
        12.52158,
        55.68596
       ],
       [
        12.52172,
        55.68597
       ],
       [
        12.52177,
        55.6859
       ],
       [
        12.52183,
        55.68588
       ],
       [
        12.52189,
        55.68602
       ],
       [
        12.52181,
        55.68606
       ],
       [
        12.52187,
        55.68613
       ],
       [
        12.52176,
        55.68619
       ],
       [
        12.52198,
        55.68649
       ],
       [
        12.52202,
        55.68654
       ],
       [
        12.52208,
        55.68662
       ],
       [
        12.52211,
        55.68667
       ],
       [
        12.52213,
        55.68668
       ],
       [
        12.52216,
        55.68674
       ],
       [
        12.52221,
        55.6868
       ],
       [
        12.52224,
        55.68686
       ],
       [
        12.52232,
        55.68695
       ],
       [
        12.52241,
        55.68694
       ],
       [
        12.52244,
        55.68694
       ],
       [
        12.5225,
        55.68693
       ],
       [
        12.52256,
        55.68701
       ],
       [
        12.52275,
        55.68703
       ],
       [
        12.52282,
        55.687
       ],
       [
        12.52289,
        55.68699
       ],
       [
        12.5229,
        55.68679
       ],
       [
        12.52303,
        55.68683
       ],
       [
        12.52305,
        55.68684
       ],
       [
        12.52307,
        55.68691
       ],
       [
        12.52312,
        55.68696
       ],
       [
        12.52318,
        55.68708
       ],
       [
        12.52306,
        55.6871
       ],
       [
        12.52303,
        55.6872
       ],
       [
        12.52279,
        55.68726
       ],
       [
        12.52284,
        55.68739
       ],
       [
        12.52297,
        55.68752
       ],
       [
        12.52305,
        55.68754
       ],
       [
        12.52316,
        55.6876
       ],
       [
        12.5232,
        55.68753
       ],
       [
        12.5233,
        55.68753
       ],
       [
        12.52338,
        55.68753
       ],
       [
        12.52344,
        55.68752
       ],
       [
        12.52356,
        55.68756
       ],
       [
        12.52364,
        55.68761
       ],
       [
        12.52371,
        55.68762
       ],
       [
        12.52374,
        55.68768
       ],
       [
        12.52386,
        55.68767
       ],
       [
        12.52398,
        55.6877
       ],
       [
        12.52403,
        55.68767
       ],
       [
        12.52406,
        55.6876
       ],
       [
        12.5242,
        55.68759
       ],
       [
        12.52428,
        55.68763
       ],
       [
        12.52449,
        55.68791
       ],
       [
        12.52453,
        55.68792
       ],
       [
        12.52457,
        55.68798
       ],
       [
        12.52469,
        55.688
       ],
       [
        12.52471,
        55.68808
       ],
       [
        12.52471,
        55.68819
       ],
       [
        12.52504,
        55.68819
       ],
       [
        12.52536,
        55.68811
       ],
       [
        12.52545,
        55.68815
       ],
       [
        12.52551,
        55.68819
       ],
       [
        12.52558,
        55.68822
       ],
       [
        12.52561,
        55.68827
       ],
       [
        12.5257,
        55.68829
       ],
       [
        12.52575,
        55.68839
       ],
       [
        12.5259,
        55.6884
       ],
       [
        12.52594,
        55.68842
       ],
       [
        12.52601,
        55.68844
       ],
       [
        12.52605,
        55.6885
       ],
       [
        12.52595,
        55.68862
       ],
       [
        12.52673,
        55.68947
       ],
       [
        12.52668,
        55.6895
       ],
       [
        12.52669,
        55.68961
       ],
       [
        12.52675,
        55.68961
       ],
       [
        12.52679,
        55.68968
       ],
       [
        12.5269,
        55.68973
       ],
       [
        12.52654,
        55.68984
       ],
       [
        12.52662,
        55.6899
       ],
       [
        12.52667,
        55.69
       ],
       [
        12.52657,
        55.69006
       ],
       [
        12.52654,
        55.6901
       ],
       [
        12.52642,
        55.6901
       ],
       [
        12.5264,
        55.69011
       ],
       [
        12.52632,
        55.69012
       ],
       [
        12.52623,
        55.69015
       ],
       [
        12.52617,
        55.6902
       ],
       [
        12.52605,
        55.6902
       ],
       [
        12.52592,
        55.69024
       ],
       [
        12.52586,
        55.69031
       ],
       [
        12.52599,
        55.69034
       ],
       [
        12.5259,
        55.69038
       ],
       [
        12.52587,
        55.69042
       ],
       [
        12.52577,
        55.69044
       ],
       [
        12.52582,
        55.6905
       ],
       [
        12.52596,
        55.69053
       ],
       [
        12.52604,
        55.6906
       ],
       [
        12.52598,
        55.69063
       ],
       [
        12.52596,
        55.69067
       ],
       [
        12.52609,
        55.69069
       ],
       [
        12.52612,
        55.69074
       ],
       [
        12.52621,
        55.69082
       ],
       [
        12.5261,
        55.69088
       ],
       [
        12.52608,
        55.69097
       ],
       [
        12.52592,
        55.69101
       ],
       [
        12.5259,
        55.69104
       ],
       [
        12.52604,
        55.69111
       ],
       [
        12.5261,
        55.69118
       ],
       [
        12.52604,
        55.69125
       ],
       [
        12.52583,
        55.69124
       ],
       [
        12.52577,
        55.69129
       ],
       [
        12.52566,
        55.69131
       ],
       [
        12.52563,
        55.69138
       ],
       [
        12.52571,
        55.69145
       ],
       [
        12.52574,
        55.69149
       ],
       [
        12.52584,
        55.69152
       ],
       [
        12.52598,
        55.69157
       ],
       [
        12.52597,
        55.69167
       ],
       [
        12.52579,
        55.69174
       ],
       [
        12.52564,
        55.69161
       ],
       [
        12.52554,
        55.69162
       ],
       [
        12.52551,
        55.69172
       ],
       [
        12.52566,
        55.69174
       ],
       [
        12.52579,
        55.69183
       ],
       [
        12.52578,
        55.69199
       ],
       [
        12.52569,
        55.69201
       ],
       [
        12.52559,
        55.69206
       ],
       [
        12.52543,
        55.6921
       ],
       [
        12.52529,
        55.69213
       ],
       [
        12.52518,
        55.69218
       ],
       [
        12.52492,
        55.69225
       ],
       [
        12.5249,
        55.6923
       ],
       [
        12.52509,
        55.69251
       ],
       [
        12.52501,
        55.69255
       ],
       [
        12.52517,
        55.69258
       ],
       [
        12.52521,
        55.6926
       ],
       [
        12.52531,
        55.69263
       ],
       [
        12.52536,
        55.69266
       ],
       [
        12.52541,
        55.69277
       ],
       [
        12.52545,
        55.69279
       ],
       [
        12.52548,
        55.69287
       ],
       [
        12.52541,
        55.6929
       ],
       [
        12.52545,
        55.69305
       ],
       [
        12.52539,
        55.69311
       ],
       [
        12.52532,
        55.69314
       ],
       [
        12.5252,
        55.69318
       ],
       [
        12.52518,
        55.69322
       ],
       [
        12.52527,
        55.69323
       ],
       [
        12.52532,
        55.69326
       ],
       [
        12.52555,
        55.69324
       ],
       [
        12.52566,
        55.69324
       ],
       [
        12.52575,
        55.69331
       ],
       [
        12.52562,
        55.69334
       ],
       [
        12.52553,
        55.69338
       ],
       [
        12.52547,
        55.69342
       ],
       [
        12.5255,
        55.69352
       ],
       [
        12.52558,
        55.69356
       ],
       [
        12.52554,
        55.69366
       ],
       [
        12.52535,
        55.6937
       ],
       [
        12.52524,
        55.69369
       ],
       [
        12.52521,
        55.69376
       ],
       [
        12.52512,
        55.69379
       ],
       [
        12.5251,
        55.69385
       ],
       [
        12.52529,
        55.69389
       ],
       [
        12.52532,
        55.69391
       ],
       [
        12.52536,
        55.69392
       ],
       [
        12.52539,
        55.69394
       ],
       [
        12.52551,
        55.69393
       ],
       [
        12.52555,
        55.69395
       ],
       [
        12.52547,
        55.69403
       ],
       [
        12.52554,
        55.69414
       ],
       [
        12.52543,
        55.69422
       ],
       [
        12.52534,
        55.69426
       ],
       [
        12.52513,
        55.69425
       ],
       [
        12.52502,
        55.69411
       ],
       [
        12.52493,
        55.69412
       ],
       [
        12.52491,
        55.69422
       ],
       [
        12.52484,
        55.69429
       ],
       [
        12.52493,
        55.69435
       ],
       [
        12.52499,
        55.69431
       ],
       [
        12.52512,
        55.69431
       ],
       [
        12.52511,
        55.69441
       ],
       [
        12.52499,
        55.69444
       ],
       [
        12.525,
        55.69447
       ],
       [
        12.52487,
        55.69454
       ],
       [
        12.52481,
        55.69448
       ],
       [
        12.52474,
        55.69447
       ],
       [
        12.52457,
        55.69439
       ],
       [
        12.52438,
        55.69437
       ],
       [
        12.52428,
        55.69433
       ],
       [
        12.52412,
        55.69445
       ],
       [
        12.52393,
        55.69451
       ],
       [
        12.52389,
        55.69456
       ],
       [
        12.52384,
        55.69461
       ],
       [
        12.52378,
        55.6946
       ],
       [
        12.52339,
        55.69446
       ],
       [
        12.52338,
        55.69444
       ],
       [
        12.52335,
        55.69444
       ],
       [
        12.52305,
        55.69433
       ],
       [
        12.5222,
        55.69394
       ],
       [
        12.5215,
        55.69355
       ],
       [
        12.52115,
        55.69339
       ],
       [
        12.52107,
        55.69335
       ],
       [
        12.52102,
        55.69332
       ],
       [
        12.521,
        55.69334
       ],
       [
        12.52095,
        55.69337
       ],
       [
        12.52087,
        55.69342
       ],
       [
        12.52073,
        55.69345
       ],
       [
        12.52071,
        55.69351
       ],
       [
        12.52083,
        55.69356
       ],
       [
        12.52071,
        55.69361
       ],
       [
        12.52046,
        55.69367
       ],
       [
        12.52037,
        55.69371
       ],
       [
        12.52022,
        55.69374
       ],
       [
        12.5202,
        55.69386
       ],
       [
        12.52003,
        55.69388
       ],
       [
        12.51996,
        55.69388
       ],
       [
        12.51988,
        55.69389
       ],
       [
        12.51984,
        55.69383
       ],
       [
        12.51977,
        55.69376
       ],
       [
        12.51955,
        55.69375
       ],
       [
        12.51944,
        55.69366
       ],
       [
        12.51937,
        55.69356
       ],
       [
        12.51933,
        55.69351
       ],
       [
        12.51924,
        55.69335
       ],
       [
        12.51915,
        55.69324
       ],
       [
        12.51902,
        55.69303
       ],
       [
        12.51889,
        55.69287
       ],
       [
        12.51886,
        55.6928
       ],
       [
        12.51882,
        55.69277
       ],
       [
        12.51879,
        55.69271
       ],
       [
        12.51871,
        55.69263
       ],
       [
        12.51869,
        55.69258
       ],
       [
        12.51868,
        55.69257
       ],
       [
        12.51856,
        55.69249
       ],
       [
        12.51847,
        55.6924
       ],
       [
        12.51842,
        55.69234
       ],
       [
        12.5183,
        55.69235
       ],
       [
        12.51835,
        55.69242
       ],
       [
        12.51822,
        55.69246
       ],
       [
        12.51819,
        55.6925
       ],
       [
        12.51821,
        55.6926
       ],
       [
        12.5183,
        55.69262
       ],
       [
        12.51837,
        55.69265
       ],
       [
        12.51822,
        55.6927
       ],
       [
        12.51819,
        55.69275
       ],
       [
        12.51829,
        55.6928
       ],
       [
        12.51822,
        55.69282
       ],
       [
        12.51819,
        55.69284
       ],
       [
        12.51814,
        55.69287
       ],
       [
        12.51788,
        55.69292
       ],
       [
        12.5178,
        55.69295
       ],
       [
        12.51776,
        55.69299
       ],
       [
        12.51767,
        55.69301
       ],
       [
        12.51757,
        55.69303
       ],
       [
        12.51748,
        55.69305
       ],
       [
        12.51745,
        55.69307
       ],
       [
        12.51737,
        55.6931
       ],
       [
        12.51732,
        55.69307
       ],
       [
        12.5172,
        55.6931
       ],
       [
        12.51716,
        55.69306
       ],
       [
        12.51706,
        55.69307
       ],
       [
        12.51699,
        55.69311
       ],
       [
        12.51693,
        55.69315
       ],
       [
        12.51673,
        55.69318
       ],
       [
        12.5167,
        55.69321
       ],
       [
        12.51658,
        55.69321
       ],
       [
        12.51641,
        55.69323
       ],
       [
        12.51635,
        55.69331
       ],
       [
        12.51607,
        55.69331
       ],
       [
        12.51595,
        55.69319
       ],
       [
        12.51586,
        55.69319
       ],
       [
        12.51588,
        55.69326
       ],
       [
        12.51585,
        55.6933
       ],
       [
        12.51582,
        55.6934
       ],
       [
        12.51599,
        55.69342
       ],
       [
        12.51602,
        55.69352
       ],
       [
        12.51587,
        55.69355
       ],
       [
        12.51568,
        55.69359
       ],
       [
        12.51559,
        55.69359
       ],
       [
        12.51542,
        55.6936
       ],
       [
        12.51529,
        55.69369
       ],
       [
        12.51534,
        55.69371
       ],
       [
        12.51518,
        55.69373
       ],
       [
        12.51511,
        55.69376
       ],
       [
        12.51507,
        55.69384
       ],
       [
        12.51502,
        55.69384
       ],
       [
        12.51488,
        55.69385
       ],
       [
        12.51484,
        55.69383
       ],
       [
        12.51476,
        55.69379
       ],
       [
        12.51459,
        55.69386
       ],
       [
        12.51437,
        55.69388
       ],
       [
        12.51434,
        55.69392
       ],
       [
        12.51435,
        55.69396
       ],
       [
        12.51441,
        55.69399
       ],
       [
        12.51445,
        55.69407
       ],
       [
        12.51432,
        55.69412
       ],
       [
        12.51427,
        55.69415
       ],
       [
        12.51422,
        55.69418
       ],
       [
        12.51418,
        55.69428
       ],
       [
        12.51433,
        55.6943
       ],
       [
        12.51441,
        55.69438
       ],
       [
        12.51417,
        55.69443
       ],
       [
        12.51414,
        55.69453
       ],
       [
        12.51403,
        55.69457
       ],
       [
        12.51402,
        55.69459
       ],
       [
        12.51381,
        55.69465
       ],
       [
        12.51377,
        55.69465
       ],
       [
        12.51372,
        55.69466
       ],
       [
        12.51368,
        55.69466
       ],
       [
        12.51361,
        55.69466
       ],
       [
        12.51362,
        55.69473
       ],
       [
        12.51362,
        55.69478
       ],
       [
        12.51364,
        55.69486
       ],
       [
        12.51363,
        55.69494
       ],
       [
        12.51345,
        55.69491
       ],
       [
        12.51341,
        55.69492
       ],
       [
        12.51342,
        55.69497
       ],
       [
        12.51342,
        55.69502
       ],
       [
        12.51326,
        55.69508
       ],
       [
        12.51327,
        55.69512
       ],
       [
        12.51327,
        55.69514
       ],
       [
        12.51328,
        55.69518
       ],
       [
        12.51328,
        55.69523
       ],
       [
        12.51314,
        55.69536
       ],
       [
        12.51304,
        55.69538
       ],
       [
        12.51296,
        55.6954
       ],
       [
        12.51279,
        55.6954
       ],
       [
        12.51262,
        55.69547
       ],
       [
        12.51252,
        55.69546
       ],
       [
        12.51225,
        55.69541
       ],
       [
        12.51212,
        55.69537
       ],
       [
        12.51184,
        55.69533
       ],
       [
        12.51166,
        55.6953
       ],
       [
        12.51144,
        55.69533
       ],
       [
        12.51141,
        55.69533
       ],
       [
        12.5114,
        55.69534
       ],
       [
        12.5114,
        55.69535
       ],
       [
        12.5114,
        55.69535
       ],
       [
        12.51136,
        55.69533
       ],
       [
        12.5113,
        55.6953
       ],
       [
        12.51125,
        55.69527
       ],
       [
        12.51118,
        55.6952
       ],
       [
        12.51094,
        55.69508
       ],
       [
        12.5108,
        55.69509
       ],
       [
        12.51074,
        55.69509
       ],
       [
        12.51069,
        55.69503
       ],
       [
        12.51062,
        55.695
       ],
       [
        12.51057,
        55.69498
       ],
       [
        12.51052,
        55.69495
       ],
       [
        12.51042,
        55.69495
       ],
       [
        12.51028,
        55.6949
       ],
       [
        12.51021,
        55.69491
       ],
       [
        12.51016,
        55.69483
       ],
       [
        12.51012,
        55.6948
       ],
       [
        12.51005,
        55.69476
       ],
       [
        12.50992,
        55.69477
       ],
       [
        12.50972,
        55.6949
       ],
       [
        12.50955,
        55.695
       ],
       [
        12.50931,
        55.69516
       ],
       [
        12.50915,
        55.69526
       ],
       [
        12.50909,
        55.6953
       ],
       [
        12.50867,
        55.69555
       ],
       [
        12.5082,
        55.69585
       ],
       [
        12.50789,
        55.69604
       ],
       [
        12.50761,
        55.69622
       ],
       [
        12.50762,
        55.69631
       ],
       [
        12.50759,
        55.69633
       ],
       [
        12.50756,
        55.69637
       ],
       [
        12.50753,
        55.6964
       ],
       [
        12.5073,
        55.6965
       ],
       [
        12.50723,
        55.69659
       ],
       [
        12.50718,
        55.69662
       ],
       [
        12.50706,
        55.6967
       ],
       [
        12.50696,
        55.69676
       ],
       [
        12.5069,
        55.69682
       ],
       [
        12.50661,
        55.69699
       ],
       [
        12.50657,
        55.6971
       ],
       [
        12.50648,
        55.69717
       ],
       [
        12.50659,
        55.69724
       ],
       [
        12.50659,
        55.69727
       ],
       [
        12.50646,
        55.6973
       ],
       [
        12.50637,
        55.6973
       ],
       [
        12.5063,
        55.69732
       ],
       [
        12.50605,
        55.69744
       ],
       [
        12.50592,
        55.69741
       ],
       [
        12.50587,
        55.69744
       ],
       [
        12.50578,
        55.69746
       ],
       [
        12.50575,
        55.69752
       ],
       [
        12.50559,
        55.69748
       ],
       [
        12.50549,
        55.69754
       ],
       [
        12.50544,
        55.69761
       ],
       [
        12.50541,
        55.69765
       ],
       [
        12.50529,
        55.69769
       ],
       [
        12.50503,
        55.69783
       ],
       [
        12.50488,
        55.69794
       ],
       [
        12.50486,
        55.69794
       ],
       [
        12.50474,
        55.69787
       ],
       [
        12.50461,
        55.69785
       ],
       [
        12.50466,
        55.69782
       ],
       [
        12.50469,
        55.6978
       ],
       [
        12.50473,
        55.69777
       ],
       [
        12.50485,
        55.69774
       ],
       [
        12.50493,
        55.69771
       ],
       [
        12.50485,
        55.69763
       ],
       [
        12.50445,
        55.69753
       ],
       [
        12.50427,
        55.69749
       ],
       [
        12.50407,
        55.69763
       ],
       [
        12.50385,
        55.69757
       ],
       [
        12.5036,
        55.6977
       ],
       [
        12.50351,
        55.69779
       ],
       [
        12.50333,
        55.69782
       ],
       [
        12.50312,
        55.69792
       ],
       [
        12.50289,
        55.69788
       ],
       [
        12.5028,
        55.69794
       ],
       [
        12.5029,
        55.69799
       ],
       [
        12.50297,
        55.69803
       ],
       [
        12.50297,
        55.69816
       ],
       [
        12.50283,
        55.69824
       ],
       [
        12.50273,
        55.69832
       ],
       [
        12.50262,
        55.69841
       ],
       [
        12.50252,
        55.69847
       ],
       [
        12.50207,
        55.69878
       ],
       [
        12.5018,
        55.69898
       ],
       [
        12.50173,
        55.69902
       ],
       [
        12.50166,
        55.69907
       ],
       [
        12.5015,
        55.69915
       ],
       [
        12.50145,
        55.69922
       ],
       [
        12.50138,
        55.69928
       ],
       [
        12.50138,
        55.69929
       ],
       [
        12.50122,
        55.69933
       ],
       [
        12.49952,
        55.7
       ],
       [
        12.49892,
        55.69997
       ],
       [
        12.49797,
        55.69993
       ],
       [
        12.49796,
        55.69989
       ],
       [
        12.49799,
        55.69968
       ],
       [
        12.49799,
        55.69947
       ],
       [
        12.49733,
        55.69955
       ],
       [
        12.49663,
        55.69979
       ],
       [
        12.49612,
        55.69996
       ],
       [
        12.49556,
        55.70022
       ],
       [
        12.49498,
        55.70055
       ],
       [
        12.4945,
        55.70088
       ],
       [
        12.49393,
        55.70091
       ],
       [
        12.49301,
        55.70095
       ],
       [
        12.49127,
        55.70102
       ],
       [
        12.49105,
        55.70109
       ],
       [
        12.49073,
        55.70127
       ],
       [
        12.48983,
        55.70182
       ],
       [
        12.49002,
        55.70236
       ],
       [
        12.49023,
        55.70284
       ],
       [
        12.49028,
        55.70319
       ],
       [
        12.4905,
        55.70359
       ],
       [
        12.49053,
        55.70386
       ],
       [
        12.49064,
        55.70404
       ],
       [
        12.49075,
        55.70423
       ],
       [
        12.49111,
        55.70447
       ],
       [
        12.49216,
        55.7053
       ],
       [
        12.49236,
        55.70553
       ],
       [
        12.49194,
        55.70565
       ],
       [
        12.49057,
        55.70591
       ],
       [
        12.48985,
        55.70615
       ],
       [
        12.48849,
        55.70669
       ],
       [
        12.48645,
        55.70744
       ],
       [
        12.48516,
        55.70797
       ],
       [
        12.48571,
        55.70846
       ],
       [
        12.48572,
        55.70856
       ],
       [
        12.48567,
        55.70877
       ],
       [
        12.48543,
        55.70922
       ],
       [
        12.48528,
        55.70994
       ],
       [
        12.48526,
        55.71042
       ],
       [
        12.48519,
        55.71071
       ],
       [
        12.48518,
        55.71111
       ],
       [
        12.48524,
        55.7113
       ],
       [
        12.48527,
        55.7116
       ],
       [
        12.48532,
        55.71185
       ],
       [
        12.48536,
        55.71204
       ],
       [
        12.48543,
        55.71234
       ],
       [
        12.48563,
        55.71273
       ],
       [
        12.48564,
        55.71286
       ],
       [
        12.48581,
        55.71319
       ],
       [
        12.48591,
        55.71332
       ],
       [
        12.48602,
        55.71349
       ],
       [
        12.48631,
        55.71393
       ],
       [
        12.48657,
        55.71428
       ],
       [
        12.48695,
        55.71482
       ],
       [
        12.48736,
        55.71533
       ],
       [
        12.47617,
        55.71851
       ],
       [
        12.4746,
        55.71802
       ],
       [
        12.47436,
        55.71825
       ],
       [
        12.47397,
        55.71862
       ],
       [
        12.47339,
        55.71923
       ],
       [
        12.47342,
        55.71931
       ],
       [
        12.47335,
        55.71926
       ],
       [
        12.4732,
        55.71915
       ],
       [
        12.47286,
        55.71886
       ],
       [
        12.47283,
        55.71887
       ],
       [
        12.47119,
        55.71886
       ],
       [
        12.47048,
        55.71886
       ],
       [
        12.46969,
        55.71886
       ],
       [
        12.4696,
        55.71886
       ],
       [
        12.46957,
        55.71886
       ],
       [
        12.46857,
        55.71885
       ],
       [
        12.46751,
        55.71885
       ],
       [
        12.46679,
        55.71885
       ],
       [
        12.46615,
        55.71885
       ],
       [
        12.46602,
        55.71877
       ],
       [
        12.46583,
        55.71864
       ],
       [
        12.46552,
        55.71847
       ],
       [
        12.46528,
        55.71834
       ],
       [
        12.46498,
        55.7182
       ],
       [
        12.46468,
        55.71807
       ],
       [
        12.46432,
        55.71792
       ],
       [
        12.46391,
        55.71779
       ],
       [
        12.46339,
        55.71764
       ],
       [
        12.46279,
        55.71748
       ],
       [
        12.462,
        55.71735
       ],
       [
        12.4607,
        55.71715
       ],
       [
        12.46063,
        55.71714
       ],
       [
        12.46009,
        55.71701
       ],
       [
        12.45954,
        55.71694
       ],
       [
        12.45953,
        55.71694
       ],
       [
        12.45951,
        55.71694
       ],
       [
        12.45913,
        55.7169
       ],
       [
        12.45869,
        55.71685
       ],
       [
        12.45857,
        55.71597
       ],
       [
        12.45846,
        55.71573
       ],
       [
        12.45819,
        55.71509
       ],
       [
        12.45797,
        55.71462
       ],
       [
        12.4579,
        55.71454
       ],
       [
        12.45762,
        55.71433
       ],
       [
        12.45753,
        55.71417
       ],
       [
        12.45737,
        55.71413
       ],
       [
        12.45736,
        55.71412
       ],
       [
        12.45719,
        55.71407
       ],
       [
        12.45692,
        55.71399
       ],
       [
        12.45619,
        55.71382
       ],
       [
        12.45581,
        55.71372
       ],
       [
        12.4555,
        55.71363
       ],
       [
        12.4552,
        55.71351
       ],
       [
        12.45489,
        55.71337
       ],
       [
        12.45445,
        55.71312
       ],
       [
        12.45399,
        55.71286
       ],
       [
        12.45381,
        55.71275
       ],
       [
        12.45295,
        55.71255
       ],
       [
        12.453,
        55.71222
       ],
       [
        12.45308,
        55.71213
       ],
       [
        12.4531,
        55.71207
       ],
       [
        12.45312,
        55.71192
       ],
       [
        12.45323,
        55.71121
       ],
       [
        12.45329,
        55.71084
       ],
       [
        12.45328,
        55.71078
       ],
       [
        12.45328,
        55.71073
       ],
       [
        12.45329,
        55.71065
       ],
       [
        12.45332,
        55.71052
       ],
       [
        12.45343,
        55.70953
       ],
       [
        12.45343,
        55.70949
       ],
       [
        12.45352,
        55.70875
       ],
       [
        12.45361,
        55.70789
       ],
       [
        12.45362,
        55.70777
       ],
       [
        12.45362,
        55.70771
       ],
       [
        12.45372,
        55.70699
       ],
       [
        12.45385,
        55.7069
       ],
       [
        12.45398,
        55.70678
       ],
       [
        12.45471,
        55.70609
       ],
       [
        12.45538,
        55.70524
       ],
       [
        12.45553,
        55.70508
       ],
       [
        12.45565,
        55.70497
       ],
       [
        12.45574,
        55.70489
       ],
       [
        12.45587,
        55.70481
       ],
       [
        12.456,
        55.70474
       ],
       [
        12.45621,
        55.70465
       ],
       [
        12.45643,
        55.70456
       ],
       [
        12.45669,
        55.70445
       ],
       [
        12.45697,
        55.70436
       ],
       [
        12.45788,
        55.7041
       ],
       [
        12.45815,
        55.70403
       ],
       [
        12.45833,
        55.70399
       ],
       [
        12.45855,
        55.70395
       ],
       [
        12.45872,
        55.7039
       ],
       [
        12.45945,
        55.70368
       ],
       [
        12.4605,
        55.70333
       ],
       [
        12.46071,
        55.70327
       ],
       [
        12.46095,
        55.70323
       ],
       [
        12.46118,
        55.7032
       ],
       [
        12.46144,
        55.70317
       ],
       [
        12.46278,
        55.7031
       ],
       [
        12.46303,
        55.70308
       ],
       [
        12.46319,
        55.70306
       ],
       [
        12.46342,
        55.703
       ],
       [
        12.46353,
        55.70297
       ],
       [
        12.46366,
        55.70291
       ],
       [
        12.46377,
        55.70284
       ],
       [
        12.46384,
        55.7028
       ],
       [
        12.46389,
        55.70276
       ],
       [
        12.46414,
        55.70254
       ],
       [
        12.46419,
        55.70247
       ],
       [
        12.46423,
        55.70239
       ],
       [
        12.46424,
        55.70232
       ],
       [
        12.46423,
        55.70226
       ],
       [
        12.46422,
        55.70222
       ],
       [
        12.46418,
        55.70215
       ],
       [
        12.46413,
        55.7021
       ],
       [
        12.46409,
        55.70205
       ],
       [
        12.46406,
        55.70197
       ],
       [
        12.46403,
        55.70188
       ],
       [
        12.46395,
        55.7014
       ],
       [
        12.46394,
        55.70123
       ],
       [
        12.46395,
        55.7011
       ],
       [
        12.46399,
        55.7008
       ],
       [
        12.46389,
        55.70081
       ],
       [
        12.46375,
        55.70082
       ],
       [
        12.46377,
        55.70071
       ],
       [
        12.46389,
        55.70017
       ],
       [
        12.46398,
        55.6997
       ],
       [
        12.46403,
        55.69946
       ],
       [
        12.46406,
        55.6993
       ],
       [
        12.46407,
        55.69914
       ],
       [
        12.46407,
        55.69903
       ],
       [
        12.46405,
        55.69891
       ],
       [
        12.46403,
        55.69879
       ],
       [
        12.46398,
        55.6986
       ],
       [
        12.46385,
        55.69818
       ],
       [
        12.46376,
        55.6979
       ],
       [
        12.46368,
        55.69766
       ],
       [
        12.46371,
        55.69762
       ],
       [
        12.46352,
        55.69705
       ],
       [
        12.4635,
        55.69698
       ],
       [
        12.46346,
        55.69685
       ],
       [
        12.46346,
        55.69626
       ],
       [
        12.46354,
        55.69613
       ],
       [
        12.46367,
        55.69597
       ],
       [
        12.46387,
        55.69576
       ],
       [
        12.46465,
        55.69499
       ],
       [
        12.46542,
        55.69429
       ],
       [
        12.46604,
        55.69372
       ],
       [
        12.46612,
        55.69367
       ],
       [
        12.4664,
        55.69341
       ],
       [
        12.46659,
        55.69314
       ],
       [
        12.46666,
        55.69303
       ],
       [
        12.46684,
        55.69272
       ],
       [
        12.46688,
        55.69251
       ],
       [
        12.46691,
        55.69235
       ],
       [
        12.467,
        55.69186
       ],
       [
        12.46695,
        55.69177
       ],
       [
        12.46692,
        55.6917
       ],
       [
        12.46709,
        55.69169
       ],
       [
        12.46721,
        55.69169
       ],
       [
        12.46727,
        55.6914
       ],
       [
        12.46711,
        55.69141
       ],
       [
        12.46669,
        55.69144
       ],
       [
        12.4665,
        55.6912
       ],
       [
        12.46651,
        55.69116
       ],
       [
        12.46649,
        55.69111
       ],
       [
        12.46646,
        55.69106
       ],
       [
        12.46607,
        55.69055
       ],
       [
        12.46604,
        55.69047
       ],
       [
        12.46604,
        55.69037
       ],
       [
        12.46607,
        55.69003
       ],
       [
        12.46623,
        55.68945
       ],
       [
        12.4668,
        55.68754
       ],
       [
        12.467,
        55.68681
       ],
       [
        12.46717,
        55.68614
       ],
       [
        12.46727,
        55.68543
       ],
       [
        12.46735,
        55.68516
       ],
       [
        12.46747,
        55.68478
       ],
       [
        12.46754,
        55.68454
       ],
       [
        12.46755,
        55.68442
       ],
       [
        12.46754,
        55.6843
       ],
       [
        12.4675,
        55.68398
       ],
       [
        12.46751,
        55.68393
       ],
       [
        12.46754,
        55.68388
       ],
       [
        12.46759,
        55.68383
       ],
       [
        12.46761,
        55.68376
       ],
       [
        12.46765,
        55.68361
       ],
       [
        12.46771,
        55.68346
       ],
       [
        12.46776,
        55.68338
       ],
       [
        12.46778,
        55.68332
       ],
       [
        12.46784,
        55.68309
       ],
       [
        12.46789,
        55.68291
       ],
       [
        12.4679,
        55.68282
       ],
       [
        12.46789,
        55.68272
       ],
       [
        12.46784,
        55.68255
       ],
       [
        12.46782,
        55.68248
       ],
       [
        12.46782,
        55.6824
       ],
       [
        12.46788,
        55.68233
       ],
       [
        12.46795,
        55.68226
       ],
       [
        12.46801,
        55.68222
       ],
       [
        12.46831,
        55.68206
       ],
       [
        12.46859,
        55.68192
       ],
       [
        12.46872,
        55.68182
       ],
       [
        12.4693,
        55.68138
       ],
       [
        12.46935,
        55.68134
       ],
       [
        12.46941,
        55.68127
       ],
       [
        12.46942,
        55.68087
       ],
       [
        12.46943,
        55.68046
       ],
       [
        12.46941,
        55.68035
       ],
       [
        12.46941,
        55.68026
       ],
       [
        12.46943,
        55.68023
       ],
       [
        12.46948,
        55.68013
       ],
       [
        12.46989,
        55.67956
       ],
       [
        12.47007,
        55.67927
       ],
       [
        12.47021,
        55.67907
       ],
       [
        12.47033,
        55.67887
       ],
       [
        12.47042,
        55.67879
       ],
       [
        12.47077,
        55.67857
       ],
       [
        12.47083,
        55.67852
       ],
       [
        12.47101,
        55.6784
       ],
       [
        12.47128,
        55.6782
       ],
       [
        12.47177,
        55.67783
       ],
       [
        12.47198,
        55.67765
       ],
       [
        12.472,
        55.67763
       ],
       [
        12.47202,
        55.67761
       ],
       [
        12.47203,
        55.67752
       ],
       [
        12.47208,
        55.67729
       ],
       [
        12.47216,
        55.67692
       ],
       [
        12.47229,
        55.6767
       ],
       [
        12.47257,
        55.67628
       ],
       [
        12.47276,
        55.67596
       ],
       [
        12.4728,
        55.67567
       ],
       [
        12.47281,
        55.67563
       ],
       [
        12.47284,
        55.67533
       ],
       [
        12.47283,
        55.67527
       ],
       [
        12.47285,
        55.67521
       ],
       [
        12.47291,
        55.67484
       ],
       [
        12.47296,
        55.67462
       ],
       [
        12.47302,
        55.6745
       ],
       [
        12.47312,
        55.67438
       ],
       [
        12.47346,
        55.67408
       ],
       [
        12.47357,
        55.67399
       ],
       [
        12.47365,
        55.67389
       ],
       [
        12.47383,
        55.67355
       ],
       [
        12.47413,
        55.67294
       ],
       [
        12.47422,
        55.67288
       ],
       [
        12.47439,
        55.67277
       ],
       [
        12.4745,
        55.67249
       ],
       [
        12.47453,
        55.67231
       ],
       [
        12.47468,
        55.67218
       ],
       [
        12.47619,
        55.67214
       ],
       [
        12.47637,
        55.67213
       ],
       [
        12.47714,
        55.67211
       ],
       [
        12.47804,
        55.67209
       ],
       [
        12.47816,
        55.6721
       ],
       [
        12.47827,
        55.67211
       ],
       [
        12.47837,
        55.67211
       ],
       [
        12.47846,
        55.6721
       ],
       [
        12.47852,
        55.67207
       ],
       [
        12.47853,
        55.67199
       ],
       [
        12.47853,
        55.67165
       ],
       [
        12.47855,
        55.67137
       ],
       [
        12.47856,
        55.67128
       ],
       [
        12.47849,
        55.67098
       ],
       [
        12.47848,
        55.67086
       ],
       [
        12.47846,
        55.67057
       ],
       [
        12.47848,
        55.67052
       ],
       [
        12.47853,
        55.67045
       ],
       [
        12.47855,
        55.67022
       ],
       [
        12.47856,
        55.6701
       ],
       [
        12.47859,
        55.67002
       ],
       [
        12.4786,
        55.66997
       ],
       [
        12.47862,
        55.66992
       ],
       [
        12.47845,
        55.66993
       ],
       [
        12.47844,
        55.66988
       ],
       [
        12.4784,
        55.6692
       ],
       [
        12.47837,
        55.66878
       ],
       [
        12.47836,
        55.66868
       ],
       [
        12.47839,
        55.66847
       ],
       [
        12.47842,
        55.66841
       ],
       [
        12.47838,
        55.66837
       ],
       [
        12.47838,
        55.66824
       ],
       [
        12.47837,
        55.66809
       ],
       [
        12.47829,
        55.66762
       ],
       [
        12.47828,
        55.66757
       ],
       [
        12.47829,
        55.66729
       ],
       [
        12.47829,
        55.66712
       ],
       [
        12.47829,
        55.667
       ],
       [
        12.47826,
        55.66694
       ],
       [
        12.47828,
        55.66689
       ],
       [
        12.47827,
        55.6668
       ],
       [
        12.47821,
        55.66667
       ],
       [
        12.47808,
        55.66601
       ],
       [
        12.47813,
        55.66598
       ],
       [
        12.47821,
        55.66594
       ],
       [
        12.47827,
        55.66589
       ],
       [
        12.47831,
        55.66577
       ],
       [
        12.47835,
        55.66572
       ],
       [
        12.47836,
        55.66567
       ],
       [
        12.47834,
        55.66554
       ],
       [
        12.47827,
        55.66551
       ],
       [
        12.47821,
        55.6651
       ],
       [
        12.4782,
        55.66504
       ],
       [
        12.4782,
        55.665
       ],
       [
        12.47819,
        55.665
       ],
       [
        12.47834,
        55.66499
       ],
       [
        12.47833,
        55.66491
       ],
       [
        12.47832,
        55.66488
       ],
       [
        12.47829,
        55.66455
       ],
       [
        12.47844,
        55.66456
       ],
       [
        12.47842,
        55.66446
       ],
       [
        12.47841,
        55.66437
       ],
       [
        12.4784,
        55.66429
       ],
       [
        12.47839,
        55.66417
       ],
       [
        12.47839,
        55.66408
       ],
       [
        12.47839,
        55.66407
       ],
       [
        12.47838,
        55.66404
       ],
       [
        12.47838,
        55.66388
       ],
       [
        12.47821,
        55.6638
       ],
       [
        12.47817,
        55.66307
       ],
       [
        12.47813,
        55.6624
       ],
       [
        12.47812,
        55.66228
       ],
       [
        12.4781,
        55.66166
       ],
       [
        12.47808,
        55.66156
       ],
       [
        12.47802,
        55.66143
       ],
       [
        12.4779,
        55.6612
       ],
       [
        12.47773,
        55.66087
       ],
       [
        12.47758,
        55.66052
       ]
      ],
      [
       [
        12.55207,
        55.64445
       ],
       [
        12.5508,
        55.64492
       ],
       [
        12.54846,
        55.64576
       ],
       [
        12.54857,
        55.64585
       ],
       [
        12.54962,
        55.64547
       ],
       [
        12.54964,
        55.64549
       ],
       [
        12.54986,
        55.64541
       ],
       [
        12.54983,
        55.64539
       ],
       [
        12.551,
        55.64497
       ],
       [
        12.55103,
        55.64499
       ],
       [
        12.55125,
        55.64491
       ],
       [
        12.55122,
        55.64488
       ],
       [
        12.55218,
        55.64454
       ],
       [
        12.55207,
        55.64445
       ]
      ],
      [
       [
        12.55252,
        55.64483
       ],
       [
        12.55249,
        55.64485
       ],
       [
        12.55212,
        55.64513
       ],
       [
        12.55191,
        55.64528
       ],
       [
        12.55176,
        55.64536
       ],
       [
        12.55129,
        55.64495
       ],
       [
        12.55108,
        55.64503
       ],
       [
        12.55158,
        55.64546
       ],
       [
        12.55139,
        55.64558
       ],
       [
        12.55102,
        55.64578
       ],
       [
        12.55054,
        55.64601
       ],
       [
        12.54989,
        55.64546
       ],
       [
        12.54969,
        55.64554
       ],
       [
        12.55035,
        55.64612
       ],
       [
        12.54936,
        55.64652
       ],
       [
        12.54947,
        55.6466
       ],
       [
        12.55046,
        55.64619
       ],
       [
        12.55049,
        55.64621
       ],
       [
        12.55069,
        55.64612
       ],
       [
        12.55065,
        55.6461
       ],
       [
        12.55168,
        55.64555
       ],
       [
        12.55173,
        55.64557
       ],
       [
        12.5519,
        55.64547
       ],
       [
        12.55186,
        55.64545
       ],
       [
        12.55209,
        55.64531
       ],
       [
        12.55265,
        55.64492
       ],
       [
        12.55252,
        55.64483
       ]
      ],
      [
       [
        12.54561,
        55.64565
       ],
       [
        12.54491,
        55.64569
       ],
       [
        12.54437,
        55.64588
       ],
       [
        12.54534,
        55.64673
       ],
       [
        12.54333,
        55.64936
       ],
       [
        12.54111,
        55.65016
       ],
       [
        12.54146,
        55.65049
       ],
       [
        12.54181,
        55.65044
       ],
       [
        12.54324,
        55.64992
       ],
       [
        12.54329,
        55.64993
       ],
       [
        12.54384,
        55.65042
       ],
       [
        12.54404,
        55.65059
       ],
       [
        12.54511,
        55.65152
       ],
       [
        12.54516,
        55.65153
       ],
       [
        12.54523,
        55.6516
       ],
       [
        12.54529,
        55.65161
       ],
       [
        12.54719,
        55.65146
       ],
       [
        12.5471,
        55.65107
       ],
       [
        12.54766,
        55.65087
       ],
       [
        12.54757,
        55.6508
       ],
       [
        12.54702,
        55.651
       ],
       [
        12.54576,
        55.64989
       ],
       [
        12.54662,
        55.64957
       ],
       [
        12.54788,
        55.65068
       ],
       [
        12.54805,
        55.65073
       ],
       [
        12.5481,
        55.65071
       ],
       [
        12.54684,
        55.6496
       ],
       [
        12.55081,
        55.64817
       ],
       [
        12.55007,
        55.64752
       ],
       [
        12.54997,
        55.64746
       ],
       [
        12.54887,
        55.64784
       ],
       [
        12.5488,
        55.64778
       ],
       [
        12.54857,
        55.64786
       ],
       [
        12.54865,
        55.64793
       ],
       [
        12.54711,
        55.64848
       ],
       [
        12.54663,
        55.64728
       ],
       [
        12.54734,
        55.64717
       ],
       [
        12.5476,
        55.64712
       ],
       [
        12.54754,
        55.64702
       ],
       [
        12.54722,
        55.64708
       ],
       [
        12.54713,
        55.64699
       ],
       [
        12.54561,
        55.64565
       ]
      ],
      [
       [
        12.55196,
        55.64551
       ],
       [
        12.55178,
        55.6456
       ],
       [
        12.55278,
        55.64624
       ],
       [
        12.55303,
        55.64614
       ],
       [
        12.55299,
        55.6461
       ],
       [
        12.55291,
        55.64612
       ],
       [
        12.55284,
        55.64606
       ],
       [
        12.55196,
        55.64551
       ]
      ],
      [
       [
        12.55074,
        55.64617
       ],
       [
        12.55057,
        55.64624
       ],
       [
        12.55125,
        55.64663
       ],
       [
        12.55139,
        55.64674
       ],
       [
        12.55164,
        55.64665
       ],
       [
        12.5516,
        55.64661
       ],
       [
        12.55154,
        55.64663
       ],
       [
        12.55145,
        55.64656
       ],
       [
        12.55074,
        55.64617
       ]
      ],
      [
       [
        12.54904,
        55.64662
       ],
       [
        12.54876,
        55.64671
       ],
       [
        12.54835,
        55.64683
       ],
       [
        12.54759,
        55.64701
       ],
       [
        12.54765,
        55.64711
       ],
       [
        12.54796,
        55.64705
       ],
       [
        12.54797,
        55.64706
       ],
       [
        12.5482,
        55.64701
       ],
       [
        12.54819,
        55.64699
       ],
       [
        12.54867,
        55.64686
       ],
       [
        12.54914,
        55.64671
       ],
       [
        12.54904,
        55.64662
       ]
      ],
      [
       [
        12.54824,
        55.64705
       ],
       [
        12.54801,
        55.6471
       ],
       [
        12.5484,
        55.64767
       ],
       [
        12.5485,
        55.64778
       ],
       [
        12.54869,
        55.64771
       ],
       [
        12.54831,
        55.64716
       ],
       [
        12.54824,
        55.64705
       ]
      ],
      [
       [
        12.56295,
        55.66305
       ],
       [
        12.56262,
        55.66329
       ],
       [
        12.56416,
        55.66399
       ],
       [
        12.56428,
        55.6639
       ],
       [
        12.56291,
        55.66329
       ],
       [
        12.56313,
        55.66313
       ],
       [
        12.56295,
        55.66305
       ]
      ],
      [
       [
        12.56414,
        55.66269
       ],
       [
        12.564,
        55.66279
       ],
       [
        12.56463,
        55.66307
       ],
       [
        12.56476,
        55.66298
       ],
       [
        12.56414,
        55.66269
       ]
      ],
      [
       [
        12.56393,
        55.66259
       ],
       [
        12.56378,
        55.66269
       ],
       [
        12.56397,
        55.66278
       ],
       [
        12.56411,
        55.66268
       ],
       [
        12.56393,
        55.66259
       ]
      ],
      [
       [
        12.56375,
        55.66255
       ],
       [
        12.56366,
        55.66261
       ],
       [
        12.56375,
        55.66265
       ],
       [
        12.56384,
        55.66259
       ],
       [
        12.56375,
        55.66255
       ]
      ],
      [
       [
        12.54781,
        55.65071
       ],
       [
        12.54769,
        55.65075
       ],
       [
        12.54777,
        55.65083
       ],
       [
        12.54797,
        55.65075
       ],
       [
        12.54781,
        55.65071
       ]
      ],
      [
       [
        12.56111,
        55.66065
       ],
       [
        12.56097,
        55.66076
       ],
       [
        12.56107,
        55.6608
       ],
       [
        12.56234,
        55.66138
       ],
       [
        12.56217,
        55.6615
       ],
       [
        12.56388,
        55.66227
       ],
       [
        12.56402,
        55.66217
       ],
       [
        12.56281,
        55.66162
       ],
       [
        12.56307,
        55.66145
       ],
       [
        12.56287,
        55.66136
       ],
       [
        12.56256,
        55.66122
       ],
       [
        12.56249,
        55.66127
       ],
       [
        12.56111,
        55.66065
       ]
      ]
     ]
    ]
   }
  },
  {
   "type": "Feature",
   "properties": {
    "id": 3,
    "opland": "Nørrebro",
    "opland_kort_navn": "Nørrebro",
    "kontaktperson1_kk": "Sebastian Thor Bovbjerg"
   },
   "geometry": {
    "type": "MultiPolygon",
    "coordinates": [
     [
      [
       [
        12.56296,
        55.70633
       ],
       [
        12.56292,
        55.70644
       ],
       [
        12.5629,
        55.70651
       ],
       [
        12.56287,
        55.70659
       ],
       [
        12.56289,
        55.70671
       ],
       [
        12.56282,
        55.70688
       ],
       [
        12.56275,
        55.70699
       ],
       [
        12.5627,
        55.70708
       ],
       [
        12.56257,
        55.70727
       ],
       [
        12.56231,
        55.70771
       ],
       [
        12.56228,
        55.70777
       ],
       [
        12.5622,
        55.70792
       ],
       [
        12.56217,
        55.70797
       ],
       [
        12.56214,
        55.70801
       ],
       [
        12.56209,
        55.7081
       ],
       [
        12.56203,
        55.70819
       ],
       [
        12.56196,
        55.70834
       ],
       [
        12.56178,
        55.70865
       ],
       [
        12.56171,
        55.7087
       ],
       [
        12.5616,
        55.70864
       ],
       [
        12.56143,
        55.70862
       ],
       [
        12.56149,
        55.70846
       ],
       [
        12.56163,
        55.70821
       ],
       [
        12.56142,
        55.70818
       ],
       [
        12.56133,
        55.70815
       ],
       [
        12.56125,
        55.70831
       ],
       [
        12.56119,
        55.70837
       ],
       [
        12.56108,
        55.70862
       ],
       [
        12.56109,
        55.70868
       ],
       [
        12.56101,
        55.70885
       ],
       [
        12.56098,
        55.70889
       ],
       [
        12.56092,
        55.70899
       ],
       [
        12.56074,
        55.70904
       ],
       [
        12.56067,
        55.70908
       ],
       [
        12.56032,
        55.70903
       ],
       [
        12.56016,
        55.70895
       ],
       [
        12.56009,
        55.70895
       ],
       [
        12.56,
        55.70895
       ],
       [
        12.55996,
        55.70894
       ],
       [
        12.55981,
        55.70894
       ],
       [
        12.55971,
        55.70893
       ],
       [
        12.55958,
        55.70891
       ],
       [
        12.55939,
        55.70889
       ],
       [
        12.55919,
        55.70887
       ],
       [
        12.55896,
        55.70884
       ],
       [
        12.55878,
        55.70885
       ],
       [
        12.55874,
        55.70881
       ],
       [
        12.55868,
        55.70878
       ],
       [
        12.55864,
        55.70876
       ],
       [
        12.55848,
        55.70875
       ],
       [
        12.55843,
        55.70867
       ],
       [
        12.55834,
        55.70862
       ],
       [
        12.55822,
        55.7086
       ],
       [
        12.55808,
        55.70853
       ],
       [
        12.55808,
        55.70851
       ],
       [
        12.55808,
        55.70846
       ],
       [
        12.55794,
        55.70836
       ],
       [
        12.55805,
        55.70822
       ],
       [
        12.55837,
        55.70826
       ],
       [
        12.5584,
        55.70817
       ],
       [
        12.55845,
        55.70807
       ],
       [
        12.55845,
        55.70798
       ],
       [
        12.5584,
        55.70793
       ],
       [
        12.55822,
        55.70788
       ],
       [
        12.55828,
        55.70775
       ],
       [
        12.55836,
        55.70772
       ],
       [
        12.55861,
        55.70772
       ],
       [
        12.55867,
        55.70764
       ],
       [
        12.55879,
        55.70761
       ],
       [
        12.55874,
        55.70753
       ],
       [
        12.55867,
        55.70749
       ],
       [
        12.55843,
        55.70747
       ],
       [
        12.5584,
        55.70745
       ],
       [
        12.55831,
        55.70743
       ],
       [
        12.55826,
        55.70739
       ],
       [
        12.5582,
        55.70735
       ],
       [
        12.55818,
        55.70722
       ],
       [
        12.55824,
        55.7071
       ],
       [
        12.55827,
        55.7071
       ],
       [
        12.5584,
        55.7071
       ],
       [
        12.55835,
        55.70693
       ],
       [
        12.55831,
        55.70691
       ],
       [
        12.55834,
        55.70679
       ],
       [
        12.55848,
        55.70666
       ],
       [
        12.5583,
        55.70667
       ],
       [
        12.55826,
        55.70665
       ],
       [
        12.55825,
        55.70649
       ],
       [
        12.55809,
        55.70647
       ],
       [
        12.55775,
        55.70646
       ],
       [
        12.55744,
        55.70642
       ],
       [
        12.55741,
        55.7064
       ],
       [
        12.55734,
        55.70637
       ],
       [
        12.5574,
        55.7063
       ],
       [
        12.55746,
        55.70626
       ],
       [
        12.55755,
        55.7062
       ],
       [
        12.55758,
        55.70606
       ],
       [
        12.55763,
        55.70597
       ],
       [
        12.55765,
        55.70586
       ],
       [
        12.55768,
        55.70572
       ],
       [
        12.5576,
        55.70568
       ],
       [
        12.55765,
        55.70557
       ],
       [
        12.55768,
        55.70553
       ],
       [
        12.55771,
        55.7055
       ],
       [
        12.55783,
        55.70547
       ],
       [
        12.5578,
        55.70539
       ],
       [
        12.55773,
        55.70533
       ],
       [
        12.55785,
        55.70526
       ],
       [
        12.5579,
        55.70513
       ],
       [
        12.55796,
        55.70506
       ],
       [
        12.55798,
        55.70498
       ],
       [
        12.55803,
        55.70485
       ],
       [
        12.55793,
        55.70482
       ],
       [
        12.55793,
        55.70474
       ],
       [
        12.55774,
        55.70472
       ],
       [
        12.55773,
        55.70468
       ],
       [
        12.55773,
        55.70465
       ],
       [
        12.55763,
        55.70464
       ],
       [
        12.55753,
        55.70462
       ],
       [
        12.55742,
        55.7046
       ],
       [
        12.55747,
        55.70444
       ],
       [
        12.55752,
        55.70429
       ],
       [
        12.55764,
        55.7039
       ],
       [
        12.55747,
        55.70387
       ],
       [
        12.55742,
        55.70382
       ],
       [
        12.5573,
        55.7038
       ],
       [
        12.5572,
        55.70375
       ],
       [
        12.55704,
        55.70369
       ],
       [
        12.55709,
        55.70364
       ],
       [
        12.55719,
        55.70359
       ],
       [
        12.55717,
        55.70338
       ],
       [
        12.55707,
        55.70336
       ],
       [
        12.55692,
        55.70328
       ],
       [
        12.5568,
        55.70324
       ],
       [
        12.55671,
        55.70321
       ],
       [
        12.55673,
        55.70319
       ],
       [
        12.55682,
        55.7031
       ],
       [
        12.55636,
        55.70287
       ],
       [
        12.55626,
        55.70288
       ],
       [
        12.55613,
        55.70283
       ],
       [
        12.55603,
        55.70281
       ],
       [
        12.55595,
        55.70275
       ],
       [
        12.55581,
        55.70283
       ],
       [
        12.55581,
        55.70286
       ],
       [
        12.55572,
        55.70289
       ],
       [
        12.5557,
        55.70298
       ],
       [
        12.55551,
        55.70302
       ],
       [
        12.55533,
        55.70312
       ],
       [
        12.55517,
        55.70314
       ],
       [
        12.55514,
        55.7032
       ],
       [
        12.55508,
        55.70323
       ],
       [
        12.55504,
        55.70326
       ],
       [
        12.55492,
        55.70322
       ],
       [
        12.55448,
        55.70324
       ],
       [
        12.55451,
        55.7032
       ],
       [
        12.55454,
        55.70316
       ],
       [
        12.55434,
        55.70314
       ],
       [
        12.55436,
        55.70304
       ],
       [
        12.55443,
        55.703
       ],
       [
        12.55439,
        55.70297
       ],
       [
        12.5543,
        55.70294
       ],
       [
        12.55426,
        55.70288
       ],
       [
        12.55422,
        55.70283
       ],
       [
        12.55417,
        55.70268
       ],
       [
        12.55414,
        55.70267
       ],
       [
        12.55413,
        55.70257
       ],
       [
        12.55395,
        55.70254
       ],
       [
        12.55387,
        55.70246
       ],
       [
        12.55389,
        55.70242
       ],
       [
        12.55402,
        55.7024
       ],
       [
        12.55398,
        55.70231
       ],
       [
        12.55388,
        55.7023
       ],
       [
        12.55387,
        55.70215
       ],
       [
        12.55383,
        55.70209
       ],
       [
        12.55386,
        55.70205
       ],
       [
        12.55395,
        55.70202
       ],
       [
        12.55397,
        55.70188
       ],
       [
        12.55406,
        55.7018
       ],
       [
        12.55403,
        55.70177
       ],
       [
        12.55396,
        55.70174
       ],
       [
        12.55389,
        55.70169
       ],
       [
        12.5538,
        55.70162
       ],
       [
        12.55375,
        55.70155
       ],
       [
        12.5535,
        55.70156
       ],
       [
        12.55349,
        55.70151
       ],
       [
        12.55349,
        55.70142
       ],
       [
        12.55348,
        55.70136
       ],
       [
        12.55348,
        55.7013
       ],
       [
        12.55344,
        55.70129
       ],
       [
        12.55317,
        55.70127
       ],
       [
        12.55298,
        55.70115
       ],
       [
        12.55298,
        55.70108
       ],
       [
        12.55281,
        55.701
       ],
       [
        12.55281,
        55.70096
       ],
       [
        12.55271,
        55.70093
       ],
       [
        12.55261,
        55.70091
       ],
       [
        12.55237,
        55.70081
       ],
       [
        12.55231,
        55.70084
       ],
       [
        12.552,
        55.70104
       ],
       [
        12.55195,
        55.70099
       ],
       [
        12.55191,
        55.70092
       ],
       [
        12.55179,
        55.70092
       ],
       [
        12.55155,
        55.70083
       ],
       [
        12.55173,
        55.70071
       ],
       [
        12.55183,
        55.7007
       ],
       [
        12.5519,
        55.70063
       ],
       [
        12.55185,
        55.70057
       ],
       [
        12.55191,
        55.70054
       ],
       [
        12.5534,
        55.69953
       ],
       [
        12.55356,
        55.6994
       ],
       [
        12.55358,
        55.69934
       ],
       [
        12.55366,
        55.69933
       ],
       [
        12.55368,
        55.69931
       ],
       [
        12.5537,
        55.6993
       ],
       [
        12.55383,
        55.69921
       ],
       [
        12.55392,
        55.69915
       ],
       [
        12.55397,
        55.69915
       ],
       [
        12.55396,
        55.69912
       ],
       [
        12.55399,
        55.69912
       ],
       [
        12.554,
        55.69911
       ],
       [
        12.55426,
        55.6989
       ],
       [
        12.5543,
        55.69888
       ],
       [
        12.55433,
        55.69887
       ],
       [
        12.55435,
        55.69883
       ],
       [
        12.55444,
        55.69882
       ],
       [
        12.55445,
        55.6988
       ],
       [
        12.55448,
        55.69879
       ],
       [
        12.5545,
        55.69877
       ],
       [
        12.55458,
        55.69875
       ],
       [
        12.5546,
        55.69871
       ],
       [
        12.55464,
        55.6987
       ],
       [
        12.55474,
        55.6987
       ],
       [
        12.55474,
        55.69868
       ],
       [
        12.55481,
        55.69869
       ],
       [
        12.55488,
        55.69866
       ],
       [
        12.5549,
        55.69864
       ],
       [
        12.55498,
        55.69863
       ],
       [
        12.55503,
        55.69858
       ],
       [
        12.55509,
        55.69857
       ],
       [
        12.55509,
        55.69855
       ],
       [
        12.55512,
        55.69852
       ],
       [
        12.55524,
        55.69848
       ],
       [
        12.55539,
        55.6984
       ],
       [
        12.55543,
        55.69823
       ],
       [
        12.5554,
        55.69814
       ],
       [
        12.55546,
        55.69812
       ],
       [
        12.55543,
        55.69802
       ],
       [
        12.55538,
        55.698
       ],
       [
        12.55539,
        55.69791
       ],
       [
        12.55542,
        55.69787
       ],
       [
        12.55543,
        55.69772
       ],
       [
        12.55545,
        55.69764
       ],
       [
        12.55546,
        55.69753
       ],
       [
        12.5555,
        55.69736
       ],
       [
        12.55551,
        55.69735
       ],
       [
        12.55559,
        55.69734
       ],
       [
        12.55564,
        55.69721
       ],
       [
        12.55582,
        55.69719
       ],
       [
        12.55582,
        55.69714
       ],
       [
        12.55591,
        55.69713
       ],
       [
        12.55593,
        55.69709
       ],
       [
        12.55596,
        55.69708
       ],
       [
        12.55598,
        55.69706
       ],
       [
        12.55607,
        55.69704
       ],
       [
        12.55617,
        55.69706
       ],
       [
        12.55631,
        55.69708
       ],
       [
        12.55639,
        55.6971
       ],
       [
        12.55662,
        55.69714
       ],
       [
        12.55675,
        55.69715
       ],
       [
        12.55682,
        55.69724
       ],
       [
        12.55682,
        55.69732
       ],
       [
        12.55689,
        55.69731
       ],
       [
        12.55692,
        55.69725
       ],
       [
        12.55704,
        55.69726
       ],
       [
        12.55707,
        55.69727
       ],
       [
        12.55715,
        55.69728
       ],
       [
        12.55717,
        55.6973
       ],
       [
        12.55725,
        55.69731
       ],
       [
        12.5573,
        55.69734
       ],
       [
        12.55741,
        55.69732
       ],
       [
        12.55743,
        55.6973
       ],
       [
        12.55762,
        55.69728
       ],
       [
        12.55763,
        55.69721
       ],
       [
        12.55755,
        55.69719
       ],
       [
        12.55757,
        55.69708
       ],
       [
        12.55763,
        55.69704
       ],
       [
        12.55786,
        55.69702
       ],
       [
        12.55774,
        55.69696
       ],
       [
        12.55778,
        55.6969
       ],
       [
        12.55782,
        55.69688
       ],
       [
        12.55786,
        55.69685
       ],
       [
        12.5579,
        55.69687
       ],
       [
        12.55798,
        55.69689
       ],
       [
        12.55819,
        55.69697
       ],
       [
        12.55831,
        55.69703
       ],
       [
        12.55885,
        55.69691
       ],
       [
        12.55906,
        55.69684
       ],
       [
        12.55944,
        55.69674
       ],
       [
        12.55966,
        55.69674
       ],
       [
        12.56011,
        55.69662
       ],
       [
        12.5603,
        55.69661
       ],
       [
        12.56081,
        55.69642
       ],
       [
        12.561,
        55.69639
       ],
       [
        12.56098,
        55.69624
       ],
       [
        12.56088,
        55.69623
       ],
       [
        12.56088,
        55.69619
       ],
       [
        12.56098,
        55.69619
       ],
       [
        12.56098,
        55.69613
       ],
       [
        12.56103,
        55.69613
       ],
       [
        12.56103,
        55.6961
       ],
       [
        12.56108,
        55.6961
       ],
       [
        12.56107,
        55.69607
       ],
       [
        12.56112,
        55.69607
       ],
       [
        12.56112,
        55.69604
       ],
       [
        12.56122,
        55.69604
       ],
       [
        12.56123,
        55.69605
       ],
       [
        12.56132,
        55.69607
       ],
       [
        12.56133,
        55.69608
       ],
       [
        12.56143,
        55.69609
       ],
       [
        12.56112,
        55.69422
       ],
       [
        12.55827,
        55.69233
       ],
       [
        12.55941,
        55.69188
       ],
       [
        12.56029,
        55.69124
       ],
       [
        12.56102,
        55.69104
       ],
       [
        12.56069,
        55.69032
       ],
       [
        12.56011,
        55.68956
       ],
       [
        12.56054,
        55.68958
       ],
       [
        12.56059,
        55.68955
       ],
       [
        12.56061,
        55.68947
       ],
       [
        12.56064,
        55.68945
       ],
       [
        12.56068,
        55.6894
       ],
       [
        12.56086,
        55.68939
       ],
       [
        12.56092,
        55.68952
       ],
       [
        12.5611,
        55.68948
       ],
       [
        12.56123,
        55.68948
       ],
       [
        12.56116,
        55.68935
       ],
       [
        12.56146,
        55.68932
       ],
       [
        12.56155,
        55.68928
       ],
       [
        12.56164,
        55.68925
       ],
       [
        12.56167,
        55.68919
       ],
       [
        12.56192,
        55.68912
       ],
       [
        12.56192,
        55.68908
       ],
       [
        12.56186,
        55.689
       ],
       [
        12.56204,
        55.68886
       ],
       [
        12.56202,
        55.68886
       ],
       [
        12.56195,
        55.6888
       ],
       [
        12.56189,
        55.68877
       ],
       [
        12.56188,
        55.6887
       ],
       [
        12.56197,
        55.68866
       ],
       [
        12.56204,
        55.68857
       ],
       [
        12.56221,
        55.68852
       ],
       [
        12.56204,
        55.68838
       ],
       [
        12.5619,
        55.68834
       ],
       [
        12.56181,
        55.68823
       ],
       [
        12.5618,
        55.68817
       ],
       [
        12.56176,
        55.68809
       ],
       [
        12.5617,
        55.68807
       ],
       [
        12.56159,
        55.688
       ],
       [
        12.56148,
        55.68797
       ],
       [
        12.56139,
        55.68789
       ],
       [
        12.56145,
        55.68787
       ],
       [
        12.56161,
        55.68782
       ],
       [
        12.5616,
        55.6877
       ],
       [
        12.56195,
        55.68758
       ],
       [
        12.56206,
        55.68767
       ],
       [
        12.5621,
        55.68761
       ],
       [
        12.56219,
        55.68757
       ],
       [
        12.56231,
        55.6875
       ],
       [
        12.56247,
        55.68748
       ],
       [
        12.56253,
        55.68748
       ],
       [
        12.56259,
        55.68746
       ],
       [
        12.56262,
        55.68744
       ],
       [
        12.56266,
        55.68742
       ],
       [
        12.56259,
        55.68735
       ],
       [
        12.56261,
        55.68726
       ],
       [
        12.56267,
        55.68722
       ],
       [
        12.56271,
        55.68713
       ],
       [
        12.56285,
        55.68711
       ],
       [
        12.56293,
        55.68709
       ],
       [
        12.56294,
        55.6871
       ],
       [
        12.56298,
        55.68712
       ],
       [
        12.56301,
        55.68717
       ],
       [
        12.56313,
        55.68724
       ],
       [
        12.56486,
        55.68662
       ],
       [
        12.5649,
        55.68654
       ],
       [
        12.56489,
        55.68645
       ],
       [
        12.56508,
        55.68634
       ],
       [
        12.56524,
        55.6862
       ],
       [
        12.56529,
        55.68625
       ],
       [
        12.5655,
        55.68635
       ],
       [
        12.56566,
        55.68648
       ],
       [
        12.56576,
        55.68655
       ],
       [
        12.56579,
        55.68659
       ],
       [
        12.56588,
        55.68666
       ],
       [
        12.56598,
        55.68656
       ],
       [
        12.56614,
        55.68652
       ],
       [
        12.56623,
        55.68649
       ],
       [
        12.56633,
        55.68646
       ],
       [
        12.56645,
        55.68646
       ],
       [
        12.56655,
        55.68651
       ],
       [
        12.56668,
        55.68653
       ],
       [
        12.56671,
        55.68654
       ],
       [
        12.56685,
        55.68656
       ],
       [
        12.56697,
        55.68663
       ],
       [
        12.56704,
        55.68664
       ],
       [
        12.56707,
        55.68666
       ],
       [
        12.56695,
        55.68673
       ],
       [
        12.56693,
        55.68679
       ],
       [
        12.5668,
        55.68679
       ],
       [
        12.56671,
        55.68683
       ],
       [
        12.56671,
        55.68689
       ],
       [
        12.56662,
        55.68694
       ],
       [
        12.56659,
        55.68698
       ],
       [
        12.56667,
        55.68705
       ],
       [
        12.56679,
        55.68705
       ],
       [
        12.56688,
        55.68707
       ],
       [
        12.56709,
        55.68687
       ],
       [
        12.56713,
        55.68685
       ],
       [
        12.56725,
        55.68682
       ],
       [
        12.56731,
        55.68678
       ],
       [
        12.56737,
        55.68678
       ],
       [
        12.56765,
        55.68662
       ],
       [
        12.56764,
        55.68659
       ],
       [
        12.56764,
        55.68653
       ],
       [
        12.56776,
        55.6865
       ],
       [
        12.56794,
        55.6864
       ],
       [
        12.56801,
        55.68638
       ],
       [
        12.56807,
        55.68634
       ],
       [
        12.56825,
        55.68627
       ],
       [
        12.56835,
        55.68632
       ],
       [
        12.56845,
        55.68635
       ],
       [
        12.56846,
        55.68647
       ],
       [
        12.56846,
        55.68651
       ],
       [
        12.56858,
        55.68659
       ],
       [
        12.56868,
        55.68654
       ],
       [
        12.56875,
        55.68652
       ],
       [
        12.56881,
        55.6865
       ],
       [
        12.5689,
        55.6865
       ],
       [
        12.56887,
        55.68644
       ],
       [
        12.56874,
        55.68643
       ],
       [
        12.56876,
        55.68632
       ],
       [
        12.56879,
        55.68624
       ],
       [
        12.56878,
        55.6862
       ],
       [
        12.5689,
        55.68615
       ],
       [
        12.56882,
        55.68602
       ],
       [
        12.56894,
        55.686
       ],
       [
        12.56909,
        55.68606
       ],
       [
        12.56916,
        55.68604
       ],
       [
        12.56931,
        55.68604
       ],
       [
        12.56926,
        55.68598
       ],
       [
        12.56915,
        55.6859
       ],
       [
        12.56913,
        55.68585
       ],
       [
        12.56924,
        55.68576
       ],
       [
        12.56918,
        55.68572
       ],
       [
        12.56917,
        55.68569
       ],
       [
        12.56923,
        55.6857
       ],
       [
        12.56957,
        55.68562
       ],
       [
        12.56968,
        55.68558
       ],
       [
        12.57006,
        55.68549
       ],
       [
        12.57015,
        55.68545
       ],
       [
        12.57027,
        55.68542
       ],
       [
        12.5703,
        55.68539
       ],
       [
        12.57023,
        55.68533
       ],
       [
        12.57018,
        55.68527
       ],
       [
        12.57004,
        55.68524
       ],
       [
        12.57016,
        55.68516
       ],
       [
        12.57033,
        55.68517
       ],
       [
        12.57044,
        55.68516
       ],
       [
        12.57057,
        55.68523
       ],
       [
        12.57104,
        55.6851
       ],
       [
        12.57121,
        55.68506
       ],
       [
        12.57134,
        55.68497
       ],
       [
        12.57144,
        55.68495
       ],
       [
        12.57147,
        55.68493
       ],
       [
        12.57116,
        55.6847
       ],
       [
        12.57116,
        55.68463
       ],
       [
        12.57104,
        55.68453
       ],
       [
        12.57096,
        55.68453
       ],
       [
        12.57089,
        55.68451
       ],
       [
        12.57097,
        55.68447
       ],
       [
        12.57074,
        55.68436
       ],
       [
        12.57065,
        55.68429
       ],
       [
        12.57061,
        55.68427
       ],
       [
        12.57064,
        55.68424
       ],
       [
        12.57071,
        55.68422
       ],
       [
        12.57112,
        55.68418
       ],
       [
        12.57122,
        55.68426
       ],
       [
        12.57125,
        55.68427
       ],
       [
        12.57131,
        55.68437
       ],
       [
        12.57144,
        55.6844
       ],
       [
        12.57155,
        55.68435
       ],
       [
        12.5716,
        55.68428
       ],
       [
        12.57178,
        55.68428
       ],
       [
        12.57192,
        55.68427
       ],
       [
        12.57193,
        55.68428
       ],
       [
        12.57194,
        55.68428
       ],
       [
        12.57183,
        55.68433
       ],
       [
        12.57176,
        55.68435
       ],
       [
        12.57171,
        55.68447
       ],
       [
        12.57183,
        55.68452
       ],
       [
        12.57192,
        55.68457
       ],
       [
        12.57192,
        55.68465
       ],
       [
        12.5718,
        55.68466
       ],
       [
        12.57177,
        55.68468
       ],
       [
        12.57189,
        55.6848
       ],
       [
        12.57203,
        55.68482
       ],
       [
        12.57191,
        55.68489
       ],
       [
        12.57182,
        55.68497
       ],
       [
        12.57183,
        55.68502
       ],
       [
        12.57179,
        55.68506
       ],
       [
        12.57156,
        55.6851
       ],
       [
        12.57124,
        55.6852
       ],
       [
        12.57114,
        55.68522
       ],
       [
        12.57096,
        55.68526
       ],
       [
        12.57097,
        55.68537
       ],
       [
        12.57086,
        55.68541
       ],
       [
        12.57076,
        55.68548
       ],
       [
        12.57063,
        55.68548
       ],
       [
        12.57053,
        55.6855
       ],
       [
        12.57055,
        55.68559
       ],
       [
        12.57013,
        55.68563
       ],
       [
        12.57014,
        55.6857
       ],
       [
        12.57001,
        55.6857
       ],
       [
        12.56985,
        55.68572
       ],
       [
        12.5698,
        55.68576
       ],
       [
        12.56968,
        55.68579
       ],
       [
        12.56985,
        55.68591
       ],
       [
        12.57022,
        55.68586
       ],
       [
        12.57037,
        55.68601
       ],
       [
        12.57046,
        55.68601
       ],
       [
        12.57059,
        55.6861
       ],
       [
        12.57087,
        55.68628
       ],
       [
        12.57083,
        55.68632
       ],
       [
        12.57084,
        55.68639
       ],
       [
        12.5708,
        55.68644
       ],
       [
        12.57088,
        55.68648
       ],
       [
        12.57091,
        55.68652
       ],
       [
        12.57095,
        55.68655
       ],
       [
        12.57084,
        55.68662
       ],
       [
        12.57093,
        55.68666
       ],
       [
        12.57093,
        55.68672
       ],
       [
        12.57101,
        55.68679
       ],
       [
        12.57115,
        55.68682
       ],
       [
        12.57122,
        55.68672
       ],
       [
        12.57139,
        55.68677
       ],
       [
        12.57139,
        55.68685
       ],
       [
        12.57127,
        55.68691
       ],
       [
        12.57124,
        55.68695
       ],
       [
        12.57137,
        55.68697
       ],
       [
        12.57157,
        55.68703
       ],
       [
        12.57157,
        55.68707
       ],
       [
        12.57159,
        55.68718
       ],
       [
        12.57176,
        55.68733
       ],
       [
        12.57182,
        55.68735
       ],
       [
        12.57192,
        55.68741
       ],
       [
        12.57202,
        55.68746
       ],
       [
        12.57205,
        55.68749
       ],
       [
        12.57212,
        55.68751
       ],
       [
        12.57215,
        55.68752
       ],
       [
        12.57219,
        55.68754
       ],
       [
        12.57229,
        55.6876
       ],
       [
        12.57229,
        55.68765
       ],
       [
        12.57236,
        55.6877
       ],
       [
        12.57249,
        55.68773
       ],
       [
        12.57253,
        55.6878
       ],
       [
        12.57266,
        55.68789
       ],
       [
        12.57262,
        55.68794
       ],
       [
        12.57246,
        55.688
       ],
       [
        12.57252,
        55.68805
       ],
       [
        12.57252,
        55.68811
       ],
       [
        12.57256,
        55.68812
       ],
       [
        12.57261,
        55.68818
       ],
       [
        12.57269,
        55.68817
       ],
       [
        12.57276,
        55.68823
       ],
       [
        12.57284,
        55.68828
       ],
       [
        12.57298,
        55.68835
       ],
       [
        12.5731,
        55.68845
       ],
       [
        12.57322,
        55.68851
       ],
       [
        12.57347,
        55.68869
       ],
       [
        12.57357,
        55.68876
       ],
       [
        12.57364,
        55.68881
       ],
       [
        12.57383,
        55.68894
       ],
       [
        12.57391,
        55.689
       ],
       [
        12.57408,
        55.6891
       ],
       [
        12.57432,
        55.68927
       ],
       [
        12.57439,
        55.68937
       ],
       [
        12.57449,
        55.6894
       ],
       [
        12.57454,
        55.68942
       ],
       [
        12.57452,
        55.68954
       ],
       [
        12.57461,
        55.68963
       ],
       [
        12.57489,
        55.68966
       ],
       [
        12.57495,
        55.68977
       ],
       [
        12.57536,
        55.69024
       ],
       [
        12.57546,
        55.69029
       ],
       [
        12.57546,
        55.69031
       ],
       [
        12.57547,
        55.69036
       ],
       [
        12.57578,
        55.69071
       ],
       [
        12.5759,
        55.69082
       ],
       [
        12.57612,
        55.69079
       ],
       [
        12.57623,
        55.69075
       ],
       [
        12.57633,
        55.69072
       ],
       [
        12.57642,
        55.69069
       ],
       [
        12.57648,
        55.69062
       ],
       [
        12.5767,
        55.69059
       ],
       [
        12.57671,
        55.69074
       ],
       [
        12.57684,
        55.69075
       ],
       [
        12.57688,
        55.69084
       ],
       [
        12.57663,
        55.69085
       ],
       [
        12.57648,
        55.69087
       ],
       [
        12.57643,
        55.69094
       ],
       [
        12.57629,
        55.69096
       ],
       [
        12.57626,
        55.69098
       ],
       [
        12.57619,
        55.69102
       ],
       [
        12.5762,
        55.69108
       ],
       [
        12.57631,
        55.69118
       ],
       [
        12.57635,
        55.69127
       ],
       [
        12.57638,
        55.69129
       ],
       [
        12.57645,
        55.69135
       ],
       [
        12.57652,
        55.69139
       ],
       [
        12.57661,
        55.6915
       ],
       [
        12.57656,
        55.69153
       ],
       [
        12.57654,
        55.69159
       ],
       [
        12.5767,
        55.69162
       ],
       [
        12.57671,
        55.69187
       ],
       [
        12.57679,
        55.6919
       ],
       [
        12.57686,
        55.69198
       ],
       [
        12.57699,
        55.69204
       ],
       [
        12.57706,
        55.69208
       ],
       [
        12.57725,
        55.69212
       ],
       [
        12.57732,
        55.69216
       ],
       [
        12.57741,
        55.69225
       ],
       [
        12.5773,
        55.69234
       ],
       [
        12.57732,
        55.69247
       ],
       [
        12.57741,
        55.69244
       ],
       [
        12.57744,
        55.69246
       ],
       [
        12.57751,
        55.69248
       ],
       [
        12.57754,
        55.69251
       ],
       [
        12.57755,
        55.69263
       ],
       [
        12.57762,
        55.6927
       ],
       [
        12.5777,
        55.69279
       ],
       [
        12.57775,
        55.69284
       ],
       [
        12.57767,
        55.69287
       ],
       [
        12.57778,
        55.69295
       ],
       [
        12.57787,
        55.69297
       ],
       [
        12.57791,
        55.693
       ],
       [
        12.57804,
        55.69302
       ],
       [
        12.57819,
        55.69301
       ],
       [
        12.57823,
        55.69305
       ],
       [
        12.5783,
        55.69308
       ],
       [
        12.57837,
        55.69314
       ],
       [
        12.57837,
        55.69326
       ],
       [
        12.57847,
        55.69331
       ],
       [
        12.57851,
        55.69335
       ],
       [
        12.57858,
        55.69338
       ],
       [
        12.57858,
        55.69343
       ],
       [
        12.57859,
        55.69349
       ],
       [
        12.57856,
        55.69351
       ],
       [
        12.57853,
        55.69352
       ],
       [
        12.57845,
        55.69355
       ],
       [
        12.57855,
        55.6937
       ],
       [
        12.57851,
        55.69374
       ],
       [
        12.57852,
        55.69381
       ],
       [
        12.57865,
        55.69385
       ],
       [
        12.57873,
        55.69389
       ],
       [
        12.57879,
        55.69391
       ],
       [
        12.57882,
        55.69397
       ],
       [
        12.57886,
        55.694
       ],
       [
        12.57898,
        55.69415
       ],
       [
        12.57906,
        55.69412
       ],
       [
        12.57913,
        55.69417
       ],
       [
        12.57904,
        55.69423
       ],
       [
        12.57905,
        55.69437
       ],
       [
        12.57915,
        55.69439
       ],
       [
        12.5792,
        55.69444
       ],
       [
        12.57934,
        55.69444
       ],
       [
        12.5795,
        55.69443
       ],
       [
        12.57953,
        55.69441
       ],
       [
        12.57962,
        55.69441
       ],
       [
        12.57968,
        55.69459
       ],
       [
        12.57955,
        55.69459
       ],
       [
        12.57949,
        55.69461
       ],
       [
        12.57939,
        55.69463
       ],
       [
        12.57933,
        55.6946
       ],
       [
        12.57917,
        55.69459
       ],
       [
        12.57914,
        55.6947
       ],
       [
        12.57928,
        55.69476
       ],
       [
        12.57941,
        55.69479
       ],
       [
        12.57947,
        55.69485
       ],
       [
        12.57954,
        55.69488
       ],
       [
        12.57958,
        55.69493
       ],
       [
        12.57966,
        55.69503
       ],
       [
        12.57962,
        55.69508
       ],
       [
        12.5795,
        55.69512
       ],
       [
        12.57951,
        55.69519
       ],
       [
        12.57958,
        55.69529
       ],
       [
        12.57962,
        55.69536
       ],
       [
        12.57979,
        55.6955
       ],
       [
        12.57986,
        55.69557
       ],
       [
        12.57993,
        55.69564
       ],
       [
        12.57996,
        55.69568
       ],
       [
        12.58007,
        55.69575
       ],
       [
        12.58007,
        55.69578
       ],
       [
        12.58011,
        55.69588
       ],
       [
        12.58009,
        55.69598
       ],
       [
        12.58009,
        55.69603
       ],
       [
        12.58,
        55.69611
       ],
       [
        12.57998,
        55.69616
       ],
       [
        12.57995,
        55.6962
       ],
       [
        12.57992,
        55.69624
       ],
       [
        12.57992,
        55.69627
       ],
       [
        12.5799,
        55.69631
       ],
       [
        12.57987,
        55.69636
       ],
       [
        12.57981,
        55.69642
       ],
       [
        12.57978,
        55.69649
       ],
       [
        12.57972,
        55.69653
       ],
       [
        12.5797,
        55.69657
       ],
       [
        12.57964,
        55.69664
       ],
       [
        12.57958,
        55.69671
       ],
       [
        12.57955,
        55.69675
       ],
       [
        12.57951,
        55.69687
       ],
       [
        12.57944,
        55.69693
       ],
       [
        12.57942,
        55.69701
       ],
       [
        12.57939,
        55.69702
       ],
       [
        12.57936,
        55.69706
       ],
       [
        12.57932,
        55.69709
       ],
       [
        12.57914,
        55.69743
       ],
       [
        12.57899,
        55.69767
       ],
       [
        12.57889,
        55.69785
       ],
       [
        12.57881,
        55.69795
       ],
       [
        12.57861,
        55.69831
       ],
       [
        12.57844,
        55.69854
       ],
       [
        12.57839,
        55.69867
       ],
       [
        12.57832,
        55.69874
       ],
       [
        12.57806,
        55.69908
       ],
       [
        12.57784,
        55.69925
       ],
       [
        12.57785,
        55.6993
       ],
       [
        12.57763,
        55.69952
       ],
       [
        12.57755,
        55.69952
       ],
       [
        12.57745,
        55.69956
       ],
       [
        12.57739,
        55.69953
       ],
       [
        12.57735,
        55.69951
       ],
       [
        12.57729,
        55.69946
       ],
       [
        12.57719,
        55.69941
       ],
       [
        12.57708,
        55.69932
       ],
       [
        12.57701,
        55.69927
       ],
       [
        12.57685,
        55.69924
       ],
       [
        12.57509,
        55.70028
       ],
       [
        12.57404,
        55.70079
       ],
       [
        12.57186,
        55.70199
       ],
       [
        12.56815,
        55.70395
       ],
       [
        12.56462,
        55.7058
       ],
       [
        12.56445,
        55.70587
       ],
       [
        12.56433,
        55.70581
       ],
       [
        12.56331,
        55.70632
       ],
       [
        12.56296,
        55.70633
       ]
      ]
     ]
    ]
   }
  },
  {
   "type": "Feature",
   "properties": {
    "id": 4,
    "opland": "Østerbro",
    "opland_kort_navn": "Østerbro",
    "kontaktperson1_kk": "Sebastian Thor Bovbjerg"
   },
   "geometry": {
    "type": "MultiPolygon",
    "coordinates": [
     [
      [
       [
        12.56292,
        55.70644
       ],
       [
        12.56296,
        55.70633
       ],
       [
        12.56331,
        55.70632
       ],
       [
        12.56433,
        55.70581
       ],
       [
        12.56445,
        55.70587
       ],
       [
        12.56462,
        55.7058
       ],
       [
        12.56815,
        55.70395
       ],
       [
        12.57186,
        55.70199
       ],
       [
        12.57404,
        55.70079
       ],
       [
        12.57509,
        55.70028
       ],
       [
        12.57685,
        55.69924
       ],
       [
        12.57701,
        55.69927
       ],
       [
        12.57708,
        55.69932
       ],
       [
        12.57719,
        55.69941
       ],
       [
        12.57729,
        55.69946
       ],
       [
        12.57735,
        55.69951
       ],
       [
        12.57739,
        55.69953
       ],
       [
        12.57745,
        55.69956
       ],
       [
        12.57755,
        55.69952
       ],
       [
        12.57763,
        55.69952
       ],
       [
        12.57785,
        55.6993
       ],
       [
        12.57784,
        55.69925
       ],
       [
        12.57806,
        55.69908
       ],
       [
        12.57832,
        55.69874
       ],
       [
        12.57839,
        55.69867
       ],
       [
        12.57844,
        55.69854
       ],
       [
        12.57861,
        55.69831
       ],
       [
        12.57881,
        55.69795
       ],
       [
        12.57889,
        55.69785
       ],
       [
        12.57899,
        55.69767
       ],
       [
        12.57914,
        55.69743
       ],
       [
        12.57932,
        55.69709
       ],
       [
        12.57936,
        55.69706
       ],
       [
        12.57939,
        55.69702
       ],
       [
        12.57942,
        55.69701
       ],
       [
        12.57944,
        55.69693
       ],
       [
        12.57951,
        55.69687
       ],
       [
        12.57955,
        55.69675
       ],
       [
        12.57958,
        55.69671
       ],
       [
        12.57964,
        55.69664
       ],
       [
        12.5797,
        55.69657
       ],
       [
        12.57972,
        55.69653
       ],
       [
        12.57978,
        55.69649
       ],
       [
        12.57981,
        55.69642
       ],
       [
        12.57987,
        55.69636
       ],
       [
        12.5799,
        55.69631
       ],
       [
        12.57992,
        55.69627
       ],
       [
        12.57992,
        55.69624
       ],
       [
        12.57995,
        55.6962
       ],
       [
        12.57998,
        55.69616
       ],
       [
        12.58,
        55.69611
       ],
       [
        12.58009,
        55.69603
       ],
       [
        12.58009,
        55.69598
       ],
       [
        12.58011,
        55.69588
       ],
       [
        12.58007,
        55.69578
       ],
       [
        12.58007,
        55.69575
       ],
       [
        12.57996,
        55.69568
       ],
       [
        12.57993,
        55.69564
       ],
       [
        12.57986,
        55.69557
       ],
       [
        12.57979,
        55.6955
       ],
       [
        12.57962,
        55.69536
       ],
       [
        12.57958,
        55.69529
       ],
       [
        12.57951,
        55.69519
       ],
       [
        12.5795,
        55.69512
       ],
       [
        12.57962,
        55.69508
       ],
       [
        12.57966,
        55.69503
       ],
       [
        12.57958,
        55.69493
       ],
       [
        12.57954,
        55.69488
       ],
       [
        12.57947,
        55.69485
       ],
       [
        12.57941,
        55.69479
       ],
       [
        12.57928,
        55.69476
       ],
       [
        12.57914,
        55.6947
       ],
       [
        12.57917,
        55.69459
       ],
       [
        12.57933,
        55.6946
       ],
       [
        12.57939,
        55.69463
       ],
       [
        12.57949,
        55.69461
       ],
       [
        12.57955,
        55.69459
       ],
       [
        12.57968,
        55.69459
       ],
       [
        12.57962,
        55.69441
       ],
       [
        12.57953,
        55.69441
       ],
       [
        12.5795,
        55.69443
       ],
       [
        12.57934,
        55.69444
       ],
       [
        12.5792,
        55.69444
       ],
       [
        12.57915,
        55.69439
       ],
       [
        12.57905,
        55.69437
       ],
       [
        12.57904,
        55.69423
       ],
       [
        12.57913,
        55.69417
       ],
       [
        12.57906,
        55.69412
       ],
       [
        12.57898,
        55.69415
       ],
       [
        12.57886,
        55.694
       ],
       [
        12.57882,
        55.69397
       ],
       [
        12.57879,
        55.69391
       ],
       [
        12.57873,
        55.69389
       ],
       [
        12.57865,
        55.69385
       ],
       [
        12.57852,
        55.69381
       ],
       [
        12.57851,
        55.69374
       ],
       [
        12.57855,
        55.6937
       ],
       [
        12.57845,
        55.69355
       ],
       [
        12.57853,
        55.69352
       ],
       [
        12.57856,
        55.69351
       ],
       [
        12.57859,
        55.69349
       ],
       [
        12.57858,
        55.69343
       ],
       [
        12.57858,
        55.69338
       ],
       [
        12.57851,
        55.69335
       ],
       [
        12.57847,
        55.69331
       ],
       [
        12.57837,
        55.69326
       ],
       [
        12.57837,
        55.69314
       ],
       [
        12.5783,
        55.69308
       ],
       [
        12.57823,
        55.69305
       ],
       [
        12.57819,
        55.69301
       ],
       [
        12.57804,
        55.69302
       ],
       [
        12.57791,
        55.693
       ],
       [
        12.57787,
        55.69297
       ],
       [
        12.57778,
        55.69295
       ],
       [
        12.57767,
        55.69287
       ],
       [
        12.57775,
        55.69284
       ],
       [
        12.5777,
        55.69279
       ],
       [
        12.57762,
        55.6927
       ],
       [
        12.57755,
        55.69263
       ],
       [
        12.57754,
        55.69251
       ],
       [
        12.57751,
        55.69248
       ],
       [
        12.57744,
        55.69246
       ],
       [
        12.57741,
        55.69244
       ],
       [
        12.57732,
        55.69247
       ],
       [
        12.5773,
        55.69234
       ],
       [
        12.57741,
        55.69225
       ],
       [
        12.57732,
        55.69216
       ],
       [
        12.57725,
        55.69212
       ],
       [
        12.57706,
        55.69208
       ],
       [
        12.57699,
        55.69204
       ],
       [
        12.57686,
        55.69198
       ],
       [
        12.57679,
        55.6919
       ],
       [
        12.57671,
        55.69187
       ],
       [
        12.5767,
        55.69162
       ],
       [
        12.57654,
        55.69159
       ],
       [
        12.57656,
        55.69153
       ],
       [
        12.57661,
        55.6915
       ],
       [
        12.57652,
        55.69139
       ],
       [
        12.57645,
        55.69135
       ],
       [
        12.57638,
        55.69129
       ],
       [
        12.57635,
        55.69127
       ],
       [
        12.57631,
        55.69118
       ],
       [
        12.5762,
        55.69108
       ],
       [
        12.57619,
        55.69102
       ],
       [
        12.57626,
        55.69098
       ],
       [
        12.57629,
        55.69096
       ],
       [
        12.57643,
        55.69094
       ],
       [
        12.57648,
        55.69087
       ],
       [
        12.57663,
        55.69085
       ],
       [
        12.57688,
        55.69084
       ],
       [
        12.57684,
        55.69075
       ],
       [
        12.57671,
        55.69074
       ],
       [
        12.5767,
        55.69059
       ],
       [
        12.57648,
        55.69062
       ],
       [
        12.57642,
        55.69069
       ],
       [
        12.57633,
        55.69072
       ],
       [
        12.57623,
        55.69075
       ],
       [
        12.57612,
        55.69079
       ],
       [
        12.5759,
        55.69082
       ],
       [
        12.57578,
        55.69071
       ],
       [
        12.57547,
        55.69036
       ],
       [
        12.57546,
        55.69031
       ],
       [
        12.57546,
        55.69029
       ],
       [
        12.57536,
        55.69024
       ],
       [
        12.57495,
        55.68977
       ],
       [
        12.57489,
        55.68966
       ],
       [
        12.57461,
        55.68963
       ],
       [
        12.57452,
        55.68954
       ],
       [
        12.57454,
        55.68942
       ],
       [
        12.57469,
        55.68941
       ],
       [
        12.57478,
        55.68935
       ],
       [
        12.57497,
        55.68942
       ],
       [
        12.57503,
        55.68945
       ],
       [
        12.57514,
        55.68938
       ],
       [
        12.57527,
        55.68933
       ],
       [
        12.57531,
        55.68926
       ],
       [
        12.57549,
        55.68917
       ],
       [
        12.57564,
        55.68917
       ],
       [
        12.5757,
        55.68908
       ],
       [
        12.57576,
        55.68906
       ],
       [
        12.57587,
        55.68902
       ],
       [
        12.57592,
        55.68907
       ],
       [
        12.57597,
        55.68912
       ],
       [
        12.57602,
        55.68912
       ],
       [
        12.57608,
        55.68912
       ],
       [
        12.57615,
        55.68915
       ],
       [
        12.57622,
        55.68922
       ],
       [
        12.57642,
        55.68927
       ],
       [
        12.57664,
        55.68926
       ],
       [
        12.57668,
        55.68933
       ],
       [
        12.57675,
        55.68944
       ],
       [
        12.57676,
        55.68962
       ],
       [
        12.5769,
        55.68971
       ],
       [
        12.57691,
        55.68974
       ],
       [
        12.57691,
        55.68976
       ],
       [
        12.57704,
        55.68977
       ],
       [
        12.5771,
        55.68981
       ],
       [
        12.57717,
        55.68982
       ],
       [
        12.57717,
        55.68986
       ],
       [
        12.57737,
        55.68994
       ],
       [
        12.57744,
        55.68998
       ],
       [
        12.5775,
        55.68999
       ],
       [
        12.57767,
        55.69004
       ],
       [
        12.57783,
        55.69006
       ],
       [
        12.5778,
        55.69009
       ],
       [
        12.57771,
        55.69015
       ],
       [
        12.57775,
        55.69023
       ],
       [
        12.57788,
        55.69027
       ],
       [
        12.57794,
        55.69033
       ],
       [
        12.57803,
        55.6904
       ],
       [
        12.57826,
        55.69049
       ],
       [
        12.57908,
        55.69079
       ],
       [
        12.5793,
        55.69084
       ],
       [
        12.57936,
        55.69086
       ],
       [
        12.57946,
        55.69087
       ],
       [
        12.57958,
        55.6909
       ],
       [
        12.57969,
        55.69092
       ],
       [
        12.57984,
        55.69091
       ],
       [
        12.58004,
        55.69094
       ],
       [
        12.58005,
        55.69103
       ],
       [
        12.58019,
        55.69112
       ],
       [
        12.58023,
        55.6912
       ],
       [
        12.58042,
        55.69129
       ],
       [
        12.58047,
        55.69132
       ],
       [
        12.58072,
        55.69139
       ],
       [
        12.58107,
        55.6914
       ],
       [
        12.58117,
        55.69143
       ],
       [
        12.58134,
        55.69148
       ],
       [
        12.5814,
        55.69152
       ],
       [
        12.58166,
        55.69158
       ],
       [
        12.58167,
        55.69168
       ],
       [
        12.58173,
        55.69177
       ],
       [
        12.58181,
        55.69179
       ],
       [
        12.58192,
        55.69182
       ],
       [
        12.58224,
        55.69195
       ],
       [
        12.58245,
        55.69203
       ],
       [
        12.5827,
        55.69213
       ],
       [
        12.58289,
        55.69219
       ],
       [
        12.58294,
        55.69222
       ],
       [
        12.5835,
        55.69223
       ],
       [
        12.5836,
        55.69226
       ],
       [
        12.58366,
        55.69224
       ],
       [
        12.58372,
        55.69222
       ],
       [
        12.58379,
        55.6922
       ],
       [
        12.58385,
        55.69226
       ],
       [
        12.58405,
        55.6923
       ],
       [
        12.58412,
        55.69232
       ],
       [
        12.58427,
        55.69231
       ],
       [
        12.58437,
        55.69236
       ],
       [
        12.58461,
        55.69251
       ],
       [
        12.58471,
        55.69254
       ],
       [
        12.58506,
        55.69259
       ],
       [
        12.58507,
        55.69262
       ],
       [
        12.58507,
        55.69267
       ],
       [
        12.58517,
        55.6927
       ],
       [
        12.58522,
        55.6927
       ],
       [
        12.58532,
        55.6927
       ],
       [
        12.58547,
        55.69265
       ],
       [
        12.58554,
        55.69256
       ],
       [
        12.58568,
        55.69253
       ],
       [
        12.58578,
        55.69247
       ],
       [
        12.58588,
        55.69243
       ],
       [
        12.58594,
        55.69241
       ],
       [
        12.58618,
        55.69229
       ],
       [
        12.58624,
        55.6925
       ],
       [
        12.58652,
        55.69257
       ],
       [
        12.58693,
        55.69262
       ],
       [
        12.58708,
        55.69255
       ],
       [
        12.58752,
        55.69232
       ],
       [
        12.58749,
        55.69229
       ],
       [
        12.58742,
        55.69226
       ],
       [
        12.58746,
        55.69197
       ],
       [
        12.58776,
        55.69181
       ],
       [
        12.58792,
        55.69174
       ],
       [
        12.58797,
        55.6917
       ],
       [
        12.58816,
        55.69168
       ],
       [
        12.58834,
        55.69162
       ],
       [
        12.58858,
        55.6917
       ],
       [
        12.58877,
        55.69169
       ],
       [
        12.58884,
        55.69173
       ],
       [
        12.5889,
        55.69176
       ],
       [
        12.58897,
        55.69182
       ],
       [
        12.58907,
        55.69192
       ],
       [
        12.58921,
        55.69197
       ],
       [
        12.58931,
        55.69197
       ],
       [
        12.58947,
        55.69207
       ],
       [
        12.58948,
        55.69211
       ],
       [
        12.58958,
        55.69214
       ],
       [
        12.58964,
        55.69217
       ],
       [
        12.58977,
        55.69222
       ],
       [
        12.58984,
        55.69228
       ],
       [
        12.59009,
        55.69229
       ],
       [
        12.59016,
        55.69239
       ],
       [
        12.59007,
        55.69244
       ],
       [
        12.59018,
        55.6925
       ],
       [
        12.59034,
        55.69252
       ],
       [
        12.59025,
        55.69257
       ],
       [
        12.59025,
        55.69262
       ],
       [
        12.59035,
        55.69264
       ],
       [
        12.59042,
        55.69271
       ],
       [
        12.59062,
        55.69283
       ],
       [
        12.59069,
        55.69286
       ],
       [
        12.59073,
        55.6929
       ],
       [
        12.59086,
        55.69296
       ],
       [
        12.59094,
        55.69302
       ],
       [
        12.59113,
        55.69312
       ],
       [
        12.59129,
        55.69325
       ],
       [
        12.59146,
        55.69334
       ],
       [
        12.5916,
        55.69344
       ],
       [
        12.59176,
        55.69349
       ],
       [
        12.59181,
        55.69355
       ],
       [
        12.59186,
        55.69358
       ],
       [
        12.59197,
        55.69365
       ],
       [
        12.59211,
        55.69375
       ],
       [
        12.59225,
        55.69379
       ],
       [
        12.59234,
        55.69384
       ],
       [
        12.59238,
        55.69386
       ],
       [
        12.59246,
        55.69396
       ],
       [
        12.59262,
        55.6941
       ],
       [
        12.59266,
        55.69416
       ],
       [
        12.59289,
        55.69425
       ],
       [
        12.59309,
        55.69427
       ],
       [
        12.59336,
        55.69424
       ],
       [
        12.59365,
        55.69423
       ],
       [
        12.59379,
        55.69418
       ],
       [
        12.59401,
        55.69408
       ],
       [
        12.59414,
        55.69404
       ],
       [
        12.59417,
        55.69404
       ],
       [
        12.59421,
        55.69404
       ],
       [
        12.59427,
        55.69403
       ],
       [
        12.59434,
        55.69407
       ],
       [
        12.59444,
        55.69416
       ],
       [
        12.59468,
        55.69429
       ],
       [
        12.59473,
        55.69435
       ],
       [
        12.59497,
        55.69425
       ],
       [
        12.59503,
        55.69418
       ],
       [
        12.59507,
        55.69412
       ],
       [
        12.59516,
        55.69403
       ],
       [
        12.59519,
        55.69399
       ],
       [
        12.59524,
        55.69393
       ],
       [
        12.59546,
        55.69361
       ],
       [
        12.59564,
        55.6935
       ],
       [
        12.59577,
        55.69345
       ],
       [
        12.59587,
        55.69345
       ],
       [
        12.59604,
        55.69346
       ],
       [
        12.59616,
        55.69346
       ],
       [
        12.59621,
        55.69351
       ],
       [
        12.59649,
        55.69352
       ],
       [
        12.59658,
        55.69357
       ],
       [
        12.59662,
        55.69359
       ],
       [
        12.59665,
        55.69361
       ],
       [
        12.59678,
        55.69365
       ],
       [
        12.59682,
        55.69371
       ],
       [
        12.59695,
        55.69374
       ],
       [
        12.59701,
        55.69381
       ],
       [
        12.59721,
        55.69382
       ],
       [
        12.59728,
        55.69384
       ],
       [
        12.59735,
        55.69379
       ],
       [
        12.59758,
        55.69367
       ],
       [
        12.59799,
        55.69363
       ],
       [
        12.59814,
        55.69356
       ],
       [
        12.5983,
        55.69351
       ],
       [
        12.59856,
        55.69341
       ],
       [
        12.59869,
        55.69331
       ],
       [
        12.59879,
        55.69321
       ],
       [
        12.5989,
        55.69318
       ],
       [
        12.59893,
        55.69316
       ],
       [
        12.59899,
        55.69312
       ],
       [
        12.59899,
        55.69302
       ],
       [
        12.59895,
        55.69298
       ],
       [
        12.59926,
        55.69291
       ],
       [
        12.59923,
        55.69292
       ],
       [
        12.59926,
        55.69294
       ],
       [
        12.59937,
        55.693
       ],
       [
        12.59955,
        55.69309
       ],
       [
        12.59973,
        55.69319
       ],
       [
        12.59983,
        55.69323
       ],
       [
        12.59995,
        55.69329
       ],
       [
        12.59996,
        55.69328
       ],
       [
        12.6,
        55.69329
       ],
       [
        12.60004,
        55.69331
       ],
       [
        12.60002,
        55.69333
       ],
       [
        12.60016,
        55.69338
       ],
       [
        12.60028,
        55.69348
       ],
       [
        12.60038,
        55.69359
       ],
       [
        12.60037,
        55.69359
       ],
       [
        12.60038,
        55.69364
       ],
       [
        12.60041,
        55.6937
       ],
       [
        12.60042,
        55.69372
       ],
       [
        12.60042,
        55.69373
       ],
       [
        12.60046,
        55.69377
       ],
       [
        12.60053,
        55.69386
       ],
       [
        12.60057,
        55.69399
       ],
       [
        12.60047,
        55.69404
       ],
       [
        12.60034,
        55.69403
       ],
       [
        12.60024,
        55.69396
       ],
       [
        12.60023,
        55.69396
       ],
       [
        12.60023,
        55.69396
       ],
       [
        12.60019,
        55.69397
       ],
       [
        12.59959,
        55.69349
       ],
       [
        12.59823,
        55.69374
       ],
       [
        12.59823,
        55.69376
       ],
       [
        12.5982,
        55.69376
       ],
       [
        12.5982,
        55.69426
       ],
       [
        12.59974,
        55.69487
       ],
       [
        12.59976,
        55.69487
       ],
       [
        12.59977,
        55.69487
       ],
       [
        12.6,
        55.69483
       ],
       [
        12.60029,
        55.69431
       ],
       [
        12.6003,
        55.69431
       ],
       [
        12.60031,
        55.6943
       ],
       [
        12.60035,
        55.69431
       ],
       [
        12.60039,
        55.69421
       ],
       [
        12.60039,
        55.69421
       ],
       [
        12.60042,
        55.6942
       ],
       [
        12.60053,
        55.69419
       ],
       [
        12.60061,
        55.69426
       ],
       [
        12.60052,
        55.69448
       ],
       [
        12.60046,
        55.69459
       ],
       [
        12.60048,
        55.69478
       ],
       [
        12.60048,
        55.69493
       ],
       [
        12.6004,
        55.69505
       ],
       [
        12.60032,
        55.69511
       ],
       [
        12.60022,
        55.69519
       ],
       [
        12.60018,
        55.69526
       ],
       [
        12.60015,
        55.69528
       ],
       [
        12.60014,
        55.69529
       ],
       [
        12.60013,
        55.69531
       ],
       [
        12.59999,
        55.69535
       ],
       [
        12.6,
        55.69535
       ],
       [
        12.5998,
        55.6954
       ],
       [
        12.59987,
        55.69549
       ],
       [
        12.60007,
        55.69544
       ],
       [
        12.6001,
        55.69543
       ],
       [
        12.60011,
        55.69544
       ],
       [
        12.60038,
        55.69551
       ],
       [
        12.6004,
        55.69552
       ],
       [
        12.6005,
        55.69555
       ],
       [
        12.60088,
        55.70029
       ],
       [
        12.60122,
        55.70392
       ],
       [
        12.60106,
        55.70387
       ],
       [
        12.60078,
        55.70374
       ],
       [
        12.59988,
        55.70296
       ],
       [
        12.59968,
        55.70278
       ],
       [
        12.5995,
        55.70059
       ],
       [
        12.59932,
        55.69866
       ],
       [
        12.5993,
        55.69843
       ],
       [
        12.59927,
        55.69822
       ],
       [
        12.59906,
        55.697
       ],
       [
        12.59885,
        55.69575
       ],
       [
        12.59925,
        55.69565
       ],
       [
        12.59948,
        55.69558
       ],
       [
        12.59938,
        55.6955
       ],
       [
        12.59918,
        55.69556
       ],
       [
        12.59884,
        55.69564
       ],
       [
        12.59882,
        55.69559
       ],
       [
        12.59882,
        55.69555
       ],
       [
        12.59759,
        55.69565
       ],
       [
        12.59759,
        55.69567
       ],
       [
        12.59759,
        55.69567
       ],
       [
        12.59806,
        55.69764
       ],
       [
        12.59796,
        55.69765
       ],
       [
        12.59796,
        55.69765
       ],
       [
        12.59796,
        55.69765
       ],
       [
        12.59796,
        55.69766
       ],
       [
        12.59792,
        55.69766
       ],
       [
        12.59835,
        55.69867
       ],
       [
        12.5976,
        55.69874
       ],
       [
        12.5976,
        55.69874
       ],
       [
        12.59759,
        55.69874
       ],
       [
        12.59759,
        55.69874
       ],
       [
        12.59755,
        55.69875
       ],
       [
        12.5976,
        55.69894
       ],
       [
        12.59759,
        55.69898
       ],
       [
        12.59755,
        55.69903
       ],
       [
        12.59754,
        55.69904
       ],
       [
        12.59751,
        55.69903
       ],
       [
        12.59748,
        55.69903
       ],
       [
        12.59746,
        55.69901
       ],
       [
        12.59744,
        55.69899
       ],
       [
        12.59742,
        55.69899
       ],
       [
        12.59742,
        55.69898
       ],
       [
        12.5974,
        55.69898
       ],
       [
        12.59735,
        55.69876
       ],
       [
        12.59733,
        55.69876
       ],
       [
        12.59733,
        55.69876
       ],
       [
        12.59722,
        55.69876
       ],
       [
        12.59704,
        55.6981
       ],
       [
        12.59688,
        55.69748
       ],
       [
        12.59688,
        55.69746
       ],
       [
        12.59656,
        55.6962
       ],
       [
        12.59645,
        55.69576
       ],
       [
        12.59645,
        55.69576
       ],
       [
        12.59644,
        55.69575
       ],
       [
        12.5964,
        55.69576
       ],
       [
        12.5964,
        55.69575
       ],
       [
        12.59493,
        55.69587
       ],
       [
        12.59539,
        55.69712
       ],
       [
        12.5957,
        55.69805
       ],
       [
        12.59582,
        55.69842
       ],
       [
        12.59588,
        55.69858
       ],
       [
        12.59636,
        55.70002
       ],
       [
        12.59671,
        55.70108
       ],
       [
        12.59618,
        55.7013
       ],
       [
        12.59772,
        55.7025
       ],
       [
        12.59775,
        55.70257
       ],
       [
        12.59775,
        55.70257
       ],
       [
        12.59776,
        55.70257
       ],
       [
        12.59776,
        55.7026
       ],
       [
        12.59775,
        55.70261
       ],
       [
        12.59769,
        55.70261
       ],
       [
        12.59768,
        55.70261
       ],
       [
        12.59766,
        55.70262
       ],
       [
        12.59764,
        55.70263
       ],
       [
        12.59762,
        55.70263
       ],
       [
        12.59761,
        55.70263
       ],
       [
        12.59759,
        55.70263
       ],
       [
        12.59757,
        55.70264
       ],
       [
        12.59755,
        55.70263
       ],
       [
        12.59754,
        55.70263
       ],
       [
        12.59751,
        55.70263
       ],
       [
        12.59749,
        55.70262
       ],
       [
        12.59519,
        55.7014
       ],
       [
        12.59473,
        55.70168
       ],
       [
        12.59496,
        55.70206
       ],
       [
        12.59487,
        55.70254
       ],
       [
        12.59487,
        55.70256
       ],
       [
        12.59471,
        55.7028
       ],
       [
        12.59688,
        55.70328
       ],
       [
        12.5977,
        55.70347
       ],
       [
        12.59918,
        55.70446
       ],
       [
        12.60033,
        55.70525
       ],
       [
        12.60032,
        55.70529
       ],
       [
        12.60021,
        55.70535
       ],
       [
        12.5998,
        55.70529
       ],
       [
        12.59914,
        55.7049
       ],
       [
        12.59896,
        55.70499
       ],
       [
        12.5994,
        55.70525
       ],
       [
        12.59938,
        55.70535
       ],
       [
        12.59929,
        55.70534
       ],
       [
        12.5966,
        55.70506
       ],
       [
        12.59663,
        55.70488
       ],
       [
        12.59495,
        55.7047
       ],
       [
        12.59265,
        55.70447
       ],
       [
        12.59261,
        55.70446
       ],
       [
        12.59261,
        55.70447
       ],
       [
        12.59256,
        55.70446
       ],
       [
        12.59254,
        55.70457
       ],
       [
        12.59253,
        55.70467
       ],
       [
        12.59251,
        55.70478
       ],
       [
        12.59249,
        55.70488
       ],
       [
        12.59247,
        55.70499
       ],
       [
        12.59243,
        55.70509
       ],
       [
        12.59239,
        55.70519
       ],
       [
        12.59235,
        55.7053
       ],
       [
        12.59231,
        55.7054
       ],
       [
        12.59226,
        55.7055
       ],
       [
        12.59221,
        55.7056
       ],
       [
        12.59216,
        55.7057
       ],
       [
        12.59211,
        55.70581
       ],
       [
        12.59207,
        55.70591
       ],
       [
        12.59202,
        55.70601
       ],
       [
        12.59199,
        55.70608
       ],
       [
        12.59197,
        55.70608
       ],
       [
        12.59196,
        55.70611
       ],
       [
        12.59197,
        55.70611
       ],
       [
        12.59197,
        55.70611
       ],
       [
        12.59576,
        55.70648
       ],
       [
        12.59579,
        55.7064
       ],
       [
        12.59663,
        55.70649
       ],
       [
        12.59777,
        55.70661
       ],
       [
        12.59869,
        55.7067
       ],
       [
        12.59869,
        55.70645
       ],
       [
        12.59884,
        55.70645
       ],
       [
        12.59884,
        55.70624
       ],
       [
        12.59893,
        55.70624
       ],
       [
        12.59892,
        55.70645
       ],
       [
        12.59894,
        55.70679
       ],
       [
        12.59901,
        55.70685
       ],
       [
        12.59902,
        55.70692
       ],
       [
        12.59903,
        55.70695
       ],
       [
        12.59907,
        55.70694
       ],
       [
        12.59907,
        55.70695
       ],
       [
        12.6007,
        55.7066
       ],
       [
        12.60334,
        55.70607
       ],
       [
        12.60331,
        55.7061
       ],
       [
        12.6032,
        55.70621
       ],
       [
        12.60319,
        55.70621
       ],
       [
        12.603,
        55.70642
       ],
       [
        12.60229,
        55.70722
       ],
       [
        12.6022,
        55.70723
       ],
       [
        12.60212,
        55.70725
       ],
       [
        12.60054,
        55.7076
       ],
       [
        12.59978,
        55.70777
       ],
       [
        12.59974,
        55.70784
       ],
       [
        12.59898,
        55.70801
       ],
       [
        12.59897,
        55.70835
       ],
       [
        12.5969,
        55.70872
       ],
       [
        12.59493,
        55.70907
       ],
       [
        12.59494,
        55.70911
       ],
       [
        12.59491,
        55.70911
       ],
       [
        12.59506,
        55.70989
       ],
       [
        12.59508,
        55.70989
       ],
       [
        12.59509,
        55.70991
       ],
       [
        12.59537,
        55.70989
       ],
       [
        12.59551,
        55.71009
       ],
       [
        12.59551,
        55.7101
       ],
       [
        12.59944,
        55.70931
       ],
       [
        12.60327,
        55.70853
       ],
       [
        12.60527,
        55.70812
       ],
       [
        12.60531,
        55.70816
       ],
       [
        12.60529,
        55.70817
       ],
       [
        12.60482,
        55.70851
       ],
       [
        12.60484,
        55.70858
       ],
       [
        12.60326,
        55.70974
       ],
       [
        12.59534,
        55.71136
       ],
       [
        12.59627,
        55.71258
       ],
       [
        12.59774,
        55.71226
       ],
       [
        12.59773,
        55.71224
       ],
       [
        12.59776,
        55.71223
       ],
       [
        12.59761,
        55.712
       ],
       [
        12.59955,
        55.7116
       ],
       [
        12.59974,
        55.71188
       ],
       [
        12.60225,
        55.71136
       ],
       [
        12.60444,
        55.71092
       ],
       [
        12.60701,
        55.71039
       ],
       [
        12.61044,
        55.70969
       ],
       [
        12.61027,
        55.70943
       ],
       [
        12.61099,
        55.70929
       ],
       [
        12.61098,
        55.70927
       ],
       [
        12.61097,
        55.70926
       ],
       [
        12.61097,
        55.70924
       ],
       [
        12.61098,
        55.70922
       ],
       [
        12.61103,
        55.70918
       ],
       [
        12.61107,
        55.70912
       ],
       [
        12.61105,
        55.70907
       ],
       [
        12.611,
        55.70905
       ],
       [
        12.61089,
        55.70897
       ],
       [
        12.61072,
        55.70893
       ],
       [
        12.61073,
        55.70889
       ],
       [
        12.61142,
        55.70903
       ],
       [
        12.61144,
        55.70908
       ],
       [
        12.61141,
        55.7091
       ],
       [
        12.61136,
        55.7091
       ],
       [
        12.61132,
        55.70909
       ],
       [
        12.6113,
        55.70911
       ],
       [
        12.61129,
        55.70915
       ],
       [
        12.61132,
        55.7092
       ],
       [
        12.61133,
        55.70922
       ],
       [
        12.61136,
        55.70926
       ],
       [
        12.61139,
        55.70932
       ],
       [
        12.61163,
        55.70966
       ],
       [
        12.61181,
        55.70975
       ],
       [
        12.61409,
        55.7108
       ],
       [
        12.61409,
        55.71104
       ],
       [
        12.61413,
        55.71151
       ],
       [
        12.6139,
        55.71189
       ],
       [
        12.61347,
        55.71201
       ],
       [
        12.61298,
        55.71219
       ],
       [
        12.61298,
        55.7123
       ],
       [
        12.61305,
        55.71251
       ],
       [
        12.60592,
        55.71401
       ],
       [
        12.60624,
        55.71454
       ],
       [
        12.60631,
        55.71453
       ],
       [
        12.61117,
        55.71354
       ],
       [
        12.61304,
        55.71316
       ],
       [
        12.6146,
        55.71285
       ],
       [
        12.61561,
        55.71263
       ],
       [
        12.61707,
        55.71234
       ],
       [
        12.61724,
        55.71231
       ],
       [
        12.61726,
        55.71231
       ],
       [
        12.61795,
        55.71264
       ],
       [
        12.61788,
        55.7128
       ],
       [
        12.61754,
        55.71288
       ],
       [
        12.61713,
        55.71287
       ],
       [
        12.61643,
        55.71294
       ],
       [
        12.61628,
        55.71311
       ],
       [
        12.61635,
        55.71329
       ],
       [
        12.61666,
        55.71342
       ],
       [
        12.61721,
        55.71337
       ],
       [
        12.61765,
        55.71354
       ],
       [
        12.61782,
        55.71381
       ],
       [
        12.61815,
        55.71409
       ],
       [
        12.61842,
        55.71428
       ],
       [
        12.61869,
        55.7143
       ],
       [
        12.61896,
        55.71425
       ],
       [
        12.6187,
        55.7139
       ],
       [
        12.61869,
        55.71376
       ],
       [
        12.61891,
        55.7137
       ],
       [
        12.61919,
        55.71368
       ],
       [
        12.61963,
        55.71377
       ],
       [
        12.61964,
        55.71366
       ],
       [
        12.61981,
        55.71358
       ],
       [
        12.62,
        55.71355
       ],
       [
        12.62123,
        55.71407
       ],
       [
        12.62136,
        55.71413
       ],
       [
        12.6216,
        55.71423
       ],
       [
        12.62173,
        55.71429
       ],
       [
        12.62176,
        55.71433
       ],
       [
        12.62177,
        55.71443
       ],
       [
        12.62171,
        55.71446
       ],
       [
        12.62161,
        55.71448
       ],
       [
        12.62146,
        55.7145
       ],
       [
        12.6212,
        55.71455
       ],
       [
        12.62056,
        55.71467
       ],
       [
        12.61925,
        55.71495
       ],
       [
        12.61849,
        55.7151
       ],
       [
        12.61838,
        55.71513
       ],
       [
        12.61834,
        55.71518
       ],
       [
        12.6183,
        55.71527
       ],
       [
        12.61818,
        55.71534
       ],
       [
        12.61785,
        55.71542
       ],
       [
        12.61782,
        55.71544
       ],
       [
        12.61775,
        55.71546
       ],
       [
        12.61776,
        55.71551
       ],
       [
        12.61775,
        55.71552
       ],
       [
        12.61777,
        55.71558
       ],
       [
        12.61777,
        55.71558
       ],
       [
        12.61778,
        55.71561
       ],
       [
        12.61792,
        55.71597
       ],
       [
        12.61722,
        55.71611
       ],
       [
        12.61688,
        55.71569
       ],
       [
        12.61382,
        55.71633
       ],
       [
        12.61352,
        55.7165
       ],
       [
        12.6144,
        55.71774
       ],
       [
        12.61456,
        55.71771
       ],
       [
        12.61456,
        55.71754
       ],
       [
        12.61481,
        55.71749
       ],
       [
        12.61496,
        55.71765
       ],
       [
        12.61698,
        55.71724
       ],
       [
        12.61777,
        55.71704
       ],
       [
        12.61755,
        55.71658
       ],
       [
        12.61792,
        55.71645
       ],
       [
        12.61814,
        55.71644
       ],
       [
        12.61828,
        55.71644
       ],
       [
        12.61832,
        55.71649
       ],
       [
        12.61837,
        55.71661
       ],
       [
        12.61851,
        55.7166
       ],
       [
        12.61864,
        55.71687
       ],
       [
        12.61887,
        55.71683
       ],
       [
        12.61891,
        55.71684
       ],
       [
        12.61903,
        55.71683
       ],
       [
        12.61914,
        55.71681
       ],
       [
        12.61923,
        55.71678
       ],
       [
        12.61934,
        55.71679
       ],
       [
        12.61935,
        55.71681
       ],
       [
        12.61951,
        55.71682
       ],
       [
        12.61983,
        55.71684
       ],
       [
        12.6201,
        55.71682
       ],
       [
        12.6205,
        55.71674
       ],
       [
        12.6209,
        55.71666
       ],
       [
        12.62113,
        55.7166
       ],
       [
        12.62124,
        55.71661
       ],
       [
        12.62136,
        55.71639
       ],
       [
        12.62204,
        55.71626
       ],
       [
        12.62212,
        55.71628
       ],
       [
        12.6222,
        55.7164
       ],
       [
        12.62233,
        55.71636
       ],
       [
        12.62246,
        55.71633
       ],
       [
        12.62266,
        55.71628
       ],
       [
        12.62297,
        55.71626
       ],
       [
        12.62298,
        55.71627
       ],
       [
        12.62301,
        55.71645
       ],
       [
        12.62315,
        55.71782
       ],
       [
        12.62308,
        55.71788
       ],
       [
        12.62272,
        55.71804
       ],
       [
        12.62181,
        55.71838
       ],
       [
        12.62119,
        55.71861
       ],
       [
        12.61999,
        55.71906
       ],
       [
        12.61894,
        55.71947
       ],
       [
        12.61796,
        55.71983
       ],
       [
        12.61693,
        55.72022
       ],
       [
        12.61586,
        55.72061
       ],
       [
        12.6148,
        55.72103
       ],
       [
        12.61385,
        55.72139
       ],
       [
        12.61297,
        55.72171
       ],
       [
        12.61195,
        55.72211
       ],
       [
        12.61077,
        55.72255
       ],
       [
        12.60986,
        55.72289
       ],
       [
        12.60877,
        55.72331
       ],
       [
        12.60776,
        55.72367
       ],
       [
        12.60688,
        55.72401
       ],
       [
        12.60642,
        55.72417
       ],
       [
        12.60546,
        55.72453
       ],
       [
        12.6048,
        55.72478
       ],
       [
        12.60471,
        55.72479
       ],
       [
        12.60462,
        55.72479
       ],
       [
        12.60447,
        55.72479
       ],
       [
        12.6043,
        55.72485
       ],
       [
        12.60429,
        55.72486
       ],
       [
        12.60427,
        55.72486
       ],
       [
        12.60421,
        55.72491
       ],
       [
        12.60409,
        55.72498
       ],
       [
        12.60384,
        55.72512
       ],
       [
        12.60356,
        55.72525
       ],
       [
        12.60332,
        55.72532
       ],
       [
        12.60325,
        55.72533
       ],
       [
        12.60316,
        55.72533
       ],
       [
        12.6031,
        55.72532
       ],
       [
        12.60302,
        55.72526
       ],
       [
        12.60283,
        55.72514
       ],
       [
        12.6031,
        55.72502
       ],
       [
        12.60442,
        55.72453
       ],
       [
        12.60455,
        55.72453
       ],
       [
        12.60464,
        55.72451
       ],
       [
        12.60526,
        55.72428
       ],
       [
        12.60626,
        55.7239
       ],
       [
        12.60628,
        55.7239
       ],
       [
        12.6063,
        55.72389
       ],
       [
        12.60647,
        55.72382
       ],
       [
        12.60647,
        55.72381
       ],
       [
        12.60648,
        55.7238
       ],
       [
        12.60649,
        55.72376
       ],
       [
        12.60646,
        55.72371
       ],
       [
        12.60642,
        55.72361
       ],
       [
        12.60608,
        55.72317
       ],
       [
        12.60605,
        55.72315
       ],
       [
        12.60603,
        55.72311
       ],
       [
        12.60599,
        55.72312
       ],
       [
        12.60598,
        55.72311
       ],
       [
        12.60593,
        55.7231
       ],
       [
        12.60583,
        55.72311
       ],
       [
        12.60514,
        55.72326
       ],
       [
        12.60394,
        55.72351
       ],
       [
        12.60396,
        55.72353
       ],
       [
        12.60344,
        55.72364
       ],
       [
        12.60341,
        55.72362
       ],
       [
        12.60191,
        55.72393
       ],
       [
        12.60191,
        55.72394
       ],
       [
        12.60163,
        55.72392
       ],
       [
        12.60152,
        55.72387
       ],
       [
        12.60147,
        55.72377
       ],
       [
        12.6014,
        55.72373
       ],
       [
        12.60125,
        55.72366
       ],
       [
        12.6012,
        55.72359
       ],
       [
        12.60118,
        55.72346
       ],
       [
        12.60123,
        55.72322
       ],
       [
        12.60122,
        55.72298
       ],
       [
        12.60119,
        55.72289
       ],
       [
        12.60119,
        55.72284
       ],
       [
        12.60088,
        55.72209
       ],
       [
        12.60072,
        55.72166
       ],
       [
        12.60068,
        55.72157
       ],
       [
        12.60056,
        55.72119
       ],
       [
        12.60045,
        55.721
       ],
       [
        12.60034,
        55.72072
       ],
       [
        12.60035,
        55.72072
       ],
       [
        12.60039,
        55.72069
       ],
       [
        12.60029,
        55.72054
       ],
       [
        12.60474,
        55.71962
       ],
       [
        12.60474,
        55.71961
       ],
       [
        12.60477,
        55.71961
       ],
       [
        12.60397,
        55.71835
       ],
       [
        12.60285,
        55.71858
       ],
       [
        12.60104,
        55.71893
       ],
       [
        12.60093,
        55.71876
       ],
       [
        12.59868,
        55.71922
       ],
       [
        12.59858,
        55.71905
       ],
       [
        12.59854,
        55.71906
       ],
       [
        12.59854,
        55.71906
       ],
       [
        12.59791,
        55.71919
       ],
       [
        12.59788,
        55.7192
       ],
       [
        12.59787,
        55.7192
       ],
       [
        12.59587,
        55.71962
       ],
       [
        12.59577,
        55.71958
       ],
       [
        12.59578,
        55.71957
       ],
       [
        12.59554,
        55.71933
       ],
       [
        12.59576,
        55.71927
       ],
       [
        12.59555,
        55.71905
       ],
       [
        12.59551,
        55.719
       ],
       [
        12.59505,
        55.71851
       ],
       [
        12.59451,
        55.71795
       ],
       [
        12.59404,
        55.71743
       ],
       [
        12.59401,
        55.71744
       ],
       [
        12.594,
        55.71743
       ],
       [
        12.59384,
        55.71748
       ],
       [
        12.59358,
        55.71717
       ],
       [
        12.59374,
        55.71711
       ],
       [
        12.59373,
        55.71711
       ],
       [
        12.59377,
        55.7171
       ],
       [
        12.59282,
        55.71577
       ],
       [
        12.59189,
        55.71447
       ],
       [
        12.59107,
        55.71331
       ],
       [
        12.59054,
        55.71258
       ],
       [
        12.59044,
        55.71258
       ],
       [
        12.59047,
        55.71265
       ],
       [
        12.59024,
        55.7127
       ],
       [
        12.59017,
        55.71259
       ],
       [
        12.59014,
        55.71254
       ],
       [
        12.59006,
        55.71257
       ],
       [
        12.59005,
        55.71217
       ],
       [
        12.59054,
        55.71216
       ],
       [
        12.59088,
        55.71216
       ],
       [
        12.59152,
        55.71152
       ],
       [
        12.5923,
        55.71077
       ],
       [
        12.5927,
        55.71038
       ],
       [
        12.59176,
        55.71007
       ],
       [
        12.59173,
        55.71006
       ],
       [
        12.59172,
        55.70992
       ],
       [
        12.59161,
        55.7099
       ],
       [
        12.59137,
        55.71047
       ],
       [
        12.59119,
        55.7108
       ],
       [
        12.59036,
        55.71067
       ],
       [
        12.59037,
        55.71065
       ],
       [
        12.59037,
        55.71059
       ],
       [
        12.59076,
        55.70979
       ],
       [
        12.59049,
        55.70974
       ],
       [
        12.59014,
        55.71046
       ],
       [
        12.59012,
        55.7105
       ],
       [
        12.59009,
        55.71058
       ],
       [
        12.59008,
        55.7106
       ],
       [
        12.59005,
        55.71058
       ],
       [
        12.58991,
        55.71077
       ],
       [
        12.58974,
        55.71096
       ],
       [
        12.58927,
        55.71142
       ],
       [
        12.58923,
        55.71146
       ],
       [
        12.58924,
        55.71147
       ],
       [
        12.58913,
        55.71158
       ],
       [
        12.58912,
        55.71157
       ],
       [
        12.58852,
        55.71214
       ],
       [
        12.58854,
        55.71215
       ],
       [
        12.58836,
        55.71233
       ],
       [
        12.58836,
        55.71238
       ],
       [
        12.58835,
        55.71238
       ],
       [
        12.58836,
        55.71239
       ],
       [
        12.58836,
        55.71244
       ],
       [
        12.58982,
        55.7145
       ],
       [
        12.5897,
        55.71454
       ],
       [
        12.58979,
        55.71471
       ],
       [
        12.58978,
        55.71471
       ],
       [
        12.58939,
        55.71479
       ],
       [
        12.58883,
        55.71463
       ],
       [
        12.58855,
        55.71468
       ],
       [
        12.58851,
        55.71468
       ],
       [
        12.58844,
        55.7146
       ],
       [
        12.5883,
        55.71464
       ],
       [
        12.58829,
        55.71463
       ],
       [
        12.58816,
        55.71444
       ],
       [
        12.58807,
        55.71442
       ],
       [
        12.58793,
        55.71426
       ],
       [
        12.58796,
        55.71414
       ],
       [
        12.58784,
        55.71416
       ],
       [
        12.5878,
        55.71411
       ],
       [
        12.58683,
        55.71431
       ],
       [
        12.58694,
        55.71458
       ],
       [
        12.58562,
        55.71601
       ],
       [
        12.58556,
        55.71604
       ],
       [
        12.58547,
        55.71601
       ],
       [
        12.58533,
        55.71595
       ],
       [
        12.58472,
        55.71571
       ],
       [
        12.58471,
        55.71571
       ],
       [
        12.58465,
        55.71569
       ],
       [
        12.58442,
        55.71576
       ],
       [
        12.58423,
        55.71596
       ],
       [
        12.58421,
        55.71619
       ],
       [
        12.58404,
        55.71692
       ],
       [
        12.5841,
        55.71704
       ],
       [
        12.59062,
        55.71792
       ],
       [
        12.591,
        55.71794
       ],
       [
        12.59129,
        55.71834
       ],
       [
        12.59241,
        55.71809
       ],
       [
        12.59252,
        55.71825
       ],
       [
        12.59259,
        55.71838
       ],
       [
        12.59258,
        55.71841
       ],
       [
        12.59229,
        55.71853
       ],
       [
        12.59191,
        55.71862
       ],
       [
        12.59154,
        55.71867
       ],
       [
        12.59139,
        55.71868
       ],
       [
        12.59119,
        55.71868
       ],
       [
        12.59102,
        55.71866
       ],
       [
        12.59065,
        55.71861
       ],
       [
        12.58923,
        55.71842
       ],
       [
        12.58848,
        55.71832
       ],
       [
        12.58811,
        55.71821
       ],
       [
        12.58807,
        55.71825
       ],
       [
        12.58807,
        55.71825
       ],
       [
        12.5878,
        55.71815
       ],
       [
        12.58784,
        55.71811
       ],
       [
        12.58748,
        55.71793
       ],
       [
        12.58682,
        55.71754
       ],
       [
        12.58568,
        55.71738
       ],
       [
        12.58458,
        55.71723
       ],
       [
        12.58436,
        55.71726
       ],
       [
        12.58413,
        55.71734
       ],
       [
        12.58413,
        55.71734
       ],
       [
        12.58412,
        55.71734
       ],
       [
        12.58403,
        55.7174
       ],
       [
        12.58402,
        55.71741
       ],
       [
        12.58402,
        55.71742
       ],
       [
        12.58389,
        55.71751
       ],
       [
        12.58338,
        55.71646
       ],
       [
        12.58337,
        55.71647
       ],
       [
        12.58321,
        55.71653
       ],
       [
        12.58315,
        55.71657
       ],
       [
        12.58302,
        55.71657
       ],
       [
        12.58297,
        55.71661
       ],
       [
        12.58268,
        55.71666
       ],
       [
        12.58256,
        55.7167
       ],
       [
        12.58249,
        55.71672
       ],
       [
        12.58215,
        55.71672
       ],
       [
        12.58176,
        55.71674
       ],
       [
        12.58169,
        55.71678
       ],
       [
        12.58161,
        55.71674
       ],
       [
        12.58141,
        55.71673
       ],
       [
        12.58094,
        55.71676
       ],
       [
        12.58051,
        55.71675
       ],
       [
        12.5803,
        55.71676
       ],
       [
        12.57984,
        55.71677
       ],
       [
        12.57951,
        55.71681
       ],
       [
        12.57929,
        55.71677
       ],
       [
        12.57922,
        55.71678
       ],
       [
        12.57904,
        55.71683
       ],
       [
        12.579,
        55.71684
       ],
       [
        12.57884,
        55.71684
       ],
       [
        12.57867,
        55.71673
       ],
       [
        12.57822,
        55.71671
       ],
       [
        12.57813,
        55.71677
       ],
       [
        12.57769,
        55.71678
       ],
       [
        12.57763,
        55.71675
       ],
       [
        12.57732,
        55.7166
       ],
       [
        12.57736,
        55.7164
       ],
       [
        12.57721,
        55.71637
       ],
       [
        12.57722,
        55.71648
       ],
       [
        12.57703,
        55.71657
       ],
       [
        12.57679,
        55.71663
       ],
       [
        12.57666,
        55.71669
       ],
       [
        12.57655,
        55.71672
       ],
       [
        12.57639,
        55.71679
       ],
       [
        12.57632,
        55.71681
       ],
       [
        12.5762,
        55.71686
       ],
       [
        12.57611,
        55.71688
       ],
       [
        12.57597,
        55.71694
       ],
       [
        12.57583,
        55.717
       ],
       [
        12.57574,
        55.71704
       ],
       [
        12.57564,
        55.71708
       ],
       [
        12.57547,
        55.71719
       ],
       [
        12.57554,
        55.71726
       ],
       [
        12.57551,
        55.7173
       ],
       [
        12.57547,
        55.71734
       ],
       [
        12.57527,
        55.71743
       ],
       [
        12.57501,
        55.71754
       ],
       [
        12.57433,
        55.71794
       ],
       [
        12.57423,
        55.71791
       ],
       [
        12.57413,
        55.71795
       ],
       [
        12.57406,
        55.718
       ],
       [
        12.57401,
        55.71802
       ],
       [
        12.57398,
        55.71807
       ],
       [
        12.57381,
        55.71817
       ],
       [
        12.57374,
        55.71824
       ],
       [
        12.57357,
        55.71838
       ],
       [
        12.57354,
        55.71842
       ],
       [
        12.57351,
        55.71843
       ],
       [
        12.57348,
        55.71845
       ],
       [
        12.57345,
        55.71847
       ],
       [
        12.57339,
        55.71853
       ],
       [
        12.57333,
        55.71859
       ],
       [
        12.57327,
        55.71862
       ],
       [
        12.57324,
        55.71866
       ],
       [
        12.57319,
        55.71871
       ],
       [
        12.57293,
        55.719
       ],
       [
        12.57287,
        55.71908
       ],
       [
        12.57283,
        55.71914
       ],
       [
        12.57278,
        55.71919
       ],
       [
        12.57272,
        55.71923
       ],
       [
        12.57269,
        55.71927
       ],
       [
        12.57264,
        55.71934
       ],
       [
        12.57258,
        55.71941
       ],
       [
        12.57254,
        55.71947
       ],
       [
        12.5725,
        55.71952
       ],
       [
        12.57247,
        55.71956
       ],
       [
        12.57241,
        55.71965
       ],
       [
        12.57238,
        55.71967
       ],
       [
        12.57233,
        55.7198
       ],
       [
        12.5723,
        55.71982
       ],
       [
        12.57227,
        55.71986
       ],
       [
        12.57227,
        55.71989
       ],
       [
        12.57228,
        55.71991
       ],
       [
        12.57219,
        55.72002
       ],
       [
        12.57214,
        55.72013
       ],
       [
        12.57203,
        55.72031
       ],
       [
        12.57192,
        55.7205
       ],
       [
        12.57189,
        55.72062
       ],
       [
        12.57181,
        55.7207
       ],
       [
        12.57175,
        55.72079
       ],
       [
        12.57169,
        55.72086
       ],
       [
        12.57167,
        55.72092
       ],
       [
        12.57164,
        55.72097
       ],
       [
        12.57157,
        55.72111
       ],
       [
        12.57153,
        55.72114
       ],
       [
        12.5715,
        55.72121
       ],
       [
        12.57146,
        55.72132
       ],
       [
        12.57136,
        55.72143
       ],
       [
        12.57129,
        55.72155
       ],
       [
        12.57119,
        55.72177
       ],
       [
        12.57115,
        55.72185
       ],
       [
        12.57107,
        55.722
       ],
       [
        12.57101,
        55.72211
       ],
       [
        12.57094,
        55.72225
       ],
       [
        12.57078,
        55.72238
       ],
       [
        12.57069,
        55.72248
       ],
       [
        12.57022,
        55.72249
       ],
       [
        12.57015,
        55.72249
       ],
       [
        12.57003,
        55.72249
       ],
       [
        12.5692,
        55.72252
       ],
       [
        12.56916,
        55.72244
       ],
       [
        12.56903,
        55.72241
       ],
       [
        12.56899,
        55.72231
       ],
       [
        12.56893,
        55.72228
       ],
       [
        12.56898,
        55.72222
       ],
       [
        12.56892,
        55.7222
       ],
       [
        12.56883,
        55.72216
       ],
       [
        12.56888,
        55.72213
       ],
       [
        12.56887,
        55.72205
       ],
       [
        12.56877,
        55.72203
       ],
       [
        12.56867,
        55.72197
       ],
       [
        12.56874,
        55.72193
       ],
       [
        12.56872,
        55.72177
       ],
       [
        12.56881,
        55.72172
       ],
       [
        12.56884,
        55.72168
       ],
       [
        12.56877,
        55.72161
       ],
       [
        12.56873,
        55.72152
       ],
       [
        12.56892,
        55.72152
       ],
       [
        12.56895,
        55.72152
       ],
       [
        12.56894,
        55.72139
       ],
       [
        12.569,
        55.72129
       ],
       [
        12.56905,
        55.72122
       ],
       [
        12.56904,
        55.72113
       ],
       [
        12.56903,
        55.721
       ],
       [
        12.56913,
        55.72097
       ],
       [
        12.56943,
        55.72096
       ],
       [
        12.56961,
        55.72094
       ],
       [
        12.56984,
        55.72093
       ],
       [
        12.56992,
        55.7208
       ],
       [
        12.56987,
        55.72077
       ],
       [
        12.56986,
        55.72072
       ],
       [
        12.56985,
        55.72061
       ],
       [
        12.56994,
        55.7205
       ],
       [
        12.56997,
        55.72041
       ],
       [
        12.57003,
        55.72041
       ],
       [
        12.57007,
        55.72032
       ],
       [
        12.56982,
        55.72025
       ],
       [
        12.56978,
        55.72017
       ],
       [
        12.56978,
        55.72009
       ],
       [
        12.56993,
        55.71999
       ],
       [
        12.57018,
        55.71999
       ],
       [
        12.57024,
        55.71991
       ],
       [
        12.57027,
        55.71988
       ],
       [
        12.57032,
        55.71977
       ],
       [
        12.57041,
        55.71958
       ],
       [
        12.57036,
        55.71953
       ],
       [
        12.57031,
        55.71945
       ],
       [
        12.57013,
        55.71943
       ],
       [
        12.57006,
        55.71942
       ],
       [
        12.57,
        55.7194
       ],
       [
        12.56997,
        55.71938
       ],
       [
        12.56988,
        55.71934
       ],
       [
        12.5698,
        55.7193
       ],
       [
        12.5697,
        55.71928
       ],
       [
        12.56957,
        55.71926
       ],
       [
        12.56936,
        55.7192
       ],
       [
        12.56931,
        55.71917
       ],
       [
        12.56943,
        55.71909
       ],
       [
        12.56946,
        55.71906
       ],
       [
        12.56949,
        55.71902
       ],
       [
        12.56948,
        55.719
       ],
       [
        12.56951,
        55.71894
       ],
       [
        12.56959,
        55.7189
       ],
       [
        12.56965,
        55.71886
       ],
       [
        12.56969,
        55.71883
       ],
       [
        12.56972,
        55.7188
       ],
       [
        12.56984,
        55.71869
       ],
       [
        12.56988,
        55.71863
       ],
       [
        12.57002,
        55.7186
       ],
       [
        12.57001,
        55.71852
       ],
       [
        12.57006,
        55.71842
       ],
       [
        12.57,
        55.71839
       ],
       [
        12.56997,
        55.71834
       ],
       [
        12.56993,
        55.71832
       ],
       [
        12.56962,
        55.71838
       ],
       [
        12.56958,
        55.71828
       ],
       [
        12.56967,
        55.71822
       ],
       [
        12.5697,
        55.7182
       ],
       [
        12.56976,
        55.71817
       ],
       [
        12.56979,
        55.71813
       ],
       [
        12.56988,
        55.7181
       ],
       [
        12.57003,
        55.71796
       ],
       [
        12.56996,
        55.71789
       ],
       [
        12.56992,
        55.71782
       ],
       [
        12.56983,
        55.71778
       ],
       [
        12.56978,
        55.71775
       ],
       [
        12.56965,
        55.71774
       ],
       [
        12.56929,
        55.71775
       ],
       [
        12.56918,
        55.71773
       ],
       [
        12.56905,
        55.71775
       ],
       [
        12.56902,
        55.71776
       ],
       [
        12.56902,
        55.7177
       ],
       [
        12.56895,
        55.71767
       ],
       [
        12.56889,
        55.7176
       ],
       [
        12.56855,
        55.71754
       ],
       [
        12.56847,
        55.71759
       ],
       [
        12.5684,
        55.71761
       ],
       [
        12.5684,
        55.71754
       ],
       [
        12.56831,
        55.7175
       ],
       [
        12.56816,
        55.71748
       ],
       [
        12.56811,
        55.71751
       ],
       [
        12.56804,
        55.71753
       ],
       [
        12.56798,
        55.71762
       ],
       [
        12.5674,
        55.71751
       ],
       [
        12.56725,
        55.71752
       ],
       [
        12.56721,
        55.71745
       ],
       [
        12.56717,
        55.71741
       ],
       [
        12.56705,
        55.71742
       ],
       [
        12.56701,
        55.71738
       ],
       [
        12.56675,
        55.71737
       ],
       [
        12.56663,
        55.7173
       ],
       [
        12.56657,
        55.71718
       ],
       [
        12.56644,
        55.71718
       ],
       [
        12.56622,
        55.71719
       ],
       [
        12.56616,
        55.71716
       ],
       [
        12.56549,
        55.71716
       ],
       [
        12.56497,
        55.71715
       ],
       [
        12.5648,
        55.71716
       ],
       [
        12.56427,
        55.71713
       ],
       [
        12.56367,
        55.71706
       ],
       [
        12.56316,
        55.71697
       ],
       [
        12.56271,
        55.71687
       ],
       [
        12.56223,
        55.71673
       ],
       [
        12.56175,
        55.71657
       ],
       [
        12.56156,
        55.71647
       ],
       [
        12.56149,
        55.71644
       ],
       [
        12.56146,
        55.71642
       ],
       [
        12.56149,
        55.71636
       ],
       [
        12.56163,
        55.71639
       ],
       [
        12.56174,
        55.71635
       ],
       [
        12.56192,
        55.71634
       ],
       [
        12.56201,
        55.71639
       ],
       [
        12.56211,
        55.71639
       ],
       [
        12.56214,
        55.71635
       ],
       [
        12.56226,
        55.71632
       ],
       [
        12.56229,
        55.71626
       ],
       [
        12.56237,
        55.71611
       ],
       [
        12.56241,
        55.71599
       ],
       [
        12.56257,
        55.7159
       ],
       [
        12.56263,
        55.71582
       ],
       [
        12.56276,
        55.71583
       ],
       [
        12.5629,
        55.71588
       ],
       [
        12.56322,
        55.71577
       ],
       [
        12.56343,
        55.7158
       ],
       [
        12.56358,
        55.71582
       ],
       [
        12.56362,
        55.71577
       ],
       [
        12.56365,
        55.71572
       ],
       [
        12.56374,
        55.7157
       ],
       [
        12.56379,
        55.71566
       ],
       [
        12.56402,
        55.71565
       ],
       [
        12.56407,
        55.7157
       ],
       [
        12.56419,
        55.71562
       ],
       [
        12.56447,
        55.7155
       ],
       [
        12.56452,
        55.71555
       ],
       [
        12.56457,
        55.71557
       ],
       [
        12.56467,
        55.71563
       ],
       [
        12.56477,
        55.71556
       ],
       [
        12.56487,
        55.71559
       ],
       [
        12.56494,
        55.71563
       ],
       [
        12.56512,
        55.71562
       ],
       [
        12.56529,
        55.71565
       ],
       [
        12.56568,
        55.71573
       ],
       [
        12.56578,
        55.71575
       ],
       [
        12.56588,
        55.71576
       ],
       [
        12.56587,
        55.71569
       ],
       [
        12.5659,
        55.71565
       ],
       [
        12.56594,
        55.71559
       ],
       [
        12.56584,
        55.71554
       ],
       [
        12.56569,
        55.71551
       ],
       [
        12.56553,
        55.7155
       ],
       [
        12.56549,
        55.71548
       ],
       [
        12.5653,
        55.7154
       ],
       [
        12.5652,
        55.71537
       ],
       [
        12.56517,
        55.71533
       ],
       [
        12.5651,
        55.71528
       ],
       [
        12.56506,
        55.71523
       ],
       [
        12.56495,
        55.71515
       ],
       [
        12.56499,
        55.7151
       ],
       [
        12.56498,
        55.71505
       ],
       [
        12.56503,
        55.71483
       ],
       [
        12.56493,
        55.71483
       ],
       [
        12.56489,
        55.71486
       ],
       [
        12.56483,
        55.71484
       ],
       [
        12.56475,
        55.71479
       ],
       [
        12.56462,
        55.71476
       ],
       [
        12.56428,
        55.71469
       ],
       [
        12.56418,
        55.71464
       ],
       [
        12.56415,
        55.71461
       ],
       [
        12.56405,
        55.71461
       ],
       [
        12.56398,
        55.71457
       ],
       [
        12.56381,
        55.7145
       ],
       [
        12.56375,
        55.71447
       ],
       [
        12.56362,
        55.71442
       ],
       [
        12.56357,
        55.7144
       ],
       [
        12.56335,
        55.71436
       ],
       [
        12.56326,
        55.71434
       ],
       [
        12.5632,
        55.71431
       ],
       [
        12.56309,
        55.71426
       ],
       [
        12.56303,
        55.71422
       ],
       [
        12.56283,
        55.71421
       ],
       [
        12.56273,
        55.71414
       ],
       [
        12.56262,
        55.71413
       ],
       [
        12.56247,
        55.71404
       ],
       [
        12.56238,
        55.71402
       ],
       [
        12.56231,
        55.71395
       ],
       [
        12.56211,
        55.71391
       ],
       [
        12.56198,
        55.7139
       ],
       [
        12.56189,
        55.71385
       ],
       [
        12.56175,
        55.71382
       ],
       [
        12.56158,
        55.71375
       ],
       [
        12.56146,
        55.71378
       ],
       [
        12.5614,
        55.71376
       ],
       [
        12.56129,
        55.71366
       ],
       [
        12.56127,
        55.71354
       ],
       [
        12.56131,
        55.7135
       ],
       [
        12.56135,
        55.71334
       ],
       [
        12.56145,
        55.71332
       ],
       [
        12.56148,
        55.71334
       ],
       [
        12.56181,
        55.7134
       ],
       [
        12.56219,
        55.71347
       ],
       [
        12.56235,
        55.71339
       ],
       [
        12.5623,
        55.71323
       ],
       [
        12.56206,
        55.71312
       ],
       [
        12.56206,
        55.71302
       ],
       [
        12.56186,
        55.71297
       ],
       [
        12.56186,
        55.71285
       ],
       [
        12.56166,
        55.71281
       ],
       [
        12.56162,
        55.71279
       ],
       [
        12.56156,
        55.71276
       ],
       [
        12.56159,
        55.71266
       ],
       [
        12.56178,
        55.71266
       ],
       [
        12.56208,
        55.71221
       ],
       [
        12.56191,
        55.71217
       ],
       [
        12.56195,
        55.71209
       ],
       [
        12.56193,
        55.71199
       ],
       [
        12.562,
        55.71197
       ],
       [
        12.56205,
        55.7119
       ],
       [
        12.56217,
        55.7118
       ],
       [
        12.56216,
        55.7117
       ],
       [
        12.56224,
        55.71156
       ],
       [
        12.5622,
        55.71143
       ],
       [
        12.56217,
        55.71141
       ],
       [
        12.5621,
        55.71137
       ],
       [
        12.56175,
        55.71131
       ],
       [
        12.56171,
        55.71126
       ],
       [
        12.56164,
        55.71124
       ],
       [
        12.56158,
        55.71123
       ],
       [
        12.56136,
        55.7112
       ],
       [
        12.5608,
        55.71109
       ],
       [
        12.56092,
        55.71087
       ],
       [
        12.561,
        55.71087
       ],
       [
        12.56131,
        55.71092
       ],
       [
        12.56144,
        55.71087
       ],
       [
        12.5615,
        55.7108
       ],
       [
        12.56162,
        55.7107
       ],
       [
        12.56162,
        55.71062
       ],
       [
        12.56155,
        55.71059
       ],
       [
        12.56154,
        55.71051
       ],
       [
        12.56154,
        55.71049
       ],
       [
        12.56115,
        55.71042
       ],
       [
        12.56122,
        55.71026
       ],
       [
        12.5613,
        55.71017
       ],
       [
        12.56125,
        55.71012
       ],
       [
        12.56121,
        55.71
       ],
       [
        12.56105,
        55.7099
       ],
       [
        12.56113,
        55.70971
       ],
       [
        12.56132,
        55.7094
       ],
       [
        12.56157,
        55.70903
       ],
       [
        12.56167,
        55.70882
       ],
       [
        12.5617,
        55.70878
       ],
       [
        12.56171,
        55.7087
       ],
       [
        12.56178,
        55.70865
       ],
       [
        12.56196,
        55.70834
       ],
       [
        12.56203,
        55.70819
       ],
       [
        12.56209,
        55.7081
       ],
       [
        12.56214,
        55.70801
       ],
       [
        12.56217,
        55.70797
       ],
       [
        12.5622,
        55.70792
       ],
       [
        12.56228,
        55.70777
       ],
       [
        12.56231,
        55.70771
       ],
       [
        12.56257,
        55.70727
       ],
       [
        12.5627,
        55.70708
       ],
       [
        12.56275,
        55.70699
       ],
       [
        12.56282,
        55.70688
       ],
       [
        12.56289,
        55.70671
       ],
       [
        12.56287,
        55.70659
       ],
       [
        12.5629,
        55.70651
       ],
       [
        12.56292,
        55.70644
       ]
      ]
     ]
    ]
   }
  },
  {
   "type": "Feature",
   "properties": {
    "id": 5,
    "opland": "Indre By",
    "opland_kort_navn": "Indre By",
    "kontaktperson1_kk": "Ivan Hrubenja"
   },
   "geometry": {
    "type": "MultiPolygon",
    "coordinates": [
     [
      [
       [
        12.59883,
        55.68736
       ],
       [
        12.59898,
        55.68756
       ],
       [
        12.59943,
        55.68822
       ],
       [
        12.5994,
        55.68823
       ],
       [
        12.59939,
        55.68827
       ],
       [
        12.59942,
        55.68827
       ],
       [
        12.59933,
        55.68876
       ],
       [
        12.59913,
        55.68889
       ],
       [
        12.59888,
        55.68898
       ],
       [
        12.59885,
        55.68916
       ],
       [
        12.59919,
        55.6894
       ],
       [
        12.59922,
        55.6894
       ],
       [
        12.59925,
        55.68943
       ],
       [
        12.59975,
        55.68939
       ],
       [
        12.59975,
        55.68934
       ],
       [
        12.5998,
        55.68902
       ],
       [
        12.5999,
        55.68902
       ],
       [
        12.60033,
        55.69106
       ],
       [
        12.59974,
        55.69109
       ],
       [
        12.59965,
        55.69111
       ],
       [
        12.59961,
        55.69111
       ],
       [
        12.59961,
        55.69111
       ],
       [
        12.59931,
        55.69117
       ],
       [
        12.59889,
        55.69145
       ],
       [
        12.5988,
        55.69185
       ],
       [
        12.59899,
        55.69262
       ],
       [
        12.59914,
        55.69278
       ],
       [
        12.59926,
        55.69291
       ],
       [
        12.59895,
        55.69298
       ],
       [
        12.59899,
        55.69302
       ],
       [
        12.59899,
        55.69312
       ],
       [
        12.59893,
        55.69316
       ],
       [
        12.5989,
        55.69318
       ],
       [
        12.59879,
        55.69321
       ],
       [
        12.59869,
        55.69331
       ],
       [
        12.59856,
        55.69341
       ],
       [
        12.5983,
        55.69351
       ],
       [
        12.59814,
        55.69356
       ],
       [
        12.59799,
        55.69363
       ],
       [
        12.59758,
        55.69367
       ],
       [
        12.59735,
        55.69379
       ],
       [
        12.59728,
        55.69384
       ],
       [
        12.59721,
        55.69382
       ],
       [
        12.59701,
        55.69381
       ],
       [
        12.59695,
        55.69374
       ],
       [
        12.59682,
        55.69371
       ],
       [
        12.59678,
        55.69365
       ],
       [
        12.59665,
        55.69361
       ],
       [
        12.59662,
        55.69359
       ],
       [
        12.59658,
        55.69357
       ],
       [
        12.59649,
        55.69352
       ],
       [
        12.59621,
        55.69351
       ],
       [
        12.59616,
        55.69346
       ],
       [
        12.59604,
        55.69346
       ],
       [
        12.59587,
        55.69345
       ],
       [
        12.59577,
        55.69345
       ],
       [
        12.59564,
        55.6935
       ],
       [
        12.59546,
        55.69361
       ],
       [
        12.59524,
        55.69393
       ],
       [
        12.59519,
        55.69399
       ],
       [
        12.59516,
        55.69403
       ],
       [
        12.59507,
        55.69412
       ],
       [
        12.59503,
        55.69418
       ],
       [
        12.59497,
        55.69425
       ],
       [
        12.59473,
        55.69435
       ],
       [
        12.59468,
        55.69429
       ],
       [
        12.59444,
        55.69416
       ],
       [
        12.59434,
        55.69407
       ],
       [
        12.59427,
        55.69403
       ],
       [
        12.59421,
        55.69404
       ],
       [
        12.59417,
        55.69404
       ],
       [
        12.59414,
        55.69404
       ],
       [
        12.59401,
        55.69408
       ],
       [
        12.59379,
        55.69418
       ],
       [
        12.59365,
        55.69423
       ],
       [
        12.59336,
        55.69424
       ],
       [
        12.59309,
        55.69427
       ],
       [
        12.59289,
        55.69425
       ],
       [
        12.59266,
        55.69416
       ],
       [
        12.59262,
        55.6941
       ],
       [
        12.59246,
        55.69396
       ],
       [
        12.59238,
        55.69386
       ],
       [
        12.59234,
        55.69384
       ],
       [
        12.59225,
        55.69379
       ],
       [
        12.59211,
        55.69375
       ],
       [
        12.59197,
        55.69365
       ],
       [
        12.59186,
        55.69358
       ],
       [
        12.59181,
        55.69355
       ],
       [
        12.59176,
        55.69349
       ],
       [
        12.5916,
        55.69344
       ],
       [
        12.59146,
        55.69334
       ],
       [
        12.59129,
        55.69325
       ],
       [
        12.59113,
        55.69312
       ],
       [
        12.59094,
        55.69302
       ],
       [
        12.59086,
        55.69296
       ],
       [
        12.59073,
        55.6929
       ],
       [
        12.59069,
        55.69286
       ],
       [
        12.59062,
        55.69283
       ],
       [
        12.59042,
        55.69271
       ],
       [
        12.59035,
        55.69264
       ],
       [
        12.59025,
        55.69262
       ],
       [
        12.59025,
        55.69257
       ],
       [
        12.59034,
        55.69252
       ],
       [
        12.59018,
        55.6925
       ],
       [
        12.59007,
        55.69244
       ],
       [
        12.59016,
        55.69239
       ],
       [
        12.59009,
        55.69229
       ],
       [
        12.58984,
        55.69228
       ],
       [
        12.58977,
        55.69222
       ],
       [
        12.58964,
        55.69217
       ],
       [
        12.58958,
        55.69214
       ],
       [
        12.58948,
        55.69211
       ],
       [
        12.58947,
        55.69207
       ],
       [
        12.58931,
        55.69197
       ],
       [
        12.58921,
        55.69197
       ],
       [
        12.58907,
        55.69192
       ],
       [
        12.58897,
        55.69182
       ],
       [
        12.5889,
        55.69176
       ],
       [
        12.58884,
        55.69173
       ],
       [
        12.58877,
        55.69169
       ],
       [
        12.58858,
        55.6917
       ],
       [
        12.58834,
        55.69162
       ],
       [
        12.58816,
        55.69168
       ],
       [
        12.58797,
        55.6917
       ],
       [
        12.58792,
        55.69174
       ],
       [
        12.58776,
        55.69181
       ],
       [
        12.58746,
        55.69197
       ],
       [
        12.58742,
        55.69226
       ],
       [
        12.58749,
        55.69229
       ],
       [
        12.58752,
        55.69232
       ],
       [
        12.58708,
        55.69255
       ],
       [
        12.58693,
        55.69262
       ],
       [
        12.58652,
        55.69257
       ],
       [
        12.58624,
        55.6925
       ],
       [
        12.58618,
        55.69229
       ],
       [
        12.58594,
        55.69241
       ],
       [
        12.58588,
        55.69243
       ],
       [
        12.58578,
        55.69247
       ],
       [
        12.58568,
        55.69253
       ],
       [
        12.58554,
        55.69256
       ],
       [
        12.58547,
        55.69265
       ],
       [
        12.58532,
        55.6927
       ],
       [
        12.58522,
        55.6927
       ],
       [
        12.58517,
        55.6927
       ],
       [
        12.58507,
        55.69267
       ],
       [
        12.58507,
        55.69262
       ],
       [
        12.58506,
        55.69259
       ],
       [
        12.58471,
        55.69254
       ],
       [
        12.58461,
        55.69251
       ],
       [
        12.58437,
        55.69236
       ],
       [
        12.58427,
        55.69231
       ],
       [
        12.58412,
        55.69232
       ],
       [
        12.58405,
        55.6923
       ],
       [
        12.58385,
        55.69226
       ],
       [
        12.58379,
        55.6922
       ],
       [
        12.58372,
        55.69222
       ],
       [
        12.58366,
        55.69224
       ],
       [
        12.5836,
        55.69226
       ],
       [
        12.5835,
        55.69223
       ],
       [
        12.58294,
        55.69222
       ],
       [
        12.58289,
        55.69219
       ],
       [
        12.5827,
        55.69213
       ],
       [
        12.58245,
        55.69203
       ],
       [
        12.58224,
        55.69195
       ],
       [
        12.58192,
        55.69182
       ],
       [
        12.58181,
        55.69179
       ],
       [
        12.58173,
        55.69177
       ],
       [
        12.58167,
        55.69168
       ],
       [
        12.58166,
        55.69158
       ],
       [
        12.5814,
        55.69152
       ],
       [
        12.58134,
        55.69148
       ],
       [
        12.58117,
        55.69143
       ],
       [
        12.58107,
        55.6914
       ],
       [
        12.58072,
        55.69139
       ],
       [
        12.58047,
        55.69132
       ],
       [
        12.58042,
        55.69129
       ],
       [
        12.58023,
        55.6912
       ],
       [
        12.58019,
        55.69112
       ],
       [
        12.58005,
        55.69103
       ],
       [
        12.58004,
        55.69094
       ],
       [
        12.57984,
        55.69091
       ],
       [
        12.57969,
        55.69092
       ],
       [
        12.57958,
        55.6909
       ],
       [
        12.57946,
        55.69087
       ],
       [
        12.57936,
        55.69086
       ],
       [
        12.5793,
        55.69084
       ],
       [
        12.57908,
        55.69079
       ],
       [
        12.57826,
        55.69049
       ],
       [
        12.57803,
        55.6904
       ],
       [
        12.57794,
        55.69033
       ],
       [
        12.57788,
        55.69027
       ],
       [
        12.57775,
        55.69023
       ],
       [
        12.57771,
        55.69015
       ],
       [
        12.5778,
        55.69009
       ],
       [
        12.57783,
        55.69006
       ],
       [
        12.57767,
        55.69004
       ],
       [
        12.5775,
        55.68999
       ],
       [
        12.57744,
        55.68998
       ],
       [
        12.57737,
        55.68994
       ],
       [
        12.57717,
        55.68986
       ],
       [
        12.57717,
        55.68982
       ],
       [
        12.5771,
        55.68981
       ],
       [
        12.57704,
        55.68977
       ],
       [
        12.57691,
        55.68976
       ],
       [
        12.57691,
        55.68974
       ],
       [
        12.5769,
        55.68971
       ],
       [
        12.57676,
        55.68962
       ],
       [
        12.57675,
        55.68944
       ],
       [
        12.57668,
        55.68933
       ],
       [
        12.57664,
        55.68926
       ],
       [
        12.57642,
        55.68927
       ],
       [
        12.57622,
        55.68922
       ],
       [
        12.57615,
        55.68915
       ],
       [
        12.57608,
        55.68912
       ],
       [
        12.57602,
        55.68912
       ],
       [
        12.57597,
        55.68912
       ],
       [
        12.57592,
        55.68907
       ],
       [
        12.57587,
        55.68902
       ],
       [
        12.57576,
        55.68906
       ],
       [
        12.5757,
        55.68908
       ],
       [
        12.57564,
        55.68917
       ],
       [
        12.57549,
        55.68917
       ],
       [
        12.57531,
        55.68926
       ],
       [
        12.57527,
        55.68933
       ],
       [
        12.57514,
        55.68938
       ],
       [
        12.57503,
        55.68945
       ],
       [
        12.57497,
        55.68942
       ],
       [
        12.57478,
        55.68935
       ],
       [
        12.57469,
        55.68941
       ],
       [
        12.57454,
        55.68942
       ],
       [
        12.57449,
        55.6894
       ],
       [
        12.57439,
        55.68937
       ],
       [
        12.57432,
        55.68927
       ],
       [
        12.57408,
        55.6891
       ],
       [
        12.57391,
        55.689
       ],
       [
        12.57383,
        55.68894
       ],
       [
        12.57364,
        55.68881
       ],
       [
        12.57357,
        55.68876
       ],
       [
        12.57347,
        55.68869
       ],
       [
        12.57322,
        55.68851
       ],
       [
        12.5731,
        55.68845
       ],
       [
        12.57298,
        55.68835
       ],
       [
        12.57284,
        55.68828
       ],
       [
        12.57276,
        55.68823
       ],
       [
        12.57269,
        55.68817
       ],
       [
        12.57261,
        55.68818
       ],
       [
        12.57256,
        55.68812
       ],
       [
        12.57252,
        55.68811
       ],
       [
        12.57252,
        55.68805
       ],
       [
        12.57246,
        55.688
       ],
       [
        12.57262,
        55.68794
       ],
       [
        12.57266,
        55.68789
       ],
       [
        12.57253,
        55.6878
       ],
       [
        12.57249,
        55.68773
       ],
       [
        12.57236,
        55.6877
       ],
       [
        12.57229,
        55.68765
       ],
       [
        12.57229,
        55.6876
       ],
       [
        12.57219,
        55.68754
       ],
       [
        12.57215,
        55.68752
       ],
       [
        12.57212,
        55.68751
       ],
       [
        12.57205,
        55.68749
       ],
       [
        12.57202,
        55.68746
       ],
       [
        12.57192,
        55.68741
       ],
       [
        12.57182,
        55.68735
       ],
       [
        12.57176,
        55.68733
       ],
       [
        12.57159,
        55.68718
       ],
       [
        12.57157,
        55.68707
       ],
       [
        12.57157,
        55.68703
       ],
       [
        12.57137,
        55.68697
       ],
       [
        12.57124,
        55.68695
       ],
       [
        12.57127,
        55.68691
       ],
       [
        12.57139,
        55.68685
       ],
       [
        12.57139,
        55.68677
       ],
       [
        12.57122,
        55.68672
       ],
       [
        12.57115,
        55.68682
       ],
       [
        12.57101,
        55.68679
       ],
       [
        12.57093,
        55.68672
       ],
       [
        12.57093,
        55.68666
       ],
       [
        12.57084,
        55.68662
       ],
       [
        12.57095,
        55.68655
       ],
       [
        12.57091,
        55.68652
       ],
       [
        12.57088,
        55.68648
       ],
       [
        12.5708,
        55.68644
       ],
       [
        12.57084,
        55.68639
       ],
       [
        12.57083,
        55.68632
       ],
       [
        12.57087,
        55.68628
       ],
       [
        12.57059,
        55.6861
       ],
       [
        12.57046,
        55.68601
       ],
       [
        12.57037,
        55.68601
       ],
       [
        12.57022,
        55.68586
       ],
       [
        12.56985,
        55.68591
       ],
       [
        12.56968,
        55.68579
       ],
       [
        12.5698,
        55.68576
       ],
       [
        12.56985,
        55.68572
       ],
       [
        12.57001,
        55.6857
       ],
       [
        12.57014,
        55.6857
       ],
       [
        12.57013,
        55.68563
       ],
       [
        12.57055,
        55.68559
       ],
       [
        12.57053,
        55.6855
       ],
       [
        12.57063,
        55.68548
       ],
       [
        12.57076,
        55.68548
       ],
       [
        12.57086,
        55.68541
       ],
       [
        12.57097,
        55.68537
       ],
       [
        12.57096,
        55.68526
       ],
       [
        12.57114,
        55.68522
       ],
       [
        12.57124,
        55.6852
       ],
       [
        12.57156,
        55.6851
       ],
       [
        12.57179,
        55.68506
       ],
       [
        12.57183,
        55.68502
       ],
       [
        12.57182,
        55.68497
       ],
       [
        12.57191,
        55.68489
       ],
       [
        12.57203,
        55.68482
       ],
       [
        12.57189,
        55.6848
       ],
       [
        12.57177,
        55.68468
       ],
       [
        12.5718,
        55.68466
       ],
       [
        12.57192,
        55.68465
       ],
       [
        12.57192,
        55.68457
       ],
       [
        12.57183,
        55.68452
       ],
       [
        12.57171,
        55.68447
       ],
       [
        12.57176,
        55.68435
       ],
       [
        12.57183,
        55.68433
       ],
       [
        12.57194,
        55.68428
       ],
       [
        12.57199,
        55.6843
       ],
       [
        12.57204,
        55.68433
       ],
       [
        12.57207,
        55.68432
       ],
       [
        12.57211,
        55.68434
       ],
       [
        12.57218,
        55.68432
       ],
       [
        12.57221,
        55.6843
       ],
       [
        12.57224,
        55.68428
       ],
       [
        12.57226,
        55.68423
       ],
       [
        12.57239,
        55.68416
       ],
       [
        12.57229,
        55.68409
       ],
       [
        12.57227,
        55.68407
       ],
       [
        12.57213,
        55.68409
       ],
       [
        12.57212,
        55.68404
       ],
       [
        12.57212,
        55.68403
       ],
       [
        12.57212,
        55.68401
       ],
       [
        12.57212,
        55.684
       ],
       [
        12.57212,
        55.68397
       ],
       [
        12.57212,
        55.68394
       ],
       [
        12.57211,
        55.68393
       ],
       [
        12.57211,
        55.68393
       ],
       [
        12.57184,
        55.68375
       ],
       [
        12.57183,
        55.68368
       ],
       [
        12.57184,
        55.6836
       ],
       [
        12.57174,
        55.68355
       ],
       [
        12.57169,
        55.6835
       ],
       [
        12.57165,
        55.68345
       ],
       [
        12.57162,
        55.68342
       ],
       [
        12.57165,
        55.68336
       ],
       [
        12.57165,
        55.68334
       ],
       [
        12.57165,
        55.68328
       ],
       [
        12.57163,
        55.68326
       ],
       [
        12.57163,
        55.68324
       ],
       [
        12.57163,
        55.68324
       ],
       [
        12.57163,
        55.68323
       ],
       [
        12.5715,
        55.68318
       ],
       [
        12.57149,
        55.68317
       ],
       [
        12.5713,
        55.68305
       ],
       [
        12.57126,
        55.683
       ],
       [
        12.57126,
        55.68299
       ],
       [
        12.57119,
        55.68294
       ],
       [
        12.57112,
        55.68289
       ],
       [
        12.57109,
        55.68284
       ],
       [
        12.57109,
        55.68283
       ],
       [
        12.57107,
        55.68282
       ],
       [
        12.57107,
        55.68281
       ],
       [
        12.57099,
        55.68278
       ],
       [
        12.57096,
        55.68279
       ],
       [
        12.57091,
        55.68279
       ],
       [
        12.57092,
        55.68271
       ],
       [
        12.57092,
        55.68271
       ],
       [
        12.57092,
        55.68271
       ],
       [
        12.57076,
        55.68265
       ],
       [
        12.57065,
        55.68257
       ],
       [
        12.57061,
        55.68249
       ],
       [
        12.57044,
        55.68244
       ],
       [
        12.57041,
        55.68242
       ],
       [
        12.57035,
        55.68243
       ],
       [
        12.57029,
        55.68242
       ],
       [
        12.57022,
        55.68236
       ],
       [
        12.57006,
        55.68227
       ],
       [
        12.56998,
        55.68216
       ],
       [
        12.56993,
        55.68214
       ],
       [
        12.56989,
        55.68211
       ],
       [
        12.56993,
        55.68212
       ],
       [
        12.56864,
        55.68118
       ],
       [
        12.56861,
        55.68115
       ],
       [
        12.56857,
        55.68113
       ],
       [
        12.56857,
        55.68113
       ],
       [
        12.5684,
        55.68099
       ],
       [
        12.56837,
        55.68095
       ],
       [
        12.5683,
        55.68092
       ],
       [
        12.56821,
        55.68082
       ],
       [
        12.56813,
        55.6808
       ],
       [
        12.56812,
        55.6808
       ],
       [
        12.56729,
        55.6802
       ],
       [
        12.56734,
        55.68014
       ],
       [
        12.56727,
        55.68009
       ],
       [
        12.56724,
        55.68005
       ],
       [
        12.56714,
        55.68002
       ],
       [
        12.5671,
        55.67999
       ],
       [
        12.56705,
        55.67994
       ],
       [
        12.56697,
        55.67985
       ],
       [
        12.5669,
        55.67982
       ],
       [
        12.56679,
        55.67973
       ],
       [
        12.56663,
        55.6797
       ],
       [
        12.56646,
        55.67959
       ],
       [
        12.56644,
        55.67958
       ],
       [
        12.5664,
        55.67955
       ],
       [
        12.56629,
        55.67945
       ],
       [
        12.56615,
        55.67936
       ],
       [
        12.56602,
        55.67927
       ],
       [
        12.56587,
        55.67921
       ],
       [
        12.56591,
        55.67921
       ],
       [
        12.56592,
        55.67913
       ],
       [
        12.56585,
        55.67902
       ],
       [
        12.56567,
        55.67897
       ],
       [
        12.56561,
        55.67895
       ],
       [
        12.56554,
        55.67891
       ],
       [
        12.56546,
        55.67888
       ],
       [
        12.56532,
        55.67885
       ],
       [
        12.56527,
        55.67879
       ],
       [
        12.5652,
        55.67876
       ],
       [
        12.5651,
        55.67877
       ],
       [
        12.56498,
        55.6787
       ],
       [
        12.56495,
        55.67868
       ],
       [
        12.56485,
        55.67863
       ],
       [
        12.5647,
        55.67871
       ],
       [
        12.56464,
        55.67868
       ],
       [
        12.56464,
        55.67863
       ],
       [
        12.56453,
        55.6786
       ],
       [
        12.56437,
        55.67859
       ],
       [
        12.56427,
        55.67863
       ],
       [
        12.56414,
        55.67865
       ],
       [
        12.56408,
        55.67862
       ],
       [
        12.56406,
        55.67861
       ],
       [
        12.56399,
        55.67856
       ],
       [
        12.56395,
        55.67853
       ],
       [
        12.56391,
        55.67852
       ],
       [
        12.56379,
        55.67845
       ],
       [
        12.56377,
        55.67843
       ],
       [
        12.56368,
        55.67836
       ],
       [
        12.56344,
        55.67819
       ],
       [
        12.56331,
        55.67808
       ],
       [
        12.56327,
        55.67803
       ],
       [
        12.56319,
        55.67796
       ],
       [
        12.56309,
        55.67785
       ],
       [
        12.56298,
        55.67771
       ],
       [
        12.56291,
        55.67763
       ],
       [
        12.56287,
        55.67754
       ],
       [
        12.56287,
        55.67754
       ],
       [
        12.56287,
        55.67753
       ],
       [
        12.56284,
        55.6775
       ],
       [
        12.56276,
        55.6774
       ],
       [
        12.56262,
        55.67728
       ],
       [
        12.56262,
        55.67724
       ],
       [
        12.56262,
        55.67724
       ],
       [
        12.56262,
        55.67724
       ],
       [
        12.56247,
        55.67697
       ],
       [
        12.56241,
        55.67686
       ],
       [
        12.5624,
        55.67685
       ],
       [
        12.56239,
        55.67684
       ],
       [
        12.56235,
        55.67673
       ],
       [
        12.56235,
        55.67673
       ],
       [
        12.56229,
        55.67662
       ],
       [
        12.56221,
        55.67622
       ],
       [
        12.56221,
        55.67614
       ],
       [
        12.56221,
        55.67614
       ],
       [
        12.56221,
        55.67613
       ],
       [
        12.5622,
        55.67612
       ],
       [
        12.56218,
        55.67602
       ],
       [
        12.56219,
        55.67595
       ],
       [
        12.56219,
        55.67594
       ],
       [
        12.56219,
        55.67588
       ],
       [
        12.5622,
        55.67572
       ],
       [
        12.56221,
        55.67571
       ],
       [
        12.56229,
        55.67573
       ],
       [
        12.56231,
        55.67567
       ],
       [
        12.56238,
        55.67565
       ],
       [
        12.56241,
        55.67563
       ],
       [
        12.56247,
        55.67561
       ],
       [
        12.5625,
        55.67559
       ],
       [
        12.56257,
        55.67557
       ],
       [
        12.56259,
        55.67554
       ],
       [
        12.56262,
        55.6755
       ],
       [
        12.56265,
        55.67546
       ],
       [
        12.56268,
        55.67542
       ],
       [
        12.56268,
        55.67542
       ],
       [
        12.56268,
        55.67542
       ],
       [
        12.56268,
        55.67539
       ],
       [
        12.56267,
        55.67535
       ],
       [
        12.56271,
        55.67531
       ],
       [
        12.56277,
        55.67525
       ],
       [
        12.56296,
        55.67532
       ],
       [
        12.56298,
        55.6753
       ],
       [
        12.56299,
        55.67531
       ],
       [
        12.56331,
        55.675
       ],
       [
        12.56322,
        55.67493
       ],
       [
        12.56325,
        55.67488
       ],
       [
        12.56333,
        55.67481
       ],
       [
        12.56341,
        55.67476
       ],
       [
        12.56341,
        55.67472
       ],
       [
        12.56344,
        55.67471
       ],
       [
        12.56341,
        55.67469
       ],
       [
        12.56341,
        55.67467
       ],
       [
        12.56335,
        55.67465
       ],
       [
        12.56333,
        55.67464
       ],
       [
        12.5633,
        55.67464
       ],
       [
        12.56328,
        55.67463
       ],
       [
        12.56304,
        55.67461
       ],
       [
        12.56289,
        55.67458
       ],
       [
        12.56282,
        55.67457
       ],
       [
        12.56292,
        55.67449
       ],
       [
        12.563,
        55.67446
       ],
       [
        12.56311,
        55.67444
       ],
       [
        12.56316,
        55.67439
       ],
       [
        12.56319,
        55.67434
       ],
       [
        12.56334,
        55.67419
       ],
       [
        12.56338,
        55.6742
       ],
       [
        12.5636,
        55.67428
       ],
       [
        12.56368,
        55.67421
       ],
       [
        12.56372,
        55.67414
       ],
       [
        12.56383,
        55.67414
       ],
       [
        12.56387,
        55.67411
       ],
       [
        12.56401,
        55.67399
       ],
       [
        12.56404,
        55.67395
       ],
       [
        12.56419,
        55.67384
       ],
       [
        12.56436,
        55.67367
       ],
       [
        12.56445,
        55.67364
       ],
       [
        12.56467,
        55.67352
       ],
       [
        12.56466,
        55.67351
       ],
       [
        12.56467,
        55.67351
       ],
       [
        12.5646,
        55.67341
       ],
       [
        12.56452,
        55.67339
       ],
       [
        12.56433,
        55.67332
       ],
       [
        12.56421,
        55.67329
       ],
       [
        12.56415,
        55.67327
       ],
       [
        12.5641,
        55.67324
       ],
       [
        12.56398,
        55.67321
       ],
       [
        12.56389,
        55.67315
       ],
       [
        12.56399,
        55.67314
       ],
       [
        12.56406,
        55.67316
       ],
       [
        12.56413,
        55.67317
       ],
       [
        12.56441,
        55.67329
       ],
       [
        12.56446,
        55.67329
       ],
       [
        12.56448,
        55.6732
       ],
       [
        12.56454,
        55.67316
       ],
       [
        12.56461,
        55.67311
       ],
       [
        12.56468,
        55.6731
       ],
       [
        12.56499,
        55.6732
       ],
       [
        12.56499,
        55.6732
       ],
       [
        12.56503,
        55.67321
       ],
       [
        12.56537,
        55.67317
       ],
       [
        12.56572,
        55.67314
       ],
       [
        12.56602,
        55.67287
       ],
       [
        12.56594,
        55.6728
       ],
       [
        12.56625,
        55.67252
       ],
       [
        12.56636,
        55.67246
       ],
       [
        12.56638,
        55.67242
       ],
       [
        12.56641,
        55.67239
       ],
       [
        12.56645,
        55.67233
       ],
       [
        12.56653,
        55.67226
       ],
       [
        12.56685,
        55.67196
       ],
       [
        12.56691,
        55.67189
       ],
       [
        12.56698,
        55.67184
       ],
       [
        12.5672,
        55.67163
       ],
       [
        12.5672,
        55.67162
       ],
       [
        12.5672,
        55.67162
       ],
       [
        12.56712,
        55.67156
       ],
       [
        12.56713,
        55.67148
       ],
       [
        12.56716,
        55.67135
       ],
       [
        12.56721,
        55.67136
       ],
       [
        12.56756,
        55.67151
       ],
       [
        12.56756,
        55.67151
       ],
       [
        12.56756,
        55.67151
       ],
       [
        12.56759,
        55.67153
       ],
       [
        12.56759,
        55.67153
       ],
       [
        12.5676,
        55.67153
       ],
       [
        12.5676,
        55.67153
       ],
       [
        12.56776,
        55.67157
       ],
       [
        12.56792,
        55.67151
       ],
       [
        12.56798,
        55.67148
       ],
       [
        12.56801,
        55.67146
       ],
       [
        12.56818,
        55.67136
       ],
       [
        12.56822,
        55.67131
       ],
       [
        12.56837,
        55.6712
       ],
       [
        12.56841,
        55.67114
       ],
       [
        12.56849,
        55.67107
       ],
       [
        12.56867,
        55.67093
       ],
       [
        12.56888,
        55.67074
       ],
       [
        12.56903,
        55.67071
       ],
       [
        12.56916,
        55.67065
       ],
       [
        12.56924,
        55.67065
       ],
       [
        12.56926,
        55.67065
       ],
       [
        12.56928,
        55.67067
       ],
       [
        12.5693,
        55.67066
       ],
       [
        12.56932,
        55.67067
       ],
       [
        12.56949,
        55.67066
       ],
       [
        12.56947,
        55.67069
       ],
       [
        12.56941,
        55.67076
       ],
       [
        12.56956,
        55.67084
       ],
       [
        12.56957,
        55.67084
       ],
       [
        12.56958,
        55.67085
       ],
       [
        12.56977,
        55.67081
       ],
       [
        12.57006,
        55.67061
       ],
       [
        12.57017,
        55.67062
       ],
       [
        12.57034,
        55.67065
       ],
       [
        12.57042,
        55.6706
       ],
       [
        12.57072,
        55.67043
       ],
       [
        12.57078,
        55.67033
       ],
       [
        12.57078,
        55.67032
       ],
       [
        12.57078,
        55.67032
       ],
       [
        12.57074,
        55.67026
       ],
       [
        12.57077,
        55.67025
       ],
       [
        12.57086,
        55.67016
       ],
       [
        12.57097,
        55.67008
       ],
       [
        12.57122,
        55.67004
       ],
       [
        12.57122,
        55.67001
       ],
       [
        12.57122,
        55.66996
       ],
       [
        12.57131,
        55.66996
       ],
       [
        12.57133,
        55.66996
       ],
       [
        12.57133,
        55.66996
       ],
       [
        12.57134,
        55.66996
       ],
       [
        12.57131,
        55.66987
       ],
       [
        12.5713,
        55.66986
       ],
       [
        12.5713,
        55.66986
       ],
       [
        12.57126,
        55.66978
       ],
       [
        12.57126,
        55.66974
       ],
       [
        12.57125,
        55.66974
       ],
       [
        12.57104,
        55.66961
       ],
       [
        12.57114,
        55.66955
       ],
       [
        12.57116,
        55.66955
       ],
       [
        12.57133,
        55.66943
       ],
       [
        12.57155,
        55.66944
       ],
       [
        12.57177,
        55.66926
       ],
       [
        12.5717,
        55.66919
       ],
       [
        12.57181,
        55.6691
       ],
       [
        12.5718,
        55.6691
       ],
       [
        12.57184,
        55.66906
       ],
       [
        12.5718,
        55.66902
       ],
       [
        12.5718,
        55.66897
       ],
       [
        12.57176,
        55.66894
       ],
       [
        12.57176,
        55.66887
       ],
       [
        12.57172,
        55.66885
       ],
       [
        12.57169,
        55.66883
       ],
       [
        12.57172,
        55.6688
       ],
       [
        12.5718,
        55.66875
       ],
       [
        12.57187,
        55.6687
       ],
       [
        12.57198,
        55.66867
       ],
       [
        12.5721,
        55.6686
       ],
       [
        12.57209,
        55.6686
       ],
       [
        12.5721,
        55.6686
       ],
       [
        12.57205,
        55.66857
       ],
       [
        12.57185,
        55.66851
       ],
       [
        12.57188,
        55.66849
       ],
       [
        12.572,
        55.66838
       ],
       [
        12.57199,
        55.66829
       ],
       [
        12.57205,
        55.6683
       ],
       [
        12.57209,
        55.66832
       ],
       [
        12.57212,
        55.66834
       ],
       [
        12.57215,
        55.66835
       ],
       [
        12.57229,
        55.6684
       ],
       [
        12.57232,
        55.66842
       ],
       [
        12.57245,
        55.66842
       ],
       [
        12.57248,
        55.66842
       ],
       [
        12.57252,
        55.66841
       ],
       [
        12.57252,
        55.6684
       ],
       [
        12.57252,
        55.6684
       ],
       [
        12.57251,
        55.66837
       ],
       [
        12.57248,
        55.66835
       ],
       [
        12.57248,
        55.66833
       ],
       [
        12.57245,
        55.66832
       ],
       [
        12.57239,
        55.66825
       ],
       [
        12.57233,
        55.66824
       ],
       [
        12.57229,
        55.66822
       ],
       [
        12.57229,
        55.6682
       ],
       [
        12.57242,
        55.66813
       ],
       [
        12.57252,
        55.66814
       ],
       [
        12.57262,
        55.66818
       ],
       [
        12.57265,
        55.66819
       ],
       [
        12.57275,
        55.66824
       ],
       [
        12.57293,
        55.66823
       ],
       [
        12.57304,
        55.66827
       ],
       [
        12.57307,
        55.66829
       ],
       [
        12.57318,
        55.66831
       ],
       [
        12.57336,
        55.6682
       ],
       [
        12.57655,
        55.66977
       ],
       [
        12.57629,
        55.66992
       ],
       [
        12.58011,
        55.67215
       ],
       [
        12.57986,
        55.6723
       ],
       [
        12.58016,
        55.67246
       ],
       [
        12.58077,
        55.67209
       ],
       [
        12.58347,
        55.67348
       ],
       [
        12.58666,
        55.67479
       ],
       [
        12.5875,
        55.67517
       ],
       [
        12.58732,
        55.6752
       ],
       [
        12.58732,
        55.67523
       ],
       [
        12.58739,
        55.67523
       ],
       [
        12.58742,
        55.67525
       ],
       [
        12.58742,
        55.67526
       ],
       [
        12.58742,
        55.67527
       ],
       [
        12.58739,
        55.67529
       ],
       [
        12.58737,
        55.6753
       ],
       [
        12.58739,
        55.67539
       ],
       [
        12.58736,
        55.67551
       ],
       [
        12.58723,
        55.67585
       ],
       [
        12.58799,
        55.67594
       ],
       [
        12.58902,
        55.67629
       ],
       [
        12.58903,
        55.67628
       ],
       [
        12.59206,
        55.67764
       ],
       [
        12.59377,
        55.67883
       ],
       [
        12.58797,
        55.68035
       ],
       [
        12.58808,
        55.68059
       ],
       [
        12.594,
        55.67901
       ],
       [
        12.59496,
        55.67941
       ],
       [
        12.5958,
        55.68029
       ],
       [
        12.59519,
        55.68055
       ],
       [
        12.59698,
        55.68266
       ],
       [
        12.59632,
        55.6828
       ],
       [
        12.59491,
        55.68117
       ],
       [
        12.59387,
        55.6813
       ],
       [
        12.59578,
        55.68374
       ],
       [
        12.59584,
        55.68374
       ],
       [
        12.5961,
        55.68403
       ],
       [
        12.59663,
        55.68436
       ],
       [
        12.59636,
        55.68435
       ],
       [
        12.59883,
        55.68736
       ]
      ],
      [
       [
        12.58021,
        55.67741
       ],
       [
        12.58005,
        55.67744
       ],
       [
        12.58013,
        55.67766
       ],
       [
        12.58023,
        55.67765
       ],
       [
        12.58136,
        55.67714
       ],
       [
        12.5824,
        55.67676
       ],
       [
        12.58217,
        55.67661
       ],
       [
        12.58021,
        55.67741
       ]
      ],
      [
       [
        12.58458,
        55.6757
       ],
       [
        12.5841,
        55.67582
       ],
       [
        12.58317,
        55.6762
       ],
       [
        12.58251,
        55.67647
       ],
       [
        12.58274,
        55.67663
       ],
       [
        12.5834,
        55.67639
       ],
       [
        12.58434,
        55.6761
       ],
       [
        12.58451,
        55.67608
       ],
       [
        12.58458,
        55.6757
       ]
      ],
      [
       [
        12.57588,
        55.67572
       ],
       [
        12.57573,
        55.67587
       ],
       [
        12.5773,
        55.67697
       ],
       [
        12.57844,
        55.67744
       ],
       [
        12.57956,
        55.67769
       ],
       [
        12.57982,
        55.67768
       ],
       [
        12.57975,
        55.6775
       ],
       [
        12.57967,
        55.67752
       ],
       [
        12.57846,
        55.67717
       ],
       [
        12.57745,
        55.67673
       ],
       [
        12.57655,
        55.67614
       ],
       [
        12.57606,
        55.67579
       ],
       [
        12.57588,
        55.67572
       ]
      ],
      [
       [
        12.58693,
        55.67527
       ],
       [
        12.58646,
        55.67535
       ],
       [
        12.58518,
        55.6756
       ],
       [
        12.58493,
        55.67565
       ],
       [
        12.58493,
        55.67578
       ],
       [
        12.58491,
        55.67604
       ],
       [
        12.58692,
        55.67581
       ],
       [
        12.58696,
        55.67581
       ],
       [
        12.58702,
        55.67567
       ],
       [
        12.58704,
        55.67562
       ],
       [
        12.58704,
        55.67558
       ],
       [
        12.58706,
        55.67554
       ],
       [
        12.58705,
        55.67549
       ],
       [
        12.58704,
        55.67545
       ],
       [
        12.58702,
        55.67541
       ],
       [
        12.58697,
        55.67534
       ],
       [
        12.58693,
        55.67527
       ]
      ],
      [
       [
        12.57663,
        55.67493
       ],
       [
        12.57661,
        55.67494
       ],
       [
        12.57606,
        55.67553
       ],
       [
        12.57626,
        55.67562
       ],
       [
        12.57648,
        55.67536
       ],
       [
        12.57656,
        55.67528
       ],
       [
        12.57691,
        55.67503
       ],
       [
        12.57663,
        55.67493
       ]
      ],
      [
       [
        12.57738,
        55.6742
       ],
       [
        12.57675,
        55.67481
       ],
       [
        12.57705,
        55.67493
       ],
       [
        12.57763,
        55.67451
       ],
       [
        12.57777,
        55.67436
       ],
       [
        12.57738,
        55.6742
       ]
      ],
      [
       [
        12.57973,
        55.67238
       ],
       [
        12.57903,
        55.6728
       ],
       [
        12.57762,
        55.67396
       ],
       [
        12.57747,
        55.67411
       ],
       [
        12.57786,
        55.67426
       ],
       [
        12.57874,
        55.67331
       ],
       [
        12.58002,
        55.67254
       ],
       [
        12.57973,
        55.67238
       ]
      ]
     ]
    ]
   }
  },
  {
   "type": "Feature",
   "properties": {
    "id": 7,
    "opland": "Amager og Christianshavn",
    "opland_kort_navn": "Amager",
    "kontaktperson1_kk": "Ivan Hrubenja"
   },
   "geometry": {
    "type": "MultiPolygon",
    "coordinates": [
     [
      [
       [
        12.50892,
        55.61285
       ],
       [
        12.50984,
        55.61324
       ],
       [
        12.51013,
        55.61338
       ],
       [
        12.5103,
        55.6135
       ],
       [
        12.51067,
        55.6138
       ],
       [
        12.51128,
        55.61378
       ],
       [
        12.51193,
        55.61378
       ],
       [
        12.5127,
        55.61378
       ],
       [
        12.51352,
        55.61378
       ],
       [
        12.513,
        55.61337
       ],
       [
        12.51335,
        55.61334
       ],
       [
        12.51374,
        55.61334
       ],
       [
        12.5141,
        55.61334
       ],
       [
        12.51505,
        55.61339
       ],
       [
        12.51617,
        55.61347
       ],
       [
        12.51598,
        55.61288
       ],
       [
        12.51609,
        55.61287
       ],
       [
        12.51626,
        55.61335
       ],
       [
        12.51636,
        55.61344
       ],
       [
        12.51648,
        55.61348
       ],
       [
        12.51759,
        55.61368
       ],
       [
        12.51886,
        55.61393
       ],
       [
        12.51939,
        55.61406
       ],
       [
        12.52066,
        55.61439
       ],
       [
        12.52155,
        55.61469
       ],
       [
        12.52353,
        55.61549
       ],
       [
        12.52656,
        55.61549
       ],
       [
        12.53614,
        55.61548
       ],
       [
        12.57014,
        55.61559
       ],
       [
        12.57203,
        55.61594
       ],
       [
        12.57338,
        55.61639
       ],
       [
        12.57934,
        55.61823
       ],
       [
        12.59138,
        55.62298
       ],
       [
        12.59204,
        55.62325
       ],
       [
        12.59217,
        55.62344
       ],
       [
        12.59269,
        55.62758
       ],
       [
        12.59342,
        55.63363
       ],
       [
        12.59246,
        55.63794
       ],
       [
        12.59839,
        55.63781
       ],
       [
        12.59912,
        55.63784
       ],
       [
        12.60067,
        55.63804
       ],
       [
        12.60848,
        55.63907
       ],
       [
        12.61748,
        55.64042
       ],
       [
        12.61816,
        55.64049
       ],
       [
        12.61822,
        55.64038
       ],
       [
        12.61836,
        55.64012
       ],
       [
        12.61836,
        55.64011
       ],
       [
        12.61855,
        55.64014
       ],
       [
        12.61871,
        55.63995
       ],
       [
        12.6189,
        55.63999
       ],
       [
        12.61897,
        55.6399
       ],
       [
        12.61938,
        55.63941
       ],
       [
        12.61952,
        55.63942
       ],
       [
        12.62054,
        55.63956
       ],
       [
        12.62092,
        55.63964
       ],
       [
        12.62106,
        55.64
       ],
       [
        12.62174,
        55.64016
       ],
       [
        12.62205,
        55.64023
       ],
       [
        12.62233,
        55.6403
       ],
       [
        12.62261,
        55.64038
       ],
       [
        12.62386,
        55.64073
       ],
       [
        12.6273,
        55.64142
       ],
       [
        12.62648,
        55.64287
       ],
       [
        12.62602,
        55.64367
       ],
       [
        12.62596,
        55.64378
       ],
       [
        12.62599,
        55.64379
       ],
       [
        12.62649,
        55.64389
       ],
       [
        12.62666,
        55.64393
       ],
       [
        12.62789,
        55.64419
       ],
       [
        12.62814,
        55.64424
       ],
       [
        12.62822,
        55.64426
       ],
       [
        12.62837,
        55.6443
       ],
       [
        12.63399,
        55.64514
       ],
       [
        12.63433,
        55.6444
       ],
       [
        12.64393,
        55.64574
       ],
       [
        12.64393,
        55.64574
       ],
       [
        12.64783,
        55.64629
       ],
       [
        12.64806,
        55.64673
       ],
       [
        12.64822,
        55.64707
       ],
       [
        12.64855,
        55.6475
       ],
       [
        12.64987,
        55.64739
       ],
       [
        12.64998,
        55.64738
       ],
       [
        12.65011,
        55.64739
       ],
       [
        12.65023,
        55.6474
       ],
       [
        12.65036,
        55.64743
       ],
       [
        12.65047,
        55.64746
       ],
       [
        12.65057,
        55.64751
       ],
       [
        12.65066,
        55.64756
       ],
       [
        12.65073,
        55.64762
       ],
       [
        12.65078,
        55.64768
       ],
       [
        12.65078,
        55.6477
       ],
       [
        12.65078,
        55.64771
       ],
       [
        12.65077,
        55.64772
       ],
       [
        12.65075,
        55.64773
       ],
       [
        12.65073,
        55.64773
       ],
       [
        12.65071,
        55.64773
       ],
       [
        12.65068,
        55.64773
       ],
       [
        12.65066,
        55.64772
       ],
       [
        12.65065,
        55.64771
       ],
       [
        12.65061,
        55.64766
       ],
       [
        12.65055,
        55.64761
       ],
       [
        12.65048,
        55.64757
       ],
       [
        12.65039,
        55.64753
       ],
       [
        12.6503,
        55.6475
       ],
       [
        12.6502,
        55.64748
       ],
       [
        12.65009,
        55.64746
       ],
       [
        12.64999,
        55.64746
       ],
       [
        12.64989,
        55.64747
       ],
       [
        12.6484,
        55.64761
       ],
       [
        12.64848,
        55.64787
       ],
       [
        12.64843,
        55.64787
       ],
       [
        12.6485,
        55.64814
       ],
       [
        12.64856,
        55.64813
       ],
       [
        12.64864,
        55.64838
       ],
       [
        12.65013,
        55.64824
       ],
       [
        12.65022,
        55.64822
       ],
       [
        12.65032,
        55.6482
       ],
       [
        12.65041,
        55.64817
       ],
       [
        12.65049,
        55.64813
       ],
       [
        12.65057,
        55.64808
       ],
       [
        12.65062,
        55.64803
       ],
       [
        12.65066,
        55.64797
       ],
       [
        12.65069,
        55.64792
       ],
       [
        12.6507,
        55.64786
       ],
       [
        12.6507,
        55.64785
       ],
       [
        12.65071,
        55.64784
       ],
       [
        12.65073,
        55.64783
       ],
       [
        12.65076,
        55.64782
       ],
       [
        12.65078,
        55.64782
       ],
       [
        12.6508,
        55.64783
       ],
       [
        12.65082,
        55.64784
       ],
       [
        12.65083,
        55.64785
       ],
       [
        12.65083,
        55.64786
       ],
       [
        12.65082,
        55.64793
       ],
       [
        12.65079,
        55.648
       ],
       [
        12.65074,
        55.64806
       ],
       [
        12.65067,
        55.64813
       ],
       [
        12.65059,
        55.64818
       ],
       [
        12.65049,
        55.64823
       ],
       [
        12.65038,
        55.64827
       ],
       [
        12.65026,
        55.64829
       ],
       [
        12.65015,
        55.64831
       ],
       [
        12.64894,
        55.64844
       ],
       [
        12.64867,
        55.64881
       ],
       [
        12.64804,
        55.65018
       ],
       [
        12.64787,
        55.65106
       ],
       [
        12.64791,
        55.6512
       ],
       [
        12.64808,
        55.65142
       ],
       [
        12.64811,
        55.65156
       ],
       [
        12.64805,
        55.65176
       ],
       [
        12.64803,
        55.65202
       ],
       [
        12.64848,
        55.65273
       ],
       [
        12.64904,
        55.65357
       ],
       [
        12.64981,
        55.65422
       ],
       [
        12.65052,
        55.65452
       ],
       [
        12.65208,
        55.65456
       ],
       [
        12.65205,
        55.65464
       ],
       [
        12.65049,
        55.65463
       ],
       [
        12.6499,
        55.65476
       ],
       [
        12.64979,
        55.65484
       ],
       [
        12.64909,
        55.65525
       ],
       [
        12.64774,
        55.65603
       ],
       [
        12.64682,
        55.65662
       ],
       [
        12.64512,
        55.65781
       ],
       [
        12.64338,
        55.65919
       ],
       [
        12.6422,
        55.66024
       ],
       [
        12.64153,
        55.66093
       ],
       [
        12.64087,
        55.66171
       ],
       [
        12.64025,
        55.66255
       ],
       [
        12.63943,
        55.66358
       ],
       [
        12.63973,
        55.66365
       ],
       [
        12.63978,
        55.66357
       ],
       [
        12.63994,
        55.6636
       ],
       [
        12.64012,
        55.66336
       ],
       [
        12.64081,
        55.66351
       ],
       [
        12.6406,
        55.66381
       ],
       [
        12.64065,
        55.66382
       ],
       [
        12.6406,
        55.66389
       ],
       [
        12.64065,
        55.6639
       ],
       [
        12.64054,
        55.66406
       ],
       [
        12.64059,
        55.66407
       ],
       [
        12.64053,
        55.66416
       ],
       [
        12.64015,
        55.66408
       ],
       [
        12.64013,
        55.6641
       ],
       [
        12.63973,
        55.66401
       ],
       [
        12.63992,
        55.66374
       ],
       [
        12.63986,
        55.66372
       ],
       [
        12.63939,
        55.66362
       ],
       [
        12.63897,
        55.66415
       ],
       [
        12.63882,
        55.66432
       ],
       [
        12.63955,
        55.66509
       ],
       [
        12.63964,
        55.66533
       ],
       [
        12.63961,
        55.66543
       ],
       [
        12.63959,
        55.66549
       ],
       [
        12.63952,
        55.66551
       ],
       [
        12.63945,
        55.66552
       ],
       [
        12.63935,
        55.66548
       ],
       [
        12.63936,
        55.66542
       ],
       [
        12.63941,
        55.66538
       ],
       [
        12.63937,
        55.66515
       ],
       [
        12.63699,
        55.66282
       ],
       [
        12.63698,
        55.66278
       ],
       [
        12.63541,
        55.6626
       ],
       [
        12.63548,
        55.66314
       ],
       [
        12.63548,
        55.66333
       ],
       [
        12.63507,
        55.66431
       ],
       [
        12.63506,
        55.66433
       ],
       [
        12.63505,
        55.66436
       ],
       [
        12.63501,
        55.66435
       ],
       [
        12.63503,
        55.66432
       ],
       [
        12.63274,
        55.66366
       ],
       [
        12.63242,
        55.66402
       ],
       [
        12.63227,
        55.66466
       ],
       [
        12.63221,
        55.66468
       ],
       [
        12.6306,
        55.66453
       ],
       [
        12.63056,
        55.66467
       ],
       [
        12.63122,
        55.66473
       ],
       [
        12.63128,
        55.66481
       ],
       [
        12.63174,
        55.66486
       ],
       [
        12.63333,
        55.66501
       ],
       [
        12.63332,
        55.66502
       ],
       [
        12.63356,
        55.66506
       ],
       [
        12.63397,
        55.66519
       ],
       [
        12.63443,
        55.66531
       ],
       [
        12.63437,
        55.66537
       ],
       [
        12.63419,
        55.66553
       ],
       [
        12.63402,
        55.66572
       ],
       [
        12.63391,
        55.6659
       ],
       [
        12.63305,
        55.66688
       ],
       [
        12.63302,
        55.66692
       ],
       [
        12.63215,
        55.66791
       ],
       [
        12.63201,
        55.66805
       ],
       [
        12.63177,
        55.66836
       ],
       [
        12.63098,
        55.66925
       ],
       [
        12.6318,
        55.66949
       ],
       [
        12.63217,
        55.66961
       ],
       [
        12.63217,
        55.66961
       ],
       [
        12.63178,
        55.6699
       ],
       [
        12.63106,
        55.6704
       ],
       [
        12.63086,
        55.67052
       ],
       [
        12.63091,
        55.67062
       ],
       [
        12.6309,
        55.67066
       ],
       [
        12.63093,
        55.67067
       ],
       [
        12.63094,
        55.6707
       ],
       [
        12.631,
        55.67073
       ],
       [
        12.63138,
        55.67073
       ],
       [
        12.63152,
        55.67075
       ],
       [
        12.63187,
        55.67078
       ],
       [
        12.63214,
        55.67082
       ],
       [
        12.63219,
        55.67083
       ],
       [
        12.63234,
        55.67085
       ],
       [
        12.63256,
        55.6709
       ],
       [
        12.63275,
        55.67095
       ],
       [
        12.63276,
        55.67094
       ],
       [
        12.63299,
        55.67103
       ],
       [
        12.63399,
        55.67022
       ],
       [
        12.63627,
        55.67034
       ],
       [
        12.63665,
        55.67016
       ],
       [
        12.63675,
        55.66946
       ],
       [
        12.63804,
        55.66839
       ],
       [
        12.63823,
        55.66845
       ],
       [
        12.63869,
        55.66803
       ],
       [
        12.63844,
        55.6679
       ],
       [
        12.63764,
        55.66699
       ],
       [
        12.63686,
        55.66695
       ],
       [
        12.6368,
        55.66692
       ],
       [
        12.6368,
        55.66685
       ],
       [
        12.63688,
        55.66682
       ],
       [
        12.64075,
        55.66701
       ],
       [
        12.64079,
        55.66704
       ],
       [
        12.64089,
        55.66704
       ],
       [
        12.64093,
        55.66706
       ],
       [
        12.64093,
        55.6671
       ],
       [
        12.64089,
        55.66711
       ],
       [
        12.64055,
        55.6671
       ],
       [
        12.64025,
        55.66735
       ],
       [
        12.64005,
        55.66728
       ],
       [
        12.63947,
        55.66779
       ],
       [
        12.63935,
        55.66775
       ],
       [
        12.63893,
        55.6681
       ],
       [
        12.63885,
        55.66807
       ],
       [
        12.63871,
        55.66819
       ],
       [
        12.639,
        55.66829
       ],
       [
        12.63892,
        55.66836
       ],
       [
        12.63925,
        55.66849
       ],
       [
        12.63968,
        55.66919
       ],
       [
        12.63936,
        55.66925
       ],
       [
        12.63966,
        55.66972
       ],
       [
        12.63998,
        55.66967
       ],
       [
        12.64025,
        55.67007
       ],
       [
        12.64181,
        55.67015
       ],
       [
        12.64252,
        55.6696
       ],
       [
        12.64283,
        55.66955
       ],
       [
        12.64311,
        55.66995
       ],
       [
        12.64347,
        55.66988
       ],
       [
        12.64304,
        55.6692
       ],
       [
        12.64307,
        55.66911
       ],
       [
        12.64185,
        55.66721
       ],
       [
        12.64175,
        55.66717
       ],
       [
        12.64163,
        55.66715
       ],
       [
        12.64145,
        55.66714
       ],
       [
        12.64143,
        55.66711
       ],
       [
        12.64144,
        55.66708
       ],
       [
        12.64147,
        55.66707
       ],
       [
        12.64158,
        55.66707
       ],
       [
        12.64163,
        55.66705
       ],
       [
        12.64171,
        55.66705
       ],
       [
        12.6418,
        55.66707
       ],
       [
        12.64192,
        55.66712
       ],
       [
        12.64203,
        55.6672
       ],
       [
        12.64322,
        55.66908
       ],
       [
        12.644,
        55.66919
       ],
       [
        12.64417,
        55.66931
       ],
       [
        12.64494,
        55.67054
       ],
       [
        12.64495,
        55.67057
       ],
       [
        12.64495,
        55.67058
       ],
       [
        12.64492,
        55.6706
       ],
       [
        12.64487,
        55.6706
       ],
       [
        12.64483,
        55.67059
       ],
       [
        12.6448,
        55.67056
       ],
       [
        12.64444,
        55.66999
       ],
       [
        12.64362,
        55.67015
       ],
       [
        12.64354,
        55.66999
       ],
       [
        12.64318,
        55.67006
       ],
       [
        12.6432,
        55.6701
       ],
       [
        12.64129,
        55.67047
       ],
       [
        12.63679,
        55.67025
       ],
       [
        12.63655,
        55.67039
       ],
       [
        12.64128,
        55.67062
       ],
       [
        12.64175,
        55.67135
       ],
       [
        12.64219,
        55.6713
       ],
       [
        12.64266,
        55.67128
       ],
       [
        12.64412,
        55.67154
       ],
       [
        12.64467,
        55.67183
       ],
       [
        12.64563,
        55.6714
       ],
       [
        12.64571,
        55.67133
       ],
       [
        12.64574,
        55.67123
       ],
       [
        12.64574,
        55.67116
       ],
       [
        12.6456,
        55.67091
       ],
       [
        12.64566,
        55.67089
       ],
       [
        12.64572,
        55.6709
       ],
       [
        12.64576,
        55.67092
       ],
       [
        12.64588,
        55.67109
       ],
       [
        12.6459,
        55.67119
       ],
       [
        12.64586,
        55.67134
       ],
       [
        12.64573,
        55.67148
       ],
       [
        12.64481,
        55.67189
       ],
       [
        12.6466,
        55.6743
       ],
       [
        12.64818,
        55.67497
       ],
       [
        12.64836,
        55.67523
       ],
       [
        12.64829,
        55.67552
       ],
       [
        12.6478,
        55.67591
       ],
       [
        12.64823,
        55.67608
       ],
       [
        12.64482,
        55.67923
       ],
       [
        12.6407,
        55.67886
       ],
       [
        12.64066,
        55.67896
       ],
       [
        12.64058,
        55.67909
       ],
       [
        12.64047,
        55.67915
       ],
       [
        12.64039,
        55.67913
       ],
       [
        12.64038,
        55.67907
       ],
       [
        12.64064,
        55.67874
       ],
       [
        12.64062,
        55.67866
       ],
       [
        12.63948,
        55.6765
       ],
       [
        12.63938,
        55.67647
       ],
       [
        12.63871,
        55.67658
       ],
       [
        12.63878,
        55.67672
       ],
       [
        12.6374,
        55.67695
       ],
       [
        12.63732,
        55.67683
       ],
       [
        12.63635,
        55.67699
       ],
       [
        12.63463,
        55.67569
       ],
       [
        12.63299,
        55.6757
       ],
       [
        12.63387,
        55.67656
       ],
       [
        12.63382,
        55.67658
       ],
       [
        12.63491,
        55.67766
       ],
       [
        12.63467,
        55.67775
       ],
       [
        12.63467,
        55.67853
       ],
       [
        12.634,
        55.67919
       ],
       [
        12.63418,
        55.67924
       ],
       [
        12.63467,
        55.67876
       ],
       [
        12.63469,
        55.67876
       ],
       [
        12.63472,
        55.67877
       ],
       [
        12.6342,
        55.67928
       ],
       [
        12.63521,
        55.67948
       ],
       [
        12.63527,
        55.67887
       ],
       [
        12.63528,
        55.67885
       ],
       [
        12.63528,
        55.67884
       ],
       [
        12.63529,
        55.67882
       ],
       [
        12.6353,
        55.67881
       ],
       [
        12.63531,
        55.67879
       ],
       [
        12.63534,
        55.67877
       ],
       [
        12.63535,
        55.67875
       ],
       [
        12.63536,
        55.67874
       ],
       [
        12.63537,
        55.67873
       ],
       [
        12.63539,
        55.67871
       ],
       [
        12.63541,
        55.6787
       ],
       [
        12.63543,
        55.67869
       ],
       [
        12.63545,
        55.67868
       ],
       [
        12.63548,
        55.67868
       ],
       [
        12.6355,
        55.67869
       ],
       [
        12.63552,
        55.67871
       ],
       [
        12.63553,
        55.67872
       ],
       [
        12.63553,
        55.67874
       ],
       [
        12.63552,
        55.67875
       ],
       [
        12.6355,
        55.67876
       ],
       [
        12.63548,
        55.67877
       ],
       [
        12.63545,
        55.67878
       ],
       [
        12.63543,
        55.67879
       ],
       [
        12.63541,
        55.6788
       ],
       [
        12.63539,
        55.67881
       ],
       [
        12.63536,
        55.67883
       ],
       [
        12.63535,
        55.67884
       ],
       [
        12.63534,
        55.67886
       ],
       [
        12.63534,
        55.67888
       ],
       [
        12.63533,
        55.67889
       ],
       [
        12.63535,
        55.67889
       ],
       [
        12.63536,
        55.6789
       ],
       [
        12.63536,
        55.6789
       ],
       [
        12.63538,
        55.67892
       ],
       [
        12.63538,
        55.67893
       ],
       [
        12.63539,
        55.67893
       ],
       [
        12.63539,
        55.67894
       ],
       [
        12.63539,
        55.67895
       ],
       [
        12.63539,
        55.67895
       ],
       [
        12.63539,
        55.67896
       ],
       [
        12.63539,
        55.67897
       ],
       [
        12.63538,
        55.67898
       ],
       [
        12.63538,
        55.67899
       ],
       [
        12.63537,
        55.67902
       ],
       [
        12.63536,
        55.67904
       ],
       [
        12.63536,
        55.67904
       ],
       [
        12.63536,
        55.67905
       ],
       [
        12.63536,
        55.67906
       ],
       [
        12.63536,
        55.67906
       ],
       [
        12.63536,
        55.67911
       ],
       [
        12.63537,
        55.67918
       ],
       [
        12.63537,
        55.67924
       ],
       [
        12.63538,
        55.67932
       ],
       [
        12.63538,
        55.67935
       ],
       [
        12.63539,
        55.67937
       ],
       [
        12.63539,
        55.67937
       ],
       [
        12.63539,
        55.67938
       ],
       [
        12.63538,
        55.67939
       ],
       [
        12.63538,
        55.67939
       ],
       [
        12.63538,
        55.6794
       ],
       [
        12.63538,
        55.67941
       ],
       [
        12.63537,
        55.67943
       ],
       [
        12.63536,
        55.67947
       ],
       [
        12.63536,
        55.67948
       ],
       [
        12.63535,
        55.6795
       ],
       [
        12.63535,
        55.6795
       ],
       [
        12.63535,
        55.67952
       ],
       [
        12.63534,
        55.67956
       ],
       [
        12.63533,
        55.67957
       ],
       [
        12.63533,
        55.67958
       ],
       [
        12.63533,
        55.67959
       ],
       [
        12.63533,
        55.67959
       ],
       [
        12.63533,
        55.6796
       ],
       [
        12.63533,
        55.67961
       ],
       [
        12.63534,
        55.67961
       ],
       [
        12.63534,
        55.67962
       ],
       [
        12.63534,
        55.67963
       ],
       [
        12.63535,
        55.67963
       ],
       [
        12.63535,
        55.67964
       ],
       [
        12.63536,
        55.67965
       ],
       [
        12.63537,
        55.67965
       ],
       [
        12.63537,
        55.67966
       ],
       [
        12.63539,
        55.67967
       ],
       [
        12.6354,
        55.67967
       ],
       [
        12.63541,
        55.67968
       ],
       [
        12.63543,
        55.67968
       ],
       [
        12.63544,
        55.67968
       ],
       [
        12.63545,
        55.67968
       ],
       [
        12.63547,
        55.67969
       ],
       [
        12.63548,
        55.67969
       ],
       [
        12.63551,
        55.67969
       ],
       [
        12.63552,
        55.67969
       ],
       [
        12.63554,
        55.67969
       ],
       [
        12.63555,
        55.67969
       ],
       [
        12.63556,
        55.6797
       ],
       [
        12.63558,
        55.6797
       ],
       [
        12.6356,
        55.67971
       ],
       [
        12.63566,
        55.67972
       ],
       [
        12.63569,
        55.67973
       ],
       [
        12.63571,
        55.67974
       ],
       [
        12.63574,
        55.67974
       ],
       [
        12.63575,
        55.67974
       ],
       [
        12.63581,
        55.67975
       ],
       [
        12.63601,
        55.67979
       ],
       [
        12.63615,
        55.67982
       ],
       [
        12.63628,
        55.67984
       ],
       [
        12.63633,
        55.67985
       ],
       [
        12.63634,
        55.67985
       ],
       [
        12.63636,
        55.67986
       ],
       [
        12.6364,
        55.67986
       ],
       [
        12.63643,
        55.67987
       ],
       [
        12.6365,
        55.67989
       ],
       [
        12.63654,
        55.6799
       ],
       [
        12.63657,
        55.67991
       ],
       [
        12.63659,
        55.67992
       ],
       [
        12.63661,
        55.67992
       ],
       [
        12.63663,
        55.67992
       ],
       [
        12.63699,
        55.67999
       ],
       [
        12.63708,
        55.68002
       ],
       [
        12.63717,
        55.68004
       ],
       [
        12.63726,
        55.68006
       ],
       [
        12.63736,
        55.68008
       ],
       [
        12.63746,
        55.6801
       ],
       [
        12.63755,
        55.68011
       ],
       [
        12.63765,
        55.68013
       ],
       [
        12.63784,
        55.68017
       ],
       [
        12.63794,
        55.68019
       ],
       [
        12.63803,
        55.6802
       ],
       [
        12.63813,
        55.68022
       ],
       [
        12.63823,
        55.68024
       ],
       [
        12.63832,
        55.68026
       ],
       [
        12.63842,
        55.68027
       ],
       [
        12.63852,
        55.68029
       ],
       [
        12.63855,
        55.68031
       ],
       [
        12.63951,
        55.68036
       ],
       [
        12.63964,
        55.68048
       ],
       [
        12.63963,
        55.68048
       ],
       [
        12.6396,
        55.68048
       ],
       [
        12.63959,
        55.68047
       ],
       [
        12.63946,
        55.68042
       ],
       [
        12.63916,
        55.68042
       ],
       [
        12.6383,
        55.68146
       ],
       [
        12.63695,
        55.68319
       ],
       [
        12.63722,
        55.68337
       ],
       [
        12.63714,
        55.68345
       ],
       [
        12.63715,
        55.68345
       ],
       [
        12.63714,
        55.68346
       ],
       [
        12.63822,
        55.68411
       ],
       [
        12.63864,
        55.68437
       ],
       [
        12.63865,
        55.68437
       ],
       [
        12.63869,
        55.68439
       ],
       [
        12.63891,
        55.68444
       ],
       [
        12.63909,
        55.68429
       ],
       [
        12.6392,
        55.68433
       ],
       [
        12.6388,
        55.68469
       ],
       [
        12.63869,
        55.68465
       ],
       [
        12.63878,
        55.68458
       ],
       [
        12.63705,
        55.68353
       ],
       [
        12.637,
        55.68356
       ],
       [
        12.63697,
        55.68355
       ],
       [
        12.63689,
        55.68358
       ],
       [
        12.63684,
        55.68357
       ],
       [
        12.63679,
        55.68356
       ],
       [
        12.63676,
        55.68357
       ],
       [
        12.63669,
        55.68355
       ],
       [
        12.63555,
        55.68499
       ],
       [
        12.63539,
        55.68497
       ],
       [
        12.63504,
        55.68485
       ],
       [
        12.63386,
        55.68443
       ],
       [
        12.63304,
        55.68415
       ],
       [
        12.6322,
        55.68386
       ],
       [
        12.63219,
        55.68386
       ],
       [
        12.63215,
        55.68385
       ],
       [
        12.63215,
        55.68384
       ],
       [
        12.63004,
        55.6831
       ],
       [
        12.62988,
        55.68302
       ],
       [
        12.62973,
        55.68296
       ],
       [
        12.62768,
        55.68224
       ],
       [
        12.62734,
        55.68211
       ],
       [
        12.62717,
        55.682
       ],
       [
        12.62693,
        55.68183
       ],
       [
        12.62504,
        55.68059
       ],
       [
        12.62494,
        55.68051
       ],
       [
        12.62493,
        55.68046
       ],
       [
        12.62545,
        55.67987
       ],
       [
        12.62634,
        55.67885
       ],
       [
        12.62717,
        55.67792
       ],
       [
        12.62769,
        55.67733
       ],
       [
        12.62811,
        55.67683
       ],
       [
        12.6287,
        55.67613
       ],
       [
        12.62898,
        55.67584
       ],
       [
        12.62925,
        55.67549
       ],
       [
        12.62952,
        55.67516
       ],
       [
        12.62973,
        55.67491
       ],
       [
        12.62981,
        55.6748
       ],
       [
        12.62999,
        55.67458
       ],
       [
        12.63008,
        55.67449
       ],
       [
        12.63038,
        55.67415
       ],
       [
        12.63047,
        55.67405
       ],
       [
        12.6305,
        55.674
       ],
       [
        12.63066,
        55.67393
       ],
       [
        12.63074,
        55.67393
       ],
       [
        12.63349,
        55.672
       ],
       [
        12.63352,
        55.67195
       ],
       [
        12.6335,
        55.6719
       ],
       [
        12.63344,
        55.67179
       ],
       [
        12.63327,
        55.6716
       ],
       [
        12.63293,
        55.67139
       ],
       [
        12.63256,
        55.67123
       ],
       [
        12.63243,
        55.67119
       ],
       [
        12.6323,
        55.67114
       ],
       [
        12.63195,
        55.67108
       ],
       [
        12.63148,
        55.67103
       ],
       [
        12.63144,
        55.67103
       ],
       [
        12.63057,
        55.67093
       ],
       [
        12.63053,
        55.67094
       ],
       [
        12.63047,
        55.67097
       ],
       [
        12.63043,
        55.67099
       ],
       [
        12.63042,
        55.67099
       ],
       [
        12.63032,
        55.67104
       ],
       [
        12.63023,
        55.67108
       ],
       [
        12.62991,
        55.67127
       ],
       [
        12.6299,
        55.67128
       ],
       [
        12.62974,
        55.67138
       ],
       [
        12.62904,
        55.67191
       ],
       [
        12.62881,
        55.67215
       ],
       [
        12.62863,
        55.67219
       ],
       [
        12.6285,
        55.67239
       ],
       [
        12.62831,
        55.67233
       ],
       [
        12.62703,
        55.6737
       ],
       [
        12.6262,
        55.67473
       ],
       [
        12.62561,
        55.6755
       ],
       [
        12.62526,
        55.67589
       ],
       [
        12.62513,
        55.67602
       ],
       [
        12.62507,
        55.67609
       ],
       [
        12.62385,
        55.67744
       ],
       [
        12.6228,
        55.67866
       ],
       [
        12.6216,
        55.68005
       ],
       [
        12.62158,
        55.68007
       ],
       [
        12.62155,
        55.68008
       ],
       [
        12.62128,
        55.67999
       ],
       [
        12.6215,
        55.67979
       ],
       [
        12.62079,
        55.67957
       ],
       [
        12.62057,
        55.67979
       ],
       [
        12.62051,
        55.67984
       ],
       [
        12.62024,
        55.68009
       ],
       [
        12.62096,
        55.6803
       ],
       [
        12.62119,
        55.68007
       ],
       [
        12.62147,
        55.68015
       ],
       [
        12.62149,
        55.68016
       ],
       [
        12.62149,
        55.68021
       ],
       [
        12.62145,
        55.68028
       ],
       [
        12.62122,
        55.68052
       ],
       [
        12.62102,
        55.68072
       ],
       [
        12.62097,
        55.68084
       ],
       [
        12.62094,
        55.68087
       ],
       [
        12.62085,
        55.681
       ],
       [
        12.62084,
        55.68106
       ],
       [
        12.62087,
        55.6811
       ],
       [
        12.6209,
        55.68112
       ],
       [
        12.6209,
        55.68114
       ],
       [
        12.62456,
        55.68357
       ],
       [
        12.62479,
        55.68373
       ],
       [
        12.62483,
        55.68375
       ],
       [
        12.62484,
        55.68376
       ],
       [
        12.62489,
        55.68379
       ],
       [
        12.62494,
        55.68381
       ],
       [
        12.62538,
        55.68396
       ],
       [
        12.62564,
        55.68406
       ],
       [
        12.62567,
        55.68407
       ],
       [
        12.62577,
        55.68411
       ],
       [
        12.6258,
        55.68411
       ],
       [
        12.62581,
        55.68411
       ],
       [
        12.62591,
        55.68414
       ],
       [
        12.62601,
        55.68414
       ],
       [
        12.62611,
        55.68414
       ],
       [
        12.62619,
        55.68413
       ],
       [
        12.62623,
        55.68416
       ],
       [
        12.62637,
        55.68412
       ],
       [
        12.62639,
        55.68413
       ],
       [
        12.62673,
        55.68448
       ],
       [
        12.62677,
        55.6845
       ],
       [
        12.62679,
        55.68451
       ],
       [
        12.6268,
        55.6845
       ],
       [
        12.62839,
        55.68507
       ],
       [
        12.62843,
        55.68511
       ],
       [
        12.62842,
        55.68511
       ],
       [
        12.62843,
        55.68511
       ],
       [
        12.62844,
        55.68512
       ],
       [
        12.63022,
        55.68577
       ],
       [
        12.63025,
        55.68575
       ],
       [
        12.63188,
        55.68632
       ],
       [
        12.63224,
        55.68648
       ],
       [
        12.63225,
        55.68645
       ],
       [
        12.63357,
        55.68692
       ],
       [
        12.63355,
        55.68695
       ],
       [
        12.63519,
        55.68752
       ],
       [
        12.63588,
        55.68777
       ],
       [
        12.63281,
        55.6905
       ],
       [
        12.63049,
        55.68968
       ],
       [
        12.62893,
        55.68913
       ],
       [
        12.62879,
        55.68901
       ],
       [
        12.62872,
        55.68902
       ],
       [
        12.62866,
        55.68896
       ],
       [
        12.62855,
        55.689
       ],
       [
        12.62805,
        55.68889
       ],
       [
        12.62736,
        55.68955
       ],
       [
        12.62648,
        55.68975
       ],
       [
        12.62644,
        55.68974
       ],
       [
        12.6264,
        55.68974
       ],
       [
        12.62638,
        55.68972
       ],
       [
        12.62641,
        55.68971
       ],
       [
        12.62637,
        55.68966
       ],
       [
        12.62571,
        55.68882
       ],
       [
        12.6257,
        55.68879
       ],
       [
        12.62571,
        55.68875
       ],
       [
        12.62614,
        55.68827
       ],
       [
        12.62617,
        55.68823
       ],
       [
        12.62616,
        55.68821
       ],
       [
        12.62614,
        55.68816
       ],
       [
        12.62604,
        55.68813
       ],
       [
        12.6259,
        55.6881
       ],
       [
        12.62579,
        55.6881
       ],
       [
        12.62579,
        55.6881
       ],
       [
        12.62575,
        55.68809
       ],
       [
        12.62522,
        55.68866
       ],
       [
        12.62521,
        55.68866
       ],
       [
        12.62511,
        55.68865
       ],
       [
        12.62502,
        55.68863
       ],
       [
        12.62489,
        55.68858
       ],
       [
        12.62486,
        55.68862
       ],
       [
        12.62478,
        55.68868
       ],
       [
        12.62283,
        55.6881
       ],
       [
        12.62292,
        55.68799
       ],
       [
        12.62284,
        55.68797
       ],
       [
        12.62138,
        55.68753
       ],
       [
        12.62014,
        55.68717
       ],
       [
        12.6201,
        55.68717
       ],
       [
        12.62004,
        55.68718
       ],
       [
        12.62,
        55.68719
       ],
       [
        12.62,
        55.68719
       ],
       [
        12.62,
        55.68719
       ],
       [
        12.62,
        55.68719
       ],
       [
        12.62,
        55.68719
       ],
       [
        12.61992,
        55.68723
       ],
       [
        12.61989,
        55.68739
       ],
       [
        12.61981,
        55.6874
       ],
       [
        12.61977,
        55.6874
       ],
       [
        12.61974,
        55.68733
       ],
       [
        12.6197,
        55.68722
       ],
       [
        12.61967,
        55.68719
       ],
       [
        12.61959,
        55.68716
       ],
       [
        12.61897,
        55.687
       ],
       [
        12.61812,
        55.68677
       ],
       [
        12.61807,
        55.68676
       ],
       [
        12.618,
        55.68677
       ],
       [
        12.61793,
        55.68685
       ],
       [
        12.61766,
        55.68711
       ],
       [
        12.6176,
        55.68712
       ],
       [
        12.61754,
        55.68714
       ],
       [
        12.61725,
        55.68719
       ],
       [
        12.61699,
        55.68722
       ],
       [
        12.6168,
        55.68724
       ],
       [
        12.61653,
        55.68726
       ],
       [
        12.61628,
        55.68726
       ],
       [
        12.61608,
        55.68726
       ],
       [
        12.61598,
        55.68725
       ],
       [
        12.61574,
        55.68723
       ],
       [
        12.61482,
        55.68718
       ],
       [
        12.6137,
        55.68709
       ],
       [
        12.61356,
        55.68712
       ],
       [
        12.61352,
        55.68841
       ],
       [
        12.61352,
        55.6886
       ],
       [
        12.61351,
        55.68863
       ],
       [
        12.61489,
        55.6886
       ],
       [
        12.61577,
        55.68857
       ],
       [
        12.61609,
        55.68861
       ],
       [
        12.61608,
        55.68863
       ],
       [
        12.61625,
        55.68866
       ],
       [
        12.61626,
        55.68864
       ],
       [
        12.61652,
        55.68867
       ],
       [
        12.61721,
        55.68881
       ],
       [
        12.61927,
        55.68914
       ],
       [
        12.61928,
        55.68912
       ],
       [
        12.61935,
        55.68913
       ],
       [
        12.61972,
        55.6884
       ],
       [
        12.6202,
        55.68847
       ],
       [
        12.6196,
        55.68977
       ],
       [
        12.61964,
        55.68978
       ],
       [
        12.61964,
        55.68978
       ],
       [
        12.61968,
        55.68979
       ],
       [
        12.61998,
        55.68984
       ],
       [
        12.62055,
        55.68993
       ],
       [
        12.62059,
        55.68993
       ],
       [
        12.62326,
        55.69036
       ],
       [
        12.62331,
        55.69035
       ],
       [
        12.62332,
        55.69035
       ],
       [
        12.62338,
        55.69035
       ],
       [
        12.62345,
        55.69034
       ],
       [
        12.62373,
        55.69025
       ],
       [
        12.62431,
        55.6901
       ],
       [
        12.62445,
        55.69007
       ],
       [
        12.62462,
        55.69005
       ],
       [
        12.62478,
        55.69009
       ],
       [
        12.62479,
        55.69014
       ],
       [
        12.62478,
        55.69021
       ],
       [
        12.62455,
        55.69026
       ],
       [
        12.62418,
        55.69035
       ],
       [
        12.62407,
        55.69039
       ],
       [
        12.62405,
        55.69043
       ],
       [
        12.62407,
        55.69043
       ],
       [
        12.62407,
        55.69044
       ],
       [
        12.62413,
        55.69046
       ],
       [
        12.62416,
        55.69047
       ],
       [
        12.62495,
        55.69177
       ],
       [
        12.62504,
        55.69178
       ],
       [
        12.62507,
        55.69179
       ],
       [
        12.62513,
        55.69186
       ],
       [
        12.6252,
        55.69197
       ],
       [
        12.62525,
        55.69209
       ],
       [
        12.62525,
        55.6922
       ],
       [
        12.62522,
        55.69227
       ],
       [
        12.62549,
        55.6923
       ],
       [
        12.62548,
        55.69239
       ],
       [
        12.62512,
        55.69238
       ],
       [
        12.62513,
        55.69245
       ],
       [
        12.62523,
        55.69267
       ],
       [
        12.62554,
        55.69286
       ],
       [
        12.62745,
        55.69357
       ],
       [
        12.6278,
        55.69371
       ],
       [
        12.62844,
        55.6939
       ],
       [
        12.62849,
        55.69392
       ],
       [
        12.6285,
        55.69397
       ],
       [
        12.62844,
        55.69406
       ],
       [
        12.62841,
        55.69411
       ],
       [
        12.62837,
        55.69414
       ],
       [
        12.62822,
        55.69416
       ],
       [
        12.62807,
        55.69411
       ],
       [
        12.62799,
        55.69415
       ],
       [
        12.6278,
        55.69407
       ],
       [
        12.62774,
        55.69404
       ],
       [
        12.6278,
        55.694
       ],
       [
        12.62766,
        55.69394
       ],
       [
        12.62755,
        55.69392
       ],
       [
        12.62746,
        55.69392
       ],
       [
        12.6253,
        55.69432
       ],
       [
        12.62524,
        55.69439
       ],
       [
        12.62514,
        55.69445
       ],
       [
        12.62511,
        55.69476
       ],
       [
        12.625,
        55.69633
       ],
       [
        12.62493,
        55.69735
       ],
       [
        12.62491,
        55.69748
       ],
       [
        12.62532,
        55.69743
       ],
       [
        12.62679,
        55.69735
       ],
       [
        12.62854,
        55.69724
       ],
       [
        12.62903,
        55.69719
       ],
       [
        12.62911,
        55.69715
       ],
       [
        12.6292,
        55.69709
       ],
       [
        12.62934,
        55.69668
       ],
       [
        12.62977,
        55.69551
       ],
       [
        12.62997,
        55.6949
       ],
       [
        12.62997,
        55.69479
       ],
       [
        12.62994,
        55.69475
       ],
       [
        12.62974,
        55.69467
       ],
       [
        12.62946,
        55.69459
       ],
       [
        12.62928,
        55.69455
       ],
       [
        12.62925,
        55.69449
       ],
       [
        12.62937,
        55.69434
       ],
       [
        12.6295,
        55.69432
       ],
       [
        12.62965,
        55.69437
       ],
       [
        12.62984,
        55.69445
       ],
       [
        12.62999,
        55.6945
       ],
       [
        12.63008,
        55.6945
       ],
       [
        12.6305,
        55.69466
       ],
       [
        12.6295,
        55.69734
       ],
       [
        12.61987,
        55.69802
       ],
       [
        12.61967,
        55.69803
       ],
       [
        12.61966,
        55.698
       ],
       [
        12.61916,
        55.698
       ],
       [
        12.61916,
        55.69802
       ],
       [
        12.61798,
        55.69796
       ],
       [
        12.61144,
        55.69761
       ],
       [
        12.61123,
        55.69752
       ],
       [
        12.6112,
        55.69748
       ],
       [
        12.61119,
        55.69747
       ],
       [
        12.60984,
        55.69728
       ],
       [
        12.60981,
        55.69727
       ],
       [
        12.60938,
        55.69721
       ],
       [
        12.60942,
        55.69719
       ],
       [
        12.60942,
        55.69719
       ],
       [
        12.60996,
        55.69682
       ],
       [
        12.61154,
        55.69658
       ],
       [
        12.61158,
        55.69645
       ],
       [
        12.61168,
        55.69643
       ],
       [
        12.61188,
        55.69639
       ],
       [
        12.61189,
        55.6964
       ],
       [
        12.61319,
        55.69615
       ],
       [
        12.61268,
        55.69529
       ],
       [
        12.61268,
        55.69529
       ],
       [
        12.61267,
        55.69528
       ],
       [
        12.61122,
        55.69556
       ],
       [
        12.61044,
        55.69571
       ],
       [
        12.61045,
        55.69579
       ],
       [
        12.60901,
        55.69682
       ],
       [
        12.60866,
        55.69706
       ],
       [
        12.60867,
        55.69706
       ],
       [
        12.60864,
        55.69708
       ],
       [
        12.60861,
        55.69707
       ],
       [
        12.60855,
        55.69713
       ],
       [
        12.60856,
        55.69714
       ],
       [
        12.60835,
        55.69728
       ],
       [
        12.60818,
        55.69727
       ],
       [
        12.60774,
        55.69548
       ],
       [
        12.61006,
        55.69505
       ],
       [
        12.61005,
        55.69504
       ],
       [
        12.61006,
        55.69503
       ],
       [
        12.61004,
        55.695
       ],
       [
        12.61008,
        55.69499
       ],
       [
        12.60996,
        55.69478
       ],
       [
        12.60991,
        55.69478
       ],
       [
        12.60968,
        55.69441
       ],
       [
        12.60976,
        55.69439
       ],
       [
        12.60962,
        55.69419
       ],
       [
        12.60955,
        55.69419
       ],
       [
        12.60952,
        55.69412
       ],
       [
        12.60922,
        55.69418
       ],
       [
        12.60756,
        55.69447
       ],
       [
        12.60756,
        55.69447
       ],
       [
        12.60708,
        55.69258
       ],
       [
        12.60714,
        55.69257
       ],
       [
        12.60928,
        55.69218
       ],
       [
        12.6112,
        55.69184
       ],
       [
        12.61126,
        55.69181
       ],
       [
        12.61128,
        55.69177
       ],
       [
        12.61128,
        55.69172
       ],
       [
        12.61131,
        55.69171
       ],
       [
        12.6113,
        55.69167
       ],
       [
        12.61123,
        55.69168
       ],
       [
        12.61121,
        55.69166
       ],
       [
        12.6112,
        55.69166
       ],
       [
        12.61117,
        55.69163
       ],
       [
        12.61112,
        55.69164
       ],
       [
        12.61109,
        55.69163
       ],
       [
        12.60895,
        55.69202
       ],
       [
        12.60705,
        55.69236
       ],
       [
        12.60677,
        55.69114
       ],
       [
        12.60674,
        55.69104
       ],
       [
        12.60812,
        55.69079
       ],
       [
        12.61039,
        55.69038
       ],
       [
        12.61033,
        55.69029
       ],
       [
        12.61012,
        55.68994
       ],
       [
        12.6101,
        55.68994
       ],
       [
        12.61006,
        55.68987
       ],
       [
        12.60668,
        55.6905
       ],
       [
        12.6064,
        55.69004
       ],
       [
        12.60978,
        55.68941
       ],
       [
        12.61023,
        55.68933
       ],
       [
        12.61032,
        55.68956
       ],
       [
        12.61036,
        55.68954
       ],
       [
        12.61038,
        55.68957
       ],
       [
        12.61048,
        55.68956
       ],
       [
        12.61072,
        55.68949
       ],
       [
        12.61076,
        55.68951
       ],
       [
        12.61088,
        55.68939
       ],
       [
        12.61089,
        55.68917
       ],
       [
        12.61052,
        55.68918
       ],
       [
        12.61043,
        55.68913
       ],
       [
        12.61028,
        55.68899
       ],
       [
        12.61021,
        55.68793
       ],
       [
        12.61001,
        55.68794
       ],
       [
        12.60986,
        55.68795
       ],
       [
        12.60973,
        55.68755
       ],
       [
        12.60957,
        55.68756
       ],
       [
        12.6094,
        55.68758
       ],
       [
        12.60932,
        55.68744
       ],
       [
        12.6093,
        55.68741
       ],
       [
        12.60918,
        55.68744
       ],
       [
        12.60862,
        55.68736
       ],
       [
        12.6086,
        55.68739
       ],
       [
        12.60844,
        55.68737
       ],
       [
        12.60835,
        55.6872
       ],
       [
        12.60904,
        55.68569
       ],
       [
        12.60903,
        55.68566
       ],
       [
        12.60919,
        55.68535
       ],
       [
        12.60972,
        55.68425
       ],
       [
        12.60973,
        55.68417
       ],
       [
        12.60976,
        55.68411
       ],
       [
        12.60975,
        55.6841
       ],
       [
        12.60976,
        55.68403
       ],
       [
        12.60942,
        55.68402
       ],
       [
        12.60921,
        55.68404
       ],
       [
        12.6092,
        55.68406
       ],
       [
        12.60918,
        55.68406
       ],
       [
        12.60779,
        55.68754
       ],
       [
        12.60785,
        55.68757
       ],
       [
        12.60784,
        55.68759
       ],
       [
        12.60797,
        55.68761
       ],
       [
        12.60806,
        55.68764
       ],
       [
        12.60817,
        55.68783
       ],
       [
        12.60813,
        55.68819
       ],
       [
        12.60779,
        55.68924
       ],
       [
        12.60765,
        55.68929
       ],
       [
        12.60729,
        55.68942
       ],
       [
        12.60667,
        55.68935
       ],
       [
        12.60611,
        55.68922
       ],
       [
        12.6061,
        55.68925
       ],
       [
        12.60556,
        55.68913
       ],
       [
        12.60559,
        55.68894
       ],
       [
        12.60576,
        55.68894
       ],
       [
        12.60576,
        55.68893
       ],
       [
        12.60582,
        55.68893
       ],
       [
        12.60586,
        55.68887
       ],
       [
        12.60551,
        55.68882
       ],
       [
        12.60457,
        55.68878
       ],
       [
        12.6039,
        55.68877
       ],
       [
        12.60393,
        55.68861
       ],
       [
        12.60389,
        55.68861
       ],
       [
        12.60389,
        55.68859
       ],
       [
        12.60424,
        55.68859
       ],
       [
        12.60424,
        55.6886
       ],
       [
        12.6053,
        55.68858
       ],
       [
        12.60554,
        55.68859
       ],
       [
        12.60554,
        55.68857
       ],
       [
        12.60581,
        55.68857
       ],
       [
        12.60579,
        55.68804
       ],
       [
        12.60582,
        55.68803
       ],
       [
        12.60579,
        55.68757
       ],
       [
        12.60548,
        55.68748
       ],
       [
        12.60523,
        55.68739
       ],
       [
        12.60517,
        55.68637
       ],
       [
        12.60553,
        55.68637
       ],
       [
        12.60579,
        55.68636
       ],
       [
        12.60577,
        55.6855
       ],
       [
        12.60571,
        55.68542
       ],
       [
        12.60562,
        55.68545
       ],
       [
        12.60558,
        55.68545
       ],
       [
        12.60519,
        55.685
       ],
       [
        12.60535,
        55.68496
       ],
       [
        12.6046,
        55.68403
       ],
       [
        12.60464,
        55.684
       ],
       [
        12.60665,
        55.68376
       ],
       [
        12.60663,
        55.68374
       ],
       [
        12.60665,
        55.68374
       ],
       [
        12.60655,
        55.68362
       ],
       [
        12.6066,
        55.68358
       ],
       [
        12.60666,
        55.68356
       ],
       [
        12.60673,
        55.68354
       ],
       [
        12.60677,
        55.68354
       ],
       [
        12.60677,
        55.68354
       ],
       [
        12.60683,
        55.68354
       ],
       [
        12.60694,
        55.68366
       ],
       [
        12.60693,
        55.68367
       ],
       [
        12.60693,
        55.68367
       ],
       [
        12.60691,
        55.68368
       ],
       [
        12.60708,
        55.68387
       ],
       [
        12.60887,
        55.68393
       ],
       [
        12.60889,
        55.68392
       ],
       [
        12.60889,
        55.68392
       ],
       [
        12.60891,
        55.68391
       ],
       [
        12.60892,
        55.6839
       ],
       [
        12.60963,
        55.68386
       ],
       [
        12.60977,
        55.68382
       ],
       [
        12.60977,
        55.68381
       ],
       [
        12.60978,
        55.6838
       ],
       [
        12.60983,
        55.68333
       ],
       [
        12.60983,
        55.68332
       ],
       [
        12.60983,
        55.68331
       ],
       [
        12.60984,
        55.68329
       ],
       [
        12.60984,
        55.68317
       ],
       [
        12.60984,
        55.68315
       ],
       [
        12.60984,
        55.68313
       ],
       [
        12.60985,
        55.68311
       ],
       [
        12.60985,
        55.68309
       ],
       [
        12.60986,
        55.68307
       ],
       [
        12.60986,
        55.68299
       ],
       [
        12.60988,
        55.68288
       ],
       [
        12.60988,
        55.68286
       ],
       [
        12.60988,
        55.6828
       ],
       [
        12.60988,
        55.68278
       ],
       [
        12.60988,
        55.68276
       ],
       [
        12.60989,
        55.68274
       ],
       [
        12.6099,
        55.68272
       ],
       [
        12.6099,
        55.6827
       ],
       [
        12.6099,
        55.68268
       ],
       [
        12.60991,
        55.68266
       ],
       [
        12.60991,
        55.68264
       ],
       [
        12.60991,
        55.68259
       ],
       [
        12.60991,
        55.68257
       ],
       [
        12.60991,
        55.68255
       ],
       [
        12.60991,
        55.68253
       ],
       [
        12.60991,
        55.68251
       ],
       [
        12.60992,
        55.68249
       ],
       [
        12.60992,
        55.68247
       ],
       [
        12.60991,
        55.68245
       ],
       [
        12.60991,
        55.68243
       ],
       [
        12.60989,
        55.68239
       ],
       [
        12.60989,
        55.68237
       ],
       [
        12.60989,
        55.68235
       ],
       [
        12.60989,
        55.68233
       ],
       [
        12.60989,
        55.68231
       ],
       [
        12.60989,
        55.68229
       ],
       [
        12.60989,
        55.68227
       ],
       [
        12.60989,
        55.68225
       ],
       [
        12.60989,
        55.68223
       ],
       [
        12.6099,
        55.68216
       ],
       [
        12.6099,
        55.68214
       ],
       [
        12.6099,
        55.68212
       ],
       [
        12.60991,
        55.6821
       ],
       [
        12.60991,
        55.68208
       ],
       [
        12.60991,
        55.68204
       ],
       [
        12.60991,
        55.68202
       ],
       [
        12.60991,
        55.682
       ],
       [
        12.6099,
        55.68198
       ],
       [
        12.6099,
        55.68196
       ],
       [
        12.60989,
        55.68194
       ],
       [
        12.60988,
        55.68192
       ],
       [
        12.60988,
        55.68189
       ],
       [
        12.60984,
        55.68181
       ],
       [
        12.60984,
        55.68178
       ],
       [
        12.60985,
        55.68176
       ],
       [
        12.60986,
        55.68174
       ],
       [
        12.60987,
        55.68172
       ],
       [
        12.60987,
        55.6817
       ],
       [
        12.60987,
        55.68168
       ],
       [
        12.60987,
        55.68166
       ],
       [
        12.60987,
        55.68164
       ],
       [
        12.60986,
        55.6816
       ],
       [
        12.60986,
        55.68158
       ],
       [
        12.60985,
        55.68154
       ],
       [
        12.60985,
        55.68152
       ],
       [
        12.60985,
        55.68149
       ],
       [
        12.60985,
        55.68148
       ],
       [
        12.60986,
        55.68145
       ],
       [
        12.60986,
        55.68143
       ],
       [
        12.60987,
        55.68141
       ],
       [
        12.60988,
        55.68139
       ],
       [
        12.60989,
        55.68137
       ],
       [
        12.6099,
        55.68135
       ],
       [
        12.60991,
        55.68133
       ],
       [
        12.60991,
        55.68131
       ],
       [
        12.60991,
        55.68129
       ],
       [
        12.60991,
        55.68127
       ],
       [
        12.60991,
        55.68125
       ],
       [
        12.60989,
        55.68117
       ],
       [
        12.60987,
        55.68101
       ],
       [
        12.60986,
        55.68099
       ],
       [
        12.60986,
        55.68096
       ],
       [
        12.60985,
        55.68092
       ],
       [
        12.60983,
        55.68086
       ],
       [
        12.60983,
        55.68084
       ],
       [
        12.60982,
        55.6808
       ],
       [
        12.60981,
        55.68078
       ],
       [
        12.6098,
        55.68074
       ],
       [
        12.60979,
        55.68072
       ],
       [
        12.60978,
        55.6807
       ],
       [
        12.60977,
        55.68068
       ],
       [
        12.60975,
        55.68064
       ],
       [
        12.60974,
        55.68062
       ],
       [
        12.60973,
        55.6806
       ],
       [
        12.60973,
        55.68058
       ],
       [
        12.60972,
        55.68056
       ],
       [
        12.60971,
        55.68052
       ],
       [
        12.6097,
        55.68048
       ],
       [
        12.60969,
        55.68046
       ],
       [
        12.60969,
        55.68044
       ],
       [
        12.60968,
        55.68042
       ],
       [
        12.60968,
        55.6804
       ],
       [
        12.60968,
        55.68038
       ],
       [
        12.60969,
        55.68034
       ],
       [
        12.6097,
        55.68032
       ],
       [
        12.6097,
        55.6803
       ],
       [
        12.6097,
        55.68027
       ],
       [
        12.60969,
        55.68025
       ],
       [
        12.60968,
        55.68023
       ],
       [
        12.60967,
        55.68022
       ],
       [
        12.60965,
        55.6802
       ],
       [
        12.60964,
        55.68018
       ],
       [
        12.60963,
        55.68016
       ],
       [
        12.60963,
        55.68014
       ],
       [
        12.60961,
        55.68008
       ],
       [
        12.60961,
        55.68006
       ],
       [
        12.6096,
        55.68003
       ],
       [
        12.60956,
        55.67991
       ],
       [
        12.60953,
        55.67983
       ],
       [
        12.60952,
        55.67981
       ],
       [
        12.60951,
        55.67979
       ],
       [
        12.60947,
        55.67976
       ],
       [
        12.60947,
        55.67975
       ],
       [
        12.60942,
        55.67964
       ],
       [
        12.60942,
        55.67962
       ],
       [
        12.60942,
        55.6796
       ],
       [
        12.60942,
        55.67958
       ],
       [
        12.60941,
        55.67956
       ],
       [
        12.60935,
        55.67935
       ],
       [
        12.60934,
        55.67933
       ],
       [
        12.60933,
        55.67931
       ],
       [
        12.60932,
        55.67929
       ],
       [
        12.60931,
        55.67927
       ],
       [
        12.6093,
        55.67925
       ],
       [
        12.60929,
        55.67923
       ],
       [
        12.60928,
        55.67921
       ],
       [
        12.60925,
        55.67918
       ],
       [
        12.60924,
        55.67916
       ],
       [
        12.60921,
        55.67912
       ],
       [
        12.6092,
        55.6791
       ],
       [
        12.60918,
        55.67908
       ],
       [
        12.60917,
        55.67906
       ],
       [
        12.60916,
        55.67904
       ],
       [
        12.60915,
        55.67902
       ],
       [
        12.60912,
        55.67896
       ],
       [
        12.60911,
        55.67894
       ],
       [
        12.60908,
        55.67888
       ],
       [
        12.60905,
        55.67884
       ],
       [
        12.60904,
        55.67882
       ],
       [
        12.60903,
        55.67881
       ],
       [
        12.60901,
        55.67878
       ],
       [
        12.60897,
        55.67871
       ],
       [
        12.60849,
        55.67797
       ],
       [
        12.60817,
        55.67759
       ],
       [
        12.60791,
        55.67725
       ],
       [
        12.6078,
        55.67712
       ],
       [
        12.60768,
        55.677
       ],
       [
        12.60737,
        55.67675
       ],
       [
        12.60683,
        55.67638
       ],
       [
        12.60679,
        55.67635
       ],
       [
        12.60675,
        55.67632
       ],
       [
        12.6067,
        55.67629
       ],
       [
        12.60665,
        55.67626
       ],
       [
        12.60661,
        55.67623
       ],
       [
        12.60656,
        55.67619
       ],
       [
        12.60654,
        55.67618
       ],
       [
        12.60652,
        55.67617
       ],
       [
        12.6064,
        55.67609
       ],
       [
        12.60633,
        55.67604
       ],
       [
        12.60631,
        55.67602
       ],
       [
        12.60628,
        55.676
       ],
       [
        12.60626,
        55.67599
       ],
       [
        12.60624,
        55.67597
       ],
       [
        12.60618,
        55.67595
       ],
       [
        12.60599,
        55.67582
       ],
       [
        12.60597,
        55.6758
       ],
       [
        12.60595,
        55.67579
       ],
       [
        12.60592,
        55.67577
       ],
       [
        12.60591,
        55.67577
       ],
       [
        12.6052,
        55.6753
       ],
       [
        12.60449,
        55.67484
       ],
       [
        12.60416,
        55.67467
       ],
       [
        12.60398,
        55.6746
       ],
       [
        12.60368,
        55.67454
       ],
       [
        12.60342,
        55.6745
       ],
       [
        12.60323,
        55.6745
       ],
       [
        12.60307,
        55.6745
       ],
       [
        12.60305,
        55.6745
       ],
       [
        12.60301,
        55.6745
       ],
       [
        12.60297,
        55.6745
       ],
       [
        12.60294,
        55.6745
       ],
       [
        12.6029,
        55.6745
       ],
       [
        12.60287,
        55.6745
       ],
       [
        12.60283,
        55.6745
       ],
       [
        12.60279,
        55.6745
       ],
       [
        12.60276,
        55.6745
       ],
       [
        12.60272,
        55.67451
       ],
       [
        12.60268,
        55.67451
       ],
       [
        12.60265,
        55.67451
       ],
       [
        12.60261,
        55.67452
       ],
       [
        12.60261,
        55.67452
       ],
       [
        12.60257,
        55.67452
       ],
       [
        12.60234,
        55.67455
       ],
       [
        12.60217,
        55.67462
       ],
       [
        12.60211,
        55.67465
       ],
       [
        12.6021,
        55.67466
       ],
       [
        12.60205,
        55.67468
       ],
       [
        12.60203,
        55.6747
       ],
       [
        12.60185,
        55.67479
       ],
       [
        12.60181,
        55.67482
       ],
       [
        12.6018,
        55.67484
       ],
       [
        12.6018,
        55.67484
       ],
       [
        12.6018,
        55.67485
       ],
       [
        12.60159,
        55.67537
       ],
       [
        12.60122,
        55.6764
       ],
       [
        12.60122,
        55.67641
       ],
       [
        12.60121,
        55.67643
       ],
       [
        12.60146,
        55.67665
       ],
       [
        12.6021,
        55.67487
       ],
       [
        12.60215,
        55.67485
       ],
       [
        12.60346,
        55.67484
       ],
       [
        12.60382,
        55.67484
       ],
       [
        12.6063,
        55.67648
       ],
       [
        12.60638,
        55.67655
       ],
       [
        12.60647,
        55.67666
       ],
       [
        12.60722,
        55.67768
       ],
       [
        12.60721,
        55.67768
       ],
       [
        12.60599,
        55.67799
       ],
       [
        12.60393,
        55.67853
       ],
       [
        12.60271,
        55.67885
       ],
       [
        12.60272,
        55.67886
       ],
       [
        12.60272,
        55.67886
       ],
       [
        12.60285,
        55.67901
       ],
       [
        12.60292,
        55.67899
       ],
       [
        12.60298,
        55.679
       ],
       [
        12.60574,
        55.67826
       ],
       [
        12.60583,
        55.67837
       ],
       [
        12.60583,
        55.67837
       ],
       [
        12.60584,
        55.67838
       ],
       [
        12.60654,
        55.6782
       ],
       [
        12.60657,
        55.67823
       ],
       [
        12.60586,
        55.67841
       ],
       [
        12.60596,
        55.67854
       ],
       [
        12.60667,
        55.67836
       ],
       [
        12.60673,
        55.67834
       ],
       [
        12.60689,
        55.67855
       ],
       [
        12.60682,
        55.67857
       ],
       [
        12.60688,
        55.67863
       ],
       [
        12.60695,
        55.67862
       ],
       [
        12.60715,
        55.67888
       ],
       [
        12.60704,
        55.67891
       ],
       [
        12.60695,
        55.67895
       ],
       [
        12.60693,
        55.67895
       ],
       [
        12.60737,
        55.67938
       ],
       [
        12.60814,
        55.68149
       ],
       [
        12.60814,
        55.68158
       ],
       [
        12.60814,
        55.6816
       ],
       [
        12.608,
        55.68247
       ],
       [
        12.60793,
        55.68291
       ],
       [
        12.60745,
        55.68303
       ],
       [
        12.60745,
        55.68303
       ],
       [
        12.60743,
        55.68303
       ],
       [
        12.60742,
        55.68304
       ],
       [
        12.60662,
        55.68327
       ],
       [
        12.60662,
        55.68327
       ],
       [
        12.60661,
        55.68328
       ],
       [
        12.60672,
        55.68342
       ],
       [
        12.60667,
        55.68345
       ],
       [
        12.6066,
        55.68348
       ],
       [
        12.60652,
        55.68349
       ],
       [
        12.60646,
        55.68349
       ],
       [
        12.60631,
        55.68334
       ],
       [
        12.60628,
        55.68334
       ],
       [
        12.60584,
        55.68283
       ],
       [
        12.60583,
        55.68285
       ],
       [
        12.60583,
        55.68284
       ],
       [
        12.60521,
        55.68301
       ],
       [
        12.60562,
        55.68348
       ],
       [
        12.60557,
        55.68357
       ],
       [
        12.60525,
        55.68361
       ],
       [
        12.60521,
        55.6836
       ],
       [
        12.60421,
        55.68373
       ],
       [
        12.60389,
        55.68334
       ],
       [
        12.60388,
        55.68335
       ],
       [
        12.60367,
        55.68309
       ],
       [
        12.60337,
        55.68317
       ],
       [
        12.6036,
        55.68344
       ],
       [
        12.60377,
        55.6834
       ],
       [
        12.60256,
        55.68391
       ],
       [
        12.6015,
        55.68425
       ],
       [
        12.59959,
        55.68389
       ],
       [
        12.59857,
        55.68296
       ],
       [
        12.59799,
        55.68153
       ],
       [
        12.59777,
        55.68048
       ],
       [
        12.59847,
        55.68026
       ],
       [
        12.59884,
        55.68043
       ],
       [
        12.6006,
        55.67996
       ],
       [
        12.60061,
        55.67998
       ],
       [
        12.6008,
        55.67993
       ],
       [
        12.60061,
        55.67998
       ],
       [
        12.60097,
        55.68039
       ],
       [
        12.60135,
        55.68029
       ],
       [
        12.60135,
        55.68029
       ],
       [
        12.60136,
        55.68028
       ],
       [
        12.60074,
        55.67956
       ],
       [
        12.60272,
        55.67904
       ],
       [
        12.60259,
        55.6789
       ],
       [
        12.60258,
        55.6789
       ],
       [
        12.60258,
        55.6789
       ],
       [
        12.6025,
        55.67892
       ],
       [
        12.60246,
        55.67888
       ],
       [
        12.60238,
        55.6789
       ],
       [
        12.60234,
        55.67889
       ],
       [
        12.60177,
        55.67905
       ],
       [
        12.60166,
        55.67908
       ],
       [
        12.60166,
        55.67908
       ],
       [
        12.60165,
        55.67908
       ],
       [
        12.60165,
        55.67908
       ],
       [
        12.60164,
        55.67909
       ],
       [
        12.60162,
        55.67911
       ],
       [
        12.60073,
        55.67935
       ],
       [
        12.60057,
        55.6793
       ],
       [
        12.60003,
        55.67868
       ],
       [
        12.60005,
        55.67868
       ],
       [
        12.60004,
        55.67866
       ],
       [
        12.60006,
        55.67866
       ],
       [
        12.5995,
        55.67803
       ],
       [
        12.59948,
        55.67801
       ],
       [
        12.59947,
        55.67801
       ],
       [
        12.59945,
        55.67799
       ],
       [
        12.5991,
        55.67815
       ],
       [
        12.59903,
        55.67824
       ],
       [
        12.59909,
        55.67832
       ],
       [
        12.59911,
        55.67837
       ],
       [
        12.6,
        55.67948
       ],
       [
        12.59823,
        55.67994
       ],
       [
        12.59782,
        55.68004
       ],
       [
        12.59676,
        55.6789
       ],
       [
        12.59751,
        55.67865
       ],
       [
        12.59777,
        55.67856
       ],
       [
        12.59777,
        55.67856
       ],
       [
        12.59787,
        55.67853
       ],
       [
        12.59775,
        55.67842
       ],
       [
        12.59798,
        55.67834
       ],
       [
        12.59798,
        55.67833
       ],
       [
        12.59827,
        55.67824
       ],
       [
        12.59866,
        55.67811
       ],
       [
        12.59867,
        55.67811
       ],
       [
        12.59883,
        55.67806
       ],
       [
        12.59886,
        55.67809
       ],
       [
        12.59888,
        55.67808
       ],
       [
        12.5989,
        55.6781
       ],
       [
        12.59937,
        55.67789
       ],
       [
        12.60092,
        55.67735
       ],
       [
        12.60096,
        55.67734
       ],
       [
        12.60101,
        55.67732
       ],
       [
        12.60104,
        55.6773
       ],
       [
        12.60108,
        55.67728
       ],
       [
        12.6011,
        55.67725
       ],
       [
        12.60112,
        55.67723
       ],
       [
        12.60114,
        55.6772
       ],
       [
        12.60114,
        55.67717
       ],
       [
        12.60113,
        55.67672
       ],
       [
        12.60104,
        55.67661
       ],
       [
        12.60087,
        55.6766
       ],
       [
        12.60078,
        55.6769
       ],
       [
        12.59941,
        55.67738
       ],
       [
        12.59927,
        55.67743
       ],
       [
        12.59927,
        55.67743
       ],
       [
        12.59924,
        55.67744
       ],
       [
        12.59924,
        55.67744
       ],
       [
        12.59904,
        55.67751
       ],
       [
        12.59903,
        55.67751
       ],
       [
        12.59746,
        55.67645
       ],
       [
        12.59676,
        55.67598
       ],
       [
        12.59606,
        55.67552
       ],
       [
        12.59524,
        55.67503
       ],
       [
        12.59406,
        55.67431
       ],
       [
        12.59407,
        55.67428
       ],
       [
        12.59267,
        55.67346
       ],
       [
        12.59265,
        55.67346
       ],
       [
        12.59256,
        55.67342
       ],
       [
        12.5923,
        55.67355
       ],
       [
        12.59371,
        55.67438
       ],
       [
        12.59394,
        55.67459
       ],
       [
        12.59361,
        55.67484
       ],
       [
        12.59286,
        55.67536
       ],
       [
        12.59251,
        55.67562
       ],
       [
        12.59278,
        55.67578
       ],
       [
        12.59279,
        55.67577
       ],
       [
        12.59348,
        55.67526
       ],
       [
        12.59411,
        55.67481
       ],
       [
        12.59414,
        55.6748
       ],
       [
        12.59424,
        55.67483
       ],
       [
        12.59427,
        55.67485
       ],
       [
        12.5962,
        55.67617
       ],
       [
        12.59624,
        55.67616
       ],
       [
        12.59643,
        55.67629
       ],
       [
        12.59727,
        55.67688
       ],
       [
        12.59838,
        55.67769
       ],
       [
        12.59841,
        55.67781
       ],
       [
        12.59664,
        55.67838
       ],
       [
        12.59573,
        55.67797
       ],
       [
        12.59573,
        55.67795
       ],
       [
        12.59663,
        55.67737
       ],
       [
        12.59606,
        55.67715
       ],
       [
        12.59602,
        55.67718
       ],
       [
        12.59601,
        55.67718
       ],
       [
        12.59516,
        55.67772
       ],
       [
        12.59515,
        55.67772
       ],
       [
        12.59198,
        55.67637
       ],
       [
        12.59268,
        55.67585
       ],
       [
        12.59244,
        55.67571
       ],
       [
        12.59241,
        55.67569
       ],
       [
        12.59237,
        55.67572
       ],
       [
        12.59163,
        55.6763
       ],
       [
        12.59162,
        55.6763
       ],
       [
        12.5912,
        55.67618
       ],
       [
        12.59089,
        55.67606
       ],
       [
        12.59068,
        55.67598
       ],
       [
        12.59068,
        55.67598
       ],
       [
        12.58972,
        55.67561
       ],
       [
        12.58945,
        55.67546
       ],
       [
        12.58948,
        55.6754
       ],
       [
        12.59051,
        55.67485
       ],
       [
        12.59011,
        55.6746
       ],
       [
        12.59008,
        55.67461
       ],
       [
        12.59006,
        55.6746
       ],
       [
        12.58977,
        55.67475
       ],
       [
        12.58982,
        55.67481
       ],
       [
        12.58903,
        55.67523
       ],
       [
        12.58868,
        55.67503
       ],
       [
        12.58785,
        55.67458
       ],
       [
        12.5877,
        55.67451
       ],
       [
        12.58759,
        55.67445
       ],
       [
        12.58748,
        55.6744
       ],
       [
        12.58742,
        55.67436
       ],
       [
        12.58738,
        55.6742
       ],
       [
        12.58715,
        55.67409
       ],
       [
        12.58702,
        55.67403
       ],
       [
        12.58693,
        55.67398
       ],
       [
        12.58609,
        55.67358
       ],
       [
        12.58615,
        55.67355
       ],
       [
        12.58624,
        55.6735
       ],
       [
        12.5863,
        55.67347
       ],
       [
        12.58621,
        55.67342
       ],
       [
        12.58599,
        55.67353
       ],
       [
        12.58584,
        55.67345
       ],
       [
        12.5858,
        55.67344
       ],
       [
        12.58577,
        55.67342
       ],
       [
        12.58576,
        55.67342
       ],
       [
        12.58575,
        55.67342
       ],
       [
        12.58557,
        55.67344
       ],
       [
        12.58524,
        55.67329
       ],
       [
        12.58498,
        55.67315
       ],
       [
        12.58517,
        55.67306
       ],
       [
        12.58522,
        55.67303
       ],
       [
        12.58514,
        55.67299
       ],
       [
        12.5849,
        55.67311
       ],
       [
        12.58443,
        55.67286
       ],
       [
        12.58392,
        55.67256
       ],
       [
        12.58512,
        55.67191
       ],
       [
        12.58557,
        55.6717
       ],
       [
        12.58748,
        55.6707
       ],
       [
        12.58751,
        55.67069
       ],
       [
        12.58754,
        55.67068
       ],
       [
        12.58758,
        55.67069
       ],
       [
        12.58863,
        55.67131
       ],
       [
        12.58904,
        55.67155
       ],
       [
        12.59062,
        55.67256
       ],
       [
        12.59063,
        55.67255
       ],
       [
        12.59066,
        55.67256
       ],
       [
        12.59068,
        55.67255
       ],
       [
        12.59072,
        55.67253
       ],
       [
        12.59092,
        55.67238
       ],
       [
        12.5909,
        55.67236
       ],
       [
        12.58981,
        55.67171
       ],
       [
        12.58915,
        55.67131
       ],
       [
        12.58886,
        55.67112
       ],
       [
        12.58867,
        55.67103
       ],
       [
        12.58844,
        55.67088
       ],
       [
        12.58755,
        55.67034
       ],
       [
        12.58711,
        55.67057
       ],
       [
        12.5859,
        55.67118
       ],
       [
        12.58552,
        55.67136
       ],
       [
        12.58538,
        55.67137
       ],
       [
        12.58487,
        55.67163
       ],
       [
        12.58485,
        55.67163
       ],
       [
        12.58387,
        55.67215
       ],
       [
        12.58353,
        55.67232
       ],
       [
        12.58176,
        55.67119
       ],
       [
        12.58052,
        55.67041
       ],
       [
        12.57996,
        55.67004
       ],
       [
        12.57994,
        55.67005
       ],
       [
        12.57938,
        55.6697
       ],
       [
        12.57928,
        55.66963
       ],
       [
        12.57928,
        55.66961
       ],
       [
        12.57828,
        55.66884
       ],
       [
        12.57732,
        55.66811
       ],
       [
        12.57606,
        55.66717
       ],
       [
        12.57472,
        55.66616
       ],
       [
        12.57392,
        55.66556
       ],
       [
        12.57392,
        55.66556
       ],
       [
        12.5729,
        55.66479
       ],
       [
        12.57089,
        55.66334
       ],
       [
        12.57009,
        55.66274
       ],
       [
        12.57015,
        55.66271
       ],
       [
        12.5701,
        55.66269
       ],
       [
        12.56911,
        55.66195
       ],
       [
        12.56834,
        55.66137
       ],
       [
        12.56833,
        55.66133
       ],
       [
        12.56826,
        55.66128
       ],
       [
        12.56815,
        55.66115
       ],
       [
        12.56812,
        55.66112
       ],
       [
        12.56814,
        55.66111
       ],
       [
        12.56804,
        55.66099
       ],
       [
        12.56771,
        55.66055
       ],
       [
        12.56751,
        55.6603
       ],
       [
        12.56838,
        55.66008
       ],
       [
        12.56807,
        55.65967
       ],
       [
        12.5672,
        55.65989
       ],
       [
        12.56345,
        55.65504
       ],
       [
        12.56366,
        55.65499
       ],
       [
        12.56366,
        55.65499
       ],
       [
        12.5637,
        55.65497
       ],
       [
        12.56361,
        55.65484
       ],
       [
        12.56347,
        55.65466
       ],
       [
        12.56314,
        55.65427
       ],
       [
        12.56306,
        55.65422
       ],
       [
        12.563,
        55.65419
       ],
       [
        12.5626,
        55.65369
       ],
       [
        12.56255,
        55.65365
       ],
       [
        12.56253,
        55.65361
       ],
       [
        12.56239,
        55.65343
       ],
       [
        12.56234,
        55.6534
       ],
       [
        12.56226,
        55.65326
       ],
       [
        12.56221,
        55.65324
       ],
       [
        12.56219,
        55.65321
       ],
       [
        12.56207,
        55.6532
       ],
       [
        12.56206,
        55.6532
       ],
       [
        12.56196,
        55.6531
       ],
       [
        12.56185,
        55.65296
       ],
       [
        12.56168,
        55.65275
       ],
       [
        12.56111,
        55.65201
       ],
       [
        12.56109,
        55.65198
       ],
       [
        12.56085,
        55.65167
       ],
       [
        12.56076,
        55.65155
       ],
       [
        12.56054,
        55.65126
       ],
       [
        12.56042,
        55.6511
       ],
       [
        12.56018,
        55.6508
       ],
       [
        12.5596,
        55.65004
       ],
       [
        12.55894,
        55.64919
       ],
       [
        12.55822,
        55.64825
       ],
       [
        12.55793,
        55.64786
       ],
       [
        12.5576,
        55.64742
       ],
       [
        12.55733,
        55.64708
       ],
       [
        12.55675,
        55.64634
       ],
       [
        12.55604,
        55.64542
       ],
       [
        12.55543,
        55.64463
       ],
       [
        12.55495,
        55.64402
       ],
       [
        12.5549,
        55.64395
       ],
       [
        12.55484,
        55.64387
       ],
       [
        12.55475,
        55.64382
       ],
       [
        12.55458,
        55.64366
       ],
       [
        12.55445,
        55.64366
       ],
       [
        12.55444,
        55.64365
       ],
       [
        12.55443,
        55.64366
       ],
       [
        12.55427,
        55.64366
       ],
       [
        12.55426,
        55.64366
       ],
       [
        12.55425,
        55.64305
       ],
       [
        12.55427,
        55.6423
       ],
       [
        12.55425,
        55.6423
       ],
       [
        12.55425,
        55.64225
       ],
       [
        12.5537,
        55.6424
       ],
       [
        12.55365,
        55.64241
       ],
       [
        12.55357,
        55.64244
       ],
       [
        12.55318,
        55.64255
       ],
       [
        12.55315,
        55.64254
       ],
       [
        12.55298,
        55.6426
       ],
       [
        12.55298,
        55.64259
       ],
       [
        12.5526,
        55.64272
       ],
       [
        12.55257,
        55.64273
       ],
       [
        12.55254,
        55.6427
       ],
       [
        12.55253,
        55.64271
       ],
       [
        12.55198,
        55.64222
       ],
       [
        12.55416,
        55.64143
       ],
       [
        12.55404,
        55.64138
       ],
       [
        12.55405,
        55.64138
       ],
       [
        12.55363,
        55.64119
       ],
       [
        12.55357,
        55.64116
       ],
       [
        12.55161,
        55.6415
       ],
       [
        12.55158,
        55.6415
       ],
       [
        12.55152,
        55.64149
       ],
       [
        12.55148,
        55.64146
       ],
       [
        12.55145,
        55.64139
       ],
       [
        12.55139,
        55.6413
       ],
       [
        12.55133,
        55.64121
       ],
       [
        12.55135,
        55.64117
       ],
       [
        12.55157,
        55.64112
       ],
       [
        12.55158,
        55.64112
       ],
       [
        12.55159,
        55.64109
       ],
       [
        12.55223,
        55.64081
       ],
       [
        12.5523,
        55.64078
       ],
       [
        12.55233,
        55.64077
       ],
       [
        12.55233,
        55.64076
       ],
       [
        12.5524,
        55.64073
       ],
       [
        12.55242,
        55.64058
       ],
       [
        12.55229,
        55.6405
       ],
       [
        12.55207,
        55.64037
       ],
       [
        12.55203,
        55.64037
       ],
       [
        12.55185,
        55.6401
       ],
       [
        12.55174,
        55.64002
       ],
       [
        12.55138,
        55.63983
       ],
       [
        12.55071,
        55.63948
       ],
       [
        12.55068,
        55.63947
       ],
       [
        12.5506,
        55.63943
       ],
       [
        12.5506,
        55.63943
       ],
       [
        12.55058,
        55.6394
       ],
       [
        12.5505,
        55.63936
       ],
       [
        12.55036,
        55.6393
       ],
       [
        12.55024,
        55.63924
       ],
       [
        12.5502,
        55.63921
       ],
       [
        12.54897,
        55.63854
       ],
       [
        12.54724,
        55.63763
       ],
       [
        12.54712,
        55.63757
       ],
       [
        12.54495,
        55.63641
       ],
       [
        12.53488,
        55.63097
       ],
       [
        12.53469,
        55.63083
       ],
       [
        12.51597,
        55.61602
       ],
       [
        12.51571,
        55.61582
       ],
       [
        12.51547,
        55.61563
       ],
       [
        12.51371,
        55.61424
       ],
       [
        12.51353,
        55.6142
       ],
       [
        12.51343,
        55.61415
       ],
       [
        12.51338,
        55.61412
       ],
       [
        12.51221,
        55.6141
       ],
       [
        12.51178,
        55.61411
       ],
       [
        12.51135,
        55.61411
       ],
       [
        12.51108,
        55.61411
       ],
       [
        12.51119,
        55.61492
       ],
       [
        12.51118,
        55.61497
       ],
       [
        12.51109,
        55.61501
       ],
       [
        12.51095,
        55.615
       ],
       [
        12.51084,
        55.61494
       ],
       [
        12.51082,
        55.61485
       ],
       [
        12.51046,
        55.61476
       ],
       [
        12.51019,
        55.61473
       ],
       [
        12.50995,
        55.61473
       ],
       [
        12.50979,
        55.61474
       ],
       [
        12.50943,
        55.61479
       ],
       [
        12.50895,
        55.61488
       ],
       [
        12.50864,
        55.61494
       ],
       [
        12.50831,
        55.61498
       ],
       [
        12.50805,
        55.61496
       ],
       [
        12.50773,
        55.61492
       ],
       [
        12.50722,
        55.61487
       ],
       [
        12.507,
        55.61488
       ],
       [
        12.50677,
        55.6149
       ],
       [
        12.5066,
        55.61494
       ],
       [
        12.50646,
        55.61499
       ],
       [
        12.50649,
        55.61508
       ],
       [
        12.50645,
        55.61515
       ],
       [
        12.50635,
        55.61517
       ],
       [
        12.50625,
        55.61517
       ],
       [
        12.50614,
        55.61513
       ],
       [
        12.50556,
        55.61469
       ],
       [
        12.5055,
        55.61444
       ],
       [
        12.50494,
        55.61447
       ],
       [
        12.50475,
        55.61415
       ],
       [
        12.50555,
        55.61409
       ],
       [
        12.50551,
        55.61396
       ],
       [
        12.5055,
        55.61381
       ],
       [
        12.50554,
        55.61371
       ],
       [
        12.50586,
        55.61324
       ],
       [
        12.50603,
        55.61303
       ],
       [
        12.50606,
        55.61301
       ],
       [
        12.50611,
        55.61305
       ],
       [
        12.5061,
        55.6131
       ],
       [
        12.50599,
        55.61331
       ],
       [
        12.50618,
        55.61337
       ],
       [
        12.50646,
        55.6134
       ],
       [
        12.5068,
        55.61339
       ],
       [
        12.50785,
        55.61329
       ],
       [
        12.50825,
        55.61322
       ],
       [
        12.50864,
        55.61315
       ],
       [
        12.50895,
        55.61303
       ],
       [
        12.509,
        55.61296
       ],
       [
        12.50882,
        55.61287
       ],
       [
        12.50886,
        55.61284
       ],
       [
        12.50892,
        55.61285
       ]
      ],
      [
       [
        12.60232,
        55.68299
       ],
       [
        12.60223,
        55.68299
       ],
       [
        12.6013,
        55.68326
       ],
       [
        12.60131,
        55.68328
       ],
       [
        12.60105,
        55.68335
       ],
       [
        12.60118,
        55.6835
       ],
       [
        12.60144,
        55.68342
       ],
       [
        12.60146,
        55.68344
       ],
       [
        12.60241,
        55.68317
       ],
       [
        12.60245,
        55.68314
       ],
       [
        12.60247,
        55.68311
       ],
       [
        12.60247,
        55.68307
       ],
       [
        12.60244,
        55.68302
       ],
       [
        12.60238,
        55.683
       ],
       [
        12.60232,
        55.68299
       ]
      ],
      [
       [
        12.60211,
        55.68213
       ],
       [
        12.60038,
        55.6826
       ],
       [
        12.60049,
        55.68272
       ],
       [
        12.60222,
        55.68226
       ],
       [
        12.60211,
        55.68213
       ]
      ],
      [
       [
        12.60136,
        55.68115
       ],
       [
        12.59963,
        55.68162
       ],
       [
        12.59969,
        55.68176
       ],
       [
        12.6014,
        55.6813
       ],
       [
        12.60147,
        55.68128
       ],
       [
        12.60136,
        55.68115
       ]
      ],
      [
       [
        12.60144,
        55.68037
       ],
       [
        12.60104,
        55.68048
       ],
       [
        12.60158,
        55.6811
       ],
       [
        12.60152,
        55.68112
       ],
       [
        12.60163,
        55.68125
       ],
       [
        12.60169,
        55.68123
       ],
       [
        12.60241,
        55.68205
       ],
       [
        12.60235,
        55.68207
       ],
       [
        12.60245,
        55.6822
       ],
       [
        12.60252,
        55.68218
       ],
       [
        12.60321,
        55.68299
       ],
       [
        12.60321,
        55.683
       ],
       [
        12.60321,
        55.683
       ],
       [
        12.60321,
        55.683
       ],
       [
        12.60328,
        55.68307
       ],
       [
        12.60361,
        55.68298
       ],
       [
        12.60356,
        55.68292
       ],
       [
        12.60363,
        55.68294
       ],
       [
        12.60351,
        55.68285
       ],
       [
        12.60336,
        55.68268
       ],
       [
        12.6033,
        55.6827
       ],
       [
        12.60313,
        55.6825
       ],
       [
        12.6032,
        55.68249
       ],
       [
        12.60304,
        55.6823
       ],
       [
        12.60307,
        55.68229
       ],
       [
        12.60292,
        55.68212
       ],
       [
        12.60293,
        55.68211
       ],
       [
        12.60144,
        55.68037
       ]
      ],
      [
       [
        12.5913,
        55.67261
       ],
       [
        12.59103,
        55.67275
       ],
       [
        12.59096,
        55.67277
       ],
       [
        12.59215,
        55.67346
       ],
       [
        12.59241,
        55.6733
       ],
       [
        12.59154,
        55.67275
       ],
       [
        12.59135,
        55.67262
       ],
       [
        12.5913,
        55.67261
       ]
      ],
      [
       [
        12.64,
        55.66393
       ],
       [
        12.63995,
        55.664
       ],
       [
        12.64037,
        55.6641
       ],
       [
        12.64042,
        55.66403
       ],
       [
        12.64,
        55.66393
       ]
      ],
      [
       [
        12.64008,
        55.66372
       ],
       [
        12.64001,
        55.66382
       ],
       [
        12.64043,
        55.66391
       ],
       [
        12.6405,
        55.66381
       ],
       [
        12.64008,
        55.66372
       ]
      ],
      [
       [
        12.64023,
        55.66341
       ],
       [
        12.64009,
        55.66361
       ],
       [
        12.64056,
        55.66371
       ],
       [
        12.6407,
        55.66352
       ],
       [
        12.64023,
        55.66341
       ]
      ],
      [
       [
        12.63527,
        55.66117
       ],
       [
        12.6354,
        55.66252
       ],
       [
        12.63701,
        55.6627
       ],
       [
        12.63718,
        55.66224
       ],
       [
        12.63786,
        55.66137
       ],
       [
        12.63828,
        55.6609
       ],
       [
        12.63869,
        55.66056
       ],
       [
        12.63903,
        55.66033
       ],
       [
        12.63938,
        55.66009
       ],
       [
        12.63954,
        55.65995
       ],
       [
        12.6398,
        55.65968
       ],
       [
        12.63992,
        55.65946
       ],
       [
        12.64014,
        55.65894
       ],
       [
        12.64021,
        55.65787
       ],
       [
        12.63806,
        55.65759
       ],
       [
        12.63527,
        55.66117
       ]
      ],
      [
       [
        12.5701,
        55.65919
       ],
       [
        12.56849,
        55.6596
       ],
       [
        12.56874,
        55.65992
       ],
       [
        12.56905,
        55.65985
       ],
       [
        12.57027,
        55.65932
       ],
       [
        12.5701,
        55.65919
       ]
      ],
      [
       [
        12.64199,
        55.6513
       ],
       [
        12.6403,
        55.65419
       ],
       [
        12.64014,
        55.65445
       ],
       [
        12.63967,
        55.65538
       ],
       [
        12.63903,
        55.65634
       ],
       [
        12.63813,
        55.65751
       ],
       [
        12.64024,
        55.6578
       ],
       [
        12.64049,
        55.65778
       ],
       [
        12.64105,
        55.65775
       ],
       [
        12.64185,
        55.65766
       ],
       [
        12.64242,
        55.65753
       ],
       [
        12.64325,
        55.65708
       ],
       [
        12.64432,
        55.65637
       ],
       [
        12.64558,
        55.65554
       ],
       [
        12.64626,
        55.65497
       ],
       [
        12.64633,
        55.65479
       ],
       [
        12.64633,
        55.65463
       ],
       [
        12.64625,
        55.65462
       ],
       [
        12.64625,
        55.65448
       ],
       [
        12.64644,
        55.65449
       ],
       [
        12.64644,
        55.65442
       ],
       [
        12.64662,
        55.65441
       ],
       [
        12.64665,
        55.65416
       ],
       [
        12.64639,
        55.65363
       ],
       [
        12.64592,
        55.65317
       ],
       [
        12.64541,
        55.65285
       ],
       [
        12.64457,
        55.65232
       ],
       [
        12.64352,
        55.65173
       ],
       [
        12.6429,
        55.65138
       ],
       [
        12.64279,
        55.65124
       ],
       [
        12.64276,
        55.65109
       ],
       [
        12.64276,
        55.65106
       ],
       [
        12.64226,
        55.65104
       ],
       [
        12.64199,
        55.6513
       ]
      ],
      [
       [
        12.64823,
        55.64785
       ],
       [
        12.64649,
        55.64803
       ],
       [
        12.64323,
        55.65012
       ],
       [
        12.64286,
        55.65047
       ],
       [
        12.64226,
        55.65086
       ],
       [
        12.64285,
        55.65089
       ],
       [
        12.64307,
        55.65075
       ],
       [
        12.64322,
        55.65076
       ],
       [
        12.64603,
        55.64902
       ],
       [
        12.64711,
        55.64831
       ],
       [
        12.64819,
        55.6482
       ],
       [
        12.64835,
        55.64819
       ],
       [
        12.64823,
        55.64785
       ]
      ]
     ]
    ]
   }
  },
  {
   "type": "Feature",
   "properties": {
    "id": 6,
    "opland": "Bispebjerg, Ryparken og Dyssegård",
    "opland_kort_navn": "Bispebjerg",
    "kontaktperson1_kk": "Jan Burgdorf Nielsen"
   },
   "geometry": {
    "type": "MultiPolygon",
    "coordinates": [
     [
      [
       [
        12.49073,
        55.70127
       ],
       [
        12.49105,
        55.70109
       ],
       [
        12.49127,
        55.70102
       ],
       [
        12.49301,
        55.70095
       ],
       [
        12.49393,
        55.70091
       ],
       [
        12.4945,
        55.70088
       ],
       [
        12.49498,
        55.70055
       ],
       [
        12.49556,
        55.70022
       ],
       [
        12.49612,
        55.69996
       ],
       [
        12.49663,
        55.69979
       ],
       [
        12.49733,
        55.69955
       ],
       [
        12.49799,
        55.69947
       ],
       [
        12.49799,
        55.69968
       ],
       [
        12.49796,
        55.69989
       ],
       [
        12.49797,
        55.69993
       ],
       [
        12.49892,
        55.69997
       ],
       [
        12.49952,
        55.7
       ],
       [
        12.50122,
        55.69933
       ],
       [
        12.50138,
        55.69929
       ],
       [
        12.50138,
        55.69928
       ],
       [
        12.50145,
        55.69922
       ],
       [
        12.5015,
        55.69915
       ],
       [
        12.50166,
        55.69907
       ],
       [
        12.50173,
        55.69902
       ],
       [
        12.5018,
        55.69898
       ],
       [
        12.50207,
        55.69878
       ],
       [
        12.50252,
        55.69847
       ],
       [
        12.50262,
        55.69841
       ],
       [
        12.50273,
        55.69832
       ],
       [
        12.50283,
        55.69824
       ],
       [
        12.50297,
        55.69816
       ],
       [
        12.50297,
        55.69803
       ],
       [
        12.5029,
        55.69799
       ],
       [
        12.5028,
        55.69794
       ],
       [
        12.50289,
        55.69788
       ],
       [
        12.50312,
        55.69792
       ],
       [
        12.50333,
        55.69782
       ],
       [
        12.50351,
        55.69779
       ],
       [
        12.5036,
        55.6977
       ],
       [
        12.50385,
        55.69757
       ],
       [
        12.50407,
        55.69763
       ],
       [
        12.50427,
        55.69749
       ],
       [
        12.50445,
        55.69753
       ],
       [
        12.50485,
        55.69763
       ],
       [
        12.50493,
        55.69771
       ],
       [
        12.50485,
        55.69774
       ],
       [
        12.50473,
        55.69777
       ],
       [
        12.50469,
        55.6978
       ],
       [
        12.50466,
        55.69782
       ],
       [
        12.50461,
        55.69785
       ],
       [
        12.50474,
        55.69787
       ],
       [
        12.50486,
        55.69794
       ],
       [
        12.50488,
        55.69794
       ],
       [
        12.50503,
        55.69783
       ],
       [
        12.50529,
        55.69769
       ],
       [
        12.50541,
        55.69765
       ],
       [
        12.50544,
        55.69761
       ],
       [
        12.50549,
        55.69754
       ],
       [
        12.50559,
        55.69748
       ],
       [
        12.50575,
        55.69752
       ],
       [
        12.50578,
        55.69746
       ],
       [
        12.50587,
        55.69744
       ],
       [
        12.50592,
        55.69741
       ],
       [
        12.50605,
        55.69744
       ],
       [
        12.5063,
        55.69732
       ],
       [
        12.50637,
        55.6973
       ],
       [
        12.50646,
        55.6973
       ],
       [
        12.50659,
        55.69727
       ],
       [
        12.50659,
        55.69724
       ],
       [
        12.50648,
        55.69717
       ],
       [
        12.50657,
        55.6971
       ],
       [
        12.50661,
        55.69699
       ],
       [
        12.5069,
        55.69682
       ],
       [
        12.50696,
        55.69676
       ],
       [
        12.50706,
        55.6967
       ],
       [
        12.50718,
        55.69662
       ],
       [
        12.50723,
        55.69659
       ],
       [
        12.5073,
        55.6965
       ],
       [
        12.50753,
        55.6964
       ],
       [
        12.50756,
        55.69637
       ],
       [
        12.50759,
        55.69633
       ],
       [
        12.50762,
        55.69631
       ],
       [
        12.50761,
        55.69622
       ],
       [
        12.50789,
        55.69604
       ],
       [
        12.5082,
        55.69585
       ],
       [
        12.50867,
        55.69555
       ],
       [
        12.50909,
        55.6953
       ],
       [
        12.50915,
        55.69526
       ],
       [
        12.50931,
        55.69516
       ],
       [
        12.50955,
        55.695
       ],
       [
        12.50972,
        55.6949
       ],
       [
        12.50992,
        55.69477
       ],
       [
        12.51005,
        55.69476
       ],
       [
        12.51012,
        55.6948
       ],
       [
        12.51016,
        55.69483
       ],
       [
        12.51021,
        55.69491
       ],
       [
        12.51028,
        55.6949
       ],
       [
        12.51042,
        55.69495
       ],
       [
        12.51052,
        55.69495
       ],
       [
        12.51057,
        55.69498
       ],
       [
        12.51062,
        55.695
       ],
       [
        12.51069,
        55.69503
       ],
       [
        12.51074,
        55.69509
       ],
       [
        12.5108,
        55.69509
       ],
       [
        12.51094,
        55.69508
       ],
       [
        12.51118,
        55.6952
       ],
       [
        12.51125,
        55.69527
       ],
       [
        12.5113,
        55.6953
       ],
       [
        12.51136,
        55.69533
       ],
       [
        12.5114,
        55.69535
       ],
       [
        12.51142,
        55.69538
       ],
       [
        12.51139,
        55.69541
       ],
       [
        12.51139,
        55.69541
       ],
       [
        12.51139,
        55.69541
       ],
       [
        12.51149,
        55.69548
       ],
       [
        12.51159,
        55.69556
       ],
       [
        12.5117,
        55.69564
       ],
       [
        12.51176,
        55.69569
       ],
       [
        12.51195,
        55.69581
       ],
       [
        12.51224,
        55.69602
       ],
       [
        12.51239,
        55.69611
       ],
       [
        12.5126,
        55.69625
       ],
       [
        12.51271,
        55.69634
       ],
       [
        12.51276,
        55.69637
       ],
       [
        12.51315,
        55.69664
       ],
       [
        12.51341,
        55.69681
       ],
       [
        12.51364,
        55.69697
       ],
       [
        12.5139,
        55.69712
       ],
       [
        12.51403,
        55.69722
       ],
       [
        12.5143,
        55.69739
       ],
       [
        12.51438,
        55.69745
       ],
       [
        12.51477,
        55.6977
       ],
       [
        12.51505,
        55.6979
       ],
       [
        12.51508,
        55.69791
       ],
       [
        12.51525,
        55.69803
       ],
       [
        12.51547,
        55.69818
       ],
       [
        12.51573,
        55.69838
       ],
       [
        12.51583,
        55.69845
       ],
       [
        12.5159,
        55.6985
       ],
       [
        12.51613,
        55.69847
       ],
       [
        12.51654,
        55.69885
       ],
       [
        12.51656,
        55.69886
       ],
       [
        12.51659,
        55.69889
       ],
       [
        12.51669,
        55.69891
       ],
       [
        12.51702,
        55.69923
       ],
       [
        12.51702,
        55.69925
       ],
       [
        12.51702,
        55.69936
       ],
       [
        12.51703,
        55.69936
       ],
       [
        12.51703,
        55.69937
       ],
       [
        12.51724,
        55.69936
       ],
       [
        12.51729,
        55.69938
       ],
       [
        12.51732,
        55.69941
       ],
       [
        12.51745,
        55.69942
       ],
       [
        12.51747,
        55.69942
       ],
       [
        12.51751,
        55.69947
       ],
       [
        12.51752,
        55.69948
       ],
       [
        12.51753,
        55.69949
       ],
       [
        12.51755,
        55.69951
       ],
       [
        12.51757,
        55.69952
       ],
       [
        12.51763,
        55.69956
       ],
       [
        12.51778,
        55.69958
       ],
       [
        12.51782,
        55.69965
       ],
       [
        12.51782,
        55.69965
       ],
       [
        12.51783,
        55.69967
       ],
       [
        12.51784,
        55.69967
       ],
       [
        12.51787,
        55.6997
       ],
       [
        12.5179,
        55.69971
       ],
       [
        12.51791,
        55.69971
       ],
       [
        12.51793,
        55.69971
       ],
       [
        12.51796,
        55.69972
       ],
       [
        12.5181,
        55.69971
       ],
       [
        12.51816,
        55.69978
       ],
       [
        12.51818,
        55.69981
       ],
       [
        12.51824,
        55.69998
       ],
       [
        12.51843,
        55.69997
       ],
       [
        12.51852,
        55.70004
       ],
       [
        12.51859,
        55.70004
       ],
       [
        12.51869,
        55.70005
       ],
       [
        12.51874,
        55.70006
       ],
       [
        12.51875,
        55.70009
       ],
       [
        12.51876,
        55.70017
       ],
       [
        12.51871,
        55.7002
       ],
       [
        12.51872,
        55.70021
       ],
       [
        12.51872,
        55.70021
       ],
       [
        12.5188,
        55.70029
       ],
       [
        12.51884,
        55.70032
       ],
       [
        12.51911,
        55.70058
       ],
       [
        12.51916,
        55.70059
       ],
       [
        12.51922,
        55.70062
       ],
       [
        12.51959,
        55.70096
       ],
       [
        12.5196,
        55.70097
       ],
       [
        12.51961,
        55.70097
       ],
       [
        12.52,
        55.7011
       ],
       [
        12.52027,
        55.70114
       ],
       [
        12.52034,
        55.70116
       ],
       [
        12.52038,
        55.70113
       ],
       [
        12.52039,
        55.70113
       ],
       [
        12.52041,
        55.7011
       ],
       [
        12.52049,
        55.70103
       ],
       [
        12.52065,
        55.70104
       ],
       [
        12.52086,
        55.70106
       ],
       [
        12.52148,
        55.7005
       ],
       [
        12.52159,
        55.70048
       ],
       [
        12.52171,
        55.70051
       ],
       [
        12.52175,
        55.70052
       ],
       [
        12.52176,
        55.70052
       ],
       [
        12.52178,
        55.70053
       ],
       [
        12.52185,
        55.70052
       ],
       [
        12.52186,
        55.70053
       ],
       [
        12.52211,
        55.70062
       ],
       [
        12.52221,
        55.70064
       ],
       [
        12.52229,
        55.70068
       ],
       [
        12.52234,
        55.70071
       ],
       [
        12.52242,
        55.70071
       ],
       [
        12.52247,
        55.70065
       ],
       [
        12.52275,
        55.70041
       ],
       [
        12.52294,
        55.70048
       ],
       [
        12.52302,
        55.70053
       ],
       [
        12.52309,
        55.70054
       ],
       [
        12.52316,
        55.70056
       ],
       [
        12.52322,
        55.70059
       ],
       [
        12.52332,
        55.70063
       ],
       [
        12.52335,
        55.70064
       ],
       [
        12.52352,
        55.70071
       ],
       [
        12.52355,
        55.70073
       ],
       [
        12.52369,
        55.70076
       ],
       [
        12.52374,
        55.70072
       ],
       [
        12.52385,
        55.70072
       ],
       [
        12.52385,
        55.70072
       ],
       [
        12.52389,
        55.70072
       ],
       [
        12.52388,
        55.7007
       ],
       [
        12.5239,
        55.70068
       ],
       [
        12.52388,
        55.70067
       ],
       [
        12.52388,
        55.70067
       ],
       [
        12.52369,
        55.7006
       ],
       [
        12.52321,
        55.70042
       ],
       [
        12.52302,
        55.70035
       ],
       [
        12.52297,
        55.70027
       ],
       [
        12.52307,
        55.70017
       ],
       [
        12.52321,
        55.70009
       ],
       [
        12.52327,
        55.70005
       ],
       [
        12.52336,
        55.70001
       ],
       [
        12.52338,
        55.70002
       ],
       [
        12.52342,
        55.70002
       ],
       [
        12.52359,
        55.7001
       ],
       [
        12.52366,
        55.70011
       ],
       [
        12.52382,
        55.70017
       ],
       [
        12.52383,
        55.70017
       ],
       [
        12.52405,
        55.70026
       ],
       [
        12.52427,
        55.70034
       ],
       [
        12.52432,
        55.70041
       ],
       [
        12.52432,
        55.70043
       ],
       [
        12.52445,
        55.70045
       ],
       [
        12.52449,
        55.70048
       ],
       [
        12.52455,
        55.7005
       ],
       [
        12.52462,
        55.70053
       ],
       [
        12.52469,
        55.70055
       ],
       [
        12.52475,
        55.70058
       ],
       [
        12.52482,
        55.7006
       ],
       [
        12.52491,
        55.70063
       ],
       [
        12.52501,
        55.70065
       ],
       [
        12.52503,
        55.70066
       ],
       [
        12.52499,
        55.7007
       ],
       [
        12.52495,
        55.70072
       ],
       [
        12.52491,
        55.70075
       ],
       [
        12.52488,
        55.70077
       ],
       [
        12.52486,
        55.70077
       ],
       [
        12.52485,
        55.70079
       ],
       [
        12.52483,
        55.70082
       ],
       [
        12.52479,
        55.70085
       ],
       [
        12.52477,
        55.70087
       ],
       [
        12.52476,
        55.70089
       ],
       [
        12.52472,
        55.70092
       ],
       [
        12.52463,
        55.70098
       ],
       [
        12.52461,
        55.701
       ],
       [
        12.5246,
        55.70102
       ],
       [
        12.52456,
        55.70105
       ],
       [
        12.52454,
        55.70105
       ],
       [
        12.52453,
        55.70107
       ],
       [
        12.52451,
        55.7011
       ],
       [
        12.52448,
        55.70113
       ],
       [
        12.52446,
        55.70116
       ],
       [
        12.52442,
        55.70118
       ],
       [
        12.52442,
        55.70119
       ],
       [
        12.5244,
        55.7012
       ],
       [
        12.5245,
        55.70128
       ],
       [
        12.5245,
        55.70128
       ],
       [
        12.5245,
        55.70128
       ],
       [
        12.52451,
        55.70129
       ],
       [
        12.52475,
        55.7013
       ],
       [
        12.52482,
        55.70132
       ],
       [
        12.52501,
        55.70142
       ],
       [
        12.52515,
        55.70145
       ],
       [
        12.52515,
        55.70149
       ],
       [
        12.52515,
        55.70149
       ],
       [
        12.52515,
        55.70149
       ],
       [
        12.5253,
        55.70157
       ],
       [
        12.52535,
        55.70159
       ],
       [
        12.52542,
        55.70161
       ],
       [
        12.52557,
        55.70169
       ],
       [
        12.52549,
        55.70178
       ],
       [
        12.52549,
        55.70179
       ],
       [
        12.52549,
        55.7018
       ],
       [
        12.5255,
        55.7018
       ],
       [
        12.5255,
        55.70182
       ],
       [
        12.52554,
        55.70183
       ],
       [
        12.52564,
        55.70189
       ],
       [
        12.52578,
        55.7018
       ],
       [
        12.52581,
        55.70178
       ],
       [
        12.52585,
        55.70182
       ],
       [
        12.52586,
        55.70189
       ],
       [
        12.52582,
        55.70194
       ],
       [
        12.52582,
        55.70194
       ],
       [
        12.52582,
        55.70194
       ],
       [
        12.52594,
        55.70203
       ],
       [
        12.52617,
        55.70192
       ],
       [
        12.52626,
        55.7018
       ],
       [
        12.52635,
        55.70172
       ],
       [
        12.52643,
        55.70172
       ],
       [
        12.52649,
        55.70174
       ],
       [
        12.52651,
        55.70172
       ],
       [
        12.52651,
        55.70172
       ],
       [
        12.52677,
        55.70155
       ],
       [
        12.52691,
        55.70153
       ],
       [
        12.52705,
        55.70153
       ],
       [
        12.52714,
        55.70163
       ],
       [
        12.5272,
        55.70169
       ],
       [
        12.52737,
        55.7018
       ],
       [
        12.52742,
        55.70185
       ],
       [
        12.52745,
        55.70187
       ],
       [
        12.52751,
        55.70193
       ],
       [
        12.52755,
        55.70196
       ],
       [
        12.52758,
        55.702
       ],
       [
        12.52764,
        55.70205
       ],
       [
        12.52795,
        55.7023
       ],
       [
        12.52811,
        55.7024
       ],
       [
        12.52804,
        55.70246
       ],
       [
        12.528,
        55.70251
       ],
       [
        12.52819,
        55.70266
       ],
       [
        12.52829,
        55.70274
       ],
       [
        12.52826,
        55.70278
       ],
       [
        12.52832,
        55.70283
       ],
       [
        12.52848,
        55.70296
       ],
       [
        12.52848,
        55.70296
       ],
       [
        12.52849,
        55.70297
       ],
       [
        12.52854,
        55.70298
       ],
       [
        12.5286,
        55.70299
       ],
       [
        12.52864,
        55.70308
       ],
       [
        12.52864,
        55.70308
       ],
       [
        12.52874,
        55.70317
       ],
       [
        12.52878,
        55.7032
       ],
       [
        12.52878,
        55.7032
       ],
       [
        12.52878,
        55.7032
       ],
       [
        12.52892,
        55.7032
       ],
       [
        12.529,
        55.7032
       ],
       [
        12.52911,
        55.70319
       ],
       [
        12.52929,
        55.70335
       ],
       [
        12.52932,
        55.70339
       ],
       [
        12.52934,
        55.70338
       ],
       [
        12.5294,
        55.70338
       ],
       [
        12.52952,
        55.70334
       ],
       [
        12.52958,
        55.70332
       ],
       [
        12.52987,
        55.70321
       ],
       [
        12.53001,
        55.70315
       ],
       [
        12.53014,
        55.70311
       ],
       [
        12.53017,
        55.70309
       ],
       [
        12.53034,
        55.70304
       ],
       [
        12.53044,
        55.70299
       ],
       [
        12.53051,
        55.70297
       ],
       [
        12.5306,
        55.70293
       ],
       [
        12.53084,
        55.70284
       ],
       [
        12.53094,
        55.7028
       ],
       [
        12.53103,
        55.70276
       ],
       [
        12.53124,
        55.70266
       ],
       [
        12.5314,
        55.70261
       ],
       [
        12.53183,
        55.70244
       ],
       [
        12.53203,
        55.70235
       ],
       [
        12.53217,
        55.7023
       ],
       [
        12.53233,
        55.70222
       ],
       [
        12.5326,
        55.70212
       ],
       [
        12.533,
        55.70196
       ],
       [
        12.53312,
        55.70193
       ],
       [
        12.53318,
        55.70191
       ],
       [
        12.53337,
        55.70186
       ],
       [
        12.53362,
        55.7018
       ],
       [
        12.53371,
        55.70178
       ],
       [
        12.5341,
        55.7017
       ],
       [
        12.53418,
        55.7017
       ],
       [
        12.53451,
        55.70163
       ],
       [
        12.53473,
        55.70158
       ],
       [
        12.53518,
        55.70151
       ],
       [
        12.53553,
        55.70144
       ],
       [
        12.53578,
        55.7014
       ],
       [
        12.53596,
        55.70134
       ],
       [
        12.53644,
        55.70126
       ],
       [
        12.53656,
        55.70123
       ],
       [
        12.5369,
        55.70117
       ],
       [
        12.53701,
        55.70115
       ],
       [
        12.53735,
        55.70114
       ],
       [
        12.53737,
        55.7011
       ],
       [
        12.53756,
        55.70108
       ],
       [
        12.5376,
        55.70103
       ],
       [
        12.53794,
        55.701
       ],
       [
        12.53797,
        55.70098
       ],
       [
        12.53815,
        55.70092
       ],
       [
        12.53819,
        55.7009
       ],
       [
        12.5382,
        55.7009
       ],
       [
        12.53823,
        55.70088
       ],
       [
        12.53829,
        55.70086
       ],
       [
        12.53834,
        55.70082
       ],
       [
        12.53848,
        55.70075
       ],
       [
        12.53869,
        55.70067
       ],
       [
        12.53883,
        55.70061
       ],
       [
        12.53889,
        55.70059
       ],
       [
        12.53911,
        55.70051
       ],
       [
        12.53926,
        55.70044
       ],
       [
        12.53938,
        55.70038
       ],
       [
        12.53946,
        55.70034
       ],
       [
        12.53947,
        55.70033
       ],
       [
        12.53949,
        55.70032
       ],
       [
        12.53961,
        55.70026
       ],
       [
        12.53965,
        55.70023
       ],
       [
        12.53977,
        55.70019
       ],
       [
        12.53993,
        55.70011
       ],
       [
        12.53999,
        55.70009
       ],
       [
        12.54012,
        55.70005
       ],
       [
        12.54011,
        55.69997
       ],
       [
        12.5401,
        55.69991
       ],
       [
        12.54025,
        55.69977
       ],
       [
        12.54026,
        55.69976
       ],
       [
        12.54031,
        55.69976
       ],
       [
        12.54036,
        55.69976
       ],
       [
        12.5404,
        55.6997
       ],
       [
        12.54043,
        55.69968
       ],
       [
        12.5405,
        55.69964
       ],
       [
        12.54055,
        55.69957
       ],
       [
        12.54061,
        55.69954
       ],
       [
        12.54067,
        55.6995
       ],
       [
        12.54078,
        55.69943
       ],
       [
        12.54085,
        55.69939
       ],
       [
        12.54084,
        55.69939
       ],
       [
        12.54085,
        55.69938
       ],
       [
        12.54082,
        55.69937
       ],
       [
        12.54081,
        55.69935
       ],
       [
        12.54071,
        55.69931
       ],
       [
        12.54071,
        55.69931
       ],
       [
        12.54068,
        55.69928
       ],
       [
        12.54061,
        55.69925
       ],
       [
        12.54051,
        55.69918
       ],
       [
        12.54049,
        55.69917
       ],
       [
        12.54048,
        55.69916
       ],
       [
        12.54048,
        55.69912
       ],
       [
        12.54048,
        55.69911
       ],
       [
        12.54047,
        55.6991
       ],
       [
        12.54047,
        55.69907
       ],
       [
        12.54067,
        55.69907
       ],
       [
        12.54106,
        55.6991
       ],
       [
        12.54108,
        55.6991
       ],
       [
        12.54124,
        55.69916
       ],
       [
        12.54139,
        55.69915
       ],
       [
        12.54159,
        55.69915
       ],
       [
        12.54179,
        55.69902
       ],
       [
        12.54189,
        55.69892
       ],
       [
        12.54201,
        55.69885
       ],
       [
        12.54213,
        55.69877
       ],
       [
        12.54223,
        55.69873
       ],
       [
        12.54228,
        55.69869
       ],
       [
        12.54231,
        55.69868
       ],
       [
        12.54244,
        55.69857
       ],
       [
        12.54255,
        55.69851
       ],
       [
        12.54261,
        55.69845
       ],
       [
        12.5427,
        55.6984
       ],
       [
        12.54276,
        55.69836
       ],
       [
        12.54282,
        55.69832
       ],
       [
        12.54302,
        55.6982
       ],
       [
        12.54324,
        55.69806
       ],
       [
        12.54339,
        55.69794
       ],
       [
        12.54342,
        55.69792
       ],
       [
        12.54345,
        55.69791
       ],
       [
        12.54349,
        55.69789
       ],
       [
        12.54356,
        55.69784
       ],
       [
        12.54379,
        55.69766
       ],
       [
        12.54397,
        55.69755
       ],
       [
        12.54406,
        55.6975
       ],
       [
        12.54423,
        55.69745
       ],
       [
        12.54448,
        55.69767
       ],
       [
        12.54448,
        55.69767
       ],
       [
        12.54449,
        55.69768
       ],
       [
        12.54451,
        55.69767
       ],
       [
        12.54458,
        55.69769
       ],
       [
        12.54463,
        55.69774
       ],
       [
        12.54475,
        55.69776
       ],
       [
        12.54474,
        55.69767
       ],
       [
        12.54473,
        55.69762
       ],
       [
        12.54467,
        55.69756
       ],
       [
        12.54465,
        55.69752
       ],
       [
        12.54464,
        55.69752
       ],
       [
        12.54463,
        55.69749
       ],
       [
        12.54458,
        55.69747
       ],
       [
        12.54453,
        55.69744
       ],
       [
        12.54458,
        55.69737
       ],
       [
        12.54461,
        55.69731
       ],
       [
        12.54464,
        55.69728
       ],
       [
        12.5447,
        55.69728
       ],
       [
        12.54472,
        55.69727
       ],
       [
        12.54474,
        55.69727
       ],
       [
        12.54482,
        55.6972
       ],
       [
        12.54494,
        55.69717
       ],
       [
        12.54511,
        55.69724
       ],
       [
        12.54516,
        55.69726
       ],
       [
        12.5452,
        55.69716
       ],
       [
        12.54507,
        55.6971
       ],
       [
        12.54504,
        55.69708
       ],
       [
        12.54512,
        55.69703
       ],
       [
        12.54515,
        55.69701
       ],
       [
        12.54522,
        55.69699
       ],
       [
        12.54545,
        55.69711
       ],
       [
        12.54552,
        55.69713
       ],
       [
        12.54558,
        55.69716
       ],
       [
        12.54572,
        55.69721
       ],
       [
        12.54583,
        55.69727
       ],
       [
        12.54588,
        55.69733
       ],
       [
        12.54578,
        55.69739
       ],
       [
        12.54569,
        55.69745
       ],
       [
        12.54575,
        55.69749
       ],
       [
        12.54578,
        55.69751
       ],
       [
        12.54585,
        55.69759
       ],
       [
        12.54599,
        55.69762
       ],
       [
        12.5461,
        55.69767
       ],
       [
        12.5459,
        55.69779
       ],
       [
        12.5458,
        55.69781
       ],
       [
        12.54578,
        55.69787
       ],
       [
        12.54556,
        55.69802
       ],
       [
        12.54544,
        55.69806
       ],
       [
        12.54531,
        55.69812
       ],
       [
        12.54532,
        55.69813
       ],
       [
        12.54529,
        55.69814
       ],
       [
        12.54532,
        55.69817
       ],
       [
        12.54533,
        55.69821
       ],
       [
        12.54547,
        55.69833
       ],
       [
        12.54554,
        55.6984
       ],
       [
        12.54551,
        55.69844
       ],
       [
        12.54551,
        55.69844
       ],
       [
        12.54551,
        55.69844
       ],
       [
        12.54551,
        55.69845
       ],
       [
        12.54563,
        55.69855
       ],
       [
        12.54563,
        55.69855
       ],
       [
        12.54565,
        55.69856
       ],
       [
        12.5458,
        55.69847
       ],
       [
        12.54615,
        55.69824
       ],
       [
        12.54619,
        55.69821
       ],
       [
        12.54623,
        55.69819
       ],
       [
        12.54661,
        55.69794
       ],
       [
        12.54677,
        55.69782
       ],
       [
        12.5469,
        55.69779
       ],
       [
        12.54696,
        55.69789
       ],
       [
        12.54709,
        55.69798
       ],
       [
        12.54719,
        55.69807
       ],
       [
        12.54732,
        55.69803
       ],
       [
        12.54747,
        55.69808
       ],
       [
        12.54752,
        55.69816
       ],
       [
        12.54759,
        55.69817
       ],
       [
        12.54765,
        55.69818
       ],
       [
        12.54765,
        55.69823
       ],
       [
        12.54765,
        55.69824
       ],
       [
        12.54754,
        55.69827
       ],
       [
        12.5475,
        55.69833
       ],
       [
        12.54761,
        55.69842
       ],
       [
        12.54762,
        55.69844
       ],
       [
        12.54771,
        55.69847
       ],
       [
        12.54774,
        55.69852
       ],
       [
        12.54782,
        55.69854
       ],
       [
        12.54791,
        55.69859
       ],
       [
        12.54795,
        55.6986
       ],
       [
        12.54801,
        55.69856
       ],
       [
        12.54803,
        55.69856
       ],
       [
        12.54805,
        55.69857
       ],
       [
        12.54807,
        55.69859
       ],
       [
        12.54791,
        55.69865
       ],
       [
        12.54787,
        55.69868
       ],
       [
        12.54781,
        55.69872
       ],
       [
        12.54777,
        55.6988
       ],
       [
        12.5479,
        55.69887
       ],
       [
        12.54794,
        55.69896
       ],
       [
        12.54798,
        55.69899
       ],
       [
        12.54807,
        55.69899
       ],
       [
        12.54817,
        55.69901
       ],
       [
        12.54837,
        55.69898
       ],
       [
        12.54842,
        55.69896
       ],
       [
        12.54843,
        55.69897
       ],
       [
        12.54878,
        55.69884
       ],
       [
        12.54883,
        55.69887
       ],
       [
        12.54886,
        55.69888
       ],
       [
        12.54889,
        55.6989
       ],
       [
        12.54896,
        55.6989
       ],
       [
        12.54905,
        55.69891
       ],
       [
        12.54915,
        55.69891
       ],
       [
        12.54949,
        55.69917
       ],
       [
        12.54931,
        55.69923
       ],
       [
        12.54937,
        55.69928
       ],
       [
        12.54941,
        55.69935
       ],
       [
        12.5492,
        55.6995
       ],
       [
        12.54904,
        55.69951
       ],
       [
        12.54905,
        55.69955
       ],
       [
        12.54925,
        55.69963
       ],
       [
        12.54935,
        55.69956
       ],
       [
        12.5495,
        55.69958
       ],
       [
        12.54975,
        55.69944
       ],
       [
        12.54987,
        55.69948
       ],
       [
        12.54988,
        55.69959
       ],
       [
        12.54985,
        55.69963
       ],
       [
        12.54986,
        55.69968
       ],
       [
        12.54979,
        55.6997
       ],
       [
        12.5498,
        55.69977
       ],
       [
        12.54977,
        55.69983
       ],
       [
        12.54982,
        55.69989
       ],
       [
        12.54998,
        55.69993
       ],
       [
        12.55013,
        55.70004
       ],
       [
        12.55018,
        55.70009
       ],
       [
        12.55035,
        55.70017
       ],
       [
        12.55038,
        55.70022
       ],
       [
        12.55048,
        55.7003
       ],
       [
        12.55053,
        55.70038
       ],
       [
        12.55069,
        55.70038
       ],
       [
        12.55083,
        55.70029
       ],
       [
        12.55087,
        55.70026
       ],
       [
        12.551,
        55.70033
       ],
       [
        12.55103,
        55.70037
       ],
       [
        12.5511,
        55.70038
       ],
       [
        12.55122,
        55.70034
       ],
       [
        12.55135,
        55.70032
       ],
       [
        12.55155,
        55.70042
       ],
       [
        12.55165,
        55.70047
       ],
       [
        12.55176,
        55.70053
       ],
       [
        12.55185,
        55.70057
       ],
       [
        12.5519,
        55.70063
       ],
       [
        12.55183,
        55.7007
       ],
       [
        12.55173,
        55.70071
       ],
       [
        12.55155,
        55.70083
       ],
       [
        12.55179,
        55.70092
       ],
       [
        12.55191,
        55.70092
       ],
       [
        12.55195,
        55.70099
       ],
       [
        12.552,
        55.70104
       ],
       [
        12.55231,
        55.70084
       ],
       [
        12.55237,
        55.70081
       ],
       [
        12.55261,
        55.70091
       ],
       [
        12.55271,
        55.70093
       ],
       [
        12.55281,
        55.70096
       ],
       [
        12.55281,
        55.701
       ],
       [
        12.55298,
        55.70108
       ],
       [
        12.55298,
        55.70115
       ],
       [
        12.55317,
        55.70127
       ],
       [
        12.55344,
        55.70129
       ],
       [
        12.55348,
        55.7013
       ],
       [
        12.55348,
        55.70136
       ],
       [
        12.55349,
        55.70142
       ],
       [
        12.55349,
        55.70151
       ],
       [
        12.5535,
        55.70156
       ],
       [
        12.55375,
        55.70155
       ],
       [
        12.5538,
        55.70162
       ],
       [
        12.55389,
        55.70169
       ],
       [
        12.55396,
        55.70174
       ],
       [
        12.55403,
        55.70177
       ],
       [
        12.55406,
        55.7018
       ],
       [
        12.55397,
        55.70188
       ],
       [
        12.55395,
        55.70202
       ],
       [
        12.55386,
        55.70205
       ],
       [
        12.55383,
        55.70209
       ],
       [
        12.55387,
        55.70215
       ],
       [
        12.55388,
        55.7023
       ],
       [
        12.55398,
        55.70231
       ],
       [
        12.55402,
        55.7024
       ],
       [
        12.55389,
        55.70242
       ],
       [
        12.55387,
        55.70246
       ],
       [
        12.55395,
        55.70254
       ],
       [
        12.55413,
        55.70257
       ],
       [
        12.55414,
        55.70267
       ],
       [
        12.55417,
        55.70268
       ],
       [
        12.55422,
        55.70283
       ],
       [
        12.55426,
        55.70288
       ],
       [
        12.5543,
        55.70294
       ],
       [
        12.55439,
        55.70297
       ],
       [
        12.55443,
        55.703
       ],
       [
        12.55436,
        55.70304
       ],
       [
        12.55434,
        55.70314
       ],
       [
        12.55454,
        55.70316
       ],
       [
        12.55451,
        55.7032
       ],
       [
        12.55448,
        55.70324
       ],
       [
        12.55492,
        55.70322
       ],
       [
        12.55504,
        55.70326
       ],
       [
        12.55508,
        55.70323
       ],
       [
        12.55514,
        55.7032
       ],
       [
        12.55517,
        55.70314
       ],
       [
        12.55533,
        55.70312
       ],
       [
        12.55551,
        55.70302
       ],
       [
        12.5557,
        55.70298
       ],
       [
        12.55572,
        55.70289
       ],
       [
        12.55581,
        55.70286
       ],
       [
        12.55581,
        55.70283
       ],
       [
        12.55595,
        55.70275
       ],
       [
        12.55603,
        55.70281
       ],
       [
        12.55613,
        55.70283
       ],
       [
        12.55626,
        55.70288
       ],
       [
        12.55636,
        55.70287
       ],
       [
        12.55682,
        55.7031
       ],
       [
        12.55673,
        55.70319
       ],
       [
        12.55671,
        55.70321
       ],
       [
        12.5568,
        55.70324
       ],
       [
        12.55692,
        55.70328
       ],
       [
        12.55707,
        55.70336
       ],
       [
        12.55717,
        55.70338
       ],
       [
        12.55719,
        55.70359
       ],
       [
        12.55709,
        55.70364
       ],
       [
        12.55704,
        55.70369
       ],
       [
        12.5572,
        55.70375
       ],
       [
        12.5573,
        55.7038
       ],
       [
        12.55742,
        55.70382
       ],
       [
        12.55747,
        55.70387
       ],
       [
        12.55764,
        55.7039
       ],
       [
        12.55752,
        55.70429
       ],
       [
        12.55747,
        55.70444
       ],
       [
        12.55742,
        55.7046
       ],
       [
        12.55753,
        55.70462
       ],
       [
        12.55763,
        55.70464
       ],
       [
        12.55773,
        55.70465
       ],
       [
        12.55773,
        55.70468
       ],
       [
        12.55774,
        55.70472
       ],
       [
        12.55793,
        55.70474
       ],
       [
        12.55793,
        55.70482
       ],
       [
        12.55803,
        55.70485
       ],
       [
        12.55798,
        55.70498
       ],
       [
        12.55796,
        55.70506
       ],
       [
        12.5579,
        55.70513
       ],
       [
        12.55785,
        55.70526
       ],
       [
        12.55773,
        55.70533
       ],
       [
        12.5578,
        55.70539
       ],
       [
        12.55783,
        55.70547
       ],
       [
        12.55771,
        55.7055
       ],
       [
        12.55768,
        55.70553
       ],
       [
        12.55765,
        55.70557
       ],
       [
        12.5576,
        55.70568
       ],
       [
        12.55768,
        55.70572
       ],
       [
        12.55765,
        55.70586
       ],
       [
        12.55763,
        55.70597
       ],
       [
        12.55758,
        55.70606
       ],
       [
        12.55755,
        55.7062
       ],
       [
        12.55746,
        55.70626
       ],
       [
        12.5574,
        55.7063
       ],
       [
        12.55734,
        55.70637
       ],
       [
        12.55741,
        55.7064
       ],
       [
        12.55744,
        55.70642
       ],
       [
        12.55775,
        55.70646
       ],
       [
        12.55809,
        55.70647
       ],
       [
        12.55825,
        55.70649
       ],
       [
        12.55826,
        55.70665
       ],
       [
        12.5583,
        55.70667
       ],
       [
        12.55848,
        55.70666
       ],
       [
        12.55834,
        55.70679
       ],
       [
        12.55831,
        55.70691
       ],
       [
        12.55835,
        55.70693
       ],
       [
        12.5584,
        55.7071
       ],
       [
        12.55827,
        55.7071
       ],
       [
        12.55824,
        55.7071
       ],
       [
        12.55818,
        55.70722
       ],
       [
        12.5582,
        55.70735
       ],
       [
        12.55826,
        55.70739
       ],
       [
        12.55831,
        55.70743
       ],
       [
        12.5584,
        55.70745
       ],
       [
        12.55843,
        55.70747
       ],
       [
        12.55867,
        55.70749
       ],
       [
        12.55874,
        55.70753
       ],
       [
        12.55879,
        55.70761
       ],
       [
        12.55867,
        55.70764
       ],
       [
        12.55861,
        55.70772
       ],
       [
        12.55836,
        55.70772
       ],
       [
        12.55828,
        55.70775
       ],
       [
        12.55822,
        55.70788
       ],
       [
        12.5584,
        55.70793
       ],
       [
        12.55845,
        55.70798
       ],
       [
        12.55845,
        55.70807
       ],
       [
        12.5584,
        55.70817
       ],
       [
        12.55837,
        55.70826
       ],
       [
        12.55805,
        55.70822
       ],
       [
        12.55794,
        55.70836
       ],
       [
        12.55808,
        55.70846
       ],
       [
        12.55808,
        55.70851
       ],
       [
        12.55808,
        55.70853
       ],
       [
        12.55822,
        55.7086
       ],
       [
        12.55834,
        55.70862
       ],
       [
        12.55843,
        55.70867
       ],
       [
        12.55848,
        55.70875
       ],
       [
        12.55864,
        55.70876
       ],
       [
        12.55868,
        55.70878
       ],
       [
        12.55874,
        55.70881
       ],
       [
        12.55878,
        55.70885
       ],
       [
        12.55896,
        55.70884
       ],
       [
        12.55919,
        55.70887
       ],
       [
        12.55939,
        55.70889
       ],
       [
        12.55958,
        55.70891
       ],
       [
        12.55971,
        55.70893
       ],
       [
        12.55981,
        55.70894
       ],
       [
        12.55996,
        55.70894
       ],
       [
        12.56,
        55.70895
       ],
       [
        12.56009,
        55.70895
       ],
       [
        12.56016,
        55.70895
       ],
       [
        12.56032,
        55.70903
       ],
       [
        12.56067,
        55.70908
       ],
       [
        12.56074,
        55.70904
       ],
       [
        12.56092,
        55.70899
       ],
       [
        12.56098,
        55.70889
       ],
       [
        12.56101,
        55.70885
       ],
       [
        12.56109,
        55.70868
       ],
       [
        12.56108,
        55.70862
       ],
       [
        12.56119,
        55.70837
       ],
       [
        12.56125,
        55.70831
       ],
       [
        12.56133,
        55.70815
       ],
       [
        12.56142,
        55.70818
       ],
       [
        12.56163,
        55.70821
       ],
       [
        12.56149,
        55.70846
       ],
       [
        12.56143,
        55.70862
       ],
       [
        12.5616,
        55.70864
       ],
       [
        12.56171,
        55.7087
       ],
       [
        12.5617,
        55.70878
       ],
       [
        12.56167,
        55.70882
       ],
       [
        12.56157,
        55.70903
       ],
       [
        12.56132,
        55.7094
       ],
       [
        12.56113,
        55.70971
       ],
       [
        12.56105,
        55.7099
       ],
       [
        12.56121,
        55.71
       ],
       [
        12.56125,
        55.71012
       ],
       [
        12.5613,
        55.71017
       ],
       [
        12.56122,
        55.71026
       ],
       [
        12.56115,
        55.71042
       ],
       [
        12.56154,
        55.71049
       ],
       [
        12.56154,
        55.71051
       ],
       [
        12.56155,
        55.71059
       ],
       [
        12.56162,
        55.71062
       ],
       [
        12.56162,
        55.7107
       ],
       [
        12.5615,
        55.7108
       ],
       [
        12.56144,
        55.71087
       ],
       [
        12.56131,
        55.71092
       ],
       [
        12.561,
        55.71087
       ],
       [
        12.56092,
        55.71087
       ],
       [
        12.5608,
        55.71109
       ],
       [
        12.56136,
        55.7112
       ],
       [
        12.56158,
        55.71123
       ],
       [
        12.56164,
        55.71124
       ],
       [
        12.56171,
        55.71126
       ],
       [
        12.56175,
        55.71131
       ],
       [
        12.5621,
        55.71137
       ],
       [
        12.56217,
        55.71141
       ],
       [
        12.5622,
        55.71143
       ],
       [
        12.56224,
        55.71156
       ],
       [
        12.56216,
        55.7117
       ],
       [
        12.56217,
        55.7118
       ],
       [
        12.56205,
        55.7119
       ],
       [
        12.562,
        55.71197
       ],
       [
        12.56193,
        55.71199
       ],
       [
        12.56195,
        55.71209
       ],
       [
        12.56191,
        55.71217
       ],
       [
        12.56208,
        55.71221
       ],
       [
        12.56178,
        55.71266
       ],
       [
        12.56159,
        55.71266
       ],
       [
        12.56156,
        55.71276
       ],
       [
        12.56162,
        55.71279
       ],
       [
        12.56166,
        55.71281
       ],
       [
        12.56186,
        55.71285
       ],
       [
        12.56186,
        55.71297
       ],
       [
        12.56206,
        55.71302
       ],
       [
        12.56206,
        55.71312
       ],
       [
        12.5623,
        55.71323
       ],
       [
        12.56235,
        55.71339
       ],
       [
        12.56219,
        55.71347
       ],
       [
        12.56181,
        55.7134
       ],
       [
        12.56148,
        55.71334
       ],
       [
        12.56145,
        55.71332
       ],
       [
        12.56135,
        55.71334
       ],
       [
        12.56131,
        55.7135
       ],
       [
        12.56127,
        55.71354
       ],
       [
        12.56129,
        55.71366
       ],
       [
        12.5614,
        55.71376
       ],
       [
        12.56146,
        55.71378
       ],
       [
        12.56158,
        55.71375
       ],
       [
        12.56175,
        55.71382
       ],
       [
        12.56189,
        55.71385
       ],
       [
        12.56198,
        55.7139
       ],
       [
        12.56211,
        55.71391
       ],
       [
        12.56231,
        55.71395
       ],
       [
        12.56238,
        55.71402
       ],
       [
        12.56247,
        55.71404
       ],
       [
        12.56262,
        55.71413
       ],
       [
        12.56273,
        55.71414
       ],
       [
        12.56283,
        55.71421
       ],
       [
        12.56303,
        55.71422
       ],
       [
        12.56309,
        55.71426
       ],
       [
        12.5632,
        55.71431
       ],
       [
        12.56326,
        55.71434
       ],
       [
        12.56335,
        55.71436
       ],
       [
        12.56357,
        55.7144
       ],
       [
        12.56362,
        55.71442
       ],
       [
        12.56375,
        55.71447
       ],
       [
        12.56381,
        55.7145
       ],
       [
        12.56398,
        55.71457
       ],
       [
        12.56405,
        55.71461
       ],
       [
        12.56415,
        55.71461
       ],
       [
        12.56418,
        55.71464
       ],
       [
        12.56428,
        55.71469
       ],
       [
        12.56462,
        55.71476
       ],
       [
        12.56475,
        55.71479
       ],
       [
        12.56483,
        55.71484
       ],
       [
        12.56489,
        55.71486
       ],
       [
        12.56493,
        55.71483
       ],
       [
        12.56503,
        55.71483
       ],
       [
        12.56498,
        55.71505
       ],
       [
        12.56499,
        55.7151
       ],
       [
        12.56495,
        55.71515
       ],
       [
        12.56506,
        55.71523
       ],
       [
        12.5651,
        55.71528
       ],
       [
        12.56517,
        55.71533
       ],
       [
        12.5652,
        55.71537
       ],
       [
        12.5653,
        55.7154
       ],
       [
        12.56549,
        55.71548
       ],
       [
        12.56553,
        55.7155
       ],
       [
        12.56569,
        55.71551
       ],
       [
        12.56584,
        55.71554
       ],
       [
        12.56594,
        55.71559
       ],
       [
        12.5659,
        55.71565
       ],
       [
        12.56587,
        55.71569
       ],
       [
        12.56588,
        55.71576
       ],
       [
        12.56578,
        55.71575
       ],
       [
        12.56568,
        55.71573
       ],
       [
        12.56529,
        55.71565
       ],
       [
        12.56512,
        55.71562
       ],
       [
        12.56494,
        55.71563
       ],
       [
        12.56487,
        55.71559
       ],
       [
        12.56477,
        55.71556
       ],
       [
        12.56467,
        55.71563
       ],
       [
        12.56457,
        55.71557
       ],
       [
        12.56452,
        55.71555
       ],
       [
        12.56447,
        55.7155
       ],
       [
        12.56419,
        55.71562
       ],
       [
        12.56407,
        55.7157
       ],
       [
        12.56402,
        55.71565
       ],
       [
        12.56379,
        55.71566
       ],
       [
        12.56374,
        55.7157
       ],
       [
        12.56365,
        55.71572
       ],
       [
        12.56362,
        55.71577
       ],
       [
        12.56358,
        55.71582
       ],
       [
        12.56343,
        55.7158
       ],
       [
        12.56322,
        55.71577
       ],
       [
        12.5629,
        55.71588
       ],
       [
        12.56276,
        55.71583
       ],
       [
        12.56263,
        55.71582
       ],
       [
        12.56257,
        55.7159
       ],
       [
        12.56241,
        55.71599
       ],
       [
        12.56237,
        55.71611
       ],
       [
        12.56229,
        55.71626
       ],
       [
        12.56226,
        55.71632
       ],
       [
        12.56214,
        55.71635
       ],
       [
        12.56211,
        55.71639
       ],
       [
        12.56201,
        55.71639
       ],
       [
        12.56192,
        55.71634
       ],
       [
        12.56174,
        55.71635
       ],
       [
        12.56163,
        55.71639
       ],
       [
        12.56149,
        55.71636
       ],
       [
        12.56146,
        55.71642
       ],
       [
        12.56149,
        55.71644
       ],
       [
        12.56156,
        55.71647
       ],
       [
        12.56175,
        55.71657
       ],
       [
        12.56223,
        55.71673
       ],
       [
        12.56271,
        55.71687
       ],
       [
        12.56316,
        55.71697
       ],
       [
        12.56367,
        55.71706
       ],
       [
        12.56427,
        55.71713
       ],
       [
        12.5648,
        55.71716
       ],
       [
        12.56497,
        55.71715
       ],
       [
        12.56549,
        55.71716
       ],
       [
        12.56616,
        55.71716
       ],
       [
        12.56622,
        55.71719
       ],
       [
        12.56644,
        55.71718
       ],
       [
        12.56657,
        55.71718
       ],
       [
        12.56663,
        55.7173
       ],
       [
        12.56675,
        55.71737
       ],
       [
        12.56701,
        55.71738
       ],
       [
        12.56705,
        55.71742
       ],
       [
        12.56717,
        55.71741
       ],
       [
        12.56721,
        55.71745
       ],
       [
        12.56725,
        55.71752
       ],
       [
        12.5674,
        55.71751
       ],
       [
        12.56798,
        55.71762
       ],
       [
        12.56804,
        55.71753
       ],
       [
        12.56811,
        55.71751
       ],
       [
        12.56816,
        55.71748
       ],
       [
        12.56831,
        55.7175
       ],
       [
        12.5684,
        55.71754
       ],
       [
        12.5684,
        55.71761
       ],
       [
        12.56847,
        55.71759
       ],
       [
        12.56855,
        55.71754
       ],
       [
        12.56889,
        55.7176
       ],
       [
        12.56895,
        55.71767
       ],
       [
        12.56902,
        55.7177
       ],
       [
        12.56902,
        55.71776
       ],
       [
        12.56905,
        55.71775
       ],
       [
        12.56918,
        55.71773
       ],
       [
        12.56929,
        55.71775
       ],
       [
        12.56965,
        55.71774
       ],
       [
        12.56978,
        55.71775
       ],
       [
        12.56983,
        55.71778
       ],
       [
        12.56992,
        55.71782
       ],
       [
        12.56996,
        55.71789
       ],
       [
        12.57003,
        55.71796
       ],
       [
        12.56988,
        55.7181
       ],
       [
        12.56979,
        55.71813
       ],
       [
        12.56976,
        55.71817
       ],
       [
        12.5697,
        55.7182
       ],
       [
        12.56967,
        55.71822
       ],
       [
        12.56958,
        55.71828
       ],
       [
        12.56962,
        55.71838
       ],
       [
        12.56993,
        55.71832
       ],
       [
        12.56997,
        55.71834
       ],
       [
        12.57,
        55.71839
       ],
       [
        12.57006,
        55.71842
       ],
       [
        12.57001,
        55.71852
       ],
       [
        12.57002,
        55.7186
       ],
       [
        12.56988,
        55.71863
       ],
       [
        12.56984,
        55.71869
       ],
       [
        12.56972,
        55.7188
       ],
       [
        12.56969,
        55.71883
       ],
       [
        12.56965,
        55.71886
       ],
       [
        12.56959,
        55.7189
       ],
       [
        12.56951,
        55.71894
       ],
       [
        12.56948,
        55.719
       ],
       [
        12.56949,
        55.71902
       ],
       [
        12.56946,
        55.71906
       ],
       [
        12.56943,
        55.71909
       ],
       [
        12.56931,
        55.71917
       ],
       [
        12.56936,
        55.7192
       ],
       [
        12.56957,
        55.71926
       ],
       [
        12.5697,
        55.71928
       ],
       [
        12.5698,
        55.7193
       ],
       [
        12.56988,
        55.71934
       ],
       [
        12.56997,
        55.71938
       ],
       [
        12.57,
        55.7194
       ],
       [
        12.57006,
        55.71942
       ],
       [
        12.57013,
        55.71943
       ],
       [
        12.57031,
        55.71945
       ],
       [
        12.57036,
        55.71953
       ],
       [
        12.57041,
        55.71958
       ],
       [
        12.57032,
        55.71977
       ],
       [
        12.57027,
        55.71988
       ],
       [
        12.57024,
        55.71991
       ],
       [
        12.57018,
        55.71999
       ],
       [
        12.56993,
        55.71999
       ],
       [
        12.56978,
        55.72009
       ],
       [
        12.56978,
        55.72017
       ],
       [
        12.56982,
        55.72025
       ],
       [
        12.57007,
        55.72032
       ],
       [
        12.57003,
        55.72041
       ],
       [
        12.56997,
        55.72041
       ],
       [
        12.56994,
        55.7205
       ],
       [
        12.56985,
        55.72061
       ],
       [
        12.56986,
        55.72072
       ],
       [
        12.56987,
        55.72077
       ],
       [
        12.56992,
        55.7208
       ],
       [
        12.56984,
        55.72093
       ],
       [
        12.56961,
        55.72094
       ],
       [
        12.56943,
        55.72096
       ],
       [
        12.56913,
        55.72097
       ],
       [
        12.56903,
        55.721
       ],
       [
        12.56904,
        55.72113
       ],
       [
        12.56905,
        55.72122
       ],
       [
        12.569,
        55.72129
       ],
       [
        12.56894,
        55.72139
       ],
       [
        12.56895,
        55.72152
       ],
       [
        12.56892,
        55.72152
       ],
       [
        12.56873,
        55.72152
       ],
       [
        12.56877,
        55.72161
       ],
       [
        12.56884,
        55.72168
       ],
       [
        12.56881,
        55.72172
       ],
       [
        12.56872,
        55.72177
       ],
       [
        12.56874,
        55.72193
       ],
       [
        12.56867,
        55.72197
       ],
       [
        12.56877,
        55.72203
       ],
       [
        12.56887,
        55.72205
       ],
       [
        12.56888,
        55.72213
       ],
       [
        12.56883,
        55.72216
       ],
       [
        12.56892,
        55.7222
       ],
       [
        12.56898,
        55.72222
       ],
       [
        12.56893,
        55.72228
       ],
       [
        12.56899,
        55.72231
       ],
       [
        12.56903,
        55.72241
       ],
       [
        12.56916,
        55.72244
       ],
       [
        12.5692,
        55.72252
       ],
       [
        12.57003,
        55.72249
       ],
       [
        12.57015,
        55.72249
       ],
       [
        12.57022,
        55.72249
       ],
       [
        12.57069,
        55.72248
       ],
       [
        12.57078,
        55.72238
       ],
       [
        12.57094,
        55.72225
       ],
       [
        12.57101,
        55.72211
       ],
       [
        12.57107,
        55.722
       ],
       [
        12.57115,
        55.72185
       ],
       [
        12.57119,
        55.72177
       ],
       [
        12.57129,
        55.72155
       ],
       [
        12.57136,
        55.72143
       ],
       [
        12.57146,
        55.72132
       ],
       [
        12.5715,
        55.72121
       ],
       [
        12.57153,
        55.72114
       ],
       [
        12.57157,
        55.72111
       ],
       [
        12.57164,
        55.72097
       ],
       [
        12.57167,
        55.72092
       ],
       [
        12.57169,
        55.72086
       ],
       [
        12.57175,
        55.72079
       ],
       [
        12.57181,
        55.7207
       ],
       [
        12.57189,
        55.72062
       ],
       [
        12.57192,
        55.7205
       ],
       [
        12.57203,
        55.72031
       ],
       [
        12.57214,
        55.72013
       ],
       [
        12.57219,
        55.72002
       ],
       [
        12.57228,
        55.71991
       ],
       [
        12.57227,
        55.71989
       ],
       [
        12.57227,
        55.71986
       ],
       [
        12.5723,
        55.71982
       ],
       [
        12.57233,
        55.7198
       ],
       [
        12.57238,
        55.71967
       ],
       [
        12.57241,
        55.71965
       ],
       [
        12.57247,
        55.71956
       ],
       [
        12.5725,
        55.71952
       ],
       [
        12.57254,
        55.71947
       ],
       [
        12.57258,
        55.71941
       ],
       [
        12.57264,
        55.71934
       ],
       [
        12.57269,
        55.71927
       ],
       [
        12.57272,
        55.71923
       ],
       [
        12.57278,
        55.71919
       ],
       [
        12.57283,
        55.71914
       ],
       [
        12.57287,
        55.71908
       ],
       [
        12.57293,
        55.719
       ],
       [
        12.57319,
        55.71871
       ],
       [
        12.57324,
        55.71866
       ],
       [
        12.57327,
        55.71862
       ],
       [
        12.57333,
        55.71859
       ],
       [
        12.57339,
        55.71853
       ],
       [
        12.57345,
        55.71847
       ],
       [
        12.57348,
        55.71845
       ],
       [
        12.57351,
        55.71843
       ],
       [
        12.57354,
        55.71842
       ],
       [
        12.57357,
        55.71838
       ],
       [
        12.57374,
        55.71824
       ],
       [
        12.57381,
        55.71817
       ],
       [
        12.57398,
        55.71807
       ],
       [
        12.57401,
        55.71802
       ],
       [
        12.57406,
        55.718
       ],
       [
        12.57413,
        55.71795
       ],
       [
        12.57423,
        55.71791
       ],
       [
        12.57433,
        55.71794
       ],
       [
        12.57501,
        55.71754
       ],
       [
        12.57527,
        55.71743
       ],
       [
        12.57547,
        55.71734
       ],
       [
        12.57551,
        55.7173
       ],
       [
        12.57554,
        55.71726
       ],
       [
        12.57547,
        55.71719
       ],
       [
        12.57564,
        55.71708
       ],
       [
        12.57574,
        55.71704
       ],
       [
        12.57583,
        55.717
       ],
       [
        12.57597,
        55.71694
       ],
       [
        12.57611,
        55.71688
       ],
       [
        12.5762,
        55.71686
       ],
       [
        12.57632,
        55.71681
       ],
       [
        12.57639,
        55.71679
       ],
       [
        12.57655,
        55.71672
       ],
       [
        12.57666,
        55.71669
       ],
       [
        12.57679,
        55.71663
       ],
       [
        12.57703,
        55.71657
       ],
       [
        12.57722,
        55.71648
       ],
       [
        12.57721,
        55.71637
       ],
       [
        12.57736,
        55.7164
       ],
       [
        12.57732,
        55.7166
       ],
       [
        12.57763,
        55.71675
       ],
       [
        12.57769,
        55.71678
       ],
       [
        12.57813,
        55.71677
       ],
       [
        12.57822,
        55.71671
       ],
       [
        12.57867,
        55.71673
       ],
       [
        12.57884,
        55.71684
       ],
       [
        12.579,
        55.71684
       ],
       [
        12.57904,
        55.71683
       ],
       [
        12.57922,
        55.71678
       ],
       [
        12.57929,
        55.71677
       ],
       [
        12.57951,
        55.71681
       ],
       [
        12.57984,
        55.71677
       ],
       [
        12.5803,
        55.71676
       ],
       [
        12.58051,
        55.71675
       ],
       [
        12.58094,
        55.71676
       ],
       [
        12.58141,
        55.71673
       ],
       [
        12.58161,
        55.71674
       ],
       [
        12.58169,
        55.71678
       ],
       [
        12.58176,
        55.71674
       ],
       [
        12.58215,
        55.71672
       ],
       [
        12.58249,
        55.71672
       ],
       [
        12.58256,
        55.7167
       ],
       [
        12.58268,
        55.71666
       ],
       [
        12.58279,
        55.71664
       ],
       [
        12.58297,
        55.71661
       ],
       [
        12.58302,
        55.71657
       ],
       [
        12.58315,
        55.71657
       ],
       [
        12.58321,
        55.71653
       ],
       [
        12.58337,
        55.71647
       ],
       [
        12.58338,
        55.71646
       ],
       [
        12.58389,
        55.71751
       ],
       [
        12.58355,
        55.71795
       ],
       [
        12.58367,
        55.71928
       ],
       [
        12.58435,
        55.72021
       ],
       [
        12.58325,
        55.72115
       ],
       [
        12.5842,
        55.72221
       ],
       [
        12.58402,
        55.72222
       ],
       [
        12.58381,
        55.7222
       ],
       [
        12.58357,
        55.72213
       ],
       [
        12.5833,
        55.72202
       ],
       [
        12.58322,
        55.72196
       ],
       [
        12.58316,
        55.7219
       ],
       [
        12.58313,
        55.72184
       ],
       [
        12.58242,
        55.72191
       ],
       [
        12.58219,
        55.72191
       ],
       [
        12.58123,
        55.72205
       ],
       [
        12.58113,
        55.72204
       ],
       [
        12.58097,
        55.72205
       ],
       [
        12.58087,
        55.72206
       ],
       [
        12.58071,
        55.7221
       ],
       [
        12.58058,
        55.7221
       ],
       [
        12.58024,
        55.7221
       ],
       [
        12.58022,
        55.7221
       ],
       [
        12.57993,
        55.72209
       ],
       [
        12.57978,
        55.72209
       ],
       [
        12.57963,
        55.7221
       ],
       [
        12.57836,
        55.72207
       ],
       [
        12.57796,
        55.72206
       ],
       [
        12.57771,
        55.72208
       ],
       [
        12.57773,
        55.72214
       ],
       [
        12.57773,
        55.72219
       ],
       [
        12.57774,
        55.72224
       ],
       [
        12.57774,
        55.72225
       ],
       [
        12.57796,
        55.72283
       ],
       [
        12.57789,
        55.72294
       ],
       [
        12.57789,
        55.72296
       ],
       [
        12.57786,
        55.72325
       ],
       [
        12.57786,
        55.72328
       ],
       [
        12.57787,
        55.72332
       ],
       [
        12.57778,
        55.72352
       ],
       [
        12.57775,
        55.72355
       ],
       [
        12.57772,
        55.72365
       ],
       [
        12.57762,
        55.72394
       ],
       [
        12.57746,
        55.72444
       ],
       [
        12.57723,
        55.7251
       ],
       [
        12.57716,
        55.72528
       ],
       [
        12.5772,
        55.7253
       ],
       [
        12.577,
        55.72573
       ],
       [
        12.5769,
        55.72597
       ],
       [
        12.57677,
        55.72624
       ],
       [
        12.57657,
        55.72656
       ],
       [
        12.57655,
        55.72661
       ],
       [
        12.57643,
        55.72688
       ],
       [
        12.57641,
        55.72691
       ],
       [
        12.57615,
        55.7274
       ],
       [
        12.57605,
        55.72752
       ],
       [
        12.57599,
        55.72763
       ],
       [
        12.57599,
        55.72769
       ],
       [
        12.57599,
        55.72772
       ],
       [
        12.57608,
        55.72783
       ],
       [
        12.5761,
        55.72788
       ],
       [
        12.57627,
        55.72835
       ],
       [
        12.57632,
        55.72843
       ],
       [
        12.57633,
        55.72846
       ],
       [
        12.57651,
        55.72893
       ],
       [
        12.57606,
        55.729
       ],
       [
        12.57571,
        55.72905
       ],
       [
        12.57512,
        55.72913
       ],
       [
        12.57512,
        55.72916
       ],
       [
        12.57479,
        55.72921
       ],
       [
        12.57404,
        55.72929
       ],
       [
        12.57375,
        55.72932
       ],
       [
        12.57317,
        55.7294
       ],
       [
        12.56888,
        55.72999
       ],
       [
        12.56818,
        55.73007
       ],
       [
        12.56813,
        55.73029
       ],
       [
        12.56809,
        55.73034
       ],
       [
        12.56804,
        55.73037
       ],
       [
        12.56795,
        55.73039
       ],
       [
        12.56784,
        55.73041
       ],
       [
        12.56773,
        55.73084
       ],
       [
        12.56765,
        55.73117
       ],
       [
        12.56767,
        55.73128
       ],
       [
        12.56767,
        55.73129
       ],
       [
        12.56768,
        55.73137
       ],
       [
        12.56769,
        55.73161
       ],
       [
        12.56773,
        55.73179
       ],
       [
        12.56716,
        55.73187
       ],
       [
        12.56696,
        55.73242
       ],
       [
        12.56696,
        55.73249
       ],
       [
        12.56667,
        55.73256
       ],
       [
        12.56645,
        55.73261
       ],
       [
        12.56628,
        55.73265
       ],
       [
        12.56602,
        55.73272
       ],
       [
        12.56571,
        55.7328
       ],
       [
        12.56587,
        55.73207
       ],
       [
        12.56592,
        55.73187
       ],
       [
        12.566,
        55.7317
       ],
       [
        12.56612,
        55.7313
       ],
       [
        12.56416,
        55.73151
       ],
       [
        12.56394,
        55.73152
       ],
       [
        12.56364,
        55.73154
       ],
       [
        12.56361,
        55.73154
       ],
       [
        12.56355,
        55.73131
       ],
       [
        12.56348,
        55.73105
       ],
       [
        12.56334,
        55.73071
       ],
       [
        12.56323,
        55.73026
       ],
       [
        12.5632,
        55.73015
       ],
       [
        12.56318,
        55.73007
       ],
       [
        12.56302,
        55.72956
       ],
       [
        12.56283,
        55.72896
       ],
       [
        12.5628,
        55.72889
       ],
       [
        12.5627,
        55.7286
       ],
       [
        12.5627,
        55.72859
       ],
       [
        12.56257,
        55.72818
       ],
       [
        12.56253,
        55.72805
       ],
       [
        12.5625,
        55.72795
       ],
       [
        12.5625,
        55.72794
       ],
       [
        12.56242,
        55.72771
       ],
       [
        12.56233,
        55.72749
       ],
       [
        12.56211,
        55.72672
       ],
       [
        12.56205,
        55.72653
       ],
       [
        12.56192,
        55.7261
       ],
       [
        12.56187,
        55.72594
       ],
       [
        12.56172,
        55.72543
       ],
       [
        12.56172,
        55.72538
       ],
       [
        12.56176,
        55.72521
       ],
       [
        12.56171,
        55.72514
       ],
       [
        12.56168,
        55.72509
       ],
       [
        12.56165,
        55.72501
       ],
       [
        12.56164,
        55.72493
       ],
       [
        12.56163,
        55.72484
       ],
       [
        12.56157,
        55.72437
       ],
       [
        12.56151,
        55.72382
       ],
       [
        12.56146,
        55.72338
       ],
       [
        12.56143,
        55.7232
       ],
       [
        12.56139,
        55.72277
       ],
       [
        12.56138,
        55.72274
       ],
       [
        12.56114,
        55.72275
       ],
       [
        12.5608,
        55.72276
       ],
       [
        12.56028,
        55.72277
       ],
       [
        12.55978,
        55.72279
       ],
       [
        12.55977,
        55.72279
       ],
       [
        12.55968,
        55.72281
       ],
       [
        12.55959,
        55.72283
       ],
       [
        12.55907,
        55.72285
       ],
       [
        12.55852,
        55.72286
       ],
       [
        12.55791,
        55.72289
       ],
       [
        12.55733,
        55.72292
       ],
       [
        12.55716,
        55.7229
       ],
       [
        12.5566,
        55.72293
       ],
       [
        12.55645,
        55.72294
       ],
       [
        12.55559,
        55.72296
       ],
       [
        12.55547,
        55.72296
       ],
       [
        12.55519,
        55.72287
       ],
       [
        12.55442,
        55.72283
       ],
       [
        12.55436,
        55.72293
       ],
       [
        12.55436,
        55.72311
       ],
       [
        12.55426,
        55.72329
       ],
       [
        12.55408,
        55.72359
       ],
       [
        12.55397,
        55.72345
       ],
       [
        12.55377,
        55.72336
       ],
       [
        12.55372,
        55.72333
       ],
       [
        12.55365,
        55.72334
       ],
       [
        12.55322,
        55.72339
       ],
       [
        12.55298,
        55.72344
       ],
       [
        12.55251,
        55.72344
       ],
       [
        12.55198,
        55.72341
       ],
       [
        12.55191,
        55.72342
       ],
       [
        12.5518,
        55.72347
       ],
       [
        12.55172,
        55.72352
       ],
       [
        12.55142,
        55.72362
       ],
       [
        12.55087,
        55.72373
       ],
       [
        12.55059,
        55.72374
       ],
       [
        12.55048,
        55.72378
       ],
       [
        12.55035,
        55.72382
       ],
       [
        12.55016,
        55.72384
       ],
       [
        12.55001,
        55.72383
       ],
       [
        12.54982,
        55.72378
       ],
       [
        12.54958,
        55.72368
       ],
       [
        12.54952,
        55.72371
       ],
       [
        12.54948,
        55.72382
       ],
       [
        12.54934,
        55.72393
       ],
       [
        12.5492,
        55.72387
       ],
       [
        12.5491,
        55.72383
       ],
       [
        12.54908,
        55.72383
       ],
       [
        12.54896,
        55.72383
       ],
       [
        12.54786,
        55.72385
       ],
       [
        12.54776,
        55.72385
       ],
       [
        12.54743,
        55.72386
       ],
       [
        12.54686,
        55.72395
       ],
       [
        12.54624,
        55.72407
       ],
       [
        12.54554,
        55.72414
       ],
       [
        12.54547,
        55.72414
       ],
       [
        12.54533,
        55.72415
       ],
       [
        12.54459,
        55.72417
       ],
       [
        12.54459,
        55.72416
       ],
       [
        12.5443,
        55.72413
       ],
       [
        12.54399,
        55.72403
       ],
       [
        12.54385,
        55.72398
       ],
       [
        12.54374,
        55.72392
       ],
       [
        12.54374,
        55.72392
       ],
       [
        12.54371,
        55.72389
       ],
       [
        12.54371,
        55.72388
       ],
       [
        12.54358,
        55.72362
       ],
       [
        12.5435,
        55.72364
       ],
       [
        12.54335,
        55.72365
       ],
       [
        12.54317,
        55.72365
       ],
       [
        12.54299,
        55.72366
       ],
       [
        12.54262,
        55.72367
       ],
       [
        12.54238,
        55.72367
       ],
       [
        12.54218,
        55.72369
       ],
       [
        12.54198,
        55.7237
       ],
       [
        12.5418,
        55.72373
       ],
       [
        12.54157,
        55.72379
       ],
       [
        12.5414,
        55.72385
       ],
       [
        12.54126,
        55.72392
       ],
       [
        12.54115,
        55.72398
       ],
       [
        12.54104,
        55.72403
       ],
       [
        12.54095,
        55.72411
       ],
       [
        12.54086,
        55.72418
       ],
       [
        12.54078,
        55.72427
       ],
       [
        12.5407,
        55.72439
       ],
       [
        12.54067,
        55.72444
       ],
       [
        12.53985,
        55.72582
       ],
       [
        12.53978,
        55.72589
       ],
       [
        12.53971,
        55.72595
       ],
       [
        12.53963,
        55.72601
       ],
       [
        12.53954,
        55.72608
       ],
       [
        12.53942,
        55.72614
       ],
       [
        12.5393,
        55.72617
       ],
       [
        12.53916,
        55.72619
       ],
       [
        12.539,
        55.72619
       ],
       [
        12.53866,
        55.72627
       ],
       [
        12.53859,
        55.72629
       ],
       [
        12.53828,
        55.72637
       ],
       [
        12.53817,
        55.72644
       ],
       [
        12.53808,
        55.72648
       ],
       [
        12.53799,
        55.72651
       ],
       [
        12.53785,
        55.72654
       ],
       [
        12.53772,
        55.72656
       ],
       [
        12.53628,
        55.72691
       ],
       [
        12.53569,
        55.72706
       ],
       [
        12.53555,
        55.72708
       ],
       [
        12.53537,
        55.7271
       ],
       [
        12.5353,
        55.7271
       ],
       [
        12.53524,
        55.7271
       ],
       [
        12.53523,
        55.7271
       ],
       [
        12.53514,
        55.72711
       ],
       [
        12.53494,
        55.72711
       ],
       [
        12.53475,
        55.7271
       ],
       [
        12.53453,
        55.72709
       ],
       [
        12.53433,
        55.72707
       ],
       [
        12.53393,
        55.72703
       ],
       [
        12.53328,
        55.72698
       ],
       [
        12.53308,
        55.72698
       ],
       [
        12.53284,
        55.72699
       ],
       [
        12.53255,
        55.727
       ],
       [
        12.53229,
        55.72702
       ],
       [
        12.53205,
        55.72703
       ],
       [
        12.53152,
        55.72705
       ],
       [
        12.53052,
        55.72709
       ],
       [
        12.53015,
        55.72711
       ],
       [
        12.52984,
        55.72712
       ],
       [
        12.52957,
        55.72713
       ],
       [
        12.52946,
        55.72713
       ],
       [
        12.52937,
        55.72713
       ],
       [
        12.52924,
        55.72712
       ],
       [
        12.52913,
        55.7271
       ],
       [
        12.529,
        55.72707
       ],
       [
        12.52796,
        55.72691
       ],
       [
        12.52749,
        55.72684
       ],
       [
        12.52724,
        55.72689
       ],
       [
        12.52712,
        55.7269
       ],
       [
        12.52702,
        55.72691
       ],
       [
        12.52695,
        55.72694
       ],
       [
        12.52685,
        55.72696
       ],
       [
        12.52657,
        55.72702
       ],
       [
        12.52631,
        55.72708
       ],
       [
        12.52624,
        55.72711
       ],
       [
        12.52615,
        55.72705
       ],
       [
        12.52598,
        55.727
       ],
       [
        12.52565,
        55.72684
       ],
       [
        12.52557,
        55.72693
       ],
       [
        12.52552,
        55.72701
       ],
       [
        12.52554,
        55.72701
       ],
       [
        12.52541,
        55.7272
       ],
       [
        12.5253,
        55.72735
       ],
       [
        12.52503,
        55.72738
       ],
       [
        12.52403,
        55.72749
       ],
       [
        12.5236,
        55.72755
       ],
       [
        12.5236,
        55.7275
       ],
       [
        12.52361,
        55.72742
       ],
       [
        12.52361,
        55.7274
       ],
       [
        12.52335,
        55.72745
       ],
       [
        12.52328,
        55.72747
       ],
       [
        12.52146,
        55.72776
       ],
       [
        12.52131,
        55.72777
       ],
       [
        12.52119,
        55.72777
       ],
       [
        12.52022,
        55.72761
       ],
       [
        12.51979,
        55.72753
       ],
       [
        12.51961,
        55.72748
       ],
       [
        12.5194,
        55.72737
       ],
       [
        12.51916,
        55.72726
       ],
       [
        12.51892,
        55.72711
       ],
       [
        12.51869,
        55.72695
       ],
       [
        12.5185,
        55.7268
       ],
       [
        12.51832,
        55.72663
       ],
       [
        12.51818,
        55.72647
       ],
       [
        12.51802,
        55.72631
       ],
       [
        12.51781,
        55.72609
       ],
       [
        12.5174,
        55.72559
       ],
       [
        12.51665,
        55.72452
       ],
       [
        12.51546,
        55.72297
       ],
       [
        12.5154,
        55.72286
       ],
       [
        12.51522,
        55.72287
       ],
       [
        12.51488,
        55.72287
       ],
       [
        12.51461,
        55.72288
       ],
       [
        12.51465,
        55.72269
       ],
       [
        12.51465,
        55.72269
       ],
       [
        12.51468,
        55.72261
       ],
       [
        12.51469,
        55.72255
       ],
       [
        12.5147,
        55.72248
       ],
       [
        12.51471,
        55.7224
       ],
       [
        12.51472,
        55.72233
       ],
       [
        12.51472,
        55.72231
       ],
       [
        12.51473,
        55.72226
       ],
       [
        12.51473,
        55.7222
       ],
       [
        12.51473,
        55.72215
       ],
       [
        12.51472,
        55.72211
       ],
       [
        12.51462,
        55.72177
       ],
       [
        12.51454,
        55.72161
       ],
       [
        12.51438,
        55.72136
       ],
       [
        12.5142,
        55.72114
       ],
       [
        12.51407,
        55.721
       ],
       [
        12.51391,
        55.72086
       ],
       [
        12.51381,
        55.72076
       ],
       [
        12.51373,
        55.72067
       ],
       [
        12.51363,
        55.72052
       ],
       [
        12.51355,
        55.72041
       ],
       [
        12.51352,
        55.72032
       ],
       [
        12.51352,
        55.72023
       ],
       [
        12.51353,
        55.72014
       ],
       [
        12.51359,
        55.72008
       ],
       [
        12.51365,
        55.72004
       ],
       [
        12.51355,
        55.71988
       ],
       [
        12.51315,
        55.71985
       ],
       [
        12.5129,
        55.71983
       ],
       [
        12.51259,
        55.71982
       ],
       [
        12.51243,
        55.71982
       ],
       [
        12.51212,
        55.71987
       ],
       [
        12.51194,
        55.71995
       ],
       [
        12.51191,
        55.71996
       ],
       [
        12.51159,
        55.72001
       ],
       [
        12.51131,
        55.72005
       ],
       [
        12.51106,
        55.72007
       ],
       [
        12.51077,
        55.72008
       ],
       [
        12.51046,
        55.72009
       ],
       [
        12.51018,
        55.7201
       ],
       [
        12.50999,
        55.7201
       ],
       [
        12.50942,
        55.72014
       ],
       [
        12.50908,
        55.72016
       ],
       [
        12.50881,
        55.72017
       ],
       [
        12.50848,
        55.72022
       ],
       [
        12.50832,
        55.72024
       ],
       [
        12.50819,
        55.72024
       ],
       [
        12.50806,
        55.72024
       ],
       [
        12.50793,
        55.72023
       ],
       [
        12.5078,
        55.72021
       ],
       [
        12.50732,
        55.72013
       ],
       [
        12.50712,
        55.72004
       ],
       [
        12.50694,
        55.71999
       ],
       [
        12.50669,
        55.71992
       ],
       [
        12.50606,
        55.71981
       ],
       [
        12.5059,
        55.71983
       ],
       [
        12.50561,
        55.71991
       ],
       [
        12.50545,
        55.71997
       ],
       [
        12.50539,
        55.71999
       ],
       [
        12.50525,
        55.72005
       ],
       [
        12.50504,
        55.71998
       ],
       [
        12.50486,
        55.7199
       ],
       [
        12.50457,
        55.71985
       ],
       [
        12.50435,
        55.71985
       ],
       [
        12.50406,
        55.71997
       ],
       [
        12.5037,
        55.72005
       ],
       [
        12.5037,
        55.72005
       ],
       [
        12.50363,
        55.72013
       ],
       [
        12.50355,
        55.72014
       ],
       [
        12.50332,
        55.72022
       ],
       [
        12.50326,
        55.72024
       ],
       [
        12.5032,
        55.72027
       ],
       [
        12.50306,
        55.72033
       ],
       [
        12.50293,
        55.72041
       ],
       [
        12.50274,
        55.72047
       ],
       [
        12.50256,
        55.72053
       ],
       [
        12.50227,
        55.72055
       ],
       [
        12.50194,
        55.72055
       ],
       [
        12.50169,
        55.72054
       ],
       [
        12.50143,
        55.72053
       ],
       [
        12.50124,
        55.72049
       ],
       [
        12.50114,
        55.72047
       ],
       [
        12.50104,
        55.72047
       ],
       [
        12.50097,
        55.72048
       ],
       [
        12.50089,
        55.7205
       ],
       [
        12.50077,
        55.72054
       ],
       [
        12.50066,
        55.72056
       ],
       [
        12.50056,
        55.72058
       ],
       [
        12.50048,
        55.7206
       ],
       [
        12.50044,
        55.72061
       ],
       [
        12.50036,
        55.72056
       ],
       [
        12.50019,
        55.72064
       ],
       [
        12.50008,
        55.72066
       ],
       [
        12.49968,
        55.72074
       ],
       [
        12.49956,
        55.72077
       ],
       [
        12.49955,
        55.7208
       ],
       [
        12.49944,
        55.72082
       ],
       [
        12.49934,
        55.72085
       ],
       [
        12.49932,
        55.7209
       ],
       [
        12.49932,
        55.72096
       ],
       [
        12.49719,
        55.72175
       ],
       [
        12.49713,
        55.72178
       ],
       [
        12.49708,
        55.7218
       ],
       [
        12.49704,
        55.72182
       ],
       [
        12.49695,
        55.72186
       ],
       [
        12.49686,
        55.72189
       ],
       [
        12.49678,
        55.72192
       ],
       [
        12.49669,
        55.72196
       ],
       [
        12.49659,
        55.72201
       ],
       [
        12.49625,
        55.72215
       ],
       [
        12.4959,
        55.72228
       ],
       [
        12.49556,
        55.72241
       ],
       [
        12.4946,
        55.72277
       ],
       [
        12.49453,
        55.72278
       ],
       [
        12.49397,
        55.72296
       ],
       [
        12.49322,
        55.72286
       ],
       [
        12.49231,
        55.72269
       ],
       [
        12.49204,
        55.72287
       ],
       [
        12.49146,
        55.72318
       ],
       [
        12.49086,
        55.72349
       ],
       [
        12.49057,
        55.72367
       ],
       [
        12.49042,
        55.72376
       ],
       [
        12.49026,
        55.72383
       ],
       [
        12.49014,
        55.72388
       ],
       [
        12.49012,
        55.72389
       ],
       [
        12.48997,
        55.72395
       ],
       [
        12.48981,
        55.72402
       ],
       [
        12.4896,
        55.7241
       ],
       [
        12.48948,
        55.72413
       ],
       [
        12.48889,
        55.72438
       ],
       [
        12.48884,
        55.72442
       ],
       [
        12.48884,
        55.72445
       ],
       [
        12.48876,
        55.72444
       ],
       [
        12.48821,
        55.72447
       ],
       [
        12.48711,
        55.72456
       ],
       [
        12.48689,
        55.72456
       ],
       [
        12.48674,
        55.72457
       ],
       [
        12.48611,
        55.72461
       ],
       [
        12.48474,
        55.72473
       ],
       [
        12.48466,
        55.72473
       ],
       [
        12.48432,
        55.72477
       ],
       [
        12.48424,
        55.72477
       ],
       [
        12.48336,
        55.72443
       ],
       [
        12.48259,
        55.72412
       ],
       [
        12.48237,
        55.7241
       ],
       [
        12.48233,
        55.72408
       ],
       [
        12.48207,
        55.7239
       ],
       [
        12.48201,
        55.72386
       ],
       [
        12.48137,
        55.72363
       ],
       [
        12.48113,
        55.72353
       ],
       [
        12.48077,
        55.72338
       ],
       [
        12.48043,
        55.72324
       ],
       [
        12.48037,
        55.72322
       ],
       [
        12.48032,
        55.7232
       ],
       [
        12.47978,
        55.72299
       ],
       [
        12.47939,
        55.72283
       ],
       [
        12.47918,
        55.72273
       ],
       [
        12.479,
        55.72267
       ],
       [
        12.47823,
        55.72237
       ],
       [
        12.47818,
        55.72234
       ],
       [
        12.47811,
        55.72228
       ],
       [
        12.47802,
        55.72221
       ],
       [
        12.47791,
        55.72218
       ],
       [
        12.47776,
        55.72216
       ],
       [
        12.47764,
        55.72211
       ],
       [
        12.4775,
        55.722
       ],
       [
        12.47737,
        55.72168
       ],
       [
        12.4773,
        55.72158
       ],
       [
        12.47729,
        55.72139
       ],
       [
        12.47719,
        55.72125
       ],
       [
        12.47709,
        55.72119
       ],
       [
        12.47715,
        55.72115
       ],
       [
        12.47711,
        55.72103
       ],
       [
        12.47694,
        55.72093
       ],
       [
        12.47674,
        55.72085
       ],
       [
        12.47664,
        55.72085
       ],
       [
        12.47641,
        55.72079
       ],
       [
        12.4763,
        55.72073
       ],
       [
        12.47576,
        55.72044
       ],
       [
        12.47549,
        55.72037
       ],
       [
        12.47549,
        55.72037
       ],
       [
        12.47529,
        55.72031
       ],
       [
        12.47519,
        55.72025
       ],
       [
        12.47486,
        55.72013
       ],
       [
        12.47458,
        55.72
       ],
       [
        12.47438,
        55.71989
       ],
       [
        12.47415,
        55.71976
       ],
       [
        12.47392,
        55.71964
       ],
       [
        12.47372,
        55.71954
       ],
       [
        12.47353,
        55.7194
       ],
       [
        12.47342,
        55.71931
       ],
       [
        12.47339,
        55.71923
       ],
       [
        12.47397,
        55.71862
       ],
       [
        12.47436,
        55.71825
       ],
       [
        12.4746,
        55.71802
       ],
       [
        12.47617,
        55.71851
       ],
       [
        12.48736,
        55.71533
       ],
       [
        12.48695,
        55.71482
       ],
       [
        12.48657,
        55.71428
       ],
       [
        12.48631,
        55.71393
       ],
       [
        12.48602,
        55.71349
       ],
       [
        12.48591,
        55.71332
       ],
       [
        12.48581,
        55.71319
       ],
       [
        12.48564,
        55.71286
       ],
       [
        12.48563,
        55.71273
       ],
       [
        12.48543,
        55.71234
       ],
       [
        12.48536,
        55.71204
       ],
       [
        12.48532,
        55.71185
       ],
       [
        12.48527,
        55.7116
       ],
       [
        12.48524,
        55.7113
       ],
       [
        12.48518,
        55.71111
       ],
       [
        12.48519,
        55.71071
       ],
       [
        12.48526,
        55.71042
       ],
       [
        12.48528,
        55.70994
       ],
       [
        12.48543,
        55.70922
       ],
       [
        12.48567,
        55.70877
       ],
       [
        12.48572,
        55.70856
       ],
       [
        12.48571,
        55.70846
       ],
       [
        12.48516,
        55.70797
       ],
       [
        12.48645,
        55.70744
       ],
       [
        12.48849,
        55.70669
       ],
       [
        12.48985,
        55.70615
       ],
       [
        12.49057,
        55.70591
       ],
       [
        12.49194,
        55.70565
       ],
       [
        12.49236,
        55.70553
       ],
       [
        12.49216,
        55.7053
       ],
       [
        12.49111,
        55.70447
       ],
       [
        12.49075,
        55.70423
       ],
       [
        12.49064,
        55.70404
       ],
       [
        12.49053,
        55.70386
       ],
       [
        12.4905,
        55.70359
       ],
       [
        12.49028,
        55.70319
       ],
       [
        12.49023,
        55.70284
       ],
       [
        12.49002,
        55.70236
       ],
       [
        12.48983,
        55.70182
       ],
       [
        12.49073,
        55.70127
       ]
      ]
     ]
    ]
   }
  },
  {
   "type": "Feature",
   "properties": {
    "id": 2,
    "opland": "Ladegårdsåen, Frederiksberg Øst og Vesterbro",
    "opland_kort_navn": "Ladegårdsåen",
    "kontaktperson1_kk": "Jan Burgdorf Nielsen"
   },
   "geometry": {
    "type": "MultiPolygon",
    "coordinates": [
     [
      [
       [
        12.54116,
        55.66076
       ],
       [
        12.54097,
        55.66045
       ],
       [
        12.54097,
        55.66043
       ],
       [
        12.54113,
        55.66043
       ],
       [
        12.54113,
        55.66046
       ],
       [
        12.54116,
        55.66046
       ],
       [
        12.54118,
        55.66049
       ],
       [
        12.54122,
        55.66052
       ],
       [
        12.54125,
        55.66058
       ],
       [
        12.54133,
        55.66064
       ],
       [
        12.54144,
        55.66077
       ],
       [
        12.54153,
        55.66086
       ],
       [
        12.54157,
        55.66089
       ],
       [
        12.54162,
        55.66094
       ],
       [
        12.5417,
        55.66103
       ],
       [
        12.54174,
        55.66105
       ],
       [
        12.54205,
        55.66127
       ],
       [
        12.54254,
        55.66155
       ],
       [
        12.54289,
        55.66171
       ],
       [
        12.54302,
        55.66179
       ],
       [
        12.54328,
        55.66189
       ],
       [
        12.54338,
        55.6619
       ],
       [
        12.5435,
        55.66197
       ],
       [
        12.54354,
        55.66197
       ],
       [
        12.54359,
        55.66196
       ],
       [
        12.54387,
        55.66205
       ],
       [
        12.5439,
        55.66207
       ],
       [
        12.54406,
        55.66209
       ],
       [
        12.54406,
        55.66211
       ],
       [
        12.54426,
        55.66213
       ],
       [
        12.54432,
        55.66216
       ],
       [
        12.54436,
        55.66218
       ],
       [
        12.54455,
        55.66221
       ],
       [
        12.54458,
        55.66223
       ],
       [
        12.54468,
        55.66224
       ],
       [
        12.54486,
        55.66227
       ],
       [
        12.54491,
        55.66227
       ],
       [
        12.54505,
        55.66226
       ],
       [
        12.54513,
        55.66228
       ],
       [
        12.54517,
        55.6623
       ],
       [
        12.54531,
        55.66229
       ],
       [
        12.54553,
        55.66231
       ],
       [
        12.5456,
        55.66235
       ],
       [
        12.54582,
        55.66236
       ],
       [
        12.54604,
        55.66234
       ],
       [
        12.54616,
        55.66236
       ],
       [
        12.54621,
        55.66239
       ],
       [
        12.54632,
        55.66239
       ],
       [
        12.54633,
        55.6624
       ],
       [
        12.54656,
        55.66241
       ],
       [
        12.5467,
        55.66239
       ],
       [
        12.54684,
        55.6624
       ],
       [
        12.54685,
        55.66232
       ],
       [
        12.54695,
        55.66232
       ],
       [
        12.54707,
        55.66232
       ],
       [
        12.5471,
        55.66229
       ],
       [
        12.54756,
        55.6623
       ],
       [
        12.54777,
        55.66226
       ],
       [
        12.54791,
        55.66228
       ],
       [
        12.548,
        55.66229
       ],
       [
        12.54815,
        55.6623
       ],
       [
        12.54839,
        55.6623
       ],
       [
        12.54846,
        55.66235
       ],
       [
        12.54867,
        55.66236
       ],
       [
        12.54883,
        55.66237
       ],
       [
        12.54912,
        55.66239
       ],
       [
        12.54966,
        55.66243
       ],
       [
        12.55005,
        55.66248
       ],
       [
        12.55013,
        55.66249
       ],
       [
        12.55014,
        55.66242
       ],
       [
        12.55008,
        55.6624
       ],
       [
        12.55016,
        55.66237
       ],
       [
        12.55026,
        55.66235
       ],
       [
        12.55037,
        55.66225
       ],
       [
        12.55052,
        55.66219
       ],
       [
        12.55069,
        55.66221
       ],
       [
        12.55073,
        55.66219
       ],
       [
        12.55094,
        55.66222
       ],
       [
        12.55105,
        55.66225
       ],
       [
        12.55155,
        55.66226
       ],
       [
        12.55168,
        55.66225
       ],
       [
        12.55181,
        55.66225
       ],
       [
        12.55275,
        55.6622
       ],
       [
        12.5531,
        55.66216
       ],
       [
        12.55316,
        55.66214
       ],
       [
        12.55352,
        55.66214
       ],
       [
        12.55384,
        55.6621
       ],
       [
        12.55392,
        55.6621
       ],
       [
        12.55441,
        55.66205
       ],
       [
        12.55466,
        55.66204
       ],
       [
        12.55535,
        55.66204
       ],
       [
        12.5554,
        55.66204
       ],
       [
        12.55567,
        55.66205
       ],
       [
        12.55586,
        55.66206
       ],
       [
        12.55616,
        55.66207
       ],
       [
        12.55686,
        55.66216
       ],
       [
        12.55716,
        55.66221
       ],
       [
        12.55725,
        55.66216
       ],
       [
        12.55737,
        55.66218
       ],
       [
        12.55747,
        55.66219
       ],
       [
        12.55753,
        55.66223
       ],
       [
        12.55763,
        55.66223
       ],
       [
        12.55769,
        55.66219
       ],
       [
        12.55772,
        55.66217
       ],
       [
        12.55778,
        55.66203
       ],
       [
        12.55787,
        55.66206
       ],
       [
        12.55801,
        55.66205
       ],
       [
        12.55844,
        55.66225
       ],
       [
        12.55849,
        55.66228
       ],
       [
        12.55879,
        55.66241
       ],
       [
        12.55883,
        55.66243
       ],
       [
        12.55917,
        55.66256
       ],
       [
        12.55923,
        55.6626
       ],
       [
        12.55929,
        55.66263
       ],
       [
        12.5594,
        55.66269
       ],
       [
        12.55963,
        55.66279
       ],
       [
        12.55971,
        55.66277
       ],
       [
        12.55966,
        55.6627
       ],
       [
        12.55956,
        55.66264
       ],
       [
        12.55949,
        55.66261
       ],
       [
        12.55944,
        55.66258
       ],
       [
        12.55911,
        55.66243
       ],
       [
        12.55924,
        55.66233
       ],
       [
        12.5593,
        55.66229
       ],
       [
        12.55965,
        55.66245
       ],
       [
        12.56002,
        55.66262
       ],
       [
        12.56025,
        55.66272
       ],
       [
        12.56058,
        55.66288
       ],
       [
        12.56086,
        55.663
       ],
       [
        12.56093,
        55.66304
       ],
       [
        12.56114,
        55.66313
       ],
       [
        12.56123,
        55.66315
       ],
       [
        12.56131,
        55.66309
       ],
       [
        12.5614,
        55.66308
       ],
       [
        12.56161,
        55.66313
       ],
       [
        12.56169,
        55.66318
       ],
       [
        12.56173,
        55.66323
       ],
       [
        12.56198,
        55.66321
       ],
       [
        12.56198,
        55.66323
       ],
       [
        12.56193,
        55.66333
       ],
       [
        12.56206,
        55.66335
       ],
       [
        12.56209,
        55.66337
       ],
       [
        12.56216,
        55.66339
       ],
       [
        12.56222,
        55.6634
       ],
       [
        12.56241,
        55.66342
       ],
       [
        12.56253,
        55.6635
       ],
       [
        12.56261,
        55.66352
       ],
       [
        12.56269,
        55.66354
       ],
       [
        12.56268,
        55.6636
       ],
       [
        12.56277,
        55.66366
       ],
       [
        12.56295,
        55.66368
       ],
       [
        12.56289,
        55.66375
       ],
       [
        12.56296,
        55.66376
       ],
       [
        12.56313,
        55.66375
       ],
       [
        12.56314,
        55.66375
       ],
       [
        12.56318,
        55.66379
       ],
       [
        12.56324,
        55.66381
       ],
       [
        12.56329,
        55.66383
       ],
       [
        12.5634,
        55.66388
       ],
       [
        12.56349,
        55.66393
       ],
       [
        12.56356,
        55.66397
       ],
       [
        12.56361,
        55.66399
       ],
       [
        12.564,
        55.66417
       ],
       [
        12.56417,
        55.66423
       ],
       [
        12.5642,
        55.66425
       ],
       [
        12.56424,
        55.66426
       ],
       [
        12.5643,
        55.6643
       ],
       [
        12.56443,
        55.66436
       ],
       [
        12.56454,
        55.66438
       ],
       [
        12.56457,
        55.6644
       ],
       [
        12.56473,
        55.66443
       ],
       [
        12.56475,
        55.66449
       ],
       [
        12.56468,
        55.66453
       ],
       [
        12.56477,
        55.6646
       ],
       [
        12.56501,
        55.66471
       ],
       [
        12.56504,
        55.66473
       ],
       [
        12.56519,
        55.66478
       ],
       [
        12.56526,
        55.66482
       ],
       [
        12.56532,
        55.66484
       ],
       [
        12.56536,
        55.66457
       ],
       [
        12.56542,
        55.6646
       ],
       [
        12.56575,
        55.66476
       ],
       [
        12.56596,
        55.66461
       ],
       [
        12.56621,
        55.66469
       ],
       [
        12.56623,
        55.66469
       ],
       [
        12.56623,
        55.66469
       ],
       [
        12.56667,
        55.66467
       ],
       [
        12.56672,
        55.66493
       ],
       [
        12.56824,
        55.6656
       ],
       [
        12.56825,
        55.66559
       ],
       [
        12.56827,
        55.6656
       ],
       [
        12.56837,
        55.66552
       ],
       [
        12.56867,
        55.66566
       ],
       [
        12.56857,
        55.66576
       ],
       [
        12.5704,
        55.6666
       ],
       [
        12.57028,
        55.6667
       ],
       [
        12.57042,
        55.66676
       ],
       [
        12.57055,
        55.66667
       ],
       [
        12.57081,
        55.66679
       ],
       [
        12.57084,
        55.66676
       ],
       [
        12.57087,
        55.66677
       ],
       [
        12.57099,
        55.66669
       ],
       [
        12.57126,
        55.66682
       ],
       [
        12.57117,
        55.6669
       ],
       [
        12.57116,
        55.66691
       ],
       [
        12.57116,
        55.66691
       ],
       [
        12.57114,
        55.66692
       ],
       [
        12.57166,
        55.66716
       ],
       [
        12.57166,
        55.66716
       ],
       [
        12.57174,
        55.66717
       ],
       [
        12.5735,
        55.66811
       ],
       [
        12.57318,
        55.66831
       ],
       [
        12.57307,
        55.66829
       ],
       [
        12.57304,
        55.66827
       ],
       [
        12.57293,
        55.66823
       ],
       [
        12.57275,
        55.66824
       ],
       [
        12.57265,
        55.66819
       ],
       [
        12.57262,
        55.66818
       ],
       [
        12.57252,
        55.66814
       ],
       [
        12.57242,
        55.66813
       ],
       [
        12.57229,
        55.6682
       ],
       [
        12.57229,
        55.66822
       ],
       [
        12.57233,
        55.66824
       ],
       [
        12.57239,
        55.66825
       ],
       [
        12.57245,
        55.66832
       ],
       [
        12.57248,
        55.66833
       ],
       [
        12.57248,
        55.66835
       ],
       [
        12.57251,
        55.66837
       ],
       [
        12.57252,
        55.6684
       ],
       [
        12.57252,
        55.6684
       ],
       [
        12.57252,
        55.66841
       ],
       [
        12.57248,
        55.66842
       ],
       [
        12.57245,
        55.66842
       ],
       [
        12.57232,
        55.66842
       ],
       [
        12.57229,
        55.6684
       ],
       [
        12.57215,
        55.66835
       ],
       [
        12.57212,
        55.66834
       ],
       [
        12.57209,
        55.66832
       ],
       [
        12.57205,
        55.6683
       ],
       [
        12.57199,
        55.66829
       ],
       [
        12.572,
        55.66838
       ],
       [
        12.57188,
        55.66849
       ],
       [
        12.57185,
        55.66851
       ],
       [
        12.57205,
        55.66857
       ],
       [
        12.5721,
        55.6686
       ],
       [
        12.57209,
        55.6686
       ],
       [
        12.5721,
        55.6686
       ],
       [
        12.57198,
        55.66867
       ],
       [
        12.57187,
        55.6687
       ],
       [
        12.5718,
        55.66875
       ],
       [
        12.57172,
        55.6688
       ],
       [
        12.57169,
        55.66883
       ],
       [
        12.57172,
        55.66885
       ],
       [
        12.57176,
        55.66887
       ],
       [
        12.57176,
        55.66894
       ],
       [
        12.5718,
        55.66897
       ],
       [
        12.5718,
        55.66902
       ],
       [
        12.57184,
        55.66906
       ],
       [
        12.5718,
        55.6691
       ],
       [
        12.57181,
        55.6691
       ],
       [
        12.5717,
        55.66919
       ],
       [
        12.57177,
        55.66926
       ],
       [
        12.57155,
        55.66944
       ],
       [
        12.57133,
        55.66943
       ],
       [
        12.57116,
        55.66955
       ],
       [
        12.57114,
        55.66955
       ],
       [
        12.57104,
        55.66961
       ],
       [
        12.57125,
        55.66974
       ],
       [
        12.57126,
        55.66974
       ],
       [
        12.57126,
        55.66978
       ],
       [
        12.5713,
        55.66986
       ],
       [
        12.5713,
        55.66986
       ],
       [
        12.57131,
        55.66987
       ],
       [
        12.57134,
        55.66996
       ],
       [
        12.57133,
        55.66996
       ],
       [
        12.57133,
        55.66996
       ],
       [
        12.57131,
        55.66996
       ],
       [
        12.57122,
        55.66996
       ],
       [
        12.57122,
        55.67001
       ],
       [
        12.57122,
        55.67004
       ],
       [
        12.57097,
        55.67008
       ],
       [
        12.57086,
        55.67016
       ],
       [
        12.57077,
        55.67025
       ],
       [
        12.57074,
        55.67026
       ],
       [
        12.57078,
        55.67032
       ],
       [
        12.57078,
        55.67032
       ],
       [
        12.57078,
        55.67033
       ],
       [
        12.57072,
        55.67043
       ],
       [
        12.57042,
        55.6706
       ],
       [
        12.57034,
        55.67065
       ],
       [
        12.57017,
        55.67062
       ],
       [
        12.57006,
        55.67061
       ],
       [
        12.56977,
        55.67081
       ],
       [
        12.56958,
        55.67085
       ],
       [
        12.56957,
        55.67084
       ],
       [
        12.56956,
        55.67084
       ],
       [
        12.56941,
        55.67076
       ],
       [
        12.56947,
        55.67069
       ],
       [
        12.56949,
        55.67066
       ],
       [
        12.56932,
        55.67067
       ],
       [
        12.5693,
        55.67066
       ],
       [
        12.56928,
        55.67067
       ],
       [
        12.56926,
        55.67065
       ],
       [
        12.56924,
        55.67065
       ],
       [
        12.56916,
        55.67065
       ],
       [
        12.56903,
        55.67071
       ],
       [
        12.56888,
        55.67074
       ],
       [
        12.56867,
        55.67093
       ],
       [
        12.56849,
        55.67107
       ],
       [
        12.56841,
        55.67114
       ],
       [
        12.56837,
        55.6712
       ],
       [
        12.56822,
        55.67131
       ],
       [
        12.56818,
        55.67136
       ],
       [
        12.56801,
        55.67146
       ],
       [
        12.56798,
        55.67148
       ],
       [
        12.56792,
        55.67151
       ],
       [
        12.56776,
        55.67157
       ],
       [
        12.5676,
        55.67153
       ],
       [
        12.5676,
        55.67153
       ],
       [
        12.56759,
        55.67153
       ],
       [
        12.56759,
        55.67153
       ],
       [
        12.56756,
        55.67151
       ],
       [
        12.56756,
        55.67151
       ],
       [
        12.56756,
        55.67151
       ],
       [
        12.56721,
        55.67136
       ],
       [
        12.56716,
        55.67135
       ],
       [
        12.56713,
        55.67148
       ],
       [
        12.56712,
        55.67156
       ],
       [
        12.5672,
        55.67162
       ],
       [
        12.5672,
        55.67162
       ],
       [
        12.5672,
        55.67163
       ],
       [
        12.56698,
        55.67184
       ],
       [
        12.56691,
        55.67189
       ],
       [
        12.56685,
        55.67196
       ],
       [
        12.56653,
        55.67226
       ],
       [
        12.56645,
        55.67233
       ],
       [
        12.56641,
        55.67239
       ],
       [
        12.56638,
        55.67242
       ],
       [
        12.56636,
        55.67246
       ],
       [
        12.56625,
        55.67252
       ],
       [
        12.56594,
        55.6728
       ],
       [
        12.56602,
        55.67287
       ],
       [
        12.56572,
        55.67314
       ],
       [
        12.56537,
        55.67317
       ],
       [
        12.56503,
        55.67321
       ],
       [
        12.56499,
        55.6732
       ],
       [
        12.56499,
        55.6732
       ],
       [
        12.56468,
        55.6731
       ],
       [
        12.56461,
        55.67311
       ],
       [
        12.56454,
        55.67316
       ],
       [
        12.56448,
        55.6732
       ],
       [
        12.56446,
        55.67329
       ],
       [
        12.56441,
        55.67329
       ],
       [
        12.56413,
        55.67317
       ],
       [
        12.56406,
        55.67316
       ],
       [
        12.56399,
        55.67314
       ],
       [
        12.56389,
        55.67315
       ],
       [
        12.56398,
        55.67321
       ],
       [
        12.5641,
        55.67324
       ],
       [
        12.56415,
        55.67327
       ],
       [
        12.56421,
        55.67329
       ],
       [
        12.56433,
        55.67332
       ],
       [
        12.56452,
        55.67339
       ],
       [
        12.5646,
        55.67341
       ],
       [
        12.56467,
        55.67351
       ],
       [
        12.56466,
        55.67351
       ],
       [
        12.56467,
        55.67352
       ],
       [
        12.56445,
        55.67364
       ],
       [
        12.56436,
        55.67367
       ],
       [
        12.56419,
        55.67384
       ],
       [
        12.56404,
        55.67395
       ],
       [
        12.56401,
        55.67399
       ],
       [
        12.56387,
        55.67411
       ],
       [
        12.56383,
        55.67414
       ],
       [
        12.56372,
        55.67414
       ],
       [
        12.56368,
        55.67421
       ],
       [
        12.5636,
        55.67428
       ],
       [
        12.56338,
        55.6742
       ],
       [
        12.56334,
        55.67419
       ],
       [
        12.56319,
        55.67434
       ],
       [
        12.56316,
        55.67439
       ],
       [
        12.56311,
        55.67444
       ],
       [
        12.563,
        55.67446
       ],
       [
        12.56292,
        55.67449
       ],
       [
        12.56282,
        55.67457
       ],
       [
        12.56289,
        55.67458
       ],
       [
        12.56304,
        55.67461
       ],
       [
        12.56328,
        55.67463
       ],
       [
        12.5633,
        55.67464
       ],
       [
        12.56333,
        55.67464
       ],
       [
        12.56335,
        55.67465
       ],
       [
        12.56341,
        55.67467
       ],
       [
        12.56341,
        55.67469
       ],
       [
        12.56344,
        55.67471
       ],
       [
        12.56341,
        55.67472
       ],
       [
        12.56341,
        55.67476
       ],
       [
        12.56333,
        55.67481
       ],
       [
        12.56325,
        55.67488
       ],
       [
        12.56322,
        55.67493
       ],
       [
        12.56331,
        55.675
       ],
       [
        12.56299,
        55.67531
       ],
       [
        12.56298,
        55.6753
       ],
       [
        12.56296,
        55.67532
       ],
       [
        12.56277,
        55.67525
       ],
       [
        12.56271,
        55.67531
       ],
       [
        12.56267,
        55.67535
       ],
       [
        12.56268,
        55.67539
       ],
       [
        12.56268,
        55.67542
       ],
       [
        12.56268,
        55.67542
       ],
       [
        12.56268,
        55.67542
       ],
       [
        12.56265,
        55.67546
       ],
       [
        12.56262,
        55.6755
       ],
       [
        12.56259,
        55.67554
       ],
       [
        12.56257,
        55.67557
       ],
       [
        12.5625,
        55.67559
       ],
       [
        12.56247,
        55.67561
       ],
       [
        12.56241,
        55.67563
       ],
       [
        12.56238,
        55.67565
       ],
       [
        12.56231,
        55.67567
       ],
       [
        12.56229,
        55.67573
       ],
       [
        12.56221,
        55.67571
       ],
       [
        12.5622,
        55.67572
       ],
       [
        12.56219,
        55.67588
       ],
       [
        12.56219,
        55.67594
       ],
       [
        12.56219,
        55.67595
       ],
       [
        12.56218,
        55.67602
       ],
       [
        12.5622,
        55.67612
       ],
       [
        12.56221,
        55.67613
       ],
       [
        12.56221,
        55.67614
       ],
       [
        12.56221,
        55.67614
       ],
       [
        12.56221,
        55.67622
       ],
       [
        12.56229,
        55.67662
       ],
       [
        12.56235,
        55.67673
       ],
       [
        12.56235,
        55.67673
       ],
       [
        12.56239,
        55.67684
       ],
       [
        12.5624,
        55.67685
       ],
       [
        12.56241,
        55.67686
       ],
       [
        12.56247,
        55.67697
       ],
       [
        12.56262,
        55.67724
       ],
       [
        12.56262,
        55.67724
       ],
       [
        12.56262,
        55.67724
       ],
       [
        12.56262,
        55.67728
       ],
       [
        12.56276,
        55.6774
       ],
       [
        12.56284,
        55.6775
       ],
       [
        12.56287,
        55.67753
       ],
       [
        12.56287,
        55.67754
       ],
       [
        12.56287,
        55.67754
       ],
       [
        12.56291,
        55.67763
       ],
       [
        12.56298,
        55.67771
       ],
       [
        12.56309,
        55.67785
       ],
       [
        12.56319,
        55.67796
       ],
       [
        12.56327,
        55.67803
       ],
       [
        12.56331,
        55.67808
       ],
       [
        12.56344,
        55.67819
       ],
       [
        12.56368,
        55.67836
       ],
       [
        12.56377,
        55.67843
       ],
       [
        12.56379,
        55.67845
       ],
       [
        12.56391,
        55.67852
       ],
       [
        12.56395,
        55.67853
       ],
       [
        12.56399,
        55.67856
       ],
       [
        12.56406,
        55.67861
       ],
       [
        12.56408,
        55.67862
       ],
       [
        12.56414,
        55.67865
       ],
       [
        12.56427,
        55.67863
       ],
       [
        12.56437,
        55.67859
       ],
       [
        12.56453,
        55.6786
       ],
       [
        12.56464,
        55.67863
       ],
       [
        12.56464,
        55.67868
       ],
       [
        12.5647,
        55.67871
       ],
       [
        12.56485,
        55.67863
       ],
       [
        12.56495,
        55.67868
       ],
       [
        12.56498,
        55.6787
       ],
       [
        12.5651,
        55.67877
       ],
       [
        12.5652,
        55.67876
       ],
       [
        12.56527,
        55.67879
       ],
       [
        12.56532,
        55.67885
       ],
       [
        12.56546,
        55.67888
       ],
       [
        12.56554,
        55.67891
       ],
       [
        12.56561,
        55.67895
       ],
       [
        12.56567,
        55.67897
       ],
       [
        12.56585,
        55.67902
       ],
       [
        12.56592,
        55.67913
       ],
       [
        12.56591,
        55.67921
       ],
       [
        12.56587,
        55.67921
       ],
       [
        12.56602,
        55.67927
       ],
       [
        12.56615,
        55.67936
       ],
       [
        12.56629,
        55.67945
       ],
       [
        12.5664,
        55.67955
       ],
       [
        12.56644,
        55.67958
       ],
       [
        12.56646,
        55.67959
       ],
       [
        12.56663,
        55.6797
       ],
       [
        12.56679,
        55.67973
       ],
       [
        12.5669,
        55.67982
       ],
       [
        12.56697,
        55.67985
       ],
       [
        12.56705,
        55.67994
       ],
       [
        12.5671,
        55.67999
       ],
       [
        12.56714,
        55.68002
       ],
       [
        12.56724,
        55.68005
       ],
       [
        12.56727,
        55.68009
       ],
       [
        12.56734,
        55.68014
       ],
       [
        12.56729,
        55.6802
       ],
       [
        12.56812,
        55.6808
       ],
       [
        12.56813,
        55.6808
       ],
       [
        12.56821,
        55.68082
       ],
       [
        12.5683,
        55.68092
       ],
       [
        12.56837,
        55.68095
       ],
       [
        12.5684,
        55.68099
       ],
       [
        12.56857,
        55.68113
       ],
       [
        12.56857,
        55.68113
       ],
       [
        12.56861,
        55.68115
       ],
       [
        12.56864,
        55.68118
       ],
       [
        12.56993,
        55.68212
       ],
       [
        12.56989,
        55.68211
       ],
       [
        12.56993,
        55.68214
       ],
       [
        12.56998,
        55.68216
       ],
       [
        12.57006,
        55.68227
       ],
       [
        12.57022,
        55.68236
       ],
       [
        12.57029,
        55.68242
       ],
       [
        12.57035,
        55.68243
       ],
       [
        12.57041,
        55.68242
       ],
       [
        12.57044,
        55.68244
       ],
       [
        12.57061,
        55.68249
       ],
       [
        12.57065,
        55.68257
       ],
       [
        12.57076,
        55.68265
       ],
       [
        12.57092,
        55.68271
       ],
       [
        12.57092,
        55.68271
       ],
       [
        12.57092,
        55.68271
       ],
       [
        12.57091,
        55.68279
       ],
       [
        12.57096,
        55.68279
       ],
       [
        12.57099,
        55.68278
       ],
       [
        12.57107,
        55.68281
       ],
       [
        12.57107,
        55.68282
       ],
       [
        12.57109,
        55.68283
       ],
       [
        12.57109,
        55.68284
       ],
       [
        12.57112,
        55.68289
       ],
       [
        12.57119,
        55.68294
       ],
       [
        12.57126,
        55.68299
       ],
       [
        12.57126,
        55.683
       ],
       [
        12.5713,
        55.68305
       ],
       [
        12.57149,
        55.68317
       ],
       [
        12.5715,
        55.68318
       ],
       [
        12.57163,
        55.68323
       ],
       [
        12.57163,
        55.68324
       ],
       [
        12.57163,
        55.68324
       ],
       [
        12.57163,
        55.68326
       ],
       [
        12.57165,
        55.68328
       ],
       [
        12.57165,
        55.68334
       ],
       [
        12.57165,
        55.68336
       ],
       [
        12.57162,
        55.68342
       ],
       [
        12.57165,
        55.68345
       ],
       [
        12.57169,
        55.6835
       ],
       [
        12.57174,
        55.68355
       ],
       [
        12.57184,
        55.6836
       ],
       [
        12.57183,
        55.68368
       ],
       [
        12.57184,
        55.68375
       ],
       [
        12.57183,
        55.68375
       ],
       [
        12.57212,
        55.68394
       ],
       [
        12.57211,
        55.68399
       ],
       [
        12.57212,
        55.68403
       ],
       [
        12.57212,
        55.68407
       ],
       [
        12.57213,
        55.68409
       ],
       [
        12.57227,
        55.68407
       ],
       [
        12.57235,
        55.68417
       ],
       [
        12.57226,
        55.68422
       ],
       [
        12.57224,
        55.68428
       ],
       [
        12.57221,
        55.6843
       ],
       [
        12.57218,
        55.68432
       ],
       [
        12.57211,
        55.68434
       ],
       [
        12.57193,
        55.68428
       ],
       [
        12.57192,
        55.68427
       ],
       [
        12.57178,
        55.68428
       ],
       [
        12.5716,
        55.68428
       ],
       [
        12.57155,
        55.68435
       ],
       [
        12.57144,
        55.6844
       ],
       [
        12.57131,
        55.68437
       ],
       [
        12.57125,
        55.68427
       ],
       [
        12.57122,
        55.68426
       ],
       [
        12.57112,
        55.68418
       ],
       [
        12.57071,
        55.68422
       ],
       [
        12.57064,
        55.68424
       ],
       [
        12.57061,
        55.68427
       ],
       [
        12.57065,
        55.68429
       ],
       [
        12.57074,
        55.68436
       ],
       [
        12.57097,
        55.68447
       ],
       [
        12.57089,
        55.68451
       ],
       [
        12.57096,
        55.68453
       ],
       [
        12.57104,
        55.68453
       ],
       [
        12.57116,
        55.68463
       ],
       [
        12.57116,
        55.6847
       ],
       [
        12.57147,
        55.68493
       ],
       [
        12.57144,
        55.68495
       ],
       [
        12.57134,
        55.68497
       ],
       [
        12.57121,
        55.68506
       ],
       [
        12.57104,
        55.6851
       ],
       [
        12.57057,
        55.68523
       ],
       [
        12.57044,
        55.68516
       ],
       [
        12.57033,
        55.68517
       ],
       [
        12.57016,
        55.68516
       ],
       [
        12.57004,
        55.68524
       ],
       [
        12.57018,
        55.68527
       ],
       [
        12.57023,
        55.68533
       ],
       [
        12.5703,
        55.68539
       ],
       [
        12.57027,
        55.68542
       ],
       [
        12.57015,
        55.68545
       ],
       [
        12.57006,
        55.68549
       ],
       [
        12.56968,
        55.68558
       ],
       [
        12.56957,
        55.68562
       ],
       [
        12.56923,
        55.6857
       ],
       [
        12.56917,
        55.68569
       ],
       [
        12.56918,
        55.68572
       ],
       [
        12.56924,
        55.68576
       ],
       [
        12.56913,
        55.68585
       ],
       [
        12.56915,
        55.6859
       ],
       [
        12.56926,
        55.68598
       ],
       [
        12.56931,
        55.68604
       ],
       [
        12.56916,
        55.68604
       ],
       [
        12.56909,
        55.68606
       ],
       [
        12.56894,
        55.686
       ],
       [
        12.56882,
        55.68602
       ],
       [
        12.5689,
        55.68615
       ],
       [
        12.56878,
        55.6862
       ],
       [
        12.56879,
        55.68624
       ],
       [
        12.56876,
        55.68632
       ],
       [
        12.56874,
        55.68643
       ],
       [
        12.56887,
        55.68644
       ],
       [
        12.5689,
        55.6865
       ],
       [
        12.56881,
        55.6865
       ],
       [
        12.56875,
        55.68652
       ],
       [
        12.56868,
        55.68654
       ],
       [
        12.56858,
        55.68659
       ],
       [
        12.56846,
        55.68651
       ],
       [
        12.56846,
        55.68647
       ],
       [
        12.56845,
        55.68635
       ],
       [
        12.56835,
        55.68632
       ],
       [
        12.56825,
        55.68627
       ],
       [
        12.56807,
        55.68634
       ],
       [
        12.56801,
        55.68638
       ],
       [
        12.56794,
        55.6864
       ],
       [
        12.56776,
        55.6865
       ],
       [
        12.56764,
        55.68653
       ],
       [
        12.56764,
        55.68659
       ],
       [
        12.56765,
        55.68662
       ],
       [
        12.56737,
        55.68678
       ],
       [
        12.56731,
        55.68678
       ],
       [
        12.56725,
        55.68682
       ],
       [
        12.56713,
        55.68685
       ],
       [
        12.56709,
        55.68687
       ],
       [
        12.56688,
        55.68707
       ],
       [
        12.56679,
        55.68705
       ],
       [
        12.56667,
        55.68705
       ],
       [
        12.56659,
        55.68698
       ],
       [
        12.56662,
        55.68694
       ],
       [
        12.56671,
        55.68689
       ],
       [
        12.56671,
        55.68683
       ],
       [
        12.5668,
        55.68679
       ],
       [
        12.56693,
        55.68679
       ],
       [
        12.56695,
        55.68673
       ],
       [
        12.56707,
        55.68666
       ],
       [
        12.56704,
        55.68664
       ],
       [
        12.56697,
        55.68663
       ],
       [
        12.56685,
        55.68656
       ],
       [
        12.56671,
        55.68654
       ],
       [
        12.56668,
        55.68653
       ],
       [
        12.56655,
        55.68651
       ],
       [
        12.56645,
        55.68646
       ],
       [
        12.56633,
        55.68646
       ],
       [
        12.56623,
        55.68649
       ],
       [
        12.56614,
        55.68652
       ],
       [
        12.56598,
        55.68656
       ],
       [
        12.56588,
        55.68666
       ],
       [
        12.56579,
        55.68659
       ],
       [
        12.56576,
        55.68655
       ],
       [
        12.56566,
        55.68648
       ],
       [
        12.5655,
        55.68635
       ],
       [
        12.56529,
        55.68625
       ],
       [
        12.56524,
        55.6862
       ],
       [
        12.56508,
        55.68634
       ],
       [
        12.56489,
        55.68645
       ],
       [
        12.5649,
        55.68654
       ],
       [
        12.56486,
        55.68662
       ],
       [
        12.56313,
        55.68724
       ],
       [
        12.56301,
        55.68717
       ],
       [
        12.56298,
        55.68712
       ],
       [
        12.56294,
        55.6871
       ],
       [
        12.56293,
        55.68709
       ],
       [
        12.56285,
        55.68711
       ],
       [
        12.56271,
        55.68713
       ],
       [
        12.56267,
        55.68722
       ],
       [
        12.56261,
        55.68726
       ],
       [
        12.56259,
        55.68735
       ],
       [
        12.56266,
        55.68742
       ],
       [
        12.56262,
        55.68744
       ],
       [
        12.56259,
        55.68746
       ],
       [
        12.56253,
        55.68748
       ],
       [
        12.56247,
        55.68748
       ],
       [
        12.56231,
        55.6875
       ],
       [
        12.56219,
        55.68757
       ],
       [
        12.5621,
        55.68761
       ],
       [
        12.56206,
        55.68767
       ],
       [
        12.56195,
        55.68758
       ],
       [
        12.5616,
        55.6877
       ],
       [
        12.56161,
        55.68782
       ],
       [
        12.56145,
        55.68787
       ],
       [
        12.56139,
        55.68789
       ],
       [
        12.56148,
        55.68797
       ],
       [
        12.56159,
        55.688
       ],
       [
        12.5617,
        55.68807
       ],
       [
        12.56176,
        55.68809
       ],
       [
        12.5618,
        55.68817
       ],
       [
        12.56181,
        55.68823
       ],
       [
        12.5619,
        55.68834
       ],
       [
        12.56204,
        55.68838
       ],
       [
        12.56221,
        55.68852
       ],
       [
        12.56204,
        55.68857
       ],
       [
        12.56197,
        55.68866
       ],
       [
        12.56188,
        55.6887
       ],
       [
        12.56189,
        55.68877
       ],
       [
        12.56195,
        55.6888
       ],
       [
        12.56202,
        55.68886
       ],
       [
        12.56204,
        55.68886
       ],
       [
        12.56186,
        55.689
       ],
       [
        12.56192,
        55.68908
       ],
       [
        12.56192,
        55.68912
       ],
       [
        12.56167,
        55.68919
       ],
       [
        12.56164,
        55.68925
       ],
       [
        12.56155,
        55.68928
       ],
       [
        12.56146,
        55.68932
       ],
       [
        12.56116,
        55.68935
       ],
       [
        12.56123,
        55.68948
       ],
       [
        12.5611,
        55.68948
       ],
       [
        12.56092,
        55.68952
       ],
       [
        12.56086,
        55.68939
       ],
       [
        12.56068,
        55.6894
       ],
       [
        12.56064,
        55.68945
       ],
       [
        12.56061,
        55.68947
       ],
       [
        12.56059,
        55.68955
       ],
       [
        12.56054,
        55.68958
       ],
       [
        12.56011,
        55.68956
       ],
       [
        12.56069,
        55.69032
       ],
       [
        12.56102,
        55.69104
       ],
       [
        12.56029,
        55.69124
       ],
       [
        12.55941,
        55.69188
       ],
       [
        12.55827,
        55.69233
       ],
       [
        12.56112,
        55.69422
       ],
       [
        12.56143,
        55.69609
       ],
       [
        12.56133,
        55.69608
       ],
       [
        12.56132,
        55.69607
       ],
       [
        12.56123,
        55.69605
       ],
       [
        12.56122,
        55.69604
       ],
       [
        12.56112,
        55.69604
       ],
       [
        12.56112,
        55.69607
       ],
       [
        12.56107,
        55.69607
       ],
       [
        12.56108,
        55.6961
       ],
       [
        12.56103,
        55.6961
       ],
       [
        12.56103,
        55.69613
       ],
       [
        12.56098,
        55.69613
       ],
       [
        12.56098,
        55.69619
       ],
       [
        12.56088,
        55.69619
       ],
       [
        12.56088,
        55.69623
       ],
       [
        12.56098,
        55.69624
       ],
       [
        12.561,
        55.69639
       ],
       [
        12.56081,
        55.69642
       ],
       [
        12.5603,
        55.69661
       ],
       [
        12.56011,
        55.69662
       ],
       [
        12.55966,
        55.69674
       ],
       [
        12.55944,
        55.69674
       ],
       [
        12.55906,
        55.69684
       ],
       [
        12.55885,
        55.69691
       ],
       [
        12.55831,
        55.69703
       ],
       [
        12.55819,
        55.69697
       ],
       [
        12.55798,
        55.69689
       ],
       [
        12.5579,
        55.69687
       ],
       [
        12.55786,
        55.69685
       ],
       [
        12.55782,
        55.69688
       ],
       [
        12.55778,
        55.6969
       ],
       [
        12.55774,
        55.69696
       ],
       [
        12.55786,
        55.69702
       ],
       [
        12.55763,
        55.69704
       ],
       [
        12.55757,
        55.69708
       ],
       [
        12.55755,
        55.69719
       ],
       [
        12.55763,
        55.69721
       ],
       [
        12.55762,
        55.69728
       ],
       [
        12.55743,
        55.6973
       ],
       [
        12.55741,
        55.69732
       ],
       [
        12.5573,
        55.69734
       ],
       [
        12.55725,
        55.69731
       ],
       [
        12.55717,
        55.6973
       ],
       [
        12.55715,
        55.69728
       ],
       [
        12.55707,
        55.69727
       ],
       [
        12.55704,
        55.69726
       ],
       [
        12.55692,
        55.69725
       ],
       [
        12.55689,
        55.69731
       ],
       [
        12.55682,
        55.69732
       ],
       [
        12.55682,
        55.69724
       ],
       [
        12.55675,
        55.69715
       ],
       [
        12.55662,
        55.69714
       ],
       [
        12.55639,
        55.6971
       ],
       [
        12.55631,
        55.69708
       ],
       [
        12.55617,
        55.69706
       ],
       [
        12.55607,
        55.69704
       ],
       [
        12.55598,
        55.69706
       ],
       [
        12.55596,
        55.69708
       ],
       [
        12.55593,
        55.69709
       ],
       [
        12.55591,
        55.69713
       ],
       [
        12.55582,
        55.69714
       ],
       [
        12.55582,
        55.69719
       ],
       [
        12.55564,
        55.69721
       ],
       [
        12.55559,
        55.69734
       ],
       [
        12.55551,
        55.69735
       ],
       [
        12.5555,
        55.69736
       ],
       [
        12.55546,
        55.69753
       ],
       [
        12.55545,
        55.69764
       ],
       [
        12.55543,
        55.69772
       ],
       [
        12.55542,
        55.69787
       ],
       [
        12.55539,
        55.69791
       ],
       [
        12.55538,
        55.698
       ],
       [
        12.55543,
        55.69802
       ],
       [
        12.55546,
        55.69812
       ],
       [
        12.5554,
        55.69814
       ],
       [
        12.55543,
        55.69823
       ],
       [
        12.55539,
        55.6984
       ],
       [
        12.55524,
        55.69848
       ],
       [
        12.55512,
        55.69852
       ],
       [
        12.55509,
        55.69855
       ],
       [
        12.55509,
        55.69857
       ],
       [
        12.55503,
        55.69858
       ],
       [
        12.55498,
        55.69863
       ],
       [
        12.5549,
        55.69864
       ],
       [
        12.55488,
        55.69866
       ],
       [
        12.55481,
        55.69869
       ],
       [
        12.55474,
        55.69868
       ],
       [
        12.55474,
        55.6987
       ],
       [
        12.55464,
        55.6987
       ],
       [
        12.5546,
        55.69871
       ],
       [
        12.55458,
        55.69875
       ],
       [
        12.5545,
        55.69877
       ],
       [
        12.55448,
        55.69879
       ],
       [
        12.55445,
        55.6988
       ],
       [
        12.55444,
        55.69882
       ],
       [
        12.55435,
        55.69883
       ],
       [
        12.55433,
        55.69887
       ],
       [
        12.5543,
        55.69888
       ],
       [
        12.55426,
        55.6989
       ],
       [
        12.554,
        55.69911
       ],
       [
        12.55399,
        55.69912
       ],
       [
        12.55396,
        55.69912
       ],
       [
        12.55397,
        55.69915
       ],
       [
        12.55392,
        55.69915
       ],
       [
        12.55383,
        55.69921
       ],
       [
        12.5537,
        55.6993
       ],
       [
        12.55368,
        55.69931
       ],
       [
        12.55366,
        55.69933
       ],
       [
        12.55358,
        55.69934
       ],
       [
        12.55356,
        55.6994
       ],
       [
        12.5534,
        55.69953
       ],
       [
        12.55191,
        55.70054
       ],
       [
        12.55185,
        55.70057
       ],
       [
        12.55176,
        55.70053
       ],
       [
        12.55165,
        55.70047
       ],
       [
        12.55155,
        55.70042
       ],
       [
        12.55135,
        55.70032
       ],
       [
        12.55122,
        55.70034
       ],
       [
        12.5511,
        55.70038
       ],
       [
        12.55103,
        55.70037
       ],
       [
        12.551,
        55.70033
       ],
       [
        12.55087,
        55.70026
       ],
       [
        12.55083,
        55.70029
       ],
       [
        12.55069,
        55.70038
       ],
       [
        12.55053,
        55.70038
       ],
       [
        12.55048,
        55.7003
       ],
       [
        12.55038,
        55.70022
       ],
       [
        12.55035,
        55.70017
       ],
       [
        12.55018,
        55.70009
       ],
       [
        12.55013,
        55.70004
       ],
       [
        12.54998,
        55.69993
       ],
       [
        12.54982,
        55.69989
       ],
       [
        12.54977,
        55.69983
       ],
       [
        12.5498,
        55.69977
       ],
       [
        12.54979,
        55.6997
       ],
       [
        12.54986,
        55.69968
       ],
       [
        12.54985,
        55.69963
       ],
       [
        12.54988,
        55.69959
       ],
       [
        12.54987,
        55.69948
       ],
       [
        12.54975,
        55.69944
       ],
       [
        12.5495,
        55.69958
       ],
       [
        12.54935,
        55.69956
       ],
       [
        12.54925,
        55.69963
       ],
       [
        12.54905,
        55.69955
       ],
       [
        12.54904,
        55.69951
       ],
       [
        12.5492,
        55.6995
       ],
       [
        12.54941,
        55.69935
       ],
       [
        12.54937,
        55.69928
       ],
       [
        12.54931,
        55.69923
       ],
       [
        12.54949,
        55.69917
       ],
       [
        12.54915,
        55.69891
       ],
       [
        12.54905,
        55.69891
       ],
       [
        12.54896,
        55.6989
       ],
       [
        12.54889,
        55.6989
       ],
       [
        12.54886,
        55.69888
       ],
       [
        12.54883,
        55.69887
       ],
       [
        12.54878,
        55.69884
       ],
       [
        12.54843,
        55.69897
       ],
       [
        12.54842,
        55.69896
       ],
       [
        12.54837,
        55.69898
       ],
       [
        12.54817,
        55.69901
       ],
       [
        12.54807,
        55.69899
       ],
       [
        12.54798,
        55.69899
       ],
       [
        12.54794,
        55.69896
       ],
       [
        12.5479,
        55.69887
       ],
       [
        12.54777,
        55.6988
       ],
       [
        12.54781,
        55.69872
       ],
       [
        12.54787,
        55.69868
       ],
       [
        12.54791,
        55.69865
       ],
       [
        12.54807,
        55.69859
       ],
       [
        12.54803,
        55.69856
       ],
       [
        12.54791,
        55.69856
       ],
       [
        12.54781,
        55.69853
       ],
       [
        12.54774,
        55.69851
       ],
       [
        12.54771,
        55.69846
       ],
       [
        12.54762,
        55.69844
       ],
       [
        12.5475,
        55.69833
       ],
       [
        12.54754,
        55.69827
       ],
       [
        12.54765,
        55.69824
       ],
       [
        12.54765,
        55.69818
       ],
       [
        12.54752,
        55.69816
       ],
       [
        12.54747,
        55.69808
       ],
       [
        12.54732,
        55.69803
       ],
       [
        12.54719,
        55.69807
       ],
       [
        12.5471,
        55.69798
       ],
       [
        12.54695,
        55.69789
       ],
       [
        12.5469,
        55.69778
       ],
       [
        12.54676,
        55.6978
       ],
       [
        12.54673,
        55.69784
       ],
       [
        12.54665,
        55.69789
       ],
       [
        12.54619,
        55.69821
       ],
       [
        12.54563,
        55.69855
       ],
       [
        12.54551,
        55.69844
       ],
       [
        12.54554,
        55.69839
       ],
       [
        12.54533,
        55.69821
       ],
       [
        12.54531,
        55.69812
       ],
       [
        12.54544,
        55.69806
       ],
       [
        12.54556,
        55.69802
       ],
       [
        12.54578,
        55.69787
       ],
       [
        12.5458,
        55.69781
       ],
       [
        12.5459,
        55.69779
       ],
       [
        12.54611,
        55.69766
       ],
       [
        12.546,
        55.69763
       ],
       [
        12.54585,
        55.69759
       ],
       [
        12.54577,
        55.69751
       ],
       [
        12.54569,
        55.69745
       ],
       [
        12.54578,
        55.69739
       ],
       [
        12.54588,
        55.69733
       ],
       [
        12.54583,
        55.69727
       ],
       [
        12.54572,
        55.69721
       ],
       [
        12.54557,
        55.69715
       ],
       [
        12.54552,
        55.69712
       ],
       [
        12.54545,
        55.69711
       ],
       [
        12.54539,
        55.69707
       ],
       [
        12.54532,
        55.69704
       ],
       [
        12.54522,
        55.69699
       ],
       [
        12.54515,
        55.69701
       ],
       [
        12.54513,
        55.69703
       ],
       [
        12.54504,
        55.69708
       ],
       [
        12.54507,
        55.6971
       ],
       [
        12.5452,
        55.69716
       ],
       [
        12.54516,
        55.69726
       ],
       [
        12.54511,
        55.69724
       ],
       [
        12.54494,
        55.69717
       ],
       [
        12.54482,
        55.6972
       ],
       [
        12.54474,
        55.69727
       ],
       [
        12.54472,
        55.69727
       ],
       [
        12.5447,
        55.69728
       ],
       [
        12.54464,
        55.69728
       ],
       [
        12.54461,
        55.69731
       ],
       [
        12.54458,
        55.69737
       ],
       [
        12.54453,
        55.69744
       ],
       [
        12.54458,
        55.69747
       ],
       [
        12.54463,
        55.69749
       ],
       [
        12.54464,
        55.69752
       ],
       [
        12.54465,
        55.69752
       ],
       [
        12.54467,
        55.69756
       ],
       [
        12.54473,
        55.69762
       ],
       [
        12.54474,
        55.69767
       ],
       [
        12.54475,
        55.69776
       ],
       [
        12.54463,
        55.69774
       ],
       [
        12.54458,
        55.69769
       ],
       [
        12.54451,
        55.69767
       ],
       [
        12.54449,
        55.69768
       ],
       [
        12.54448,
        55.69767
       ],
       [
        12.54448,
        55.69767
       ],
       [
        12.54423,
        55.69745
       ],
       [
        12.54406,
        55.6975
       ],
       [
        12.54397,
        55.69755
       ],
       [
        12.54379,
        55.69766
       ],
       [
        12.54356,
        55.69784
       ],
       [
        12.54349,
        55.69789
       ],
       [
        12.54345,
        55.69791
       ],
       [
        12.54342,
        55.69792
       ],
       [
        12.54339,
        55.69794
       ],
       [
        12.54324,
        55.69806
       ],
       [
        12.54302,
        55.6982
       ],
       [
        12.54282,
        55.69832
       ],
       [
        12.54276,
        55.69836
       ],
       [
        12.5427,
        55.6984
       ],
       [
        12.54261,
        55.69845
       ],
       [
        12.54255,
        55.69851
       ],
       [
        12.54244,
        55.69857
       ],
       [
        12.54231,
        55.69868
       ],
       [
        12.54228,
        55.69869
       ],
       [
        12.54223,
        55.69873
       ],
       [
        12.54213,
        55.69877
       ],
       [
        12.54201,
        55.69885
       ],
       [
        12.54189,
        55.69892
       ],
       [
        12.54179,
        55.69902
       ],
       [
        12.54159,
        55.69915
       ],
       [
        12.54139,
        55.69915
       ],
       [
        12.54124,
        55.69916
       ],
       [
        12.54108,
        55.6991
       ],
       [
        12.54106,
        55.6991
       ],
       [
        12.54067,
        55.69907
       ],
       [
        12.54047,
        55.69907
       ],
       [
        12.54047,
        55.6991
       ],
       [
        12.54048,
        55.69911
       ],
       [
        12.54048,
        55.69912
       ],
       [
        12.54048,
        55.69916
       ],
       [
        12.54049,
        55.69917
       ],
       [
        12.54051,
        55.69918
       ],
       [
        12.54061,
        55.69925
       ],
       [
        12.54068,
        55.69928
       ],
       [
        12.54071,
        55.69931
       ],
       [
        12.54071,
        55.69931
       ],
       [
        12.54081,
        55.69935
       ],
       [
        12.54082,
        55.69937
       ],
       [
        12.54085,
        55.69938
       ],
       [
        12.54084,
        55.69939
       ],
       [
        12.54085,
        55.69939
       ],
       [
        12.54078,
        55.69943
       ],
       [
        12.54067,
        55.6995
       ],
       [
        12.54061,
        55.69954
       ],
       [
        12.54055,
        55.69957
       ],
       [
        12.5405,
        55.69964
       ],
       [
        12.54043,
        55.69968
       ],
       [
        12.5404,
        55.6997
       ],
       [
        12.54036,
        55.69976
       ],
       [
        12.54031,
        55.69976
       ],
       [
        12.54026,
        55.69976
       ],
       [
        12.54025,
        55.69977
       ],
       [
        12.5401,
        55.69991
       ],
       [
        12.54011,
        55.69997
       ],
       [
        12.54012,
        55.70005
       ],
       [
        12.53999,
        55.70009
       ],
       [
        12.53993,
        55.70011
       ],
       [
        12.53977,
        55.70019
       ],
       [
        12.53965,
        55.70023
       ],
       [
        12.53961,
        55.70026
       ],
       [
        12.53949,
        55.70032
       ],
       [
        12.53947,
        55.70033
       ],
       [
        12.53946,
        55.70034
       ],
       [
        12.53938,
        55.70038
       ],
       [
        12.53926,
        55.70044
       ],
       [
        12.53911,
        55.70051
       ],
       [
        12.53889,
        55.70059
       ],
       [
        12.53883,
        55.70061
       ],
       [
        12.53869,
        55.70067
       ],
       [
        12.53848,
        55.70075
       ],
       [
        12.53834,
        55.70082
       ],
       [
        12.53829,
        55.70086
       ],
       [
        12.53823,
        55.70088
       ],
       [
        12.5382,
        55.7009
       ],
       [
        12.53819,
        55.7009
       ],
       [
        12.53815,
        55.70092
       ],
       [
        12.53797,
        55.70098
       ],
       [
        12.53794,
        55.701
       ],
       [
        12.5376,
        55.70103
       ],
       [
        12.53756,
        55.70108
       ],
       [
        12.53737,
        55.7011
       ],
       [
        12.53735,
        55.70114
       ],
       [
        12.53701,
        55.70115
       ],
       [
        12.5369,
        55.70117
       ],
       [
        12.53656,
        55.70123
       ],
       [
        12.53644,
        55.70126
       ],
       [
        12.53596,
        55.70134
       ],
       [
        12.53578,
        55.7014
       ],
       [
        12.53553,
        55.70144
       ],
       [
        12.53518,
        55.70151
       ],
       [
        12.53473,
        55.70158
       ],
       [
        12.53451,
        55.70163
       ],
       [
        12.53418,
        55.7017
       ],
       [
        12.5341,
        55.7017
       ],
       [
        12.53371,
        55.70178
       ],
       [
        12.53362,
        55.7018
       ],
       [
        12.53337,
        55.70186
       ],
       [
        12.53318,
        55.70191
       ],
       [
        12.53312,
        55.70193
       ],
       [
        12.533,
        55.70196
       ],
       [
        12.5326,
        55.70212
       ],
       [
        12.53233,
        55.70222
       ],
       [
        12.53217,
        55.7023
       ],
       [
        12.53203,
        55.70235
       ],
       [
        12.53183,
        55.70244
       ],
       [
        12.5314,
        55.70261
       ],
       [
        12.53124,
        55.70266
       ],
       [
        12.53103,
        55.70276
       ],
       [
        12.53094,
        55.7028
       ],
       [
        12.53084,
        55.70284
       ],
       [
        12.5306,
        55.70293
       ],
       [
        12.53051,
        55.70297
       ],
       [
        12.53044,
        55.70299
       ],
       [
        12.53034,
        55.70304
       ],
       [
        12.53017,
        55.70309
       ],
       [
        12.53014,
        55.70311
       ],
       [
        12.53001,
        55.70315
       ],
       [
        12.52987,
        55.70321
       ],
       [
        12.52958,
        55.70332
       ],
       [
        12.52952,
        55.70334
       ],
       [
        12.5294,
        55.70338
       ],
       [
        12.52934,
        55.70338
       ],
       [
        12.52932,
        55.70339
       ],
       [
        12.52929,
        55.70335
       ],
       [
        12.52911,
        55.70319
       ],
       [
        12.529,
        55.7032
       ],
       [
        12.52892,
        55.7032
       ],
       [
        12.52878,
        55.7032
       ],
       [
        12.52878,
        55.7032
       ],
       [
        12.52878,
        55.7032
       ],
       [
        12.52874,
        55.70317
       ],
       [
        12.52864,
        55.70308
       ],
       [
        12.52864,
        55.70308
       ],
       [
        12.5286,
        55.70299
       ],
       [
        12.52854,
        55.70298
       ],
       [
        12.52849,
        55.70297
       ],
       [
        12.52848,
        55.70296
       ],
       [
        12.52848,
        55.70296
       ],
       [
        12.52832,
        55.70283
       ],
       [
        12.52826,
        55.70278
       ],
       [
        12.52829,
        55.70274
       ],
       [
        12.52819,
        55.70266
       ],
       [
        12.528,
        55.70251
       ],
       [
        12.52804,
        55.70246
       ],
       [
        12.52811,
        55.7024
       ],
       [
        12.52795,
        55.7023
       ],
       [
        12.52764,
        55.70205
       ],
       [
        12.52758,
        55.702
       ],
       [
        12.52755,
        55.70196
       ],
       [
        12.52751,
        55.70193
       ],
       [
        12.52745,
        55.70187
       ],
       [
        12.52742,
        55.70185
       ],
       [
        12.52737,
        55.7018
       ],
       [
        12.5272,
        55.70169
       ],
       [
        12.52714,
        55.70163
       ],
       [
        12.52705,
        55.70153
       ],
       [
        12.52691,
        55.70153
       ],
       [
        12.52677,
        55.70155
       ],
       [
        12.52651,
        55.70172
       ],
       [
        12.52651,
        55.70172
       ],
       [
        12.52649,
        55.70174
       ],
       [
        12.52643,
        55.70172
       ],
       [
        12.52635,
        55.70172
       ],
       [
        12.52626,
        55.7018
       ],
       [
        12.52617,
        55.70192
       ],
       [
        12.52594,
        55.70203
       ],
       [
        12.52582,
        55.70194
       ],
       [
        12.52582,
        55.70194
       ],
       [
        12.52582,
        55.70194
       ],
       [
        12.52586,
        55.70189
       ],
       [
        12.52585,
        55.70182
       ],
       [
        12.52581,
        55.70178
       ],
       [
        12.52578,
        55.7018
       ],
       [
        12.52564,
        55.70189
       ],
       [
        12.52554,
        55.70183
       ],
       [
        12.5255,
        55.70182
       ],
       [
        12.5255,
        55.7018
       ],
       [
        12.52549,
        55.7018
       ],
       [
        12.52549,
        55.70179
       ],
       [
        12.52549,
        55.70178
       ],
       [
        12.52557,
        55.70169
       ],
       [
        12.52542,
        55.70161
       ],
       [
        12.52535,
        55.70159
       ],
       [
        12.5253,
        55.70157
       ],
       [
        12.52515,
        55.70149
       ],
       [
        12.52515,
        55.70149
       ],
       [
        12.52515,
        55.70149
       ],
       [
        12.52515,
        55.70145
       ],
       [
        12.52501,
        55.70142
       ],
       [
        12.52482,
        55.70132
       ],
       [
        12.52475,
        55.7013
       ],
       [
        12.52451,
        55.70129
       ],
       [
        12.5245,
        55.70128
       ],
       [
        12.5245,
        55.70128
       ],
       [
        12.5245,
        55.70128
       ],
       [
        12.5244,
        55.7012
       ],
       [
        12.52442,
        55.70119
       ],
       [
        12.52442,
        55.70118
       ],
       [
        12.52446,
        55.70116
       ],
       [
        12.52448,
        55.70113
       ],
       [
        12.52451,
        55.7011
       ],
       [
        12.52453,
        55.70107
       ],
       [
        12.52454,
        55.70105
       ],
       [
        12.52456,
        55.70105
       ],
       [
        12.5246,
        55.70102
       ],
       [
        12.52461,
        55.701
       ],
       [
        12.52463,
        55.70098
       ],
       [
        12.52472,
        55.70092
       ],
       [
        12.52476,
        55.70089
       ],
       [
        12.52477,
        55.70087
       ],
       [
        12.52479,
        55.70085
       ],
       [
        12.52483,
        55.70082
       ],
       [
        12.52485,
        55.70079
       ],
       [
        12.52486,
        55.70077
       ],
       [
        12.52488,
        55.70077
       ],
       [
        12.52491,
        55.70075
       ],
       [
        12.52495,
        55.70072
       ],
       [
        12.52499,
        55.7007
       ],
       [
        12.52503,
        55.70066
       ],
       [
        12.52501,
        55.70065
       ],
       [
        12.52491,
        55.70063
       ],
       [
        12.52482,
        55.7006
       ],
       [
        12.52475,
        55.70058
       ],
       [
        12.52469,
        55.70055
       ],
       [
        12.52462,
        55.70053
       ],
       [
        12.52455,
        55.7005
       ],
       [
        12.52449,
        55.70048
       ],
       [
        12.52445,
        55.70045
       ],
       [
        12.52432,
        55.70043
       ],
       [
        12.52432,
        55.70041
       ],
       [
        12.52427,
        55.70034
       ],
       [
        12.52405,
        55.70026
       ],
       [
        12.52383,
        55.70017
       ],
       [
        12.52382,
        55.70017
       ],
       [
        12.52366,
        55.70011
       ],
       [
        12.52359,
        55.7001
       ],
       [
        12.52342,
        55.70002
       ],
       [
        12.52338,
        55.70002
       ],
       [
        12.52336,
        55.70001
       ],
       [
        12.52327,
        55.70005
       ],
       [
        12.52321,
        55.70009
       ],
       [
        12.52307,
        55.70017
       ],
       [
        12.52297,
        55.70027
       ],
       [
        12.52302,
        55.70035
       ],
       [
        12.52321,
        55.70042
       ],
       [
        12.52369,
        55.7006
       ],
       [
        12.52388,
        55.70067
       ],
       [
        12.52388,
        55.70067
       ],
       [
        12.5239,
        55.70068
       ],
       [
        12.52388,
        55.7007
       ],
       [
        12.52389,
        55.70072
       ],
       [
        12.52385,
        55.70072
       ],
       [
        12.52385,
        55.70072
       ],
       [
        12.52374,
        55.70072
       ],
       [
        12.52369,
        55.70076
       ],
       [
        12.52355,
        55.70073
       ],
       [
        12.52352,
        55.70071
       ],
       [
        12.52335,
        55.70064
       ],
       [
        12.52332,
        55.70063
       ],
       [
        12.52322,
        55.70059
       ],
       [
        12.52316,
        55.70056
       ],
       [
        12.52309,
        55.70054
       ],
       [
        12.52302,
        55.70053
       ],
       [
        12.52294,
        55.70048
       ],
       [
        12.52275,
        55.70041
       ],
       [
        12.52247,
        55.70065
       ],
       [
        12.52242,
        55.70071
       ],
       [
        12.52234,
        55.70071
       ],
       [
        12.52229,
        55.70068
       ],
       [
        12.52221,
        55.70064
       ],
       [
        12.52211,
        55.70062
       ],
       [
        12.52186,
        55.70053
       ],
       [
        12.52185,
        55.70052
       ],
       [
        12.52178,
        55.70053
       ],
       [
        12.52176,
        55.70052
       ],
       [
        12.52175,
        55.70052
       ],
       [
        12.52171,
        55.70051
       ],
       [
        12.52159,
        55.70048
       ],
       [
        12.52148,
        55.7005
       ],
       [
        12.52086,
        55.70106
       ],
       [
        12.52065,
        55.70104
       ],
       [
        12.52049,
        55.70103
       ],
       [
        12.52041,
        55.7011
       ],
       [
        12.52039,
        55.70113
       ],
       [
        12.52038,
        55.70113
       ],
       [
        12.52034,
        55.70116
       ],
       [
        12.52027,
        55.70114
       ],
       [
        12.52,
        55.7011
       ],
       [
        12.51961,
        55.70097
       ],
       [
        12.5196,
        55.70097
       ],
       [
        12.51959,
        55.70096
       ],
       [
        12.51922,
        55.70062
       ],
       [
        12.51916,
        55.70059
       ],
       [
        12.51911,
        55.70058
       ],
       [
        12.51884,
        55.70032
       ],
       [
        12.5188,
        55.70029
       ],
       [
        12.51872,
        55.70021
       ],
       [
        12.51872,
        55.70021
       ],
       [
        12.51871,
        55.7002
       ],
       [
        12.51876,
        55.70017
       ],
       [
        12.51875,
        55.70009
       ],
       [
        12.51874,
        55.70006
       ],
       [
        12.51869,
        55.70005
       ],
       [
        12.51859,
        55.70004
       ],
       [
        12.51852,
        55.70004
       ],
       [
        12.51843,
        55.69997
       ],
       [
        12.51824,
        55.69998
       ],
       [
        12.51818,
        55.69981
       ],
       [
        12.51816,
        55.69978
       ],
       [
        12.5181,
        55.69971
       ],
       [
        12.51796,
        55.69972
       ],
       [
        12.51793,
        55.69971
       ],
       [
        12.51791,
        55.69971
       ],
       [
        12.5179,
        55.69971
       ],
       [
        12.51787,
        55.6997
       ],
       [
        12.51784,
        55.69967
       ],
       [
        12.51783,
        55.69967
       ],
       [
        12.51782,
        55.69965
       ],
       [
        12.51782,
        55.69965
       ],
       [
        12.51778,
        55.69958
       ],
       [
        12.51763,
        55.69956
       ],
       [
        12.51757,
        55.69952
       ],
       [
        12.51755,
        55.69951
       ],
       [
        12.51753,
        55.69949
       ],
       [
        12.51752,
        55.69948
       ],
       [
        12.51751,
        55.69947
       ],
       [
        12.51747,
        55.69942
       ],
       [
        12.51745,
        55.69942
       ],
       [
        12.51732,
        55.69941
       ],
       [
        12.51729,
        55.69938
       ],
       [
        12.51724,
        55.69936
       ],
       [
        12.51703,
        55.69937
       ],
       [
        12.51703,
        55.69936
       ],
       [
        12.51702,
        55.69936
       ],
       [
        12.51702,
        55.69925
       ],
       [
        12.51702,
        55.69923
       ],
       [
        12.51669,
        55.69891
       ],
       [
        12.51659,
        55.69889
       ],
       [
        12.51656,
        55.69886
       ],
       [
        12.51654,
        55.69885
       ],
       [
        12.51613,
        55.69847
       ],
       [
        12.5159,
        55.6985
       ],
       [
        12.51583,
        55.69845
       ],
       [
        12.51573,
        55.69838
       ],
       [
        12.51547,
        55.69818
       ],
       [
        12.51525,
        55.69803
       ],
       [
        12.51508,
        55.69791
       ],
       [
        12.51505,
        55.6979
       ],
       [
        12.51477,
        55.6977
       ],
       [
        12.51438,
        55.69745
       ],
       [
        12.5143,
        55.69739
       ],
       [
        12.51403,
        55.69722
       ],
       [
        12.5139,
        55.69712
       ],
       [
        12.51364,
        55.69697
       ],
       [
        12.51341,
        55.69681
       ],
       [
        12.51315,
        55.69664
       ],
       [
        12.51276,
        55.69637
       ],
       [
        12.51271,
        55.69634
       ],
       [
        12.5126,
        55.69625
       ],
       [
        12.51239,
        55.69611
       ],
       [
        12.51224,
        55.69602
       ],
       [
        12.51195,
        55.69581
       ],
       [
        12.51176,
        55.69569
       ],
       [
        12.5117,
        55.69564
       ],
       [
        12.51159,
        55.69556
       ],
       [
        12.51149,
        55.69548
       ],
       [
        12.51139,
        55.69541
       ],
       [
        12.51139,
        55.69541
       ],
       [
        12.51139,
        55.69541
       ],
       [
        12.51142,
        55.69538
       ],
       [
        12.5114,
        55.69535
       ],
       [
        12.5114,
        55.69535
       ],
       [
        12.5114,
        55.69534
       ],
       [
        12.51141,
        55.69533
       ],
       [
        12.51144,
        55.69533
       ],
       [
        12.51166,
        55.6953
       ],
       [
        12.51184,
        55.69533
       ],
       [
        12.51212,
        55.69537
       ],
       [
        12.51225,
        55.69541
       ],
       [
        12.51252,
        55.69546
       ],
       [
        12.51262,
        55.69547
       ],
       [
        12.51279,
        55.6954
       ],
       [
        12.51296,
        55.6954
       ],
       [
        12.51304,
        55.69538
       ],
       [
        12.51314,
        55.69536
       ],
       [
        12.51328,
        55.69523
       ],
       [
        12.51328,
        55.69518
       ],
       [
        12.51327,
        55.69514
       ],
       [
        12.51327,
        55.69512
       ],
       [
        12.51326,
        55.69508
       ],
       [
        12.51342,
        55.69502
       ],
       [
        12.51342,
        55.69497
       ],
       [
        12.51341,
        55.69492
       ],
       [
        12.51345,
        55.69491
       ],
       [
        12.51363,
        55.69494
       ],
       [
        12.51364,
        55.69486
       ],
       [
        12.51362,
        55.69478
       ],
       [
        12.51362,
        55.69473
       ],
       [
        12.51361,
        55.69466
       ],
       [
        12.51368,
        55.69466
       ],
       [
        12.51372,
        55.69466
       ],
       [
        12.51377,
        55.69465
       ],
       [
        12.51381,
        55.69465
       ],
       [
        12.51402,
        55.69459
       ],
       [
        12.51403,
        55.69457
       ],
       [
        12.51414,
        55.69453
       ],
       [
        12.51417,
        55.69443
       ],
       [
        12.51441,
        55.69438
       ],
       [
        12.51433,
        55.6943
       ],
       [
        12.51418,
        55.69428
       ],
       [
        12.51422,
        55.69418
       ],
       [
        12.51427,
        55.69415
       ],
       [
        12.51432,
        55.69412
       ],
       [
        12.51445,
        55.69407
       ],
       [
        12.51441,
        55.69399
       ],
       [
        12.51435,
        55.69396
       ],
       [
        12.51434,
        55.69392
       ],
       [
        12.51437,
        55.69388
       ],
       [
        12.51459,
        55.69386
       ],
       [
        12.51476,
        55.69379
       ],
       [
        12.51484,
        55.69383
       ],
       [
        12.51488,
        55.69385
       ],
       [
        12.51502,
        55.69384
       ],
       [
        12.51507,
        55.69384
       ],
       [
        12.51511,
        55.69376
       ],
       [
        12.51518,
        55.69373
       ],
       [
        12.51534,
        55.69371
       ],
       [
        12.51529,
        55.69369
       ],
       [
        12.51542,
        55.6936
       ],
       [
        12.51559,
        55.69359
       ],
       [
        12.51568,
        55.69359
       ],
       [
        12.51587,
        55.69355
       ],
       [
        12.51602,
        55.69352
       ],
       [
        12.51599,
        55.69342
       ],
       [
        12.51582,
        55.6934
       ],
       [
        12.51585,
        55.6933
       ],
       [
        12.51588,
        55.69326
       ],
       [
        12.51586,
        55.69319
       ],
       [
        12.51595,
        55.69319
       ],
       [
        12.51607,
        55.69331
       ],
       [
        12.51635,
        55.69331
       ],
       [
        12.51641,
        55.69323
       ],
       [
        12.51658,
        55.69321
       ],
       [
        12.5167,
        55.69321
       ],
       [
        12.51673,
        55.69318
       ],
       [
        12.51693,
        55.69315
       ],
       [
        12.51699,
        55.69311
       ],
       [
        12.51706,
        55.69307
       ],
       [
        12.51716,
        55.69306
       ],
       [
        12.5172,
        55.6931
       ],
       [
        12.51732,
        55.69307
       ],
       [
        12.51737,
        55.6931
       ],
       [
        12.51745,
        55.69307
       ],
       [
        12.51748,
        55.69305
       ],
       [
        12.51757,
        55.69303
       ],
       [
        12.51767,
        55.69301
       ],
       [
        12.51776,
        55.69299
       ],
       [
        12.5178,
        55.69295
       ],
       [
        12.51788,
        55.69292
       ],
       [
        12.51814,
        55.69287
       ],
       [
        12.51819,
        55.69284
       ],
       [
        12.51822,
        55.69282
       ],
       [
        12.51829,
        55.6928
       ],
       [
        12.51819,
        55.69275
       ],
       [
        12.51822,
        55.6927
       ],
       [
        12.51837,
        55.69265
       ],
       [
        12.5183,
        55.69262
       ],
       [
        12.51821,
        55.6926
       ],
       [
        12.51819,
        55.6925
       ],
       [
        12.51822,
        55.69246
       ],
       [
        12.51835,
        55.69242
       ],
       [
        12.5183,
        55.69235
       ],
       [
        12.51842,
        55.69234
       ],
       [
        12.51847,
        55.6924
       ],
       [
        12.51856,
        55.69249
       ],
       [
        12.51868,
        55.69257
       ],
       [
        12.51869,
        55.69258
       ],
       [
        12.51871,
        55.69263
       ],
       [
        12.51879,
        55.69271
       ],
       [
        12.51882,
        55.69277
       ],
       [
        12.51886,
        55.6928
       ],
       [
        12.51889,
        55.69287
       ],
       [
        12.51902,
        55.69303
       ],
       [
        12.51915,
        55.69324
       ],
       [
        12.51924,
        55.69335
       ],
       [
        12.51933,
        55.69351
       ],
       [
        12.51937,
        55.69356
       ],
       [
        12.51944,
        55.69366
       ],
       [
        12.51955,
        55.69375
       ],
       [
        12.51977,
        55.69376
       ],
       [
        12.51984,
        55.69383
       ],
       [
        12.51988,
        55.69389
       ],
       [
        12.51996,
        55.69388
       ],
       [
        12.52003,
        55.69388
       ],
       [
        12.5202,
        55.69386
       ],
       [
        12.52022,
        55.69374
       ],
       [
        12.52037,
        55.69371
       ],
       [
        12.52046,
        55.69367
       ],
       [
        12.52071,
        55.69361
       ],
       [
        12.52083,
        55.69356
       ],
       [
        12.52071,
        55.69351
       ],
       [
        12.52073,
        55.69345
       ],
       [
        12.52087,
        55.69342
       ],
       [
        12.52095,
        55.69337
       ],
       [
        12.521,
        55.69334
       ],
       [
        12.52102,
        55.69332
       ],
       [
        12.52107,
        55.69335
       ],
       [
        12.52115,
        55.69339
       ],
       [
        12.5215,
        55.69355
       ],
       [
        12.5222,
        55.69394
       ],
       [
        12.52305,
        55.69433
       ],
       [
        12.52335,
        55.69444
       ],
       [
        12.52338,
        55.69444
       ],
       [
        12.52339,
        55.69446
       ],
       [
        12.52378,
        55.6946
       ],
       [
        12.52384,
        55.69461
       ],
       [
        12.52389,
        55.69456
       ],
       [
        12.52393,
        55.69451
       ],
       [
        12.52412,
        55.69445
       ],
       [
        12.52428,
        55.69433
       ],
       [
        12.52438,
        55.69437
       ],
       [
        12.52457,
        55.69439
       ],
       [
        12.52474,
        55.69447
       ],
       [
        12.52481,
        55.69448
       ],
       [
        12.52487,
        55.69454
       ],
       [
        12.525,
        55.69447
       ],
       [
        12.52499,
        55.69444
       ],
       [
        12.52511,
        55.69441
       ],
       [
        12.52512,
        55.69431
       ],
       [
        12.52499,
        55.69431
       ],
       [
        12.52493,
        55.69435
       ],
       [
        12.52484,
        55.69429
       ],
       [
        12.52491,
        55.69422
       ],
       [
        12.52493,
        55.69412
       ],
       [
        12.52502,
        55.69411
       ],
       [
        12.52513,
        55.69425
       ],
       [
        12.52534,
        55.69426
       ],
       [
        12.52543,
        55.69422
       ],
       [
        12.52554,
        55.69414
       ],
       [
        12.52547,
        55.69403
       ],
       [
        12.52555,
        55.69395
       ],
       [
        12.52551,
        55.69393
       ],
       [
        12.52539,
        55.69394
       ],
       [
        12.52536,
        55.69392
       ],
       [
        12.52532,
        55.69391
       ],
       [
        12.52529,
        55.69389
       ],
       [
        12.5251,
        55.69385
       ],
       [
        12.52512,
        55.69379
       ],
       [
        12.52521,
        55.69376
       ],
       [
        12.52524,
        55.69369
       ],
       [
        12.52535,
        55.6937
       ],
       [
        12.52554,
        55.69366
       ],
       [
        12.52558,
        55.69356
       ],
       [
        12.5255,
        55.69352
       ],
       [
        12.52547,
        55.69342
       ],
       [
        12.52553,
        55.69338
       ],
       [
        12.52562,
        55.69334
       ],
       [
        12.52575,
        55.69331
       ],
       [
        12.52566,
        55.69324
       ],
       [
        12.52555,
        55.69324
       ],
       [
        12.52532,
        55.69326
       ],
       [
        12.52527,
        55.69323
       ],
       [
        12.52518,
        55.69322
       ],
       [
        12.5252,
        55.69318
       ],
       [
        12.52532,
        55.69314
       ],
       [
        12.52539,
        55.69311
       ],
       [
        12.52545,
        55.69305
       ],
       [
        12.52541,
        55.6929
       ],
       [
        12.52548,
        55.69287
       ],
       [
        12.52545,
        55.69279
       ],
       [
        12.52541,
        55.69277
       ],
       [
        12.52536,
        55.69266
       ],
       [
        12.52531,
        55.69263
       ],
       [
        12.52521,
        55.6926
       ],
       [
        12.52517,
        55.69258
       ],
       [
        12.52501,
        55.69255
       ],
       [
        12.52509,
        55.69251
       ],
       [
        12.5249,
        55.6923
       ],
       [
        12.52492,
        55.69225
       ],
       [
        12.52518,
        55.69218
       ],
       [
        12.52529,
        55.69213
       ],
       [
        12.52543,
        55.6921
       ],
       [
        12.52559,
        55.69206
       ],
       [
        12.52569,
        55.69201
       ],
       [
        12.52578,
        55.69199
       ],
       [
        12.52579,
        55.69183
       ],
       [
        12.52566,
        55.69174
       ],
       [
        12.52551,
        55.69172
       ],
       [
        12.52554,
        55.69162
       ],
       [
        12.52564,
        55.69161
       ],
       [
        12.52579,
        55.69174
       ],
       [
        12.52597,
        55.69167
       ],
       [
        12.52598,
        55.69157
       ],
       [
        12.52584,
        55.69152
       ],
       [
        12.52574,
        55.69149
       ],
       [
        12.52571,
        55.69145
       ],
       [
        12.52563,
        55.69138
       ],
       [
        12.52566,
        55.69131
       ],
       [
        12.52577,
        55.69129
       ],
       [
        12.52583,
        55.69124
       ],
       [
        12.52604,
        55.69125
       ],
       [
        12.5261,
        55.69118
       ],
       [
        12.52604,
        55.69111
       ],
       [
        12.5259,
        55.69104
       ],
       [
        12.52592,
        55.69101
       ],
       [
        12.52608,
        55.69097
       ],
       [
        12.5261,
        55.69088
       ],
       [
        12.52621,
        55.69082
       ],
       [
        12.52612,
        55.69074
       ],
       [
        12.52609,
        55.69069
       ],
       [
        12.52596,
        55.69067
       ],
       [
        12.52598,
        55.69063
       ],
       [
        12.52604,
        55.6906
       ],
       [
        12.52596,
        55.69053
       ],
       [
        12.52582,
        55.6905
       ],
       [
        12.52577,
        55.69044
       ],
       [
        12.52587,
        55.69042
       ],
       [
        12.5259,
        55.69038
       ],
       [
        12.52599,
        55.69034
       ],
       [
        12.52586,
        55.69031
       ],
       [
        12.52592,
        55.69024
       ],
       [
        12.52605,
        55.6902
       ],
       [
        12.52617,
        55.6902
       ],
       [
        12.52623,
        55.69015
       ],
       [
        12.52632,
        55.69012
       ],
       [
        12.5264,
        55.69011
       ],
       [
        12.52642,
        55.6901
       ],
       [
        12.52654,
        55.6901
       ],
       [
        12.52657,
        55.69006
       ],
       [
        12.52667,
        55.69
       ],
       [
        12.52662,
        55.6899
       ],
       [
        12.52654,
        55.68984
       ],
       [
        12.5269,
        55.68973
       ],
       [
        12.52679,
        55.68968
       ],
       [
        12.52675,
        55.68961
       ],
       [
        12.52669,
        55.68961
       ],
       [
        12.52668,
        55.6895
       ],
       [
        12.52673,
        55.68947
       ],
       [
        12.52595,
        55.68862
       ],
       [
        12.52605,
        55.6885
       ],
       [
        12.52601,
        55.68844
       ],
       [
        12.52594,
        55.68842
       ],
       [
        12.5259,
        55.6884
       ],
       [
        12.52575,
        55.68839
       ],
       [
        12.5257,
        55.68829
       ],
       [
        12.52561,
        55.68827
       ],
       [
        12.52558,
        55.68822
       ],
       [
        12.52551,
        55.68819
       ],
       [
        12.52545,
        55.68815
       ],
       [
        12.52536,
        55.68811
       ],
       [
        12.52504,
        55.68819
       ],
       [
        12.52471,
        55.68819
       ],
       [
        12.52471,
        55.68808
       ],
       [
        12.52469,
        55.688
       ],
       [
        12.52457,
        55.68798
       ],
       [
        12.52453,
        55.68792
       ],
       [
        12.52449,
        55.68791
       ],
       [
        12.52428,
        55.68763
       ],
       [
        12.5242,
        55.68759
       ],
       [
        12.52406,
        55.6876
       ],
       [
        12.52403,
        55.68767
       ],
       [
        12.52398,
        55.6877
       ],
       [
        12.52386,
        55.68767
       ],
       [
        12.52374,
        55.68768
       ],
       [
        12.52371,
        55.68762
       ],
       [
        12.52364,
        55.68761
       ],
       [
        12.52356,
        55.68756
       ],
       [
        12.52344,
        55.68752
       ],
       [
        12.52338,
        55.68753
       ],
       [
        12.5233,
        55.68753
       ],
       [
        12.5232,
        55.68753
       ],
       [
        12.52316,
        55.6876
       ],
       [
        12.52305,
        55.68754
       ],
       [
        12.52297,
        55.68752
       ],
       [
        12.52284,
        55.68739
       ],
       [
        12.52279,
        55.68726
       ],
       [
        12.52303,
        55.6872
       ],
       [
        12.52306,
        55.6871
       ],
       [
        12.52318,
        55.68708
       ],
       [
        12.52312,
        55.68696
       ],
       [
        12.52307,
        55.68691
       ],
       [
        12.52305,
        55.68684
       ],
       [
        12.52303,
        55.68683
       ],
       [
        12.5229,
        55.68679
       ],
       [
        12.52289,
        55.68699
       ],
       [
        12.52282,
        55.687
       ],
       [
        12.52275,
        55.68703
       ],
       [
        12.52256,
        55.68701
       ],
       [
        12.5225,
        55.68693
       ],
       [
        12.52244,
        55.68694
       ],
       [
        12.52241,
        55.68694
       ],
       [
        12.52232,
        55.68695
       ],
       [
        12.52224,
        55.68686
       ],
       [
        12.52221,
        55.6868
       ],
       [
        12.52216,
        55.68674
       ],
       [
        12.52213,
        55.68668
       ],
       [
        12.52211,
        55.68667
       ],
       [
        12.52208,
        55.68662
       ],
       [
        12.52202,
        55.68654
       ],
       [
        12.52198,
        55.68649
       ],
       [
        12.52176,
        55.68619
       ],
       [
        12.52187,
        55.68613
       ],
       [
        12.52181,
        55.68606
       ],
       [
        12.52189,
        55.68602
       ],
       [
        12.52183,
        55.68588
       ],
       [
        12.52177,
        55.6859
       ],
       [
        12.52172,
        55.68597
       ],
       [
        12.52158,
        55.68596
       ],
       [
        12.52152,
        55.68594
       ],
       [
        12.52149,
        55.68598
       ],
       [
        12.52144,
        55.68598
       ],
       [
        12.5213,
        55.68599
       ],
       [
        12.5213,
        55.68597
       ],
       [
        12.5213,
        55.68586
       ],
       [
        12.52121,
        55.68571
       ],
       [
        12.52124,
        55.68566
       ],
       [
        12.52127,
        55.68562
       ],
       [
        12.52126,
        55.68557
       ],
       [
        12.52129,
        55.68554
       ],
       [
        12.52129,
        55.6855
       ],
       [
        12.52132,
        55.68546
       ],
       [
        12.52134,
        55.68541
       ],
       [
        12.5215,
        55.68535
       ],
       [
        12.5215,
        55.68531
       ],
       [
        12.52144,
        55.68529
       ],
       [
        12.52138,
        55.68518
       ],
       [
        12.52165,
        55.68514
       ],
       [
        12.52173,
        55.68511
       ],
       [
        12.52182,
        55.68507
       ],
       [
        12.52193,
        55.68511
       ],
       [
        12.52205,
        55.68508
       ],
       [
        12.52205,
        55.68505
       ],
       [
        12.52199,
        55.68495
       ],
       [
        12.52213,
        55.68492
       ],
       [
        12.52225,
        55.68489
       ],
       [
        12.52227,
        55.68485
       ],
       [
        12.52224,
        55.6848
       ],
       [
        12.52225,
        55.68475
       ],
       [
        12.52218,
        55.68463
       ],
       [
        12.52223,
        55.68457
       ],
       [
        12.5222,
        55.68449
       ],
       [
        12.52216,
        55.68443
       ],
       [
        12.52195,
        55.68446
       ],
       [
        12.52201,
        55.68455
       ],
       [
        12.52197,
        55.6846
       ],
       [
        12.52191,
        55.68464
       ],
       [
        12.52188,
        55.68471
       ],
       [
        12.52169,
        55.68469
       ],
       [
        12.52169,
        55.68465
       ],
       [
        12.52165,
        55.68461
       ],
       [
        12.52161,
        55.68454
       ],
       [
        12.52143,
        55.68454
       ],
       [
        12.52136,
        55.68455
       ],
       [
        12.52126,
        55.68455
       ],
       [
        12.52117,
        55.68461
       ],
       [
        12.52095,
        55.68459
       ],
       [
        12.52086,
        55.6846
       ],
       [
        12.52077,
        55.68457
       ],
       [
        12.52054,
        55.6846
       ],
       [
        12.52049,
        55.68464
       ],
       [
        12.52045,
        55.68464
       ],
       [
        12.5204,
        55.6846
       ],
       [
        12.52018,
        55.68465
       ],
       [
        12.52009,
        55.68448
       ],
       [
        12.52018,
        55.68445
       ],
       [
        12.52024,
        55.68443
       ],
       [
        12.52033,
        55.68439
       ],
       [
        12.52046,
        55.68437
       ],
       [
        12.52049,
        55.68435
       ],
       [
        12.52052,
        55.68434
       ],
       [
        12.52055,
        55.68432
       ],
       [
        12.52085,
        55.68415
       ],
       [
        12.52057,
        55.68414
       ],
       [
        12.52055,
        55.68407
       ],
       [
        12.52074,
        55.68402
       ],
       [
        12.52066,
        55.68396
       ],
       [
        12.52048,
        55.68401
       ],
       [
        12.52035,
        55.68406
       ],
       [
        12.52009,
        55.68411
       ],
       [
        12.52005,
        55.68406
       ],
       [
        12.52005,
        55.68402
       ],
       [
        12.51989,
        55.68393
       ],
       [
        12.51967,
        55.68383
       ],
       [
        12.51967,
        55.68372
       ],
       [
        12.51961,
        55.6836
       ],
       [
        12.51969,
        55.68352
       ],
       [
        12.51961,
        55.68345
       ],
       [
        12.51959,
        55.68336
       ],
       [
        12.51972,
        55.68338
       ],
       [
        12.51978,
        55.68342
       ],
       [
        12.52026,
        55.6833
       ],
       [
        12.5203,
        55.68323
       ],
       [
        12.52039,
        55.68324
       ],
       [
        12.52047,
        55.68331
       ],
       [
        12.52069,
        55.68331
       ],
       [
        12.52086,
        55.68328
       ],
       [
        12.52089,
        55.68316
       ],
       [
        12.52093,
        55.68313
       ],
       [
        12.52098,
        55.6831
       ],
       [
        12.52105,
        55.68308
       ],
       [
        12.52103,
        55.68298
       ],
       [
        12.5212,
        55.68296
       ],
       [
        12.52118,
        55.68293
       ],
       [
        12.52104,
        55.68287
       ],
       [
        12.52098,
        55.68271
       ],
       [
        12.52113,
        55.68267
       ],
       [
        12.52116,
        55.68264
       ],
       [
        12.52144,
        55.68257
       ],
       [
        12.52146,
        55.68247
       ],
       [
        12.52154,
        55.68246
       ],
       [
        12.52161,
        55.68239
       ],
       [
        12.52158,
        55.68236
       ],
       [
        12.52145,
        55.68235
       ],
       [
        12.52145,
        55.68231
       ],
       [
        12.52135,
        55.68231
       ],
       [
        12.52079,
        55.68245
       ],
       [
        12.52026,
        55.68258
       ],
       [
        12.52022,
        55.68256
       ],
       [
        12.5201,
        55.68241
       ],
       [
        12.51998,
        55.68241
       ],
       [
        12.51976,
        55.68244
       ],
       [
        12.51969,
        55.68248
       ],
       [
        12.51975,
        55.68254
       ],
       [
        12.51982,
        55.6826
       ],
       [
        12.51983,
        55.68266
       ],
       [
        12.51974,
        55.68272
       ],
       [
        12.5197,
        55.68272
       ],
       [
        12.51958,
        55.6826
       ],
       [
        12.51947,
        55.68263
       ],
       [
        12.51941,
        55.68269
       ],
       [
        12.51937,
        55.6828
       ],
       [
        12.51887,
        55.68292
       ],
       [
        12.51878,
        55.6829
       ],
       [
        12.51876,
        55.68287
       ],
       [
        12.51864,
        55.68277
       ],
       [
        12.51852,
        55.68281
       ],
       [
        12.51841,
        55.68281
       ],
       [
        12.51826,
        55.68285
       ],
       [
        12.51821,
        55.68279
       ],
       [
        12.51805,
        55.68273
       ],
       [
        12.51804,
        55.6827
       ],
       [
        12.51805,
        55.68267
       ],
       [
        12.51797,
        55.68257
       ],
       [
        12.518,
        55.68252
       ],
       [
        12.51809,
        55.6825
       ],
       [
        12.51827,
        55.68244
       ],
       [
        12.51843,
        55.68246
       ],
       [
        12.51875,
        55.6824
       ],
       [
        12.5188,
        55.68236
       ],
       [
        12.5191,
        55.68235
       ],
       [
        12.51941,
        55.68228
       ],
       [
        12.51977,
        55.68222
       ],
       [
        12.51974,
        55.68215
       ],
       [
        12.51986,
        55.68212
       ],
       [
        12.51999,
        55.68214
       ],
       [
        12.52009,
        55.68212
       ],
       [
        12.52017,
        55.68206
       ],
       [
        12.52034,
        55.68203
       ],
       [
        12.52028,
        55.68174
       ],
       [
        12.52059,
        55.6817
       ],
       [
        12.52088,
        55.68163
       ],
       [
        12.52087,
        55.68156
       ],
       [
        12.521,
        55.68155
       ],
       [
        12.52108,
        55.6816
       ],
       [
        12.5213,
        55.68155
       ],
       [
        12.52144,
        55.68152
       ],
       [
        12.52155,
        55.68152
       ],
       [
        12.52187,
        55.68149
       ],
       [
        12.52202,
        55.68144
       ],
       [
        12.52213,
        55.68143
       ],
       [
        12.52215,
        55.68142
       ],
       [
        12.52217,
        55.68143
       ],
       [
        12.5222,
        55.68147
       ],
       [
        12.52231,
        55.68154
       ],
       [
        12.52246,
        55.68153
       ],
       [
        12.5225,
        55.68157
       ],
       [
        12.52258,
        55.6816
       ],
       [
        12.52265,
        55.68154
       ],
       [
        12.52282,
        55.68148
       ],
       [
        12.52287,
        55.68152
       ],
       [
        12.52322,
        55.68152
       ],
       [
        12.52327,
        55.68155
       ],
       [
        12.52332,
        55.68158
       ],
       [
        12.52339,
        55.68161
       ],
       [
        12.52347,
        55.68158
       ],
       [
        12.52354,
        55.68162
       ],
       [
        12.5236,
        55.68175
       ],
       [
        12.52391,
        55.68172
       ],
       [
        12.524,
        55.68172
       ],
       [
        12.52404,
        55.6818
       ],
       [
        12.52398,
        55.68186
       ],
       [
        12.52396,
        55.68194
       ],
       [
        12.52392,
        55.68196
       ],
       [
        12.52397,
        55.68201
       ],
       [
        12.524,
        55.68206
       ],
       [
        12.52406,
        55.68204
       ],
       [
        12.52422,
        55.68202
       ],
       [
        12.52425,
        55.68194
       ],
       [
        12.52431,
        55.68189
       ],
       [
        12.52432,
        55.68176
       ],
       [
        12.52436,
        55.68173
       ],
       [
        12.52439,
        55.68165
       ],
       [
        12.52469,
        55.68163
       ],
       [
        12.52478,
        55.68155
       ],
       [
        12.5247,
        55.68134
       ],
       [
        12.52466,
        55.68121
       ],
       [
        12.52454,
        55.68113
       ],
       [
        12.52456,
        55.68105
       ],
       [
        12.52451,
        55.68098
       ],
       [
        12.52462,
        55.68094
       ],
       [
        12.52517,
        55.681
       ],
       [
        12.52514,
        55.68089
       ],
       [
        12.52515,
        55.68085
       ],
       [
        12.52512,
        55.68081
       ],
       [
        12.52504,
        55.68081
       ],
       [
        12.525,
        55.68073
       ],
       [
        12.52506,
        55.6807
       ],
       [
        12.52508,
        55.68064
       ],
       [
        12.52515,
        55.68059
       ],
       [
        12.52517,
        55.68053
       ],
       [
        12.52497,
        55.68051
       ],
       [
        12.52494,
        55.68046
       ],
       [
        12.52501,
        55.68043
       ],
       [
        12.52499,
        55.68038
       ],
       [
        12.52501,
        55.68031
       ],
       [
        12.52489,
        55.68022
       ],
       [
        12.52487,
        55.68016
       ],
       [
        12.52479,
        55.68015
       ],
       [
        12.52462,
        55.68012
       ],
       [
        12.52457,
        55.68016
       ],
       [
        12.52448,
        55.68015
       ],
       [
        12.52436,
        55.6802
       ],
       [
        12.52417,
        55.68014
       ],
       [
        12.52417,
        55.67997
       ],
       [
        12.52413,
        55.67995
       ],
       [
        12.52413,
        55.67993
       ],
       [
        12.52412,
        55.67987
       ],
       [
        12.52412,
        55.67979
       ],
       [
        12.52411,
        55.67971
       ],
       [
        12.52396,
        55.67969
       ],
       [
        12.52373,
        55.67973
       ],
       [
        12.52356,
        55.67975
       ],
       [
        12.52342,
        55.67971
       ],
       [
        12.52337,
        55.6796
       ],
       [
        12.52326,
        55.67958
       ],
       [
        12.52328,
        55.6795
       ],
       [
        12.52317,
        55.6795
       ],
       [
        12.52304,
        55.67948
       ],
       [
        12.52285,
        55.67946
       ],
       [
        12.52281,
        55.67941
       ],
       [
        12.52271,
        55.6794
       ],
       [
        12.52262,
        55.67937
       ],
       [
        12.52242,
        55.67936
       ],
       [
        12.5223,
        55.67934
       ],
       [
        12.52223,
        55.67934
       ],
       [
        12.52213,
        55.67934
       ],
       [
        12.52198,
        55.67931
       ],
       [
        12.52187,
        55.6793
       ],
       [
        12.52181,
        55.67926
       ],
       [
        12.52162,
        55.67924
       ],
       [
        12.52149,
        55.67913
       ],
       [
        12.52141,
        55.6791
       ],
       [
        12.52138,
        55.67906
       ],
       [
        12.5213,
        55.67905
       ],
       [
        12.52126,
        55.67904
       ],
       [
        12.52122,
        55.67886
       ],
       [
        12.5213,
        55.67885
       ],
       [
        12.52133,
        55.67868
       ],
       [
        12.52147,
        55.67873
       ],
       [
        12.52201,
        55.67868
       ],
       [
        12.52207,
        55.67865
       ],
       [
        12.52212,
        55.6786
       ],
       [
        12.52204,
        55.67859
       ],
       [
        12.52198,
        55.67829
       ],
       [
        12.52172,
        55.67827
       ],
       [
        12.5217,
        55.67823
       ],
       [
        12.52151,
        55.67821
       ],
       [
        12.52144,
        55.67798
       ],
       [
        12.52133,
        55.6779
       ],
       [
        12.52119,
        55.67788
       ],
       [
        12.52099,
        55.67789
       ],
       [
        12.52095,
        55.67783
       ],
       [
        12.52087,
        55.67779
       ],
       [
        12.52092,
        55.67761
       ],
       [
        12.52084,
        55.67751
       ],
       [
        12.52121,
        55.67748
       ],
       [
        12.52123,
        55.67743
       ],
       [
        12.52136,
        55.67741
       ],
       [
        12.52138,
        55.67735
       ],
       [
        12.52143,
        55.67733
       ],
       [
        12.5214,
        55.67723
       ],
       [
        12.52131,
        55.67721
       ],
       [
        12.52126,
        55.67716
       ],
       [
        12.52128,
        55.67711
       ],
       [
        12.52121,
        55.6771
       ],
       [
        12.52083,
        55.67714
       ],
       [
        12.52073,
        55.67708
       ],
       [
        12.52062,
        55.67707
       ],
       [
        12.52054,
        55.6769
       ],
       [
        12.52044,
        55.67665
       ],
       [
        12.52055,
        55.67661
       ],
       [
        12.52049,
        55.67659
       ],
       [
        12.52043,
        55.67646
       ],
       [
        12.52057,
        55.67644
       ],
       [
        12.5206,
        55.67639
       ],
       [
        12.52058,
        55.67627
       ],
       [
        12.52044,
        55.67624
       ],
       [
        12.52035,
        55.67619
       ],
       [
        12.52022,
        55.67606
       ],
       [
        12.52018,
        55.67585
       ],
       [
        12.52015,
        55.67581
       ],
       [
        12.52022,
        55.67561
       ],
       [
        12.52008,
        55.67554
       ],
       [
        12.52007,
        55.67551
       ],
       [
        12.52007,
        55.67547
       ],
       [
        12.52,
        55.67541
       ],
       [
        12.51993,
        55.67531
       ],
       [
        12.51983,
        55.67526
       ],
       [
        12.51999,
        55.67512
       ],
       [
        12.52001,
        55.67513
       ],
       [
        12.52004,
        55.67514
       ],
       [
        12.52017,
        55.67516
       ],
       [
        12.52035,
        55.67522
       ],
       [
        12.52047,
        55.67519
       ],
       [
        12.52073,
        55.67503
       ],
       [
        12.52066,
        55.67442
       ],
       [
        12.52074,
        55.67435
       ],
       [
        12.52074,
        55.67433
       ],
       [
        12.52071,
        55.67432
       ],
       [
        12.52063,
        55.6743
       ],
       [
        12.5204,
        55.6742
       ],
       [
        12.52024,
        55.67417
       ],
       [
        12.5201,
        55.67408
       ],
       [
        12.52014,
        55.67401
       ],
       [
        12.52029,
        55.67402
       ],
       [
        12.52035,
        55.67409
       ],
       [
        12.52061,
        55.67407
       ],
       [
        12.52063,
        55.67399
       ],
       [
        12.52067,
        55.67396
       ],
       [
        12.52069,
        55.67392
       ],
       [
        12.52083,
        55.67389
       ],
       [
        12.52077,
        55.67367
       ],
       [
        12.52085,
        55.67361
       ],
       [
        12.52105,
        55.67359
       ],
       [
        12.52103,
        55.67351
       ],
       [
        12.5211,
        55.67344
       ],
       [
        12.52108,
        55.67339
       ],
       [
        12.52118,
        55.67335
       ],
       [
        12.52122,
        55.67329
       ],
       [
        12.52127,
        55.67329
       ],
       [
        12.52136,
        55.67331
       ],
       [
        12.52145,
        55.67325
       ],
       [
        12.52159,
        55.67323
       ],
       [
        12.52162,
        55.6732
       ],
       [
        12.52177,
        55.67321
       ],
       [
        12.52174,
        55.67311
       ],
       [
        12.52166,
        55.67302
       ],
       [
        12.52169,
        55.67299
       ],
       [
        12.52185,
        55.67295
       ],
       [
        12.5219,
        55.67288
       ],
       [
        12.52213,
        55.67284
       ],
       [
        12.52229,
        55.67272
       ],
       [
        12.52243,
        55.67281
       ],
       [
        12.52256,
        55.67277
       ],
       [
        12.52261,
        55.67261
       ],
       [
        12.52254,
        55.67255
       ],
       [
        12.52257,
        55.67252
       ],
       [
        12.52261,
        55.67243
       ],
       [
        12.52275,
        55.67242
       ],
       [
        12.52279,
        55.67244
       ],
       [
        12.52292,
        55.67245
       ],
       [
        12.52298,
        55.67252
       ],
       [
        12.52311,
        55.6725
       ],
       [
        12.52308,
        55.67245
       ],
       [
        12.52304,
        55.67241
       ],
       [
        12.523,
        55.67236
       ],
       [
        12.52297,
        55.67234
       ],
       [
        12.52293,
        55.67227
       ],
       [
        12.52289,
        55.67223
       ],
       [
        12.52296,
        55.6722
       ],
       [
        12.52302,
        55.67213
       ],
       [
        12.52317,
        55.67207
       ],
       [
        12.52323,
        55.67201
       ],
       [
        12.52332,
        55.67196
       ],
       [
        12.52334,
        55.6719
       ],
       [
        12.52346,
        55.6718
       ],
       [
        12.52346,
        55.67172
       ],
       [
        12.52344,
        55.67169
       ],
       [
        12.52364,
        55.67168
       ],
       [
        12.52368,
        55.67162
       ],
       [
        12.52383,
        55.67163
       ],
       [
        12.52386,
        55.67166
       ],
       [
        12.52396,
        55.67165
       ],
       [
        12.52404,
        55.67172
       ],
       [
        12.52409,
        55.6717
       ],
       [
        12.52412,
        55.67168
       ],
       [
        12.52417,
        55.67165
       ],
       [
        12.52427,
        55.67157
       ],
       [
        12.5243,
        55.67155
       ],
       [
        12.52433,
        55.6715
       ],
       [
        12.52458,
        55.67143
       ],
       [
        12.52459,
        55.67142
       ],
       [
        12.52473,
        55.67141
       ],
       [
        12.52495,
        55.67137
       ],
       [
        12.52497,
        55.67137
       ],
       [
        12.52506,
        55.67135
       ],
       [
        12.52506,
        55.67132
       ],
       [
        12.52501,
        55.6713
       ],
       [
        12.52496,
        55.67117
       ],
       [
        12.5248,
        55.67122
       ],
       [
        12.52452,
        55.67111
       ],
       [
        12.5244,
        55.67111
       ],
       [
        12.52441,
        55.67108
       ],
       [
        12.52445,
        55.67104
       ],
       [
        12.52441,
        55.67101
       ],
       [
        12.52441,
        55.67097
       ],
       [
        12.5243,
        55.67092
       ],
       [
        12.52434,
        55.67081
       ],
       [
        12.52442,
        55.67077
       ],
       [
        12.52445,
        55.67075
       ],
       [
        12.52458,
        55.67072
       ],
       [
        12.52465,
        55.67069
       ],
       [
        12.52482,
        55.67067
       ],
       [
        12.52489,
        55.67067
       ],
       [
        12.52514,
        55.67064
       ],
       [
        12.5253,
        55.67067
       ],
       [
        12.52545,
        55.6706
       ],
       [
        12.52573,
        55.67057
       ],
       [
        12.52574,
        55.67051
       ],
       [
        12.52571,
        55.67042
       ],
       [
        12.52576,
        55.67039
       ],
       [
        12.52593,
        55.6704
       ],
       [
        12.52609,
        55.67038
       ],
       [
        12.52616,
        55.67038
       ],
       [
        12.52634,
        55.67032
       ],
       [
        12.52635,
        55.67026
       ],
       [
        12.52634,
        55.67023
       ],
       [
        12.52637,
        55.67018
       ],
       [
        12.52632,
        55.67016
       ],
       [
        12.52636,
        55.67007
       ],
       [
        12.52641,
        55.66997
       ],
       [
        12.52638,
        55.66994
       ],
       [
        12.52634,
        55.66992
       ],
       [
        12.52626,
        55.66984
       ],
       [
        12.52621,
        55.6698
       ],
       [
        12.52602,
        55.66972
       ],
       [
        12.52599,
        55.66963
       ],
       [
        12.52607,
        55.66955
       ],
       [
        12.52602,
        55.66942
       ],
       [
        12.52616,
        55.66938
       ],
       [
        12.52619,
        55.6693
       ],
       [
        12.52623,
        55.66926
       ],
       [
        12.52631,
        55.66914
       ],
       [
        12.52646,
        55.66911
       ],
       [
        12.52642,
        55.66909
       ],
       [
        12.52609,
        55.66907
       ],
       [
        12.52606,
        55.66897
       ],
       [
        12.52609,
        55.66878
       ],
       [
        12.52621,
        55.66872
       ],
       [
        12.52635,
        55.66873
       ],
       [
        12.5264,
        55.6687
       ],
       [
        12.52643,
        55.66868
       ],
       [
        12.52652,
        55.66865
       ],
       [
        12.52655,
        55.6686
       ],
       [
        12.52678,
        55.66853
       ],
       [
        12.52696,
        55.66856
       ],
       [
        12.52705,
        55.66859
       ],
       [
        12.5271,
        55.66845
       ],
       [
        12.52733,
        55.66842
       ],
       [
        12.52742,
        55.66838
       ],
       [
        12.52748,
        55.66837
       ],
       [
        12.5275,
        55.66829
       ],
       [
        12.52757,
        55.66823
       ],
       [
        12.52743,
        55.66821
       ],
       [
        12.52737,
        55.66817
       ],
       [
        12.52726,
        55.66821
       ],
       [
        12.52718,
        55.66819
       ],
       [
        12.52712,
        55.66818
       ],
       [
        12.52698,
        55.66816
       ],
       [
        12.52692,
        55.66815
       ],
       [
        12.52689,
        55.66817
       ],
       [
        12.52686,
        55.66815
       ],
       [
        12.52669,
        55.66808
       ],
       [
        12.52683,
        55.66803
       ],
       [
        12.52695,
        55.66797
       ],
       [
        12.52697,
        55.66771
       ],
       [
        12.52702,
        55.66763
       ],
       [
        12.52698,
        55.66748
       ],
       [
        12.52716,
        55.66738
       ],
       [
        12.52721,
        55.66729
       ],
       [
        12.52712,
        55.66721
       ],
       [
        12.52715,
        55.66711
       ],
       [
        12.52722,
        55.66707
       ],
       [
        12.52728,
        55.66707
       ],
       [
        12.5273,
        55.66696
       ],
       [
        12.52742,
        55.66697
       ],
       [
        12.52743,
        55.6669
       ],
       [
        12.52741,
        55.66689
       ],
       [
        12.52738,
        55.66688
       ],
       [
        12.52734,
        55.66686
       ],
       [
        12.52728,
        55.66686
       ],
       [
        12.52721,
        55.66691
       ],
       [
        12.52706,
        55.66688
       ],
       [
        12.52699,
        55.66685
       ],
       [
        12.52696,
        55.66683
       ],
       [
        12.52693,
        55.66682
       ],
       [
        12.52688,
        55.66679
       ],
       [
        12.52695,
        55.66664
       ],
       [
        12.52707,
        55.66661
       ],
       [
        12.52716,
        55.66658
       ],
       [
        12.52722,
        55.66657
       ],
       [
        12.52722,
        55.66656
       ],
       [
        12.52722,
        55.66652
       ],
       [
        12.52718,
        55.66646
       ],
       [
        12.52718,
        55.66639
       ],
       [
        12.52736,
        55.66635
       ],
       [
        12.52747,
        55.66612
       ],
       [
        12.52753,
        55.66608
       ],
       [
        12.52755,
        55.66595
       ],
       [
        12.52758,
        55.6659
       ],
       [
        12.5276,
        55.66583
       ],
       [
        12.52765,
        55.6657
       ],
       [
        12.52757,
        55.66564
       ],
       [
        12.52752,
        55.6655
       ],
       [
        12.52764,
        55.66538
       ],
       [
        12.52779,
        55.66528
       ],
       [
        12.52784,
        55.66521
       ],
       [
        12.52777,
        55.66512
       ],
       [
        12.52764,
        55.66506
       ],
       [
        12.52763,
        55.665
       ],
       [
        12.52778,
        55.66487
       ],
       [
        12.52781,
        55.66476
       ],
       [
        12.52787,
        55.6646
       ],
       [
        12.52801,
        55.66449
       ],
       [
        12.52814,
        55.66443
       ],
       [
        12.52817,
        55.66435
       ],
       [
        12.52814,
        55.66428
       ],
       [
        12.52817,
        55.66417
       ],
       [
        12.52822,
        55.66409
       ],
       [
        12.52831,
        55.66399
       ],
       [
        12.52838,
        55.66398
       ],
       [
        12.52868,
        55.66393
       ],
       [
        12.52939,
        55.66391
       ],
       [
        12.53076,
        55.66387
       ],
       [
        12.53076,
        55.66387
       ],
       [
        12.53076,
        55.66387
       ],
       [
        12.53099,
        55.66392
       ],
       [
        12.53103,
        55.66391
       ],
       [
        12.53121,
        55.66391
       ],
       [
        12.53124,
        55.66389
       ],
       [
        12.53136,
        55.66385
       ],
       [
        12.53148,
        55.66388
       ],
       [
        12.53177,
        55.66387
       ],
       [
        12.53186,
        55.66387
       ],
       [
        12.53192,
        55.66392
       ],
       [
        12.53202,
        55.66394
       ],
       [
        12.53214,
        55.66385
       ],
       [
        12.53234,
        55.66393
       ],
       [
        12.53268,
        55.66392
       ],
       [
        12.53292,
        55.66386
       ],
       [
        12.53296,
        55.66384
       ],
       [
        12.53304,
        55.66384
       ],
       [
        12.53319,
        55.66383
       ],
       [
        12.53339,
        55.66378
       ],
       [
        12.53352,
        55.66382
       ],
       [
        12.53352,
        55.66382
       ],
       [
        12.53355,
        55.66382
       ],
       [
        12.53601,
        55.66383
       ],
       [
        12.5369,
        55.66374
       ],
       [
        12.53699,
        55.66379
       ],
       [
        12.53706,
        55.66377
       ],
       [
        12.53712,
        55.66375
       ],
       [
        12.53744,
        55.66369
       ],
       [
        12.53755,
        55.66362
       ],
       [
        12.53759,
        55.66361
       ],
       [
        12.53744,
        55.66318
       ],
       [
        12.53741,
        55.66317
       ],
       [
        12.53741,
        55.66317
       ],
       [
        12.53753,
        55.66313
       ],
       [
        12.53763,
        55.66306
       ],
       [
        12.53768,
        55.66298
       ],
       [
        12.53825,
        55.66292
       ],
       [
        12.53831,
        55.66282
       ],
       [
        12.5384,
        55.6628
       ],
       [
        12.53843,
        55.66278
       ],
       [
        12.53856,
        55.66278
       ],
       [
        12.53859,
        55.66273
       ],
       [
        12.53873,
        55.66268
       ],
       [
        12.53883,
        55.66268
       ],
       [
        12.53887,
        55.66272
       ],
       [
        12.53906,
        55.66271
       ],
       [
        12.53917,
        55.66273
       ],
       [
        12.53936,
        55.66268
       ],
       [
        12.5395,
        55.66266
       ],
       [
        12.53952,
        55.66265
       ],
       [
        12.5396,
        55.66266
       ],
       [
        12.54009,
        55.66258
       ],
       [
        12.54013,
        55.66261
       ],
       [
        12.54033,
        55.66262
       ],
       [
        12.54043,
        55.66264
       ],
       [
        12.54071,
        55.66261
       ],
       [
        12.54086,
        55.66258
       ],
       [
        12.54102,
        55.66256
       ],
       [
        12.54125,
        55.66252
       ],
       [
        12.5413,
        55.66253
       ],
       [
        12.54136,
        55.66264
       ],
       [
        12.54183,
        55.66257
       ],
       [
        12.54184,
        55.66246
       ],
       [
        12.54179,
        55.66232
       ],
       [
        12.54171,
        55.66226
       ],
       [
        12.54168,
        55.66222
       ],
       [
        12.54161,
        55.66211
       ],
       [
        12.54157,
        55.66198
       ],
       [
        12.5415,
        55.66183
       ],
       [
        12.54143,
        55.66171
       ],
       [
        12.54134,
        55.66146
       ],
       [
        12.54143,
        55.66142
       ],
       [
        12.54137,
        55.66134
       ],
       [
        12.54144,
        55.66127
       ],
       [
        12.54134,
        55.66123
       ],
       [
        12.54131,
        55.66115
       ],
       [
        12.54121,
        55.66108
       ],
       [
        12.54136,
        55.66104
       ],
       [
        12.54161,
        55.66127
       ],
       [
        12.54165,
        55.66129
       ],
       [
        12.54163,
        55.66125
       ],
       [
        12.54116,
        55.66076
       ]
      ]
     ]
    ]
   }
  }
 ]
}