{
 "type": "FeatureCollection",
 "features": [
  {
   "type": "Feature",
   "properties": {},
   "geometry": {
    "type": "LineString",
    "coordinates": [
     [
      12.59143,
      55.67741
     ],
     [
      12.59281,
      55.6782
     ],
     [
      12.5934,
      55.67867
     ],
     [
      12.59365,
      55.67886
     ]
    ]
   }
  },
  {
   "type": "Feature",
   "properties": {},
   "geometry": {
    "type": "LineString",
    "coordinates": [
     [
      12.65082,
      55.64272
     ],
     [
      12.65052,
      55.64266
     ],
     [
      12.64969,
      55.64241
     ],
     [
      12.64906,
      55.64241
     ],
     [
      12.64863,
      55.64243
     ],
     [
      12.64832,
      55.64271
     ],
     [
      12.64808,
      55.64297
     ],
     [
      12.64778,
      55.6433
     ],
     [
      12.64829,
      55.64379
     ],
     [
      12.6485,
      55.64397
     ],
     [
      12.64886,
      55.64429
     ],
     [
      12.64958,
      55.64428
     ],
     [
      12.65015,
      55.64426
     ],
     [
      12.65035,
      55.64422
     ],
     [
      12.65073,
      55.64385
     ],
     [
      12.65101,
      55.64354
     ],
     [
      12.65152,
      55.643
     ],
     [
      12.65162,
      55.64291
     ],
     [
      12.65187,
      55.64282
     ],
     [
      12.65216,
      55.64281
     ],
     [
      12.65235,
      55.64285
     ],
     [
      12.65237,
      55.64296
     ],
     [
      12.65214,
      55.64296
     ],
     [
      12.65186,
      55.64303
     ],
     [
      12.65144,
      55.6434
     ],
     [
      12.65098,
      55.64389
     ],
     [
      12.65065,
      55.64425
     ],
     [
      12.65052,
      55.64434
     ],
     [
      12.65016,
      55.64442
     ],
     [
      12.64884,
      55.64446
     ]
    ]
   }
  },
  {
   "type": "Feature",
   "properties": {},
   "geometry": {
    "type": "LineString",
    "coordinates": [
     [
      12.50693,
      55.6349
     ],
     [
      12.50678,
      55.63481
     ],
     [
      12.50668,
      55.63467
     ],
     [
      12.50659,
      55.63441
     ],
     [
      12.50655,
      55.63428
     ],
     [
      12.50682,
      55.63416
     ],
     [
      12.50705,
      55.63414
     ],
     [
      12.50725,
      55.63418
     ],
     [
      12.50737,
      55.63432
     ],
     [
      12.50739,
      55.63453
     ],
     [
      12.50738,
      55.63473
     ],
     [
      12.50721,
      55.6349
     ],
     [
      12.50693,
      55.6349
     ]
    ]
   }
  },
  {
   "type": "Feature",
   "properties": {},
   "geometry": {
    "type": "LineString",
    "coordinates": [
     [
      12.67072,
      55.60659
     ],
     [
      12.67142,
      55.60658
     ],
     [
      12.67163,
      55.60657
     ],
     [
      12.67184,
      55.60656
     ],
     [
      12.67314,
      55.60656
     ],
     [
      12.67344,
      55.60657
     ],
     [
      12.67384,
      55.60661
     ],
     [
      12.67415,
      55.60664
     ],
     [
      12.67444,
      55.60669
     ],
     [
      12.67474,
      55.60674
     ],
     [
      12.67505,
      55.60682
     ],
     [
      12.67536,
      55.60692
     ],
     [
      12.67563,
      55.60702
     ],
     [
      12.67592,
      55.60714
     ],
     [
      12.6762,
      55.60727
     ],
     [
      12.67638,
      55.60737
     ],
     [
      12.67714,
      55.60784
     ],
     [
      12.678,
      55.60838
     ],
     [
      12.67906,
      55.60907
     ],
     [
      12.67933,
      55.60929
     ],
     [
      12.67951,
      55.60946
     ],
     [
      12.67966,
      55.60963
     ],
     [
      12.67987,
      55.60992
     ],
     [
      12.67997,
      55.61011
     ],
     [
      12.68005,
      55.61028
     ],
     [
      12.68052,
      55.61027
     ],
     [
      12.68098,
      55.61023
     ],
     [
      12.68121,
      55.61022
     ],
     [
      12.68083,
      55.61032
     ],
     [
      12.68024,
      55.61036
     ],
     [
      12.68006,
      55.61042
     ],
     [
      12.68011,
      55.61066
     ],
     [
      12.68007,
      55.61085
     ],
     [
      12.67998,
      55.61114
     ],
     [
      12.68072,
      55.61128
     ],
     [
      12.68066,
      55.61148
     ],
     [
      12.68085,
      55.6115
     ],
     [
      12.68045,
      55.61149
     ],
     [
      12.68037,
      55.61175
     ],
     [
      12.68071,
      55.61179
     ],
     [
      12.68124,
      55.61185
     ],
     [
      12.68126,
      55.61144
     ],
     [
      12.68121,
      55.6107
     ],
     [
      12.68147,
      55.61182
     ],
     [
      12.68151,
      55.61195
     ],
     [
      12.6807,
      55.61189
     ],
     [
      12.67979,
      55.6118
     ],
     [
      12.67956,
      55.61248
     ],
     [
      12.67952,
      55.61261
     ],
     [
      12.67951,
      55.61273
     ],
     [
      12.6796,
      55.61287
     ],
     [
      12.68078,
      55.61328
     ],
     [
      12.68122,
      55.61343
     ],
     [
      12.68142,
      55.61352
     ],
     [
      12.68148,
      55.61363
     ],
     [
      12.68148,
      55.61437
     ]
    ]
   }
  },
  {
   "type": "Feature",
   "properties": {},
   "geometry": {
    "type": "LineString",
    "coordinates": [
     [
      12.2103,
      55.50788
     ],
     [
      12.21041,
      55.50772
     ],
     [
      12.21058,
      55.50764
     ],
     [
      12.2111,
      55.50759
     ],
     [
      12.21192,
      55.50761
     ],
     [
      12.21222,
      55.50764
     ],
     [
      12.2124,
      55.50774
     ],
     [
      12.21256,
      55.50798
     ],
     [
      12.21263,
      55.50842
     ],
     [
      12.21259,
      55.50853
     ],
     [
      12.21247,
      55.50867
     ],
     [
      12.2121,
      55.50879
     ],
     [
      12.2118,
      55.50885
     ],
     [
      12.21154,
      55.50884
     ],
     [
      12.21117,
      55.50877
     ],
     [
      12.21085,
      55.50865
     ],
     [
      12.21049,
      55.50835
     ],
     [
      12.21032,
      55.50806
     ],
     [
      12.2103,
      55.50788
     ]
    ]
   }
  },
  {
   "type": "Feature",
   "properties": {},
   "geometry": {
    "type": "LineString",
    "coordinates": [
     [
      12.59167,
      55.75024
     ],
     [
      12.59221,
      55.7507
     ],
     [
      12.59787,
      55.75744
     ],
     [
      12.60117,
      55.75859
     ],
     [
      12.60172,
      55.7588
     ],
     [
      12.60231,
      55.75904
     ],
     [
      12.60264,
      55.75918
     ],
     [
      12.60294,
      55.75934
     ],
     [
      12.60334,
      55.75962
     ],
     [
      12.60314,
      55.7597
     ],
     [
      12.60306,
      55.7596
     ],
     [
      12.60016,
      55.7596
     ],
     [
      12.60016,
      55.75977
     ],
     [
      12.60011,
      55.7596
     ],
     [
      12.60003,
      55.7605
     ],
     [
      12.60128,
      55.76049
     ],
     [
      12.60128,
      55.76087
     ],
     [
      12.60003,
      55.76086
     ],
     [
      12.60004,
      55.76187
     ],
     [
      12.60061,
      55.76187
     ],
     [
      12.60107,
      55.76186
     ],
     [
      12.60189,
      55.76186
     ],
     [
      12.60215,
      55.76186
     ],
     [
      12.60005,
      55.76194
     ],
     [
      12.60006,
      55.76289
     ],
     [
      12.6027,
      55.76294
     ],
     [
      12.60275,
      55.76305
     ],
     [
      12.60212,
      55.76336
     ],
     [
      12.6015,
      55.76363
     ],
     [
      12.60092,
      55.76388
     ],
     [
      12.60006,
      55.76423
     ],
     [
      12.59927,
      55.76455
     ],
     [
      12.59866,
      55.76475
     ],
     [
      12.59846,
      55.76485
     ],
     [
      12.59828,
      55.76503
     ],
     [
      12.598,
      55.76542
     ],
     [
      12.59756,
      55.76609
     ],
     [
      12.5971,
      55.76691
     ],
     [
      12.59691,
      55.76733
     ],
     [
      12.59676,
      55.76791
     ],
     [
      12.59668,
      55.76832
     ],
     [
      12.59664,
      55.76854
     ],
     [
      12.59662,
      55.76927
     ],
     [
      12.59671,
      55.76994
     ],
     [
      12.59679,
      55.77062
     ],
     [
      12.59672,
      55.77116
     ],
     [
      12.59656,
      55.77162
     ],
     [
      12.59656,
      55.77178
     ],
     [
      12.59665,
      55.77189
     ],
     [
      12.59653,
      55.77203
     ],
     [
      12.5963,
      55.7721
     ],
     [
      12.59538,
      55.77273
     ],
     [
      12.59496,
      55.77298
     ],
     [
      12.59445,
      55.7732
     ],
     [
      12.59407,
      55.77337
     ],
     [
      12.59346,
      55.77365
     ],
     [
      12.59284,
      55.77404
     ],
     [
      12.59281,
      55.77426
     ],
     [
      12.59254,
      55.77455
     ],
     [
      12.59232,
      55.77485
     ],
     [
      12.59224,
      55.77517
     ],
     [
      12.59226,
      55.77572
     ],
     [
      12.59231,
      55.77635
     ],
     [
      12.59244,
      55.77652
     ],
     [
      12.59297,
      55.77653
     ],
     [
      12.59252,
      55.77664
     ],
     [
      12.59239,
      55.77677
     ],
     [
      12.59237,
      55.77706
     ],
     [
      12.59238,
      55.77735
     ],
     [
      12.59244,
      55.77772
     ],
     [
      12.59255,
      55.77803
     ],
     [
      12.5927,
      55.77819
     ],
     [
      12.59287,
      55.77824
     ],
     [
      12.59327,
      55.77823
     ],
     [
      12.59291,
      55.77834
     ],
     [
      12.59274,
      55.77848
     ],
     [
      12.59273,
      55.77876
     ],
     [
      12.59279,
      55.77898
     ],
     [
      12.59285,
      55.77918
     ],
     [
      12.5929,
      55.77937
     ]
    ]
   }
  },
  {
   "type": "Feature",
   "properties": {},
   "geometry": {
    "type": "LineString",
    "coordinates": [
     [
      12.73342,
      55.70269
     ],
     [
      12.73368,
      55.70269
     ],
     [
      12.73386,
      55.70275
     ],
     [
      12.73407,
      55.70297
     ],
     [
      12.73424,
      55.70318
     ],
     [
      12.73422,
      55.70333
     ],
     [
      12.73403,
      55.70344
     ],
     [
      12.7315,
      55.70415
     ],
     [
      12.72926,
      55.70401
     ],
     [
      12.72907,
      55.70396
     ],
     [
      12.72896,
      55.70385
     ],
     [
      12.72903,
      55.70342
     ],
     [
      12.72918,
      55.70324
     ],
     [
      12.72944,
      55.70319
     ],
     [
      12.72974,
      55.70321
     ],
     [
      12.73031,
      55.70325
     ],
     [
      12.73123,
      55.70332
     ],
     [
      12.7323,
      55.70301
     ],
     [
      12.73342,
      55.70269
     ]
    ]
   }
  },
  {
   "type": "Feature",
   "properties": {},
   "geometry": {
    "type": "LineString",
    "coordinates": [
     [
      12.74147,
      55.62001
     ],
     [
      12.74102,
      55.62
     ],
     [
      12.74082,
      55.61949
     ],
     [
      12.74038,
      55.61922
     ],
     [
      12.74017,
      55.61896
     ],
     [
      12.74108,
      55.61898
     ],
     [
      12.74106,
      55.61924
     ],
     [
      12.74152,
      55.61924
     ],
     [
      12.74147,
      55.62001
     ]
    ]
   }
  },
  {
   "type": "Feature",
   "properties": {},
   "geometry": {
    "type": "LineString",
    "coordinates": [
     [
      12.77665,
      55.66267
     ],
     [
      12.77659,
      55.6628
     ],
     [
      12.77663,
      55.66298
     ],
     [
      12.77673,
      55.66329
     ],
     [
      12.77675,
      55.66348
     ],
     [
      12.77669,
      55.66364
     ],
     [
      12.77661,
      55.66377
     ],
     [
      12.77649,
      55.66389
     ],
     [
      12.77624,
      55.66411
     ],
     [
      12.77613,
      55.66424
     ],
     [
      12.77605,
      55.66439
     ],
     [
      12.7759,
      55.66453
     ],
     [
      12.77592,
      55.66473
     ],
     [
      12.77595,
      55.66495
     ],
     [
      12.77594,
      55.66506
     ],
     [
      12.77597,
      55.66522
     ],
     [
      12.77599,
      55.66555
     ],
     [
      12.77611,
      55.66565
     ],
     [
      12.77607,
      55.6658
     ],
     [
      12.77598,
      55.6661
     ],
     [
      12.77597,
      55.66627
     ],
     [
      12.77597,
      55.66656
     ],
     [
      12.77599,
      55.66671
     ],
     [
      12.77606,
      55.66683
     ],
     [
      12.77625,
      55.66687
     ],
     [
      12.77652,
      55.66696
     ],
     [
      12.77651,
      55.66711
     ],
     [
      12.77638,
      55.66724
     ],
     [
      12.77619,
      55.66733
     ],
     [
      12.77597,
      55.66734
     ],
     [
      12.77578,
      55.66731
     ],
     [
      12.77558,
      55.66723
     ],
     [
      12.77534,
      55.66711
     ],
     [
      12.77508,
      55.66704
     ],
     [
      12.77489,
      55.66709
     ],
     [
      12.77477,
      55.66725
     ],
     [
      12.77456,
      55.66737
     ],
     [
      12.77435,
      55.66748
     ],
     [
      12.77418,
      55.66756
     ],
     [
      12.77396,
      55.66753
     ],
     [
      12.77366,
      55.66754
     ],
     [
      12.77348,
      55.66758
     ],
     [
      12.7733,
      55.66763
     ],
     [
      12.77315,
      55.66771
     ],
     [
      12.77304,
      55.66782
     ],
     [
      12.77291,
      55.6679
     ],
     [
      12.77274,
      55.668
     ],
     [
      12.77252,
      55.66808
     ],
     [
      12.77231,
      55.66807
     ],
     [
      12.7721,
      55.66809
     ],
     [
      12.77189,
      55.66814
     ],
     [
      12.77154,
      55.66821
     ],
     [
      12.77131,
      55.66826
     ],
     [
      12.77142,
      55.66836
     ],
     [
      12.77163,
      55.66829
     ],
     [
      12.77185,
      55.66828
     ],
     [
      12.77216,
      55.66831
     ],
     [
      12.77238,
      55.66832
     ],
     [
      12.77254,
      55.66841
     ],
     [
      12.77259,
      55.66852
     ],
     [
      12.77265,
      55.66863
     ],
     [
      12.77262,
      55.66875
     ],
     [
      12.77268,
      55.66888
     ],
     [
      12.7727,
      55.66902
     ],
     [
      12.7726,
      55.66915
     ],
     [
      12.77251,
      55.66927
     ],
     [
      12.77233,
      55.66937
     ],
     [
      12.77223,
      55.66955
     ],
     [
      12.7722,
      55.6697
     ],
     [
      12.77221,
      55.66999
     ],
     [
      12.7722,
      55.67027
     ],
     [
      12.77225,
      55.67039
     ],
     [
      12.77247,
      55.67047
     ],
     [
      12.77271,
      55.67051
     ],
     [
      12.77292,
      55.67049
     ],
     [
      12.77292,
      55.67062
     ],
     [
      12.77278,
      55.67077
     ],
     [
      12.77259,
      55.67094
     ],
     [
      12.7724,
      55.67105
     ],
     [
      12.77208,
      55.67114
     ],
     [
      12.77184,
      55.67121
     ],
     [
      12.77154,
      55.67128
     ],
     [
      12.77138,
      55.67135
     ],
     [
      12.77117,
      55.67132
     ],
     [
      12.77092,
      55.67129
     ],
     [
      12.77072,
      55.67134
     ],
     [
      12.7705,
      55.6714
     ],
     [
      12.77031,
      55.67145
     ],
     [
      12.77006,
      55.67142
     ],
     [
      12.76979,
      55.67145
     ],
     [
      12.76958,
      55.67147
     ],
     [
      12.76928,
      55.67148
     ],
     [
      12.76907,
      55.67153
     ],
     [
      12.76895,
      55.67169
     ],
     [
      12.76897,
      55.6718
     ],
     [
      12.76911,
      55.67197
     ],
     [
      12.76931,
      55.67204
     ],
     [
      12.76957,
      55.67197
     ],
     [
      12.7697,
      55.67188
     ],
     [
      12.76983,
      55.67198
     ],
     [
      12.76973,
      55.67218
     ],
     [
      12.76964,
      55.67229
     ],
     [
      12.7694,
      55.6724
     ],
     [
      12.76907,
      55.67245
     ],
     [
      12.76882,
      55.67252
     ],
     [
      12.7686,
      55.67259
     ],
     [
      12.76838,
      55.67268
     ],
     [
      12.76814,
      55.67265
     ],
     [
      12.76803,
      55.67255
     ],
     [
      12.76782,
      55.67235
     ],
     [
      12.76762,
      55.67213
     ],
     [
      12.76755,
      55.67199
     ],
     [
      12.76748,
      55.67188
     ],
     [
      12.7672,
      55.67179
     ],
     [
      12.76681,
      55.67175
     ],
     [
      12.76653,
      55.67167
     ],
     [
      12.76638,
      55.67156
     ],
     [
      12.76626,
      55.67138
     ],
     [
      12.76633,
      55.67128
     ],
     [
      12.76653,
      55.6712
     ],
     [
      12.76659,
      55.67106
     ],
     [
      12.76642,
      55.671
     ],
     [
      12.76611,
      55.67106
     ],
     [
      12.7657,
      55.67112
     ],
     [
      12.76534,
      55.67118
     ],
     [
      12.76516,
      55.67125
     ],
     [
      12.76497,
      55.67137
     ],
     [
      12.7648,
      55.67147
     ],
     [
      12.7646,
      55.67155
     ],
     [
      12.76431,
      55.67162
     ],
     [
      12.76397,
      55.67161
     ],
     [
      12.76372,
      55.67157
     ],
     [
      12.76345,
      55.67155
     ],
     [
      12.76289,
      55.67154
     ],
     [
      12.76263,
      55.67152
     ],
     [
      12.76239,
      55.67147
     ],
     [
      12.76222,
      55.67133
     ],
     [
      12.76192,
      55.67117
     ],
     [
      12.76173,
      55.67108
     ],
     [
      12.76172,
      55.67089
     ],
     [
      12.76179,
      55.67074
     ],
     [
      12.76193,
      55.67051
     ],
     [
      12.76189,
      55.67032
     ],
     [
      12.76173,
      55.67016
     ],
     [
      12.76151,
      55.67003
     ],
     [
      12.7611,
      55.66987
     ],
     [
      12.76083,
      55.66985
     ],
     [
      12.7606,
      55.66985
     ],
     [
      12.76036,
      55.6699
     ],
     [
      12.76003,
      55.66997
     ],
     [
      12.75983,
      55.66996
     ],
     [
      12.75933,
      55.66992
     ],
     [
      12.7591,
      55.66987
     ],
     [
      12.75894,
      55.66981
     ],
     [
      12.75873,
      55.6697
     ],
     [
      12.75852,
      55.66966
     ],
     [
      12.75831,
      55.66963
     ],
     [
      12.75801,
      55.66959
     ],
     [
      12.75763,
      55.66954
     ],
     [
      12.75727,
      55.66948
     ],
     [
      12.75703,
      55.66944
     ],
     [
      12.75697,
      55.66933
     ],
     [
      12.75719,
      55.66929
     ],
     [
      12.75739,
      55.66929
     ],
     [
      12.75764,
      55.66932
     ],
     [
      12.75789,
      55.66935
     ],
     [
      12.75813,
      55.66945
     ],
     [
      12.75835,
      55.66946
     ],
     [
      12.75846,
      55.6693
     ],
     [
      12.75841,
      55.66915
     ],
     [
      12.75808,
      55.66901
     ],
     [
      12.75784,
      55.66888
     ],
     [
      12.75771,
      55.66875
     ],
     [
      12.75759,
      55.66863
     ],
     [
      12.75748,
      55.66853
     ],
     [
      12.75728,
      55.66835
     ],
     [
      12.75716,
      55.66821
     ],
     [
      12.7571,
      55.66795
     ],
     [
      12.75697,
      55.66771
     ],
     [
      12.75669,
      55.66741
     ],
     [
      12.75645,
      55.66724
     ],
     [
      12.7559,
      55.66699
     ],
     [
      12.75567,
      55.66684
     ],
     [
      12.75554,
      55.66669
     ],
     [
      12.75542,
      55.66647
     ],
     [
      12.75531,
      55.66631
     ],
     [
      12.75509,
      55.66623
     ],
     [
      12.75475,
      55.66625
     ],
     [
      12.75442,
      55.66631
     ],
     [
      12.75414,
      55.66639
     ],
     [
      12.75392,
      55.66648
     ],
     [
      12.75368,
      55.66661
     ],
     [
      12.75336,
      55.66676
     ],
     [
      12.75259,
      55.66695
     ],
     [
      12.75206,
      55.66711
     ],
     [
      12.7518,
      55.66719
     ],
     [
      12.75141,
      55.66726
     ],
     [
      12.75112,
      55.6673
     ],
     [
      12.7509,
      55.66731
     ],
     [
      12.75091,
      55.66717
     ],
     [
      12.75112,
      55.6671
     ],
     [
      12.75112,
      55.66699
     ],
     [
      12.75066,
      55.66689
     ],
     [
      12.75038,
      55.66683
     ],
     [
      12.75018,
      55.66678
     ],
     [
      12.75006,
      55.66669
     ],
     [
      12.75007,
      55.66656
     ],
     [
      12.75026,
      55.66666
     ],
     [
      12.75049,
      55.66672
     ],
     [
      12.75072,
      55.66675
     ],
     [
      12.75107,
      55.66679
     ],
     [
      12.75129,
      55.66672
     ],
     [
      12.7514,
      55.66661
     ],
     [
      12.7515,
      55.66646
     ],
     [
      12.7515,
      55.6663
     ],
     [
      12.7514,
      55.66614
     ],
     [
      12.75131,
      55.66602
     ],
     [
      12.75115,
      55.66587
     ],
     [
      12.75084,
      55.66582
     ],
     [
      12.75066,
      55.66588
     ],
     [
      12.75055,
      55.66598
     ],
     [
      12.75042,
      55.66608
     ],
     [
      12.75029,
      55.66618
     ],
     [
      12.75009,
      55.66626
     ],
     [
      12.74985,
      55.66625
     ],
     [
      12.74967,
      55.6662
     ],
     [
      12.7495,
      55.66613
     ],
     [
      12.74938,
      55.666
     ],
     [
      12.74915,
      55.66593
     ],
     [
      12.74895,
      55.66593
     ],
     [
      12.7487,
      55.66594
     ],
     [
      12.74848,
      55.66595
     ],
     [
      12.74826,
      55.66596
     ],
     [
      12.74817,
      55.66606
     ],
     [
      12.74791,
      55.66606
     ],
     [
      12.74772,
      55.66603
     ],
     [
      12.74752,
      55.66598
     ],
     [
      12.74729,
      55.66592
     ],
     [
      12.74706,
      55.66595
     ],
     [
      12.74685,
      55.66601
     ],
     [
      12.74669,
      55.66623
     ],
     [
      12.74669,
      55.66634
     ],
     [
      12.74674,
      55.66652
     ],
     [
      12.74657,
      55.6667
     ],
     [
      12.74631,
      55.66688
     ],
     [
      12.74611,
      55.667
     ],
     [
      12.74596,
      55.66712
     ],
     [
      12.74575,
      55.66725
     ],
     [
      12.74555,
      55.66731
     ],
     [
      12.74536,
      55.66728
     ],
     [
      12.74535,
      55.66717
     ],
     [
      12.74506,
      55.66712
     ],
     [
      12.74481,
      55.66716
     ],
     [
      12.74445,
      55.66724
     ],
     [
      12.74361,
      55.66726
     ],
     [
      12.74315,
      55.66726
     ],
     [
      12.74277,
      55.66728
     ],
     [
      12.74257,
      55.6673
     ],
     [
      12.74223,
      55.66732
     ],
     [
      12.74171,
      55.66738
     ],
     [
      12.74147,
      55.6674
     ],
     [
      12.74122,
      55.66742
     ],
     [
      12.74099,
      55.6674
     ],
     [
      12.74086,
      55.66729
     ],
     [
      12.74094,
      55.66719
     ],
     [
      12.74126,
      55.66716
     ],
     [
      12.74147,
      55.66717
     ],
     [
      12.7418,
      55.66714
     ],
     [
      12.74225,
      55.66714
     ],
     [
      12.74261,
      55.66712
     ],
     [
      12.74265,
      55.66683
     ],
     [
      12.74251,
      55.66674
     ],
     [
      12.7427,
      55.66671
     ],
     [
      12.74284,
      55.66683
     ],
     [
      12.74292,
      55.66696
     ],
     [
      12.743,
      55.66707
     ],
     [
      12.74321,
      55.66709
     ],
     [
      12.74355,
      55.66709
     ],
     [
      12.74395,
      55.66708
     ],
     [
      12.74417,
      55.66706
     ],
     [
      12.74444,
      55.66701
     ],
     [
      12.74463,
      55.66692
     ],
     [
      12.74477,
      55.6668
     ],
     [
      12.74486,
      55.6667
     ],
     [
      12.74494,
      55.66657
     ],
     [
      12.74503,
      55.66628
     ],
     [
      12.74496,
      55.66613
     ],
     [
      12.74481,
      55.66606
     ],
     [
      12.74455,
      55.666
     ],
     [
      12.74424,
      55.66593
     ],
     [
      12.74402,
      55.66583
     ],
     [
      12.74411,
      55.6657
     ],
     [
      12.7444,
      55.66569
     ],
     [
      12.74456,
      55.6656
     ],
     [
      12.74435,
      55.66549
     ],
     [
      12.74401,
      55.66545
     ],
     [
      12.74379,
      55.66544
     ],
     [
      12.74334,
      55.6654
     ],
     [
      12.74302,
      55.66532
     ],
     [
      12.74286,
      55.66523
     ],
     [
      12.74318,
      55.66525
     ],
     [
      12.74339,
      55.6653
     ],
     [
      12.74368,
      55.66533
     ],
     [
      12.74393,
      55.66532
     ],
     [
      12.74383,
      55.66515
     ],
     [
      12.74357,
      55.66498
     ],
     [
      12.74344,
      55.66483
     ],
     [
      12.74335,
      55.66466
     ],
     [
      12.74313,
      55.66453
     ],
     [
      12.74295,
      55.6645
     ],
     [
      12.74282,
      55.6644
     ],
     [
      12.74281,
      55.66424
     ],
     [
      12.74265,
      55.66414
     ],
     [
      12.74246,
      55.66406
     ],
     [
      12.74221,
      55.66382
     ],
     [
      12.74217,
      55.66371
     ],
     [
      12.74221,
      55.66357
     ],
     [
      12.74242,
      55.66338
     ],
     [
      12.74259,
      55.66331
     ],
     [
      12.74289,
      55.66321
     ],
     [
      12.74314,
      55.66321
     ],
     [
      12.74333,
      55.6633
     ],
     [
      12.74355,
      55.66331
     ],
     [
      12.74371,
      55.66322
     ],
     [
      12.74389,
      55.66313
     ],
     [
      12.74415,
      55.66304
     ],
     [
      12.74438,
      55.663
     ],
     [
      12.74459,
      55.66296
     ],
     [
      12.7448,
      55.6629
     ],
     [
      12.74497,
      55.66284
     ],
     [
      12.74477,
      55.6628
     ],
     [
      12.7444,
      55.66279
     ],
     [
      12.74407,
      55.66272
     ],
     [
      12.74381,
      55.66266
     ],
     [
      12.7435,
      55.66267
     ],
     [
      12.74329,
      55.66268
     ],
     [
      12.74309,
      55.66268
     ],
     [
      12.74288,
      55.66263
     ],
     [
      12.74283,
      55.6625
     ],
     [
      12.74303,
      55.66241
     ],
     [
      12.74331,
      55.66239
     ],
     [
      12.74359,
      55.6623
     ],
     [
      12.74373,
      55.66221
     ],
     [
      12.74378,
      55.66206
     ],
     [
      12.74367,
      55.6619
     ],
     [
      12.74365,
      55.66178
     ],
     [
      12.74381,
      55.66166
     ],
     [
      12.74421,
      55.66142
     ],
     [
      12.74433,
      55.66133
     ],
     [
      12.74441,
      55.66123
     ],
     [
      12.74453,
      55.66106
     ],
     [
      12.74462,
      55.66094
     ],
     [
      12.74474,
      55.66077
     ],
     [
      12.74484,
      55.66062
     ],
     [
      12.74489,
      55.66048
     ],
     [
      12.74488,
      55.66032
     ],
     [
      12.7448,
      55.66017
     ],
     [
      12.74459,
      55.66
     ],
     [
      12.74436,
      55.6599
     ],
     [
      12.74417,
      55.65983
     ],
     [
      12.74393,
      55.65977
     ],
     [
      12.74355,
      55.65974
     ],
     [
      12.7431,
      55.6597
     ],
     [
      12.74269,
      55.65966
     ],
     [
      12.7422,
      55.65956
     ],
     [
      12.74186,
      55.65956
     ],
     [
      12.74155,
      55.65958
     ],
     [
      12.74134,
      55.65961
     ],
     [
      12.7413,
      55.65949
     ],
     [
      12.74151,
      55.6594
     ],
     [
      12.74179,
      55.6594
     ],
     [
      12.74204,
      55.65942
     ],
     [
      12.74235,
      55.65941
     ],
     [
      12.74262,
      55.65931
     ],
     [
      12.74273,
      55.65911
     ],
     [
      12.74276,
      55.65899
     ],
     [
      12.74275,
      55.65884
     ],
     [
      12.74263,
      55.65874
     ],
     [
      12.74242,
      55.65868
     ],
     [
      12.74222,
      55.65864
     ],
     [
      12.742,
      55.65862
     ],
     [
      12.7418,
      55.65859
     ],
     [
      12.74182,
      55.65845
     ],
     [
      12.74183,
      55.65831
     ],
     [
      12.74183,
      55.65814
     ],
     [
      12.74179,
      55.65801
     ],
     [
      12.74159,
      55.65777
     ],
     [
      12.74137,
      55.6577
     ],
     [
      12.74112,
      55.65768
     ],
     [
      12.74068,
      55.65765
     ],
     [
      12.74029,
      55.65757
     ],
     [
      12.74002,
      55.65747
     ],
     [
      12.73981,
      55.65736
     ],
     [
      12.73961,
      55.65717
     ],
     [
      12.73945,
      55.65707
     ],
     [
      12.73923,
      55.657
     ],
     [
      12.73885,
      55.6569
     ],
     [
      12.73863,
      55.6568
     ],
     [
      12.73842,
      55.65664
     ],
     [
      12.73826,
      55.65648
     ],
     [
      12.73823,
      55.65637
     ],
     [
      12.73833,
      55.65621
     ],
     [
      12.73875,
      55.65613
     ],
     [
      12.73919,
      55.65608
     ],
     [
      12.73941,
      55.6561
     ],
     [
      12.73921,
      55.65618
     ],
     [
      12.73882,
      55.65625
     ],
     [
      12.73858,
      55.65629
     ],
     [
      12.73865,
      55.65649
     ],
     [
      12.73884,
      55.65664
     ],
     [
      12.73907,
      55.65674
     ],
     [
      12.73934,
      55.6568
     ],
     [
      12.73962,
      55.65685
     ],
     [
      12.73982,
      55.65686
     ],
     [
      12.74018,
      55.65684
     ],
     [
      12.74062,
      55.65679
     ],
     [
      12.7409,
      55.65673
     ],
     [
      12.74104,
      55.65663
     ],
     [
      12.74105,
      55.6565
     ],
     [
      12.74092,
      55.65636
     ],
     [
      12.74075,
      55.65628
     ],
     [
      12.74055,
      55.65626
     ],
     [
      12.74037,
      55.6563
     ],
     [
      12.74019,
      55.65626
     ],
     [
      12.74024,
      55.65613
     ],
     [
      12.74035,
      55.65603
     ],
     [
      12.74028,
      55.65588
     ],
     [
      12.74023,
      55.65575
     ],
     [
      12.74012,
      55.65559
     ],
     [
      12.73996,
      55.65551
     ],
     [
      12.73974,
      55.65549
     ],
     [
      12.73981,
      55.65531
     ],
     [
      12.73998,
      55.65512
     ],
     [
      12.73999,
      55.65493
     ],
     [
      12.73994,
      55.65482
     ],
     [
      12.73986,
      55.65469
     ],
     [
      12.73967,
      55.65451
     ],
     [
      12.73946,
      55.65437
     ],
     [
      12.73925,
      55.6542
     ],
     [
      12.73913,
      55.65409
     ],
     [
      12.73906,
      55.65399
     ],
     [
      12.73895,
      55.65369
     ],
     [
      12.73891,
      55.65347
     ],
     [
      12.73892,
      55.65319
     ],
     [
      12.73895,
      55.65273
     ],
     [
      12.73892,
      55.65242
     ],
     [
      12.73884,
      55.65204
     ],
     [
      12.73886,
      55.65151
     ],
     [
      12.73895,
      55.6512
     ],
     [
      12.73905,
      55.65092
     ],
     [
      12.73913,
      55.65071
     ],
     [
      12.73913,
      55.65054
     ],
     [
      12.739,
      55.65042
     ],
     [
      12.73883,
      55.65031
     ],
     [
      12.73867,
      55.65022
     ],
     [
      12.7384,
      55.65009
     ],
     [
      12.73823,
      55.65003
     ],
     [
      12.73796,
      55.64994
     ],
     [
      12.73768,
      55.64983
     ],
     [
      12.73752,
      55.64975
     ],
     [
      12.73738,
      55.64966
     ],
     [
      12.73716,
      55.64954
     ],
     [
      12.73697,
      55.64947
     ],
     [
      12.73683,
      55.6494
     ],
     [
      12.7367,
      55.64923
     ],
     [
      12.73667,
      55.6491
     ],
     [
      12.73668,
      55.64883
     ],
     [
      12.73679,
      55.64874
     ],
     [
      12.7371,
      55.64866
     ],
     [
      12.73745,
      55.64869
     ],
     [
      12.73752,
      55.64879
     ],
     [
      12.73716,
      55.6488
     ],
     [
      12.73701,
      55.64894
     ],
     [
      12.73702,
      55.64908
     ],
     [
      12.73717,
      55.64921
     ],
     [
      12.7376,
      55.64915
     ],
     [
      12.73788,
      55.64908
     ],
     [
      12.7382,
      55.64902
     ],
     [
      12.7384,
      55.64898
     ],
     [
      12.73861,
      55.64891
     ],
     [
      12.73892,
      55.64881
     ],
     [
      12.7391,
      55.64873
     ],
     [
      12.73912,
      55.64859
     ],
     [
      12.73894,
      55.64852
     ],
     [
      12.73878,
      55.64837
     ],
     [
      12.7388,
      55.6482
     ],
     [
      12.73884,
      55.64806
     ],
     [
      12.7388,
      55.64793
     ],
     [
      12.73854,
      55.64782
     ],
     [
      12.73818,
      55.64775
     ],
     [
      12.73783,
      55.64761
     ],
     [
      12.73752,
      55.64743
     ],
     [
      12.73729,
      55.64719
     ],
     [
      12.73702,
      55.64694
     ],
     [
      12.73671,
      55.64675
     ],
     [
      12.73645,
      55.64663
     ],
     [
      12.73636,
      55.64647
     ],
     [
      12.73647,
      55.64637
     ],
     [
      12.73669,
      55.64635
     ],
     [
      12.73686,
      55.64625
     ],
     [
      12.73695,
      55.64611
     ],
     [
      12.73701,
      55.64597
     ],
     [
      12.73705,
      55.64586
     ],
     [
      12.73704,
      55.64573
     ],
     [
      12.73702,
      55.64561
     ],
     [
      12.73696,
      55.6455
     ],
     [
      12.7367,
      55.64535
     ],
     [
      12.73653,
      55.64528
     ],
     [
      12.73636,
      55.64522
     ],
     [
      12.73624,
      55.64513
     ],
     [
      12.73624,
      55.64499
     ],
     [
      12.73623,
      55.64485
     ],
     [
      12.73596,
      55.64469
     ],
     [
      12.73577,
      55.64463
     ],
     [
      12.73558,
      55.6446
     ],
     [
      12.73528,
      55.64456
     ],
     [
      12.73515,
      55.64439
     ],
     [
      12.73523,
      55.64416
     ],
     [
      12.73528,
      55.64403
     ],
     [
      12.73531,
      55.6439
     ],
     [
      12.73513,
      55.64374
     ],
     [
      12.73488,
      55.64374
     ],
     [
      12.73459,
      55.64372
     ],
     [
      12.73448,
      55.64355
     ],
     [
      12.73458,
      55.64331
     ],
     [
      12.73472,
      55.64307
     ],
     [
      12.73488,
      55.64292
     ],
     [
      12.73503,
      55.64281
     ],
     [
      12.73499,
      55.64267
     ],
     [
      12.73474,
      55.64266
     ],
     [
      12.73455,
      55.64269
     ],
     [
      12.73436,
      55.64274
     ],
     [
      12.73409,
      55.64277
     ],
     [
      12.73391,
      55.64269
     ],
     [
      12.734,
      55.64251
     ],
     [
      12.73432,
      55.64236
     ],
     [
      12.73453,
      55.64225
     ],
     [
      12.73463,
      55.64216
     ],
     [
      12.73472,
      55.64196
     ],
     [
      12.73469,
      55.64179
     ],
     [
      12.73483,
      55.64167
     ],
     [
      12.73512,
      55.64147
     ],
     [
      12.73536,
      55.64127
     ],
     [
      12.73565,
      55.641
     ],
     [
      12.73596,
      55.6406
     ],
     [
      12.73607,
      55.64034
     ],
     [
      12.73604,
      55.64019
     ],
     [
      12.73586,
      55.64001
     ],
     [
      12.73562,
      55.63991
     ],
     [
      12.73536,
      55.6398
     ],
     [
      12.735,
      55.63965
     ],
     [
      12.73463,
      55.63951
     ],
     [
      12.73435,
      55.63947
     ],
     [
      12.73414,
      55.63947
     ],
     [
      12.73369,
      55.63947
     ],
     [
      12.7334,
      55.63943
     ],
     [
      12.73325,
      55.63927
     ],
     [
      12.73333,
      55.63915
     ],
     [
      12.73351,
      55.63901
     ],
     [
      12.73377,
      55.63886
     ],
     [
      12.73396,
      55.6388
     ],
     [
      12.73429,
      55.6387
     ],
     [
      12.73471,
      55.6385
     ],
     [
      12.73512,
      55.63823
     ],
     [
      12.73538,
      55.63804
     ],
     [
      12.73557,
      55.63793
     ],
     [
      12.73604,
      55.63765
     ],
     [
      12.73654,
      55.63728
     ],
     [
      12.73672,
      55.63698
     ],
     [
      12.73677,
      55.63685
     ],
     [
      12.73674,
      55.63667
     ],
     [
      12.73666,
      55.63652
     ],
     [
      12.73651,
      55.6364
     ],
     [
      12.73631,
      55.63633
     ],
     [
      12.73598,
      55.63631
     ],
     [
      12.73563,
      55.63636
     ],
     [
      12.73535,
      55.63639
     ],
     [
      12.73512,
      55.63637
     ],
     [
      12.73472,
      55.63623
     ],
     [
      12.73449,
      55.63618
     ],
     [
      12.73428,
      55.63614
     ],
     [
      12.73387,
      55.63607
     ],
     [
      12.73363,
      55.63605
     ],
     [
      12.73376,
      55.63595
     ],
     [
      12.73389,
      55.63578
     ],
     [
      12.73387,
      55.63568
     ],
     [
      12.73384,
      55.63555
     ],
     [
      12.73382,
      55.63542
     ],
     [
      12.73379,
      55.6353
     ],
     [
      12.73372,
      55.63518
     ],
     [
      12.73351,
      55.63503
     ],
     [
      12.73339,
      55.63488
     ],
     [
      12.73339,
      55.63466
     ],
     [
      12.73328,
      55.63448
     ],
     [
      12.73324,
      55.6343
     ],
     [
      12.73328,
      55.63413
     ],
     [
      12.73324,
      55.63393
     ],
     [
      12.73309,
      55.63387
     ],
     [
      12.73288,
      55.63377
     ],
     [
      12.73295,
      55.63362
     ],
     [
      12.73307,
      55.63351
     ],
     [
      12.73308,
      55.63334
     ],
     [
      12.73313,
      55.63317
     ],
     [
      12.73314,
      55.63306
     ],
     [
      12.73299,
      55.63286
     ],
     [
      12.73287,
      55.63275
     ],
     [
      12.73293,
      55.63259
     ],
     [
      12.73314,
      55.63245
     ],
     [
      12.73322,
      55.63234
     ],
     [
      12.73327,
      55.63223
     ],
     [
      12.73352,
      55.63226
     ],
     [
      12.73347,
      55.63241
     ],
     [
      12.73329,
      55.63251
     ],
     [
      12.73313,
      55.63261
     ],
     [
      12.73302,
      55.63271
     ],
     [
      12.7332,
      55.63281
     ],
     [
      12.73329,
      55.63296
     ],
     [
      12.73358,
      55.63312
     ],
     [
      12.73381,
      55.63319
     ],
     [
      12.73399,
      55.63326
     ],
     [
      12.73415,
      55.63339
     ],
     [
      12.73415,
      55.63357
     ],
     [
      12.73419,
      55.63392
     ],
     [
      12.73419,
      55.63428
     ],
     [
      12.73424,
      55.63447
     ],
     [
      12.73434,
      55.63456
     ],
     [
      12.73447,
      55.63466
     ],
     [
      12.7347,
      55.63475
     ],
     [
      12.73499,
      55.63476
     ],
     [
      12.73518,
      55.63472
     ],
     [
      12.73541,
      55.63463
     ],
     [
      12.73562,
      55.6345
     ],
     [
      12.73583,
      55.63436
     ],
     [
      12.73607,
      55.63416
     ],
     [
      12.73623,
      55.63399
     ],
     [
      12.73633,
      55.63381
     ],
     [
      12.73638,
      55.6337
     ],
     [
      12.73643,
      55.63355
     ],
     [
      12.73653,
      55.63332
     ],
     [
      12.73651,
      55.63319
     ],
     [
      12.73645,
      55.63307
     ],
     [
      12.7363,
      55.6329
     ],
     [
      12.73633,
      55.63272
     ],
     [
      12.73659,
      55.63257
     ],
     [
      12.73676,
      55.63249
     ],
     [
      12.73674,
      55.63233
     ],
     [
      12.73658,
      55.63227
     ],
     [
      12.73638,
      55.63223
     ],
     [
      12.73629,
      55.63213
     ],
     [
      12.73641,
      55.63202
     ],
     [
      12.73666,
      55.63198
     ],
     [
      12.73693,
      55.632
     ],
     [
      12.73717,
      55.63202
     ],
     [
      12.73744,
      55.63204
     ],
     [
      12.73766,
      55.63206
     ],
     [
      12.73786,
      55.63208
     ],
     [
      12.73818,
      55.63205
     ],
     [
      12.73845,
      55.63206
     ],
     [
      12.73864,
      55.63213
     ],
     [
      12.73888,
      55.63214
     ],
     [
      12.73895,
      55.632
     ],
     [
      12.73888,
      55.63174
     ],
     [
      12.73889,
      55.63146
     ],
     [
      12.73886,
      55.63119
     ],
     [
      12.73885,
      55.63098
     ],
     [
      12.73878,
      55.63073
     ],
     [
      12.73865,
      55.63058
     ],
     [
      12.73844,
      55.63046
     ],
     [
      12.73804,
      55.63033
     ],
     [
      12.73754,
      55.63025
     ],
     [
      12.73706,
      55.63017
     ],
     [
      12.73663,
      55.63005
     ],
     [
      12.73636,
      55.62988
     ],
     [
      12.73601,
      55.62933
     ],
     [
      12.73591,
      55.62905
     ],
     [
      12.73579,
      55.62883
     ],
     [
      12.73584,
      55.62872
     ],
     [
      12.73601,
      55.62863
     ],
     [
      12.73617,
      55.62851
     ],
     [
      12.73625,
      55.62841
     ],
     [
      12.73628,
      55.62829
     ],
     [
      12.7361,
      55.62805
     ],
     [
      12.73595,
      55.62791
     ],
     [
      12.73579,
      55.62783
     ],
     [
      12.73559,
      55.62779
     ],
     [
      12.73563,
      55.62769
     ],
     [
      12.73584,
      55.6276
     ],
     [
      12.73607,
      55.62755
     ],
     [
      12.73601,
      55.62744
     ],
     [
      12.73593,
      55.62734
     ],
     [
      12.73617,
      55.62737
     ],
     [
      12.73637,
      55.62745
     ],
     [
      12.73682,
      55.6276
     ],
     [
      12.73716,
      55.62762
     ],
     [
      12.73758,
      55.62755
     ],
     [
      12.73783,
      55.62742
     ],
     [
      12.73811,
      55.62718
     ],
     [
      12.73828,
      55.62693
     ],
     [
      12.73834,
      55.62671
     ],
     [
      12.73835,
      55.62631
     ],
     [
      12.73827,
      55.62602
     ],
     [
      12.73817,
      55.62572
     ],
     [
      12.73815,
      55.62556
     ],
     [
      12.73814,
      55.62537
     ],
     [
      12.73823,
      55.62515
     ],
     [
      12.73831,
      55.62498
     ],
     [
      12.73843,
      55.62476
     ],
     [
      12.73855,
      55.62457
     ],
     [
      12.73866,
      55.62439
     ],
     [
      12.7387,
      55.62423
     ],
     [
      12.73867,
      55.62411
     ],
     [
      12.73863,
      55.62388
     ],
     [
      12.73864,
      55.62362
     ],
     [
      12.7387,
      55.62331
     ],
     [
      12.73876,
      55.62307
     ],
     [
      12.7389,
      55.62278
     ],
     [
      12.73905,
      55.62247
     ],
     [
      12.73913,
      55.62236
     ],
     [
      12.73949,
      55.62207
     ],
     [
      12.73963,
      55.62199
     ],
     [
      12.73976,
      55.62188
     ],
     [
      12.73985,
      55.62173
     ],
     [
      12.73995,
      55.62159
     ],
     [
      12.74014,
      55.6214
     ],
     [
      12.74038,
      55.62124
     ],
     [
      12.74069,
      55.62115
     ],
     [
      12.74093,
      55.62112
     ],
     [
      12.74119,
      55.62111
     ],
     [
      12.74141,
      55.62113
     ],
     [
      12.74108,
      55.62118
     ],
     [
      12.74102,
      55.62134
     ],
     [
      12.74081,
      55.62133
     ],
     [
      12.74059,
      55.62131
     ],
     [
      12.74038,
      55.62134
     ],
     [
      12.74028,
      55.62164
     ],
     [
      12.74034,
      55.62178
     ],
     [
      12.7406,
      55.62192
     ],
     [
      12.74082,
      55.62195
     ],
     [
      12.7413,
      55.62199
     ],
     [
      12.74163,
      55.62201
     ],
     [
      12.7419,
      55.62201
     ],
     [
      12.74221,
      55.62195
     ],
     [
      12.74242,
      55.62184
     ],
     [
      12.74256,
      55.62168
     ],
     [
      12.74284,
      55.62129
     ],
     [
      12.74293,
      55.62106
     ],
     [
      12.74299,
      55.62083
     ],
     [
      12.74296,
      55.6206
     ],
     [
      12.74277,
      55.62041
     ],
     [
      12.74252,
      55.62021
     ],
     [
      12.74247,
      55.61999
     ],
     [
      12.74269,
      55.61974
     ],
     [
      12.74283,
      55.61964
     ],
     [
      12.74302,
      55.61957
     ],
     [
      12.74325,
      55.61953
     ],
     [
      12.74349,
      55.61947
     ],
     [
      12.74373,
      55.61932
     ],
     [
      12.7438,
      55.61921
     ],
     [
      12.74399,
      55.61917
     ],
     [
      12.74408,
      55.61927
     ],
     [
      12.74415,
      55.61943
     ],
     [
      12.74425,
      55.61959
     ],
     [
      12.74442,
      55.61993
     ],
     [
      12.74445,
      55.62019
     ],
     [
      12.74442,
      55.62038
     ],
     [
      12.74438,
      55.62059
     ],
     [
      12.74437,
      55.62076
     ],
     [
      12.74456,
      55.62086
     ],
     [
      12.74483,
      55.62089
     ],
     [
      12.74531,
      55.62083
     ],
     [
      12.74578,
      55.62077
     ],
     [
      12.7461,
      55.62072
     ],
     [
      12.74645,
      55.62061
     ],
     [
      12.74681,
      55.62041
     ],
     [
      12.74703,
      55.62012
     ],
     [
      12.74721,
      55.61978
     ],
     [
      12.74726,
      55.6195
     ],
     [
      12.74712,
      55.61912
     ],
     [
      12.74697,
      55.61885
     ],
     [
      12.74691,
      55.6187
     ],
     [
      12.74676,
      55.61857
     ],
     [
      12.74659,
      55.61851
     ],
     [
      12.74676,
      55.61842
     ],
     [
      12.74688,
      55.61832
     ],
     [
      12.74692,
      55.6181
     ],
     [
      12.74697,
      55.61794
     ],
     [
      12.74712,
      55.6178
     ],
     [
      12.74727,
      55.6177
     ],
     [
      12.74747,
      55.61754
     ],
     [
      12.74767,
      55.61748
     ],
     [
      12.74781,
      55.61757
     ],
     [
      12.74768,
      55.61767
     ],
     [
      12.74751,
      55.61776
     ],
     [
      12.74735,
      55.61796
     ],
     [
      12.74729,
      55.6181
     ],
     [
      12.7473,
      55.6183
     ],
     [
      12.74738,
      55.61846
     ],
     [
      12.74765,
      55.61862
     ],
     [
      12.7479,
      55.61868
     ],
     [
      12.74815,
      55.61872
     ],
     [
      12.74838,
      55.6188
     ],
     [
      12.74853,
      55.61899
     ],
     [
      12.74863,
      55.61937
     ],
     [
      12.74872,
      55.61948
     ],
     [
      12.74889,
      55.61958
     ],
     [
      12.74919,
      55.61969
     ],
     [
      12.74944,
      55.61972
     ],
     [
      12.74964,
      55.61972
     ],
     [
      12.7499,
      55.61967
     ],
     [
      12.75011,
      55.6196
     ],
     [
      12.75036,
      55.61948
     ],
     [
      12.75054,
      55.6194
     ],
     [
      12.7507,
      55.61932
     ],
     [
      12.75096,
      55.61931
     ],
     [
      12.75097,
      55.61945
     ],
     [
      12.75056,
      55.61962
     ],
     [
      12.7504,
      55.61971
     ],
     [
      12.75034,
      55.61988
     ],
     [
      12.75041,
      55.61998
     ],
     [
      12.75053,
      55.62008
     ],
     [
      12.75071,
      55.62015
     ],
     [
      12.75086,
      55.62023
     ],
     [
      12.75098,
      55.62038
     ],
     [
      12.75093,
      55.62057
     ],
     [
      12.75073,
      55.62073
     ],
     [
      12.75061,
      55.62082
     ],
     [
      12.75047,
      55.62097
     ],
     [
      12.7504,
      55.62108
     ],
     [
      12.75059,
      55.62096
     ],
     [
      12.75085,
      55.62079
     ],
     [
      12.75106,
      55.62071
     ],
     [
      12.75135,
      55.62067
     ],
     [
      12.75159,
      55.62059
     ],
     [
      12.75182,
      55.62047
     ],
     [
      12.752,
      55.62038
     ],
     [
      12.75221,
      55.62033
     ],
     [
      12.75234,
      55.62048
     ],
     [
      12.75264,
      55.62057
     ],
     [
      12.75289,
      55.62064
     ],
     [
      12.75304,
      55.62076
     ],
     [
      12.75308,
      55.62104
     ],
     [
      12.75319,
      55.62127
     ],
     [
      12.75339,
      55.6214
     ],
     [
      12.75365,
      55.62138
     ],
     [
      12.75389,
      55.62121
     ],
     [
      12.75388,
      55.62101
     ],
     [
      12.75384,
      55.62065
     ],
     [
      12.75381,
      55.62029
     ],
     [
      12.75372,
      55.61994
     ],
     [
      12.75361,
      55.61967
     ],
     [
      12.75347,
      55.61932
     ],
     [
      12.75342,
      55.61882
     ],
     [
      12.75344,
      55.61837
     ],
     [
      12.75324,
      55.61773
     ],
     [
      12.75326,
      55.61733
     ],
     [
      12.75339,
      55.61712
     ],
     [
      12.75365,
      55.61686
     ],
     [
      12.7538,
      55.61673
     ],
     [
      12.75401,
      55.61662
     ],
     [
      12.75418,
      55.61655
     ],
     [
      12.75442,
      55.61654
     ],
     [
      12.75457,
      55.61669
     ],
     [
      12.7543,
      55.61712
     ],
     [
      12.75419,
      55.61739
     ],
     [
      12.75423,
      55.6176
     ],
     [
      12.75435,
      55.61773
     ],
     [
      12.75459,
      55.61787
     ],
     [
      12.75515,
      55.61792
     ],
     [
      12.75668,
      55.61753
     ],
     [
      12.75749,
      55.61711
     ],
     [
      12.75793,
      55.61654
     ],
     [
      12.75808,
      55.61605
     ],
     [
      12.75793,
      55.61516
     ],
     [
      12.75771,
      55.61448
     ]
    ]
   }
  },
  {
   "type": "Feature",
   "properties": {},
   "geometry": {
    "type": "LineString",
    "coordinates": [
     [
      12.58042,
      55.67227
     ],
     [
      12.58067,
      55.67235
     ],
     [
      12.58215,
      55.67294
     ],
     [
      12.58361,
      55.67347
     ],
     [
      12.58505,
      55.67419
     ],
     [
      12.58556,
      55.67429
     ],
     [
      12.58588,
      55.67446
     ],
     [
      12.5866,
      55.67476
     ],
     [
      12.58676,
      55.67485
     ],
     [
      12.58709,
      55.67503
     ],
     [
      12.58723,
      55.67512
     ],
     [
      12.58732,
      55.67522
     ]
    ]
   }
  },
  {
   "type": "Feature",
   "properties": {},
   "geometry": {
    "type": "LineString",
    "coordinates": [
     [
      12.60456,
      55.68403
     ],
     [
      12.60658,
      55.68374
     ],
     [
      12.60654,
      55.68362
     ],
     [
      12.60673,
      55.68354
     ],
     [
      12.60695,
      55.68366
     ],
     [
      12.60709,
      55.68387
     ],
     [
      12.60736,
      55.68387
     ],
     [
      12.60882,
      55.68392
     ],
     [
      12.60919,
      55.68388
     ],
     [
      12.60945,
      55.68386
     ]
    ]
   }
  },
  {
   "type": "Feature",
   "properties": {},
   "geometry": {
    "type": "LineString",
    "coordinates": [
     [
      12.36325,
      55.59402
     ],
     [
      12.36683,
      55.59508
     ],
     [
      12.36901,
      55.59567
     ],
     [
      12.37271,
      55.59671
     ],
     [
      12.37375,
      55.59695
     ],
     [
      12.37489,
      55.59713
     ],
     [
      12.37593,
      55.59719
     ],
     [
      12.37576,
      55.59744
     ],
     [
      12.37561,
      55.59765
     ],
     [
      12.37509,
      55.59875
     ],
     [
      12.376,
      55.59928
     ],
     [
      12.37793,
      55.60009
     ],
     [
      12.38115,
      55.60126
     ],
     [
      12.38698,
      55.60328
     ],
     [
      12.38964,
      55.6042
     ],
     [
      12.39176,
      55.6048
     ],
     [
      12.39464,
      55.60559
     ],
     [
      12.39585,
      55.60585
     ],
     [
      12.39745,
      55.60615
     ],
     [
      12.39844,
      55.60629
     ],
     [
      12.3996,
      55.60638
     ],
     [
      12.39929,
      55.60707
     ],
     [
      12.39925,
      55.60731
     ],
     [
      12.39924,
      55.6076
     ],
     [
      12.39935,
      55.60794
     ],
     [
      12.39952,
      55.60825
     ],
     [
      12.39983,
      55.60855
     ],
     [
      12.4001,
      55.60877
     ]
    ]
   }
  },
  {
   "type": "Feature",
   "properties": {},
   "geometry": {
    "type": "LineString",
    "coordinates": [
     [
      12.66384,
      55.71974
     ],
     [
      12.66523,
      55.71917
     ],
     [
      12.66548,
      55.71906
     ],
     [
      12.66401,
      55.7197
     ],
     [
      12.66385,
      55.72014
     ],
     [
      12.66372,
      55.72054
     ],
     [
      12.66396,
      55.72053
     ],
     [
      12.66431,
      55.72034
     ],
     [
      12.66454,
      55.72036
     ],
     [
      12.66606,
      55.71979
     ],
     [
      12.66639,
      55.71967
     ],
     [
      12.66643,
      55.71954
     ],
     [
      12.66668,
      55.71943
     ],
     [
      12.66712,
      55.7195
     ],
     [
      12.66736,
      55.7195
     ],
     [
      12.66748,
      55.71939
     ],
     [
      12.66726,
      55.71934
     ],
     [
      12.66651,
      55.71924
     ],
     [
      12.66625,
      55.71921
     ],
     [
      12.66599,
      55.71918
     ],
     [
      12.66627,
      55.71914
     ],
     [
      12.66728,
      55.71928
     ],
     [
      12.66748,
      55.71932
     ],
     [
      12.6678,
      55.71945
     ],
     [
      12.66796,
      55.71957
     ],
     [
      12.66808,
      55.71974
     ],
     [
      12.66822,
      55.72045
     ],
     [
      12.66818,
      55.72065
     ],
     [
      12.66809,
      55.72078
     ],
     [
      12.66797,
      55.72091
     ],
     [
      12.6673,
      55.72132
     ],
     [
      12.66697,
      55.72146
     ],
     [
      12.66655,
      55.72156
     ],
     [
      12.66591,
      55.72165
     ],
     [
      12.66561,
      55.72166
     ],
     [
      12.66534,
      55.72164
     ],
     [
      12.66503,
      55.72158
     ],
     [
      12.66405,
      55.72129
     ],
     [
      12.66383,
      55.72117
     ],
     [
      12.66366,
      55.72104
     ],
     [
      12.66357,
      55.7209
     ],
     [
      12.66355,
      55.72075
     ],
     [
      12.66384,
      55.71974
     ]
    ]
   }
  },
  {
   "type": "Feature",
   "properties": {},
   "geometry": {
    "type": "LineString",
    "coordinates": [
     [
      12.77707,
      55.5888
     ],
     [
      12.77717,
      55.58889
     ],
     [
      12.77727,
      55.58902
     ],
     [
      12.77732,
      55.58917
     ],
     [
      12.77733,
      55.58933
     ],
     [
      12.77727,
      55.58951
     ],
     [
      12.77715,
      55.58963
     ],
     [
      12.777,
      55.58975
     ],
     [
      12.77681,
      55.58984
     ],
     [
      12.77608,
      55.59011
     ],
     [
      12.77423,
      55.59078
     ],
     [
      12.7725,
      55.59142
     ],
     [
      12.77119,
      55.59194
     ],
     [
      12.76992,
      55.59245
     ],
     [
      12.76822,
      55.59313
     ],
     [
      12.7674,
      55.59348
     ],
     [
      12.76623,
      55.59398
     ],
     [
      12.76471,
      55.59465
     ],
     [
      12.76308,
      55.59538
     ],
     [
      12.76157,
      55.59608
     ],
     [
      12.7598,
      55.59691
     ],
     [
      12.75923,
      55.59719
     ],
     [
      12.75811,
      55.59777
     ],
     [
      12.75678,
      55.59846
     ],
     [
      12.75597,
      55.5989
     ],
     [
      12.75456,
      55.59968
     ],
     [
      12.7537,
      55.60017
     ],
     [
      12.75231,
      55.601
     ],
     [
      12.75163,
      55.60141
     ],
     [
      12.75149,
      55.6015
     ],
     [
      12.75093,
      55.60183
     ],
     [
      12.74974,
      55.60259
     ],
     [
      12.74857,
      55.60337
     ],
     [
      12.74793,
      55.6038
     ],
     [
      12.74679,
      55.6046
     ],
     [
      12.74603,
      55.60516
     ],
     [
      12.74485,
      55.60603
     ],
     [
      12.74391,
      55.60675
     ],
     [
      12.74219,
      55.60708
     ],
     [
      12.73975,
      55.6076
     ],
     [
      12.7382,
      55.60797
     ],
     [
      12.73657,
      55.6084
     ],
     [
      12.73457,
      55.60897
     ],
     [
      12.73268,
      55.60961
     ],
     [
      12.73191,
      55.60988
     ],
     [
      12.73049,
      55.61042
     ],
     [
      12.72958,
      55.61079
     ],
     [
      12.72834,
      55.61129
     ],
     [
      12.72812,
      55.61137
     ],
     [
      12.72779,
      55.61145
     ],
     [
      12.72746,
      55.61148
     ],
     [
      12.72694,
      55.61143
     ],
     [
      12.72669,
      55.61135
     ],
     [
      12.72653,
      55.61129
     ],
     [
      12.72636,
      55.6112
     ],
     [
      12.72618,
      55.61106
     ]
    ]
   }
  },
  {
   "type": "Feature",
   "properties": {},
   "geometry": {
    "type": "LineString",
    "coordinates": [
     [
      12.64868,
      55.64844
     ],
     [
      12.6491,
      55.64839
     ],
     [
      12.64892,
      55.64855
     ],
     [
      12.64857,
      55.64904
     ],
     [
      12.6483,
      55.6496
     ],
     [
      12.64829,
      55.64983
     ],
     [
      12.64827,
      55.65006
     ],
     [
      12.64817,
      55.65056
     ],
     [
      12.64802,
      55.65069
     ],
     [
      12.64796,
      55.65097
     ],
     [
      12.64807,
      55.6512
     ],
     [
      12.6481,
      55.65135
     ],
     [
      12.64799,
      55.65185
     ],
     [
      12.6481,
      55.6521
     ],
     [
      12.64834,
      55.6525
     ],
     [
      12.64852,
      55.65275
     ],
     [
      12.64878,
      55.65316
     ],
     [
      12.64926,
      55.65376
     ],
     [
      12.64949,
      55.65398
     ],
     [
      12.64983,
      55.6542
     ],
     [
      12.65,
      55.65436
     ],
     [
      12.65031,
      55.65449
     ],
     [
      12.65049,
      55.65453
     ],
     [
      12.65162,
      55.65454
     ],
     [
      12.65194,
      55.65457
     ],
     [
      12.65166,
      55.65461
     ],
     [
      12.6505,
      55.65464
     ],
     [
      12.65023,
      55.65469
     ],
     [
      12.64974,
      55.65482
     ],
     [
      12.64945,
      55.655
     ],
     [
      12.64877,
      55.65538
     ],
     [
      12.64835,
      55.65555
     ],
     [
      12.64781,
      55.65582
     ],
     [
      12.64699,
      55.6563
     ],
     [
      12.64625,
      55.65685
     ],
     [
      12.64516,
      55.65764
     ],
     [
      12.64456,
      55.65819
     ],
     [
      12.64433,
      55.65837
     ],
     [
      12.64398,
      55.65864
     ],
     [
      12.64286,
      55.65951
     ],
     [
      12.64173,
      55.66036
     ],
     [
      12.64135,
      55.6607
     ],
     [
      12.64109,
      55.66099
     ],
     [
      12.64088,
      55.66126
     ],
     [
      12.64051,
      55.66185
     ],
     [
      12.64034,
      55.66208
     ],
     [
      12.64017,
      55.66235
     ],
     [
      12.63987,
      55.66286
     ],
     [
      12.6398,
      55.663
     ],
     [
      12.63977,
      55.6632
     ],
     [
      12.63972,
      55.66339
     ],
     [
      12.63968,
      55.66352
     ],
     [
      12.63954,
      55.6637
     ],
     [
      12.63941,
      55.66385
     ],
     [
      12.63928,
      55.66403
     ],
     [
      12.63918,
      55.66415
     ],
     [
      12.63904,
      55.66431
     ],
     [
      12.63892,
      55.66446
     ],
     [
      12.63938,
      55.66491
     ],
     [
      12.63952,
      55.66504
     ],
     [
      12.63962,
      55.66522
     ],
     [
      12.63964,
      55.66535
     ],
     [
      12.63961,
      55.66548
     ],
     [
      12.6394,
      55.6655
     ],
     [
      12.63942,
      55.66535
     ],
     [
      12.63934,
      55.66516
     ],
     [
      12.63924,
      55.66503
     ],
     [
      12.63845,
      55.66425
     ],
     [
      12.63765,
      55.66347
     ],
     [
      12.63697,
      55.6628
     ],
     [
      12.63719,
      55.66225
     ],
     [
      12.63721,
      55.66242
     ],
     [
      12.63744,
      55.66239
     ],
     [
      12.63765,
      55.66228
     ],
     [
      12.63782,
      55.66183
     ],
     [
      12.63855,
      55.66098
     ],
     [
      12.63883,
      55.66069
     ],
     [
      12.63922,
      55.66033
     ],
     [
      12.63955,
      55.66006
     ],
     [
      12.63974,
      55.65979
     ],
     [
      12.63991,
      55.65957
     ],
     [
      12.64007,
      55.65937
     ],
     [
      12.6401,
      55.65922
     ],
     [
      12.64013,
      55.65909
     ],
     [
      12.64029,
      55.65888
     ],
     [
      12.6403,
      55.65863
     ],
     [
      12.64032,
      55.65836
     ],
     [
      12.64024,
      55.65813
     ],
     [
      12.6402,
      55.65795
     ],
     [
      12.64027,
      55.65779
     ],
     [
      12.64049,
      55.65771
     ],
     [
      12.64118,
      55.65769
     ],
     [
      12.6416,
      55.65765
     ],
     [
      12.6422,
      55.65755
     ],
     [
      12.64256,
      55.65744
     ],
     [
      12.64287,
      55.6572
     ],
     [
      12.64461,
      55.65613
     ],
     [
      12.64557,
      55.6555
     ],
     [
      12.6462,
      55.6551
     ],
     [
      12.64636,
      55.65482
     ],
     [
      12.64634,
      55.65464
     ],
     [
      12.64625,
      55.65448
     ],
     [
      12.64645,
      55.65448
     ],
     [
      12.64669,
      55.6544
     ],
     [
      12.64662,
      55.6539
     ],
     [
      12.64637,
      55.65347
     ],
     [
      12.64569,
      55.65283
     ],
     [
      12.6438,
      55.65182
     ],
     [
      12.64318,
      55.65146
     ],
     [
      12.64299,
      55.65134
     ],
     [
      12.64291,
      55.65123
     ],
     [
      12.64285,
      55.65107
     ],
     [
      12.64285,
      55.65089
     ],
     [
      12.64307,
      55.65077
     ],
     [
      12.64711,
      55.64831
     ],
     [
      12.64834,
      55.64819
     ],
     [
      12.64858,
      55.64813
     ],
     [
      12.64866,
      55.64837
     ]
    ]
   }
  },
  {
   "type": "Feature",
   "properties": {},
   "geometry": {
    "type": "LineString",
    "coordinates": [
     [
      12.54858,
      55.64791
     ],
     [
      12.54712,
      55.64844
     ],
     [
      12.54674,
      55.64756
     ],
     [
      12.54663,
      55.64728
     ],
     [
      12.54717,
      55.6472
     ],
     [
      12.54741,
      55.64716
     ],
     [
      12.54795,
      55.64705
     ],
     [
      12.54843,
      55.64774
     ],
     [
      12.54858,
      55.64791
     ]
    ]
   }
  },
  {
   "type": "Feature",
   "properties": {},
   "geometry": {
    "type": "LineString",
    "coordinates": [
     [
      12.20913,
      55.50864
     ],
     [
      12.20933,
      55.50877
     ],
     [
      12.20934,
      55.50888
     ],
     [
      12.20923,
      55.50902
     ],
     [
      12.20881,
      55.50924
     ],
     [
      12.20879,
      55.50938
     ],
     [
      12.20889,
      55.50955
     ],
     [
      12.20898,
      55.50994
     ],
     [
      12.20895,
      55.51007
     ],
     [
      12.20887,
      55.51022
     ],
     [
      12.20873,
      55.51036
     ],
     [
      12.20941,
      55.51021
     ],
     [
      12.20977,
      55.51025
     ],
     [
      12.20994,
      55.51043
     ],
     [
      12.20995,
      55.51059
     ],
     [
      12.21034,
      55.51069
     ],
     [
      12.21048,
      55.51078
     ],
     [
      12.21046,
      55.51089
     ],
     [
      12.21042,
      55.51101
     ],
     [
      12.21032,
      55.51114
     ],
     [
      12.21048,
      55.51122
     ],
     [
      12.2108,
      55.51117
     ],
     [
      12.21112,
      55.51115
     ],
     [
      12.21137,
      55.51126
     ],
     [
      12.21139,
      55.51141
     ],
     [
      12.21129,
      55.51152
     ],
     [
      12.21149,
      55.51164
     ],
     [
      12.21163,
      55.51193
     ],
     [
      12.21175,
      55.51204
     ],
     [
      12.21195,
      55.51219
     ],
     [
      12.21231,
      55.51227
     ],
     [
      12.21251,
      55.51233
     ],
     [
      12.21261,
      55.51249
     ],
     [
      12.21259,
      55.51264
     ],
     [
      12.21269,
      55.51273
     ],
     [
      12.21289,
      55.51276
     ],
     [
      12.21313,
      55.51276
     ],
     [
      12.21315,
      55.5129
     ],
     [
      12.21331,
      55.5131
     ],
     [
      12.21355,
      55.51322
     ],
     [
      12.21372,
      55.51335
     ],
     [
      12.21385,
      55.51351
     ],
     [
      12.21399,
      55.51383
     ],
     [
      12.21409,
      55.51408
     ],
     [
      12.21406,
      55.51423
     ],
     [
      12.21399,
      55.51436
     ],
     [
      12.2141,
      55.51455
     ],
     [
      12.21426,
      55.51468
     ],
     [
      12.21473,
      55.51479
     ],
     [
      12.21492,
      55.51489
     ],
     [
      12.21491,
      55.51501
     ],
     [
      12.2149,
      55.51515
     ],
     [
      12.21498,
      55.51527
     ],
     [
      12.21516,
      55.51532
     ],
     [
      12.21532,
      55.51555
     ],
     [
      12.21542,
      55.51572
     ],
     [
      12.21559,
      55.51581
     ],
     [
      12.21608,
      55.51588
     ],
     [
      12.21625,
      55.51584
     ],
     [
      12.21639,
      55.51575
     ],
     [
      12.21655,
      55.51561
     ],
     [
      12.21665,
      55.51547
     ],
     [
      12.21672,
      55.51536
     ],
     [
      12.21687,
      55.51527
     ],
     [
      12.21708,
      55.51525
     ],
     [
      12.21726,
      55.51529
     ],
     [
      12.21745,
      55.51534
     ],
     [
      12.21756,
      55.51545
     ],
     [
      12.21769,
      55.51573
     ],
     [
      12.21773,
      55.51606
     ],
     [
      12.2176,
      55.51618
     ],
     [
      12.21742,
      55.51626
     ],
     [
      12.21726,
      55.51635
     ],
     [
      12.21726,
      55.51647
     ],
     [
      12.21739,
      55.51656
     ],
     [
      12.21783,
      55.5164
     ],
     [
      12.21813,
      55.51632
     ],
     [
      12.2183,
      55.51613
     ],
     [
      12.21842,
      55.51595
     ],
     [
      12.21838,
      55.5158
     ],
     [
      12.21819,
      55.51563
     ],
     [
      12.21811,
      55.51548
     ],
     [
      12.21804,
      55.5153
     ],
     [
      12.21785,
      55.51509
     ],
     [
      12.21746,
      55.51484
     ],
     [
      12.21716,
      55.51469
     ],
     [
      12.21699,
      55.51456
     ],
     [
      12.21682,
      55.5144
     ],
     [
      12.21657,
      55.51404
     ],
     [
      12.21645,
      55.51375
     ],
     [
      12.21636,
      55.51349
     ],
     [
      12.21643,
      55.51332
     ],
     [
      12.21659,
      55.51316
     ],
     [
      12.21653,
      55.51303
     ],
     [
      12.21624,
      55.51296
     ],
     [
      12.216,
      55.51278
     ],
     [
      12.21577,
      55.51267
     ],
     [
      12.2156,
      55.51258
     ],
     [
      12.21548,
      55.51243
     ],
     [
      12.21537,
      55.51233
     ],
     [
      12.21496,
      55.51218
     ],
     [
      12.21483,
      55.51208
     ],
     [
      12.21477,
      55.51194
     ],
     [
      12.21482,
      55.5118
     ],
     [
      12.21505,
      55.51155
     ],
     [
      12.21505,
      55.51141
     ],
     [
      12.21485,
      55.51124
     ],
     [
      12.21482,
      55.51107
     ],
     [
      12.21495,
      55.51096
     ],
     [
      12.21512,
      55.51088
     ],
     [
      12.21516,
      55.5107
     ],
     [
      12.21501,
      55.51053
     ],
     [
      12.21462,
      55.51053
     ],
     [
      12.2144,
      55.51047
     ],
     [
      12.21455,
      55.51005
     ],
     [
      12.21486,
      55.50987
     ],
     [
      12.21499,
      55.50965
     ],
     [
      12.21503,
      55.50953
     ],
     [
      12.21506,
      55.50922
     ],
     [
      12.21496,
      55.50907
     ],
     [
      12.21484,
      55.50897
     ],
     [
      12.21445,
      55.50881
     ],
     [
      12.21411,
      55.50881
     ],
     [
      12.2137,
      55.50889
     ],
     [
      12.21345,
      55.50886
     ],
     [
      12.21329,
      55.50878
     ],
     [
      12.21328,
      55.5084
     ],
     [
      12.21328,
      55.50814
     ],
     [
      12.21314,
      55.50783
     ],
     [
      12.21334,
      55.50778
     ],
     [
      12.21356,
      55.50782
     ],
     [
      12.21375,
      55.50787
     ],
     [
      12.21419,
      55.50807
     ],
     [
      12.21478,
      55.50845
     ],
     [
      12.21539,
      55.50928
     ],
     [
      12.21581,
      55.50967
     ],
     [
      12.21611,
      55.51005
     ],
     [
      12.21649,
      55.51017
     ],
     [
      12.2172,
      55.51033
     ],
     [
      12.21748,
      55.5105
     ]
    ]
   }
  },
  {
   "type": "Feature",
   "properties": {},
   "geometry": {
    "type": "LineString",
    "coordinates": [
     [
      12.58355,
      55.67234
     ],
     [
      12.57993,
      55.67004
     ],
     [
      12.57943,
      55.66977
     ]
    ]
   }
  },
  {
   "type": "Feature",
   "properties": {},
   "geometry": {
    "type": "LineString",
    "coordinates": [
     [
      12.43865,
      55.61174
     ],
     [
      12.43867,
      55.61134
     ]
    ]
   }
  },
  {
   "type": "Feature",
   "properties": {},
   "geometry": {
    "type": "LineString",
    "coordinates": [
     [
      12.4001,
      55.60877
     ],
     [
      12.39969,
      55.60876
     ],
     [
      12.39951,
      55.60866
     ],
     [
      12.39922,
      55.60835
     ],
     [
      12.39895,
      55.60815
     ],
     [
      12.39835,
      55.60799
     ],
     [
      12.39819,
      55.60788
     ],
     [
      12.39797,
      55.60783
     ],
     [
      12.39755,
      55.60795
     ],
     [
      12.39735,
      55.60805
     ],
     [
      12.39724,
      55.60816
     ],
     [
      12.39714,
      55.60827
     ],
     [
      12.39718,
      55.60843
     ],
     [
      12.39757,
      55.60868
     ],
     [
      12.39771,
      55.60877
     ],
     [
      12.39745,
      55.60883
     ],
     [
      12.39721,
      55.60883
     ],
     [
      12.39685,
      55.60862
     ],
     [
      12.39673,
      55.60844
     ],
     [
      12.39654,
      55.60827
     ],
     [
      12.39631,
      55.60815
     ],
     [
      12.396,
      55.60807
     ],
     [
      12.39556,
      55.60803
     ],
     [
      12.39513,
      55.60797
     ],
     [
      12.39323,
      55.60733
     ],
     [
      12.39298,
      55.60726
     ],
     [
      12.39257,
      55.60732
     ],
     [
      12.39156,
      55.60729
     ],
     [
      12.39176,
      55.608
     ],
     [
      12.3921,
      55.60837
     ],
     [
      12.39234,
      55.6085
     ],
     [
      12.39514,
      55.60891
     ],
     [
      12.39548,
      55.60898
     ],
     [
      12.39581,
      55.60908
     ],
     [
      12.39631,
      55.60929
     ],
     [
      12.39712,
      55.60921
     ],
     [
      12.39726,
      55.60905
     ],
     [
      12.3978,
      55.60912
     ],
     [
      12.39799,
      55.60925
     ],
     [
      12.39799,
      55.6094
     ],
     [
      12.39778,
      55.60951
     ],
     [
      12.39649,
      55.60953
     ],
     [
      12.39622,
      55.60945
     ],
     [
      12.39597,
      55.60927
     ],
     [
      12.39553,
      55.60912
     ],
     [
      12.39512,
      55.60901
     ],
     [
      12.39233,
      55.60863
     ],
     [
      12.393,
      55.6094
     ],
     [
      12.39324,
      55.60953
     ],
     [
      12.39331,
      55.60966
     ],
     [
      12.39331,
      55.6099
     ],
     [
      12.39336,
      55.61006
     ],
     [
      12.39267,
      55.61022
     ],
     [
      12.39244,
      55.61
     ],
     [
      12.39231,
      55.60982
     ],
     [
      12.39224,
      55.60967
     ],
     [
      12.39235,
      55.60933
     ],
     [
      12.39205,
      55.60902
     ],
     [
      12.39183,
      55.60885
     ],
     [
      12.3916,
      55.60861
     ],
     [
      12.39146,
      55.60836
     ],
     [
      12.39137,
      55.60815
     ],
     [
      12.39095,
      55.60773
     ],
     [
      12.39081,
      55.60762
     ],
     [
      12.39062,
      55.60756
     ],
     [
      12.39006,
      55.60769
     ],
     [
      12.38942,
      55.60775
     ],
     [
      12.38917,
      55.60783
     ],
     [
      12.3891,
      55.60804
     ],
     [
      12.38926,
      55.60813
     ],
     [
      12.38946,
      55.60815
     ],
     [
      12.38984,
      55.6082
     ],
     [
      12.39013,
      55.60824
     ],
     [
      12.39026,
      55.60832
     ],
     [
      12.39036,
      55.60844
     ],
     [
      12.39045,
      55.60855
     ],
     [
      12.39053,
      55.60865
     ],
     [
      12.39053,
      55.60881
     ],
     [
      12.39046,
      55.60902
     ],
     [
      12.39041,
      55.60914
     ],
     [
      12.39036,
      55.60927
     ],
     [
      12.39022,
      55.60937
     ],
     [
      12.38994,
      55.60946
     ],
     [
      12.38988,
      55.60977
     ],
     [
      12.38998,
      55.60992
     ],
     [
      12.39005,
      55.61004
     ],
     [
      12.39013,
      55.61016
     ],
     [
      12.3904,
      55.61067
     ],
     [
      12.38983,
      55.61071
     ],
     [
      12.38953,
      55.61075
     ],
     [
      12.38932,
      55.61079
     ],
     [
      12.38886,
      55.61085
     ],
     [
      12.38852,
      55.61038
     ],
     [
      12.38832,
      55.60995
     ],
     [
      12.38825,
      55.60975
     ],
     [
      12.38852,
      55.60951
     ],
     [
      12.38866,
      55.60938
     ],
     [
      12.38885,
      55.60905
     ],
     [
      12.38896,
      55.60882
     ],
     [
      12.38886,
      55.60867
     ],
     [
      12.38807,
      55.6085
     ],
     [
      12.38728,
      55.60877
     ],
     [
      12.38683,
      55.60895
     ],
     [
      12.38661,
      55.60892
     ],
     [
      12.38634,
      55.60887
     ],
     [
      12.38608,
      55.60898
     ],
     [
      12.38648,
      55.60933
     ],
     [
      12.38653,
      55.60954
     ],
     [
      12.3865,
      55.6099
     ],
     [
      12.3863,
      55.61004
     ],
     [
      12.38628,
      55.61021
     ],
     [
      12.38632,
      55.61031
     ],
     [
      12.3867,
      55.61035
     ],
     [
      12.38683,
      55.6105
     ],
     [
      12.38691,
      55.61063
     ],
     [
      12.38698,
      55.61075
     ],
     [
      12.38708,
      55.61089
     ],
     [
      12.38716,
      55.61101
     ],
     [
      12.38723,
      55.61112
     ],
     [
      12.387,
      55.61128
     ],
     [
      12.38678,
      55.61136
     ],
     [
      12.38623,
      55.61141
     ],
     [
      12.3861,
      55.61132
     ],
     [
      12.38587,
      55.61115
     ],
     [
      12.38569,
      55.61102
     ],
     [
      12.38553,
      55.61086
     ],
     [
      12.38541,
      55.61075
     ],
     [
      12.38529,
      55.61062
     ],
     [
      12.38518,
      55.61031
     ],
     [
      12.38519,
      55.61021
     ],
     [
      12.3852,
      55.61008
     ],
     [
      12.38522,
      55.60997
     ],
     [
      12.38523,
      55.60984
     ],
     [
      12.38514,
      55.6096
     ],
     [
      12.38501,
      55.60947
     ],
     [
      12.38419,
      55.6094
     ],
     [
      12.38414,
      55.60888
     ],
     [
      12.38423,
      55.60877
     ],
     [
      12.38534,
      55.60882
     ],
     [
      12.38573,
      55.60888
     ],
     [
      12.38584,
      55.60863
     ],
     [
      12.38524,
      55.60856
     ],
     [
      12.38534,
      55.60829
     ],
     [
      12.38549,
      55.60788
     ],
     [
      12.38602,
      55.60765
     ],
     [
      12.38622,
      55.60757
     ],
     [
      12.38653,
      55.60761
     ],
     [
      12.38731,
      55.60777
     ],
     [
      12.38818,
      55.60789
     ],
     [
      12.38855,
      55.60794
     ],
     [
      12.38874,
      55.60799
     ],
     [
      12.38887,
      55.60788
     ],
     [
      12.38864,
      55.60766
     ],
     [
      12.38584,
      55.60729
     ],
     [
      12.38385,
      55.60703
     ],
     [
      12.38357,
      55.607
     ],
     [
      12.38335,
      55.60699
     ],
     [
      12.38312,
      55.607
     ],
     [
      12.38284,
      55.60689
     ],
     [
      12.38262,
      55.60686
     ],
     [
      12.38232,
      55.60674
     ],
     [
      12.38233,
      55.60643
     ],
     [
      12.38229,
      55.6063
     ],
     [
      12.38224,
      55.60618
     ],
     [
      12.38198,
      55.60614
     ],
     [
      12.38194,
      55.60628
     ],
     [
      12.38208,
      55.60644
     ],
     [
      12.38198,
      55.60671
     ],
     [
      12.38174,
      55.60681
     ],
     [
      12.38107,
      55.60682
     ],
     [
      12.38075,
      55.60685
     ],
     [
      12.37975,
      55.60716
     ],
     [
      12.37982,
      55.60734
     ],
     [
      12.38062,
      55.60705
     ],
     [
      12.38075,
      55.60713
     ],
     [
      12.38082,
      55.60727
     ],
     [
      12.38088,
      55.60738
     ],
     [
      12.38091,
      55.60751
     ],
     [
      12.38113,
      55.60761
     ],
     [
      12.38148,
      55.60772
     ],
     [
      12.38177,
      55.60788
     ],
     [
      12.38267,
      55.6081
     ],
     [
      12.38286,
      55.60795
     ],
     [
      12.38293,
      55.60806
     ],
     [
      12.38254,
      55.60846
     ],
     [
      12.38274,
      55.60854
     ],
     [
      12.38345,
      55.60828
     ],
     [
      12.38364,
      55.6083
     ],
     [
      12.38288,
      55.60865
     ],
     [
      12.3832,
      55.60889
     ],
     [
      12.38333,
      55.60911
     ],
     [
      12.38352,
      55.60962
     ],
     [
      12.38359,
      55.61012
     ],
     [
      12.38281,
      55.61024
     ],
     [
      12.38239,
      55.60992
     ],
     [
      12.38208,
      55.60941
     ],
     [
      12.38218,
      55.60907
     ],
     [
      12.38203,
      55.60899
     ],
     [
      12.3816,
      55.60896
     ],
     [
      12.381,
      55.60874
     ],
     [
      12.38066,
      55.60857
     ],
     [
      12.38072,
      55.60844
     ],
     [
      12.38022,
      55.60827
     ],
     [
      12.37988,
      55.60839
     ],
     [
      12.37945,
      55.60807
     ],
     [
      12.37922,
      55.60789
     ],
     [
      12.37912,
      55.60778
     ],
     [
      12.37909,
      55.60763
     ],
     [
      12.37912,
      55.60748
     ],
     [
      12.37926,
      55.6074
     ],
     [
      12.37944,
      55.60735
     ],
     [
      12.37899,
      55.60745
     ],
     [
      12.3787,
      55.60786
     ],
     [
      12.37864,
      55.60804
     ],
     [
      12.37919,
      55.60857
     ],
     [
      12.37921,
      55.60871
     ],
     [
      12.3791,
      55.60883
     ],
     [
      12.37885,
      55.60896
     ],
     [
      12.37845,
      55.60882
     ],
     [
      12.37777,
      55.60826
     ],
     [
      12.37748,
      55.60844
     ],
     [
      12.3772,
      55.60871
     ],
     [
      12.37862,
      55.60977
     ],
     [
      12.37923,
      55.60981
     ],
     [
      12.3795,
      55.60987
     ],
     [
      12.38043,
      55.61055
     ],
     [
      12.38067,
      55.61073
     ],
     [
      12.38077,
      55.6109
     ],
     [
      12.38142,
      55.61141
     ],
     [
      12.38162,
      55.61157
     ],
     [
      12.38181,
      55.61171
     ],
     [
      12.38196,
      55.61187
     ],
     [
      12.38199,
      55.61198
     ],
     [
      12.38171,
      55.61201
     ],
     [
      12.38152,
      55.6121
     ],
     [
      12.38154,
      55.6123
     ],
     [
      12.38163,
      55.6124
     ],
     [
      12.38197,
      55.61242
     ],
     [
      12.38234,
      55.61228
     ],
     [
      12.38303,
      55.61269
     ],
     [
      12.38289,
      55.61295
     ]
    ]
   }
  },
  {
   "type": "Feature",
   "properties": {},
   "geometry": {
    "type": "LineString",
    "coordinates": [
     [
      12.38793,
      55.61271
     ],
     [
      12.39138,
      55.61314
     ],
     [
      12.39208,
      55.61323
     ],
     [
      12.39553,
      55.61446
     ],
     [
      12.39605,
      55.61423
     ],
     [
      12.39677,
      55.61366
     ],
     [
      12.39687,
      55.61344
     ],
     [
      12.39737,
      55.61333
     ],
     [
      12.39753,
      55.61321
     ],
     [
      12.39712,
      55.61323
     ],
     [
      12.39595,
      55.61354
     ],
     [
      12.39563,
      55.6135
     ],
     [
      12.39539,
      55.61343
     ],
     [
      12.39514,
      55.6134
     ],
     [
      12.39483,
      55.61331
     ],
     [
      12.39462,
      55.61325
     ],
     [
      12.39437,
      55.61319
     ],
     [
      12.39421,
      55.61299
     ],
     [
      12.39385,
      55.61258
     ],
     [
      12.39413,
      55.61245
     ],
     [
      12.39419,
      55.61233
     ],
     [
      12.39395,
      55.61206
     ],
     [
      12.39439,
      55.61188
     ],
     [
      12.39484,
      55.61173
     ],
     [
      12.39498,
      55.61182
     ],
     [
      12.39524,
      55.61199
     ],
     [
      12.39536,
      55.61211
     ],
     [
      12.39544,
      55.61221
     ],
     [
      12.39557,
      55.61238
     ],
     [
      12.39558,
      55.6125
     ],
     [
      12.39571,
      55.6126
     ],
     [
      12.39598,
      55.61273
     ],
     [
      12.3962,
      55.61279
     ],
     [
      12.39637,
      55.61285
     ],
     [
      12.39669,
      55.61277
     ],
     [
      12.39689,
      55.61271
     ],
     [
      12.39721,
      55.61245
     ],
     [
      12.39728,
      55.6123
     ],
     [
      12.39775,
      55.61241
     ],
     [
      12.39785,
      55.61229
     ],
     [
      12.39718,
      55.61201
     ],
     [
      12.39704,
      55.61192
     ],
     [
      12.3967,
      55.61157
     ],
     [
      12.39701,
      55.61143
     ],
     [
      12.39689,
      55.61129
     ],
     [
      12.39712,
      55.61118
     ],
     [
      12.39738,
      55.61113
     ],
     [
      12.39759,
      55.61109
     ],
     [
      12.39797,
      55.61143
     ],
     [
      12.39825,
      55.61152
     ],
     [
      12.3985,
      55.61157
     ],
     [
      12.39894,
      55.61167
     ],
     [
      12.39911,
      55.61177
     ],
     [
      12.3992,
      55.61187
     ],
     [
      12.39911,
      55.61203
     ],
     [
      12.39904,
      55.61215
     ],
     [
      12.39895,
      55.61224
     ],
     [
      12.39881,
      55.61238
     ],
     [
      12.3987,
      55.6125
     ],
     [
      12.39851,
      55.61248
     ],
     [
      12.39834,
      55.61243
     ],
     [
      12.39813,
      55.61241
     ],
     [
      12.39803,
      55.61253
     ],
     [
      12.39795,
      55.61264
     ],
     [
      12.39768,
      55.61299
     ],
     [
      12.39789,
      55.61315
     ],
     [
      12.39814,
      55.61318
     ],
     [
      12.39893,
      55.61303
     ],
     [
      12.39917,
      55.61303
     ],
     [
      12.39935,
      55.61307
     ],
     [
      12.39948,
      55.61316
     ]
    ]
   }
  },
  {
   "type": "Feature",
   "properties": {},
   "geometry": {
    "type": "LineString",
    "coordinates": [
     [
      12.60128,
      55.67648
     ],
     [
      12.60147,
      55.67651
     ],
     [
      12.6016,
      55.67624
     ],
     [
      12.60164,
      55.67611
     ],
     [
      12.60169,
      55.67598
     ],
     [
      12.60209,
      55.67488
     ],
     [
      12.60381,
      55.67482
     ],
     [
      12.60473,
      55.67544
     ],
     [
      12.60546,
      55.67592
     ],
     [
      12.60569,
      55.67608
     ],
     [
      12.60598,
      55.67627
     ],
     [
      12.60639,
      55.67654
     ],
     [
      12.60648,
      55.67666
     ],
     [
      12.60674,
      55.67703
     ],
     [
      12.60691,
      55.67721
     ],
     [
      12.60725,
      55.67767
     ],
     [
      12.60689,
      55.67777
     ],
     [
      12.60567,
      55.6781
     ],
     [
      12.60278,
      55.67885
     ],
     [
      12.60248,
      55.67893
     ],
     [
      12.60167,
      55.67911
     ],
     [
      12.60075,
      55.67935
     ],
     [
      12.60043,
      55.67916
     ],
     [
      12.59974,
      55.67832
     ],
     [
      12.59961,
      55.67817
     ],
     [
      12.59949,
      55.67803
     ]
    ]
   }
  },
  {
   "type": "Feature",
   "properties": {},
   "geometry": {
    "type": "LineString",
    "coordinates": [
     [
      12.56519,
      55.66444
     ],
     [
      12.56445,
      55.664
     ],
     [
      12.56418,
      55.66387
     ],
     [
      12.56384,
      55.66372
     ],
     [
      12.56291,
      55.66329
     ],
     [
      12.56359,
      55.66281
     ],
     [
      12.56403,
      55.66296
     ],
     [
      12.56361,
      55.66325
     ],
     [
      12.56452,
      55.66367
     ],
     [
      12.56476,
      55.66378
     ],
     [
      12.56518,
      55.66348
     ],
     [
      12.56586,
      55.6638
     ],
     [
      12.56553,
      55.66402
     ],
     [
      12.56569,
      55.66409
     ]
    ]
   }
  },
  {
   "type": "Feature",
   "properties": {},
   "geometry": {
    "type": "LineString",
    "coordinates": [
     [
      12.50367,
      55.61415
     ],
     [
      12.50376,
      55.6146
     ],
     [
      12.50377,
      55.61476
     ],
     [
      12.50094,
      55.61492
     ],
     [
      12.49892,
      55.61515
     ],
     [
      12.49882,
      55.61528
     ],
     [
      12.49828,
      55.61544
     ],
     [
      12.49786,
      55.61556
     ],
     [
      12.49773,
      55.6157
     ],
     [
      12.49778,
      55.61589
     ],
     [
      12.49787,
      55.61629
     ],
     [
      12.49792,
      55.6167
     ],
     [
      12.49791,
      55.61707
     ],
     [
      12.4978,
      55.61739
     ],
     [
      12.49764,
      55.61771
     ],
     [
      12.49733,
      55.61801
     ],
     [
      12.49702,
      55.61825
     ],
     [
      12.49662,
      55.6185
     ],
     [
      12.49436,
      55.6195
     ],
     [
      12.49428,
      55.61965
     ],
     [
      12.49437,
      55.61998
     ],
     [
      12.49436,
      55.62014
     ],
     [
      12.49429,
      55.62037
     ],
     [
      12.49439,
      55.62047
     ],
     [
      12.49468,
      55.62054
     ],
     [
      12.49495,
      55.62066
     ],
     [
      12.49514,
      55.62072
     ],
     [
      12.49535,
      55.62079
     ],
     [
      12.49538,
      55.62094
     ],
     [
      12.49534,
      55.62107
     ],
     [
      12.49532,
      55.6212
     ],
     [
      12.49526,
      55.62135
     ],
     [
      12.49495,
      55.6215
     ],
     [
      12.49493,
      55.62164
     ],
     [
      12.49504,
      55.62174
     ],
     [
      12.4952,
      55.62188
     ],
     [
      12.4955,
      55.62194
     ],
     [
      12.49573,
      55.62206
     ],
     [
      12.49581,
      55.62218
     ],
     [
      12.49582,
      55.62228
     ],
     [
      12.49569,
      55.62237
     ],
     [
      12.49537,
      55.62243
     ],
     [
      12.49563,
      55.62243
     ],
     [
      12.49588,
      55.62249
     ],
     [
      12.49622,
      55.62253
     ],
     [
      12.49637,
      55.62267
     ],
     [
      12.49626,
      55.62294
     ],
     [
      12.49634,
      55.62318
     ],
     [
      12.49662,
      55.62327
     ],
     [
      12.49667,
      55.62346
     ],
     [
      12.49655,
      55.6236
     ],
     [
      12.49693,
      55.6238
     ],
     [
      12.49705,
      55.62388
     ],
     [
      12.49708,
      55.62401
     ],
     [
      12.49703,
      55.62419
     ],
     [
      12.49709,
      55.62431
     ],
     [
      12.49692,
      55.62441
     ],
     [
      12.49703,
      55.62456
     ],
     [
      12.49719,
      55.62474
     ],
     [
      12.4974,
      55.62482
     ],
     [
      12.49759,
      55.62486
     ],
     [
      12.49787,
      55.62488
     ],
     [
      12.49902,
      55.62486
     ],
     [
      12.49923,
      55.62487
     ],
     [
      12.49939,
      55.62495
     ],
     [
      12.49947,
      55.62505
     ],
     [
      12.49972,
      55.62519
     ],
     [
      12.50003,
      55.6252
     ],
     [
      12.50042,
      55.62519
     ],
     [
      12.50286,
      55.62512
     ],
     [
      12.50296,
      55.62526
     ],
     [
      12.49832,
      55.62535
     ],
     [
      12.49781,
      55.62542
     ],
     [
      12.4982,
      55.6255
     ],
     [
      12.49822,
      55.6258
     ],
     [
      12.49823,
      55.62592
     ],
     [
      12.49875,
      55.6259
     ],
     [
      12.50291,
      55.62574
     ],
     [
      12.503,
      55.62586
     ],
     [
      12.50272,
      55.62599
     ],
     [
      12.50256,
      55.6261
     ],
     [
      12.50215,
      55.62629
     ],
     [
      12.50202,
      55.62641
     ],
     [
      12.50199,
      55.62653
     ],
     [
      12.502,
      55.62667
     ],
     [
      12.50201,
      55.6268
     ],
     [
      12.50201,
      55.62699
     ],
     [
      12.50203,
      55.62717
     ],
     [
      12.50206,
      55.62734
     ],
     [
      12.50211,
      55.62745
     ],
     [
      12.50221,
      55.62756
     ],
     [
      12.50246,
      55.62769
     ],
     [
      12.50291,
      55.62803
     ],
     [
      12.50321,
      55.62812
     ],
     [
      12.50347,
      55.62834
     ],
     [
      12.50372,
      55.62846
     ],
     [
      12.50422,
      55.62853
     ],
     [
      12.5035,
      55.62858
     ],
     [
      12.50331,
      55.6286
     ],
     [
      12.50304,
      55.62856
     ],
     [
      12.50081,
      55.62848
     ],
     [
      12.50026,
      55.62842
     ],
     [
      12.50036,
      55.62863
     ],
     [
      12.50075,
      55.62882
     ],
     [
      12.50127,
      55.62879
     ],
     [
      12.50193,
      55.62882
     ],
     [
      12.5028,
      55.62882
     ],
     [
      12.50333,
      55.6288
     ],
     [
      12.5036,
      55.62884
     ],
     [
      12.50401,
      55.62886
     ],
     [
      12.50368,
      55.62891
     ],
     [
      12.50359,
      55.62902
     ],
     [
      12.50359,
      55.62928
     ],
     [
      12.50366,
      55.6295
     ],
     [
      12.50369,
      55.62962
     ],
     [
      12.50394,
      55.63021
     ],
     [
      12.504,
      55.63038
     ],
     [
      12.50415,
      55.6305
     ],
     [
      12.50411,
      55.63071
     ],
     [
      12.50414,
      55.63088
     ],
     [
      12.50415,
      55.63151
     ],
     [
      12.50449,
      55.63228
     ],
     [
      12.50526,
      55.63371
     ],
     [
      12.50586,
      55.63435
     ],
     [
      12.50606,
      55.63435
     ],
     [
      12.50596,
      55.63444
     ],
     [
      12.50596,
      55.63494
     ],
     [
      12.50619,
      55.63527
     ],
     [
      12.5065,
      55.6356
     ],
     [
      12.50661,
      55.63579
     ]
    ]
   }
  },
  {
   "type": "Feature",
   "properties": {},
   "geometry": {
    "type": "LineString",
    "coordinates": [
     [
      12.58687,
      55.67476
     ],
     [
      12.58725,
      55.67496
     ],
     [
      12.58677,
      55.67482
     ]
    ]
   }
  },
  {
   "type": "Feature",
   "properties": {},
   "geometry": {
    "type": "LineString",
    "coordinates": [
     [
      12.58732,
      55.67445
     ],
     [
      12.58774,
      55.67467
     ],
     [
      12.58723,
      55.67453
     ]
    ]
   }
  },
  {
   "type": "Feature",
   "properties": {},
   "geometry": {
    "type": "LineString",
    "coordinates": [
     [
      12.4388,
      55.61132
     ],
     [
      12.43939,
      55.6114
     ],
     [
      12.43997,
      55.61139
     ],
     [
      12.4405,
      55.61139
     ],
     [
      12.44075,
      55.61127
     ],
     [
      12.44104,
      55.61123
     ],
     [
      12.44125,
      55.61127
     ],
     [
      12.44161,
      55.61128
     ],
     [
      12.44204,
      55.6113
     ],
     [
      12.44244,
      55.61106
     ],
     [
      12.44279,
      55.61107
     ],
     [
      12.44301,
      55.61117
     ],
     [
      12.44314,
      55.61131
     ],
     [
      12.4435,
      55.61134
     ],
     [
      12.44387,
      55.61133
     ],
     [
      12.44421,
      55.61136
     ],
     [
      12.44432,
      55.61147
     ],
     [
      12.44427,
      55.6118
     ],
     [
      12.44436,
      55.6119
     ],
     [
      12.44463,
      55.61169
     ],
     [
      12.4447,
      55.61152
     ],
     [
      12.44476,
      55.61138
     ],
     [
      12.44501,
      55.61076
     ],
     [
      12.44529,
      55.61006
     ],
     [
      12.4453,
      55.60993
     ],
     [
      12.44509,
      55.60977
     ],
     [
      12.44487,
      55.60969
     ],
     [
      12.44469,
      55.60965
     ],
     [
      12.44439,
      55.60963
     ],
     [
      12.44432,
      55.60976
     ],
     [
      12.44418,
      55.60991
     ],
     [
      12.44405,
      55.61004
     ],
     [
      12.44392,
      55.61013
     ],
     [
      12.44375,
      55.61026
     ],
     [
      12.44349,
      55.6103
     ],
     [
      12.44336,
      55.61044
     ],
     [
      12.44331,
      55.61061
     ],
     [
      12.44317,
      55.61075
     ],
     [
      12.44305,
      55.61085
     ],
     [
      12.44279,
      55.61087
     ],
     [
      12.44262,
      55.61078
     ],
     [
      12.44262,
      55.61063
     ],
     [
      12.44267,
      55.61046
     ],
     [
      12.44266,
      55.61033
     ],
     [
      12.44259,
      55.61019
     ],
     [
      12.44237,
      55.61012
     ],
     [
      12.44198,
      55.61023
     ],
     [
      12.44172,
      55.61035
     ],
     [
      12.44156,
      55.61042
     ],
     [
      12.44108,
      55.61044
     ],
     [
      12.44084,
      55.61046
     ],
     [
      12.44051,
      55.61047
     ],
     [
      12.44022,
      55.61045
     ],
     [
      12.43994,
      55.61001
     ],
     [
      12.44008,
      55.60968
     ],
     [
      12.44017,
      55.60953
     ],
     [
      12.44023,
      55.60942
     ],
     [
      12.44056,
      55.60935
     ],
     [
      12.44075,
      55.60933
     ],
     [
      12.44094,
      55.60931
     ],
     [
      12.44172,
      55.6093
     ],
     [
      12.44199,
      55.60958
     ],
     [
      12.44225,
      55.60962
     ],
     [
      12.44244,
      55.60971
     ],
     [
      12.44296,
      55.60944
     ],
     [
      12.44314,
      55.60929
     ],
     [
      12.44332,
      55.60914
     ],
     [
      12.44361,
      55.60918
     ],
     [
      12.44383,
      55.60918
     ],
     [
      12.44387,
      55.60889
     ],
     [
      12.44389,
      55.6087
     ],
     [
      12.44384,
      55.60858
     ],
     [
      12.44365,
      55.60855
     ],
     [
      12.4434,
      55.60853
     ],
     [
      12.44321,
      55.6085
     ],
     [
      12.44262,
      55.6084
     ],
     [
      12.44234,
      55.60836
     ],
     [
      12.44202,
      55.60836
     ],
     [
      12.44179,
      55.60836
     ],
     [
      12.44129,
      55.60798
     ],
     [
      12.44126,
      55.60786
     ],
     [
      12.44139,
      55.60776
     ],
     [
      12.44159,
      55.60765
     ],
     [
      12.44187,
      55.6075
     ],
     [
      12.44187,
      55.60718
     ],
     [
      12.442,
      55.60744
     ],
     [
      12.44224,
      55.60752
     ],
     [
      12.44259,
      55.60774
     ],
     [
      12.4428,
      55.60777
     ],
     [
      12.44351,
      55.60785
     ],
     [
      12.44408,
      55.60792
     ],
     [
      12.44447,
      55.60791
     ],
     [
      12.44466,
      55.60795
     ],
     [
      12.44483,
      55.60816
     ],
     [
      12.44493,
      55.60834
     ],
     [
      12.445,
      55.60864
     ],
     [
      12.44495,
      55.60894
     ],
     [
      12.44487,
      55.60925
     ],
     [
      12.4449,
      55.60947
     ],
     [
      12.44509,
      55.60952
     ],
     [
      12.4453,
      55.60948
     ],
     [
      12.44555,
      55.60933
     ],
     [
      12.44588,
      55.60858
     ],
     [
      12.4462,
      55.60784
     ],
     [
      12.44614,
      55.60769
     ],
     [
      12.44565,
      55.60743
     ],
     [
      12.44561,
      55.60718
     ]
    ]
   }
  },
  {
   "type": "Feature",
   "properties": {},
   "geometry": {
    "type": "LineString",
    "coordinates": [
     [
      12.4845,
      55.59793
     ],
     [
      12.48275,
      55.59868
     ],
     [
      12.48251,
      55.5988
     ],
     [
      12.48232,
      55.59889
     ],
     [
      12.48216,
      55.599
     ],
     [
      12.48202,
      55.59911
     ],
     [
      12.48188,
      55.59923
     ],
     [
      12.48176,
      55.59936
     ],
     [
      12.48168,
      55.59948
     ],
     [
      12.48161,
      55.59959
     ],
     [
      12.48156,
      55.5997
     ],
     [
      12.48152,
      55.59982
     ],
     [
      12.48134,
      55.60044
     ]
    ]
   }
  },
  {
   "type": "Feature",
   "properties": {},
   "geometry": {
    "type": "LineString",
    "coordinates": [
     [
      12.48464,
      55.59778
     ],
     [
      12.48485,
      55.59782
     ],
     [
      12.48487,
      55.59795
     ],
     [
      12.48467,
      55.59801
     ],
     [
      12.4845,
      55.59793
     ]
    ]
   }
  },
  {
   "type": "Feature",
   "properties": {},
   "geometry": {
    "type": "LineString",
    "coordinates": [
     [
      12.55404,
      55.64559
     ],
     [
      12.5543,
      55.64555
     ],
     [
      12.5542,
      55.6457
     ],
     [
      12.55425,
      55.64581
     ],
     [
      12.55465,
      55.6461
     ],
     [
      12.55508,
      55.64646
     ],
     [
      12.55564,
      55.64678
     ],
     [
      12.55577,
      55.64688
     ],
     [
      12.55584,
      55.64698
     ],
     [
      12.55588,
      55.64716
     ],
     [
      12.55582,
      55.64727
     ],
     [
      12.55559,
      55.64731
     ],
     [
      12.55531,
      55.64725
     ],
     [
      12.55514,
      55.64719
     ],
     [
      12.555,
      55.6471
     ],
     [
      12.55487,
      55.64699
     ],
     [
      12.55473,
      55.64685
     ],
     [
      12.554,
      55.64633
     ],
     [
      12.55383,
      55.6464
     ],
     [
      12.55326,
      55.64636
     ],
     [
      12.55314,
      55.64625
     ],
     [
      12.55296,
      55.6461
     ],
     [
      12.55196,
      55.6455
     ],
     [
      12.55214,
      55.64527
     ],
     [
      12.55265,
      55.64492
     ],
     [
      12.55282,
      55.64479
     ],
     [
      12.55303,
      55.64488
     ],
     [
      12.55339,
      55.64513
     ],
     [
      12.55371,
      55.64536
     ],
     [
      12.554,
      55.64556
     ]
    ]
   }
  },
  {
   "type": "Feature",
   "properties": {},
   "geometry": {
    "type": "LineString",
    "coordinates": [
     [
      12.55272,
      55.6447
     ],
     [
      12.55251,
      55.64484
     ],
     [
      12.55197,
      55.64522
     ],
     [
      12.55176,
      55.64536
     ],
     [
      12.5513,
      55.64495
     ],
     [
      12.5524,
      55.64445
     ],
     [
      12.55272,
      55.6447
     ]
    ]
   }
  },
  {
   "type": "Feature",
   "properties": {},
   "geometry": {
    "type": "LineString",
    "coordinates": [
     [
      12.54731,
      55.65085
     ],
     [
      12.54714,
      55.65069
     ],
     [
      12.54695,
      55.65052
     ],
     [
      12.54667,
      55.65026
     ],
     [
      12.54639,
      55.65001
     ],
     [
      12.54615,
      55.64979
     ],
     [
      12.54655,
      55.64965
     ],
     [
      12.54764,
      55.65063
     ],
     [
      12.54731,
      55.65085
     ]
    ]
   }
  },
  {
   "type": "Feature",
   "properties": {},
   "geometry": {
    "type": "LineString",
    "coordinates": [
     [
      12.5499,
      55.64545
     ],
     [
      12.55101,
      55.64496
     ],
     [
      12.55158,
      55.64546
     ],
     [
      12.55128,
      55.64561
     ],
     [
      12.55072,
      55.64591
     ],
     [
      12.55052,
      55.64601
     ],
     [
      12.5499,
      55.64545
     ]
    ]
   }
  },
  {
   "type": "Feature",
   "properties": {},
   "geometry": {
    "type": "LineString",
    "coordinates": [
     [
      12.5518,
      55.64561
     ],
     [
      12.55272,
      55.64619
     ],
     [
      12.55288,
      55.64635
     ],
     [
      12.55174,
      55.64676
     ],
     [
      12.55157,
      55.64661
     ],
     [
      12.55075,
      55.64614
     ],
     [
      12.5512,
      55.64582
     ],
     [
      12.55169,
      55.64554
     ]
    ]
   }
  },
  {
   "type": "Feature",
   "properties": {},
   "geometry": {
    "type": "LineString",
    "coordinates": [
     [
      12.59847,
      55.68055
     ],
     [
      12.59866,
      55.6805
     ],
     [
      12.60059,
      55.67996
     ],
     [
      12.60097,
      55.68039
     ],
     [
      12.60127,
      55.68075
     ],
     [
      12.60158,
      55.68109
     ],
     [
      12.60138,
      55.68115
     ],
     [
      12.60061,
      55.68135
     ],
     [
      12.59999,
      55.68152
     ],
     [
      12.59953,
      55.68164
     ]
    ]
   }
  },
  {
   "type": "Feature",
   "properties": {},
   "geometry": {
    "type": "LineString",
    "coordinates": [
     [
      12.58254,
      55.6765
     ],
     [
      12.58239,
      55.67657
     ],
     [
      12.58222,
      55.67663
     ],
     [
      12.58085,
      55.67716
     ],
     [
      12.5801,
      55.67746
     ],
     [
      12.57992,
      55.67751
     ],
     [
      12.57973,
      55.67751
     ],
     [
      12.57954,
      55.67748
     ],
     [
      12.57933,
      55.67745
     ],
     [
      12.57907,
      55.67738
     ],
     [
      12.57873,
      55.67727
     ],
     [
      12.57853,
      55.67719
     ],
     [
      12.57801,
      55.67701
     ],
     [
      12.57784,
      55.67694
     ],
     [
      12.57605,
      55.67583
     ]
    ]
   }
  },
  {
   "type": "Feature",
   "properties": {},
   "geometry": {
    "type": "LineString",
    "coordinates": [
     [
      12.59197,
      55.67638
     ],
     [
      12.59263,
      55.67589
     ],
     [
      12.59281,
      55.67575
     ],
     [
      12.59324,
      55.67543
     ],
     [
      12.59378,
      55.67503
     ],
     [
      12.59408,
      55.67481
     ],
     [
      12.5946,
      55.67505
     ],
     [
      12.59492,
      55.67527
     ],
     [
      12.59529,
      55.67554
     ],
     [
      12.59584,
      55.67592
     ],
     [
      12.59621,
      55.67618
     ],
     [
      12.59845,
      55.67772
     ],
     [
      12.59842,
      55.67783
     ],
     [
      12.59674,
      55.67839
     ]
    ]
   }
  },
  {
   "type": "Feature",
   "properties": {},
   "geometry": {
    "type": "LineString",
    "coordinates": [
     [
      12.60015,
      55.68266
     ],
     [
      12.59988,
      55.68272
     ],
     [
      12.5992,
      55.68189
     ],
     [
      12.59941,
      55.68184
     ]
    ]
   }
  },
  {
   "type": "Feature",
   "properties": {},
   "geometry": {
    "type": "LineString",
    "coordinates": [
     [
      12.601,
      55.70097
     ],
     [
      12.60117,
      55.70276
     ],
     [
      12.60126,
      55.70378
     ],
     [
      12.60136,
      55.70388
     ],
     [
      12.60122,
      55.70396
     ],
     [
      12.60081,
      55.70378
     ],
     [
      12.59968,
      55.70279
     ],
     [
      12.59929,
      55.69864
     ],
     [
      12.5992,
      55.6979
     ],
     [
      12.59884,
      55.69576
     ],
     [
      12.59999,
      55.69546
     ]
    ]
   }
  },
  {
   "type": "Feature",
   "properties": {},
   "geometry": {
    "type": "LineString",
    "coordinates": [
     [
      12.54533,
      55.64131
     ],
     [
      12.54518,
      55.64116
     ],
     [
      12.54495,
      55.64095
     ],
     [
      12.54486,
      55.64085
     ],
     [
      12.54508,
      55.64083
     ],
     [
      12.54535,
      55.64107
     ],
     [
      12.54547,
      55.64118
     ],
     [
      12.54561,
      55.6413
     ],
     [
      12.54577,
      55.64151
     ],
     [
      12.54569,
      55.64162
     ],
     [
      12.54533,
      55.64131
     ]
    ]
   }
  },
  {
   "type": "Feature",
   "properties": {},
   "geometry": {
    "type": "LineString",
    "coordinates": [
     [
      12.38373,
      55.61098
     ],
     [
      12.38376,
      55.61116
     ],
     [
      12.38363,
      55.61127
     ],
     [
      12.38347,
      55.61133
     ],
     [
      12.38321,
      55.61136
     ],
     [
      12.38281,
      55.61117
     ],
     [
      12.38276,
      55.61104
     ],
     [
      12.3829,
      55.6109
     ],
     [
      12.38318,
      55.61085
     ],
     [
      12.38346,
      55.61088
     ],
     [
      12.38369,
      55.61095
     ]
    ]
   }
  },
  {
   "type": "Feature",
   "properties": {},
   "geometry": {
    "type": "LineString",
    "coordinates": [
     [
      12.68687,
      55.63611
     ],
     [
      12.68668,
      55.63615
     ],
     [
      12.68659,
      55.63605
     ],
     [
      12.68669,
      55.6359
     ],
     [
      12.68689,
      55.63586
     ],
     [
      12.68697,
      55.63598
     ],
     [
      12.68687,
      55.63611
     ]
    ]
   }
  },
  {
   "type": "Feature",
   "properties": {},
   "geometry": {
    "type": "LineString",
    "coordinates": [
     [
      12.58313,
      55.72184
     ],
     [
      12.58327,
      55.722
     ],
     [
      12.58353,
      55.72212
     ],
     [
      12.58378,
      55.7222
     ],
     [
      12.58413,
      55.72225
     ],
     [
      12.58423,
      55.72235
     ],
     [
      12.58465,
      55.72247
     ],
     [
      12.58499,
      55.72256
     ],
     [
      12.5852,
      55.72262
     ],
     [
      12.58519,
      55.72276
     ],
     [
      12.58506,
      55.72285
     ],
     [
      12.58599,
      55.72314
     ],
     [
      12.58588,
      55.72346
     ],
     [
      12.58614,
      55.72362
     ],
     [
      12.58647,
      55.72376
     ],
     [
      12.58662,
      55.72388
     ],
     [
      12.58642,
      55.72399
     ],
     [
      12.58642,
      55.7241
     ],
     [
      12.58731,
      55.7242
     ],
     [
      12.58799,
      55.72446
     ],
     [
      12.58791,
      55.72468
     ],
     [
      12.5881,
      55.72474
     ],
     [
      12.58823,
      55.72486
     ],
     [
      12.58828,
      55.72498
     ],
     [
      12.5883,
      55.7251
     ],
     [
      12.58836,
      55.72523
     ],
     [
      12.58845,
      55.72535
     ],
     [
      12.58863,
      55.7255
     ],
     [
      12.5889,
      55.72554
     ],
     [
      12.58913,
      55.72565
     ],
     [
      12.58932,
      55.7257
     ],
     [
      12.58953,
      55.72573
     ],
     [
      12.58961,
      55.7259
     ],
     [
      12.58939,
      55.7259
     ],
     [
      12.5891,
      55.7261
     ],
     [
      12.58888,
      55.72634
     ],
     [
      12.58878,
      55.72645
     ],
     [
      12.58871,
      55.7263
     ],
     [
      12.58774,
      55.72596
     ],
     [
      12.58722,
      55.72578
     ],
     [
      12.58692,
      55.72597
     ],
     [
      12.58627,
      55.72605
     ],
     [
      12.58616,
      55.72589
     ],
     [
      12.58499,
      55.72572
     ],
     [
      12.58484,
      55.72585
     ],
     [
      12.58177,
      55.72539
     ],
     [
      12.58119,
      55.7253
     ],
     [
      12.58073,
      55.72522
     ],
     [
      12.57989,
      55.7251
     ],
     [
      12.57939,
      55.72502
     ],
     [
      12.57901,
      55.72497
     ],
     [
      12.578,
      55.72482
     ],
     [
      12.5779,
      55.72503
     ],
     [
      12.57779,
      55.72525
     ],
     [
      12.57881,
      55.7254
     ],
     [
      12.58022,
      55.7256
     ],
     [
      12.58055,
      55.72565
     ],
     [
      12.58126,
      55.72576
     ],
     [
      12.58155,
      55.7258
     ],
     [
      12.58211,
      55.72591
     ],
     [
      12.58303,
      55.72602
     ],
     [
      12.58349,
      55.72611
     ],
     [
      12.58397,
      55.72616
     ],
     [
      12.58338,
      55.72668
     ],
     [
      12.58438,
      55.72699
     ],
     [
      12.58446,
      55.72714
     ],
     [
      12.58423,
      55.72747
     ],
     [
      12.58405,
      55.72765
     ],
     [
      12.58369,
      55.72791
     ],
     [
      12.58311,
      55.72823
     ],
     [
      12.58282,
      55.72812
     ],
     [
      12.58237,
      55.72791
     ],
     [
      12.58219,
      55.72784
     ],
     [
      12.58183,
      55.7277
     ],
     [
      12.58147,
      55.72757
     ],
     [
      12.58122,
      55.72748
     ],
     [
      12.58097,
      55.72739
     ],
     [
      12.58091,
      55.72751
     ],
     [
      12.58098,
      55.72762
     ],
     [
      12.58139,
      55.72779
     ],
     [
      12.58188,
      55.72799
     ],
     [
      12.58208,
      55.7281
     ],
     [
      12.5825,
      55.72826
     ],
     [
      12.5831,
      55.72848
     ],
     [
      12.58344,
      55.7285
     ],
     [
      12.58376,
      55.72863
     ],
     [
      12.58398,
      55.72866
     ],
     [
      12.58413,
      55.72877
     ],
     [
      12.58383,
      55.7287
     ],
     [
      12.58313,
      55.72877
     ],
     [
      12.58292,
      55.72882
     ],
     [
      12.58202,
      55.72907
     ],
     [
      12.58167,
      55.72962
     ],
     [
      12.5816,
      55.72979
     ],
     [
      12.58136,
      55.73054
     ],
     [
      12.58146,
      55.73069
     ],
     [
      12.58153,
      55.7308
     ],
     [
      12.58155,
      55.73091
     ],
     [
      12.58159,
      55.73114
     ],
     [
      12.58162,
      55.73132
     ],
     [
      12.58164,
      55.73146
     ],
     [
      12.58198,
      55.73155
     ],
     [
      12.58132,
      55.73154
     ],
     [
      12.58056,
      55.73159
     ],
     [
      12.58056,
      55.73172
     ],
     [
      12.58049,
      55.73194
     ],
     [
      12.58049,
      55.73209
     ],
     [
      12.58056,
      55.7322
     ],
     [
      12.58205,
      55.73217
     ],
     [
      12.5822,
      55.73182
     ],
     [
      12.58233,
      55.73152
     ],
     [
      12.58253,
      55.73156
     ],
     [
      12.5825,
      55.73173
     ],
     [
      12.58247,
      55.73186
     ],
     [
      12.58251,
      55.73203
     ],
     [
      12.5825,
      55.73223
     ],
     [
      12.58251,
      55.7325
     ],
     [
      12.58248,
      55.73274
     ],
     [
      12.58244,
      55.7331
     ],
     [
      12.58244,
      55.73347
     ],
     [
      12.58249,
      55.73436
     ],
     [
      12.58248,
      55.73467
     ],
     [
      12.58259,
      55.73507
     ],
     [
      12.58266,
      55.73518
     ],
     [
      12.58262,
      55.73532
     ],
     [
      12.58265,
      55.73555
     ],
     [
      12.58269,
      55.73571
     ],
     [
      12.58299,
      55.73661
     ],
     [
      12.58305,
      55.73673
     ],
     [
      12.5831,
      55.73687
     ],
     [
      12.5834,
      55.73763
     ],
     [
      12.58408,
      55.73928
     ],
     [
      12.58414,
      55.73943
     ],
     [
      12.58419,
      55.73955
     ],
     [
      12.58429,
      55.7397
     ],
     [
      12.58446,
      55.73984
     ],
     [
      12.58485,
      55.74013
     ],
     [
      12.58493,
      55.74024
     ],
     [
      12.58503,
      55.74035
     ],
     [
      12.58517,
      55.74049
     ],
     [
      12.58546,
      55.74051
     ],
     [
      12.5855,
      55.74065
     ],
     [
      12.58557,
      55.7408
     ],
     [
      12.58564,
      55.7409
     ],
     [
      12.58574,
      55.74102
     ],
     [
      12.58585,
      55.74126
     ],
     [
      12.58593,
      55.74138
     ],
     [
      12.5861,
      55.74155
     ],
     [
      12.5868,
      55.74233
     ],
     [
      12.58707,
      55.74266
     ],
     [
      12.58709,
      55.74291
     ],
     [
      12.58723,
      55.74305
     ],
     [
      12.58761,
      55.74337
     ],
     [
      12.58776,
      55.74351
     ],
     [
      12.58774,
      55.74364
     ],
     [
      12.58791,
      55.74415
     ],
     [
      12.5882,
      55.7443
     ],
     [
      12.58842,
      55.74441
     ],
     [
      12.58862,
      55.74456
     ],
     [
      12.58875,
      55.74468
     ],
     [
      12.58884,
      55.7449
     ],
     [
      12.58889,
      55.7452
     ],
     [
      12.58895,
      55.74534
     ],
     [
      12.58902,
      55.74553
     ],
     [
      12.58916,
      55.74572
     ],
     [
      12.5892,
      55.74595
     ],
     [
      12.58934,
      55.74643
     ],
     [
      12.58943,
      55.74655
     ],
     [
      12.58936,
      55.74692
     ],
     [
      12.58958,
      55.74724
     ],
     [
      12.58967,
      55.74819
     ],
     [
      12.58993,
      55.74873
     ],
     [
      12.5902,
      55.74907
     ],
     [
      12.59034,
      55.74917
     ],
     [
      12.59072,
      55.74978
     ],
     [
      12.59125,
      55.75003
     ],
     [
      12.59167,
      55.75024
     ]
    ]
   }
  },
  {
   "type": "Feature",
   "properties": {},
   "geometry": {
    "type": "LineString",
    "coordinates": [
     [
      12.38288,
      55.61295
     ],
     [
      12.38314,
      55.61296
     ],
     [
      12.38331,
      55.6129
     ],
     [
      12.38345,
      55.61282
     ],
     [
      12.3835,
      55.61271
     ],
     [
      12.38339,
      55.61262
     ],
     [
      12.38307,
      55.61236
     ],
     [
      12.38278,
      55.61221
     ],
     [
      12.38268,
      55.61209
     ],
     [
      12.38239,
      55.61188
     ],
     [
      12.38098,
      55.61076
     ],
     [
      12.38081,
      55.61066
     ],
     [
      12.37993,
      55.61001
     ],
     [
      12.37951,
      55.60965
     ],
     [
      12.37894,
      55.60921
     ],
     [
      12.3789,
      55.6091
     ],
     [
      12.37933,
      55.60891
     ],
     [
      12.37965,
      55.60896
     ],
     [
      12.38231,
      55.61103
     ],
     [
      12.38251,
      55.6112
     ],
     [
      12.38277,
      55.61138
     ],
     [
      12.38308,
      55.61166
     ],
     [
      12.38321,
      55.61178
     ],
     [
      12.38334,
      55.61189
     ],
     [
      12.38358,
      55.61201
     ],
     [
      12.38391,
      55.61211
     ],
     [
      12.38418,
      55.6122
     ],
     [
      12.38462,
      55.61232
     ],
     [
      12.38725,
      55.61264
     ],
     [
      12.38793,
      55.61271
     ]
    ]
   }
  },
  {
   "type": "Feature",
   "properties": {},
   "geometry": {
    "type": "LineString",
    "coordinates": [
     [
      12.40496,
      55.6122
     ],
     [
      12.40556,
      55.61229
     ],
     [
      12.40938,
      55.61278
     ],
     [
      12.41124,
      55.61291
     ],
     [
      12.41422,
      55.61304
     ],
     [
      12.4176,
      55.61304
     ],
     [
      12.42006,
      55.61298
     ],
     [
      12.42204,
      55.61301
     ],
     [
      12.42578,
      55.6128
     ],
     [
      12.42692,
      55.61273
     ],
     [
      12.42816,
      55.61269
     ],
     [
      12.42889,
      55.61266
     ],
     [
      12.43021,
      55.61263
     ],
     [
      12.43088,
      55.61258
     ],
     [
      12.4338,
      55.61237
     ],
     [
      12.43679,
      55.61205
     ],
     [
      12.43865,
      55.61174
     ]
    ]
   }
  },
  {
   "type": "Feature",
   "properties": {},
   "geometry": {
    "type": "LineString",
    "coordinates": [
     [
      12.44657,
      55.60691
     ],
     [
      12.44744,
      55.60473
     ],
     [
      12.44756,
      55.60457
     ],
     [
      12.44771,
      55.60444
     ],
     [
      12.44793,
      55.60431
     ],
     [
      12.44817,
      55.60422
     ],
     [
      12.44846,
      55.60414
     ],
     [
      12.44892,
      55.60409
     ],
     [
      12.45356,
      55.60376
     ],
     [
      12.45616,
      55.60361
     ],
     [
      12.45658,
      55.60358
     ],
     [
      12.457,
      55.60351
     ],
     [
      12.45738,
      55.60343
     ],
     [
      12.45782,
      55.6033
     ],
     [
      12.4582,
      55.60319
     ],
     [
      12.45867,
      55.603
     ],
     [
      12.45957,
      55.60269
     ],
     [
      12.45993,
      55.60259
     ],
     [
      12.4603,
      55.60252
     ],
     [
      12.46075,
      55.60245
     ],
     [
      12.46116,
      55.60241
     ],
     [
      12.47437,
      55.60149
     ],
     [
      12.4767,
      55.60134
     ],
     [
      12.47881,
      55.6012
     ],
     [
      12.47903,
      55.60197
     ],
     [
      12.47895,
      55.60123
     ],
     [
      12.48097,
      55.60108
     ],
     [
      12.48111,
      55.60042
     ]
    ]
   }
  },
  {
   "type": "Feature",
   "properties": {},
   "geometry": {
    "type": "LineString",
    "coordinates": [
     [
      12.50676,
      55.63598
     ],
     [
      12.50711,
      55.63588
     ],
     [
      12.50765,
      55.63548
     ],
     [
      12.50885,
      55.6345
     ],
     [
      12.50922,
      55.63445
     ],
     [
      12.52001,
      55.63734
     ],
     [
      12.52037,
      55.63737
     ],
     [
      12.5219,
      55.63742
     ],
     [
      12.52233,
      55.6373
     ],
     [
      12.52242,
      55.63718
     ],
     [
      12.52279,
      55.63703
     ],
     [
      12.52405,
      55.63715
     ],
     [
      12.52478,
      55.63722
     ],
     [
      12.52593,
      55.63711
     ],
     [
      12.5266,
      55.63698
     ],
     [
      12.52725,
      55.63674
     ],
     [
      12.52788,
      55.63651
     ],
     [
      12.52843,
      55.63656
     ],
     [
      12.52947,
      55.63667
     ],
     [
      12.52985,
      55.63667
     ],
     [
      12.5307,
      55.63674
     ],
     [
      12.53124,
      55.63683
     ],
     [
      12.53169,
      55.63686
     ],
     [
      12.53189,
      55.63691
     ],
     [
      12.5318,
      55.63723
     ],
     [
      12.53162,
      55.6373
     ],
     [
      12.53089,
      55.63722
     ],
     [
      12.53048,
      55.63715
     ],
     [
      12.52952,
      55.63709
     ],
     [
      12.52915,
      55.63701
     ],
     [
      12.52896,
      55.63701
     ],
     [
      12.52816,
      55.63697
     ],
     [
      12.52789,
      55.637
     ],
     [
      12.52765,
      55.63706
     ],
     [
      12.52686,
      55.63726
     ],
     [
      12.5268,
      55.63748
     ],
     [
      12.52703,
      55.63751
     ],
     [
      12.52675,
      55.639
     ],
     [
      12.52706,
      55.63903
     ],
     [
      12.52719,
      55.63832
     ],
     [
      12.52735,
      55.63755
     ],
     [
      12.53147,
      55.63796
     ],
     [
      12.53169,
      55.63801
     ],
     [
      12.5319,
      55.63822
     ],
     [
      12.53131,
      55.64041
     ],
     [
      12.53132,
      55.64055
     ],
     [
      12.53127,
      55.64077
     ],
     [
      12.53121,
      55.6409
     ],
     [
      12.53119,
      55.64109
     ],
     [
      12.53116,
      55.64126
     ],
     [
      12.53109,
      55.64144
     ],
     [
      12.53102,
      55.64158
     ],
     [
      12.53093,
      55.64171
     ],
     [
      12.53088,
      55.64185
     ],
     [
      12.53072,
      55.64241
     ],
     [
      12.53094,
      55.64237
     ],
     [
      12.53093,
      55.64223
     ],
     [
      12.53101,
      55.64209
     ],
     [
      12.5312,
      55.64195
     ],
     [
      12.53136,
      55.64184
     ],
     [
      12.53142,
      55.64169
     ],
     [
      12.5315,
      55.6415
     ],
     [
      12.53153,
      55.6413
     ],
     [
      12.53155,
      55.64118
     ],
     [
      12.53157,
      55.64106
     ],
     [
      12.53161,
      55.64082
     ],
     [
      12.53162,
      55.64065
     ],
     [
      12.5317,
      55.6405
     ],
     [
      12.53172,
      55.64037
     ],
     [
      12.53179,
      55.64019
     ],
     [
      12.53179,
      55.64002
     ],
     [
      12.53182,
      55.63983
     ],
     [
      12.53192,
      55.63959
     ],
     [
      12.53209,
      55.63927
     ],
     [
      12.53216,
      55.63912
     ],
     [
      12.53215,
      55.639
     ],
     [
      12.53216,
      55.63888
     ],
     [
      12.53213,
      55.63872
     ],
     [
      12.53214,
      55.6385
     ],
     [
      12.53215,
      55.63824
     ],
     [
      12.53216,
      55.63808
     ],
     [
      12.53227,
      55.6379
     ],
     [
      12.53226,
      55.63767
     ],
     [
      12.53218,
      55.63747
     ],
     [
      12.53212,
      55.63732
     ],
     [
      12.53207,
      55.63694
     ],
     [
      12.53228,
      55.63682
     ],
     [
      12.5324,
      55.63672
     ],
     [
      12.53256,
      55.63632
     ],
     [
      12.53243,
      55.6362
     ],
     [
      12.53082,
      55.63623
     ],
     [
      12.52942,
      55.63629
     ],
     [
      12.52923,
      55.6362
     ],
     [
      12.52934,
      55.63599
     ],
     [
      12.52973,
      55.63581
     ],
     [
      12.53007,
      55.63578
     ],
     [
      12.53041,
      55.6358
     ],
     [
      12.53074,
      55.63578
     ],
     [
      12.53092,
      55.6357
     ],
     [
      12.53106,
      55.63558
     ],
     [
      12.5312,
      55.63538
     ],
     [
      12.53121,
      55.63506
     ],
     [
      12.53115,
      55.63466
     ],
     [
      12.53096,
      55.6339
     ],
     [
      12.53089,
      55.63362
     ],
     [
      12.53087,
      55.63303
     ],
     [
      12.53083,
      55.63265
     ],
     [
      12.53073,
      55.63247
     ],
     [
      12.53073,
      55.63219
     ],
     [
      12.53083,
      55.63196
     ],
     [
      12.53104,
      55.63182
     ],
     [
      12.53132,
      55.63172
     ],
     [
      12.53177,
      55.63174
     ],
     [
      12.53227,
      55.63189
     ],
     [
      12.53257,
      55.632
     ],
     [
      12.5331,
      55.63176
     ]
    ]
   }
  },
  {
   "type": "Feature",
   "properties": {},
   "geometry": {
    "type": "LineString",
    "coordinates": [
     [
      12.64884,
      55.64446
     ],
     [
      12.64866,
      55.64461
     ],
     [
      12.6485,
      55.64476
     ],
     [
      12.6484,
      55.64496
     ],
     [
      12.64833,
      55.64514
     ],
     [
      12.64822,
      55.64532
     ],
     [
      12.64802,
      55.6456
     ],
     [
      12.64789,
      55.64581
     ],
     [
      12.64783,
      55.64603
     ],
     [
      12.6478,
      55.6463
     ]
    ]
   }
  },
  {
   "type": "Feature",
   "properties": {},
   "geometry": {
    "type": "LineString",
    "coordinates": [
     [
      12.6478,
      55.6463
     ],
     [
      12.64784,
      55.64645
     ],
     [
      12.64787,
      55.64659
     ],
     [
      12.64804,
      55.64702
     ],
     [
      12.64822,
      55.64731
     ],
     [
      12.6484,
      55.64756
     ],
     [
      12.64849,
      55.64787
     ],
     [
      12.64824,
      55.64789
     ],
     [
      12.64662,
      55.64801
     ],
     [
      12.64605,
      55.64832
     ],
     [
      12.644,
      55.64961
     ],
     [
      12.64327,
      55.65007
     ],
     [
      12.6431,
      55.65017
     ],
     [
      12.64294,
      55.65037
     ],
     [
      12.64283,
      55.65047
     ],
     [
      12.6426,
      55.65053
     ],
     [
      12.64242,
      55.6506
     ],
     [
      12.64226,
      55.65075
     ],
     [
      12.64223,
      55.65089
     ],
     [
      12.6422,
      55.65103
     ],
     [
      12.64207,
      55.65113
     ],
     [
      12.64195,
      55.65128
     ],
     [
      12.6418,
      55.65157
     ],
     [
      12.64155,
      55.65197
     ],
     [
      12.64143,
      55.65217
     ],
     [
      12.64127,
      55.65247
     ],
     [
      12.64102,
      55.65285
     ],
     [
      12.64089,
      55.65307
     ],
     [
      12.64071,
      55.65338
     ],
     [
      12.64056,
      55.65366
     ],
     [
      12.64033,
      55.65403
     ],
     [
      12.64018,
      55.65429
     ],
     [
      12.64005,
      55.65449
     ],
     [
      12.63993,
      55.65471
     ],
     [
      12.63977,
      55.65496
     ],
     [
      12.63967,
      55.65514
     ],
     [
      12.63954,
      55.65541
     ],
     [
      12.63935,
      55.65573
     ],
     [
      12.63918,
      55.656
     ],
     [
      12.6389,
      55.6564
     ],
     [
      12.6388,
      55.65652
     ],
     [
      12.63866,
      55.65672
     ],
     [
      12.63854,
      55.65682
     ],
     [
      12.63843,
      55.65699
     ],
     [
      12.63839,
      55.6571
     ],
     [
      12.63834,
      55.6572
     ],
     [
      12.63823,
      55.65735
     ],
     [
      12.63813,
      55.65753
     ],
     [
      12.63801,
      55.65765
     ],
     [
      12.63772,
      55.65788
     ],
     [
      12.63754,
      55.65812
     ],
     [
      12.63747,
      55.65822
     ],
     [
      12.63726,
      55.65848
     ],
     [
      12.63676,
      55.65904
     ],
     [
      12.63647,
      55.6594
     ],
     [
      12.63604,
      55.65984
     ],
     [
      12.63579,
      55.66017
     ],
     [
      12.63547,
      55.66072
     ],
     [
      12.63523,
      55.66117
     ],
     [
      12.63518,
      55.66141
     ],
     [
      12.63522,
      55.66176
     ],
     [
      12.63529,
      55.66218
     ],
     [
      12.63542,
      55.66279
     ],
     [
      12.63547,
      55.66306
     ],
     [
      12.63557,
      55.6632
     ],
     [
      12.63557,
      55.66332
     ],
     [
      12.6355,
      55.66343
     ],
     [
      12.63532,
      55.66386
     ],
     [
      12.63519,
      55.66416
     ],
     [
      12.63516,
      55.66433
     ],
     [
      12.635,
      55.66469
     ],
     [
      12.63494,
      55.66452
     ],
     [
      12.63503,
      55.66432
     ],
     [
      12.63472,
      55.66423
     ],
     [
      12.63275,
      55.66366
     ],
     [
      12.63243,
      55.66398
     ],
     [
      12.63232,
      55.66445
     ],
     [
      12.63226,
      55.66466
     ],
     [
      12.63175,
      55.66464
     ],
     [
      12.63146,
      55.66462
     ],
     [
      12.63062,
      55.66454
     ],
     [
      12.63057,
      55.66467
     ],
     [
      12.63116,
      55.66473
     ],
     [
      12.63134,
      55.66479
     ],
     [
      12.63173,
      55.66485
     ],
     [
      12.63244,
      55.66493
     ],
     [
      12.63314,
      55.665
     ],
     [
      12.63352,
      55.66503
     ],
     [
      12.63393,
      55.66515
     ],
     [
      12.63441,
      55.66528
     ],
     [
      12.63453,
      55.66519
     ],
     [
      12.6347,
      55.66504
     ],
     [
      12.63477,
      55.66493
     ],
     [
      12.63482,
      55.66506
     ],
     [
      12.63433,
      55.66549
     ],
     [
      12.63419,
      55.66562
     ],
     [
      12.63404,
      55.66576
     ],
     [
      12.63391,
      55.66595
     ],
     [
      12.63388,
      55.66609
     ],
     [
      12.63373,
      55.66622
     ],
     [
      12.6335,
      55.66645
     ],
     [
      12.63341,
      55.6666
     ],
     [
      12.63326,
      55.66674
     ],
     [
      12.63311,
      55.66689
     ],
     [
      12.63298,
      55.66704
     ],
     [
      12.63287,
      55.66724
     ],
     [
      12.63269,
      55.66748
     ],
     [
      12.63248,
      55.66766
     ],
     [
      12.6322,
      55.66793
     ],
     [
      12.6321,
      55.66803
     ],
     [
      12.63184,
      55.66832
     ],
     [
      12.63162,
      55.66857
     ],
     [
      12.6316,
      55.66869
     ],
     [
      12.63162,
      55.66892
     ],
     [
      12.63157,
      55.66914
     ],
     [
      12.63153,
      55.66937
     ],
     [
      12.63218,
      55.66962
     ],
     [
      12.6308,
      55.67056
     ],
     [
      12.62564,
      55.67009
     ],
     [
      12.63006,
      55.67061
     ],
     [
      12.63076,
      55.67068
     ],
     [
      12.63185,
      55.67077
     ],
     [
      12.63268,
      55.67091
     ]
    ]
   }
  },
  {
   "type": "Feature",
   "properties": {},
   "geometry": {
    "type": "LineString",
    "coordinates": [
     [
      12.65689,
      55.63419
     ],
     [
      12.65666,
      55.6343
     ],
     [
      12.65683,
      55.63416
     ],
     [
      12.65689,
      55.63398
     ],
     [
      12.65651,
      55.63382
     ],
     [
      12.65591,
      55.63358
     ],
     [
      12.65553,
      55.63342
     ],
     [
      12.65541,
      55.63351
     ],
     [
      12.65512,
      55.63365
     ],
     [
      12.65495,
      55.63379
     ],
     [
      12.65484,
      55.63388
     ],
     [
      12.65457,
      55.63408
     ],
     [
      12.65483,
      55.63417
     ],
     [
      12.65517,
      55.6343
     ],
     [
      12.65536,
      55.63437
     ],
     [
      12.65597,
      55.63445
     ],
     [
      12.65618,
      55.63447
     ],
     [
      12.65656,
      55.63451
     ],
     [
      12.65674,
      55.63443
     ],
     [
      12.65687,
      55.63463
     ],
     [
      12.65691,
      55.63474
     ],
     [
      12.65659,
      55.63472
     ],
     [
      12.65636,
      55.63487
     ],
     [
      12.6551,
      55.63466
     ],
     [
      12.65505,
      55.63478
     ],
     [
      12.65592,
      55.63494
     ],
     [
      12.65637,
      55.63503
     ],
     [
      12.65645,
      55.63518
     ],
     [
      12.65623,
      55.63515
     ],
     [
      12.65546,
      55.63502
     ],
     [
      12.6548,
      55.63488
     ],
     [
      12.65371,
      55.63466
     ],
     [
      12.65378,
      55.63477
     ],
     [
      12.65449,
      55.63498
     ],
     [
      12.65517,
      55.63509
     ],
     [
      12.65549,
      55.63513
     ],
     [
      12.6567,
      55.63533
     ],
     [
      12.65715,
      55.63543
     ],
     [
      12.65773,
      55.63553
     ],
     [
      12.65797,
      55.63578
     ],
     [
      12.65715,
      55.63632
     ],
     [
      12.65699,
      55.63638
     ],
     [
      12.6567,
      55.63635
     ],
     [
      12.65618,
      55.63582
     ],
     [
      12.65605,
      55.63566
     ],
     [
      12.6552,
      55.63558
     ],
     [
      12.65522,
      55.63583
     ],
     [
      12.65529,
      55.63681
     ],
     [
      12.65582,
      55.63678
     ],
     [
      12.65626,
      55.63677
     ],
     [
      12.65658,
      55.63676
     ],
     [
      12.65664,
      55.63687
     ],
     [
      12.65682,
      55.6372
     ],
     [
      12.65693,
      55.63738
     ],
     [
      12.65707,
      55.63765
     ],
     [
      12.65714,
      55.63776
     ],
     [
      12.65725,
      55.63798
     ],
     [
      12.65739,
      55.63819
     ],
     [
      12.65734,
      55.63832
     ],
     [
      12.65714,
      55.63845
     ],
     [
      12.65689,
      55.63861
     ],
     [
      12.65642,
      55.63889
     ],
     [
      12.65576,
      55.63897
     ],
     [
      12.65474,
      55.6391
     ],
     [
      12.65449,
      55.63932
     ],
     [
      12.65371,
      55.64016
     ],
     [
      12.65357,
      55.64028
     ],
     [
      12.65337,
      55.64048
     ],
     [
      12.65477,
      55.64126
     ],
     [
      12.6549,
      55.64137
     ],
     [
      12.65492,
      55.64149
     ],
     [
      12.65485,
      55.64167
     ],
     [
      12.65385,
      55.64273
     ],
     [
      12.65336,
      55.64322
     ],
     [
      12.65321,
      55.64332
     ],
     [
      12.65303,
      55.64337
     ],
     [
      12.65267,
      55.64341
     ],
     [
      12.65243,
      55.64338
     ],
     [
      12.65269,
      55.64328
     ],
     [
      12.65295,
      55.64325
     ],
     [
      12.65316,
      55.64316
     ],
     [
      12.65337,
      55.64294
     ],
     [
      12.65375,
      55.64253
     ],
     [
      12.65412,
      55.64214
     ],
     [
      12.65448,
      55.64175
     ],
     [
      12.65449,
      55.64159
     ],
     [
      12.65437,
      55.64147
     ],
     [
      12.65421,
      55.64139
     ],
     [
      12.65374,
      55.64114
     ],
     [
      12.65322,
      55.64106
     ],
     [
      12.65304,
      55.64101
     ],
     [
      12.65289,
      55.64094
     ],
     [
      12.65198,
      55.64096
     ],
     [
      12.65165,
      55.64116
     ],
     [
      12.65129,
      55.64156
     ],
     [
      12.65092,
      55.64196
     ],
     [
      12.65059,
      55.64232
     ],
     [
      12.65081,
      55.64239
     ],
     [
      12.65141,
      55.64259
     ],
     [
      12.6513,
      55.64271
     ],
     [
      12.65118,
      55.64283
     ],
     [
      12.65082,
      55.64272
     ]
    ]
   }
  },
  {
   "type": "Feature",
   "properties": {},
   "geometry": {
    "type": "LineString",
    "coordinates": [
     [
      12.68075,
      55.62951
     ],
     [
      12.68063,
      55.62972
     ],
     [
      12.68011,
      55.63038
     ],
     [
      12.67981,
      55.63072
     ],
     [
      12.67948,
      55.63101
     ],
     [
      12.6792,
      55.63123
     ],
     [
      12.67882,
      55.63149
     ],
     [
      12.67823,
      55.63186
     ],
     [
      12.67774,
      55.63212
     ],
     [
      12.67725,
      55.63232
     ],
     [
      12.6766,
      55.63257
     ],
     [
      12.67586,
      55.63279
     ],
     [
      12.67509,
      55.63298
     ],
     [
      12.67435,
      55.63316
     ],
     [
      12.67343,
      55.63335
     ],
     [
      12.6726,
      55.6335
     ],
     [
      12.67168,
      55.63364
     ],
     [
      12.6708,
      55.63376
     ],
     [
      12.66996,
      55.63385
     ],
     [
      12.66903,
      55.63393
     ],
     [
      12.66816,
      55.63398
     ],
     [
      12.66733,
      55.63401
     ],
     [
      12.6664,
      55.63403
     ],
     [
      12.66485,
      55.63403
     ],
     [
      12.66402,
      55.63399
     ],
     [
      12.66195,
      55.63383
     ],
     [
      12.66112,
      55.63381
     ],
     [
      12.66035,
      55.63381
     ],
     [
      12.65969,
      55.63385
     ],
     [
      12.65908,
      55.63389
     ],
     [
      12.65825,
      55.63399
     ],
     [
      12.65793,
      55.63402
     ],
     [
      12.65738,
      55.63405
     ],
     [
      12.65711,
      55.6341
     ],
     [
      12.65697,
      55.63418
     ]
    ]
   }
  },
  {
   "type": "Feature",
   "properties": {},
   "geometry": {
    "type": "LineString",
    "coordinates": [
     [
      12.58726,
      55.67577
     ],
     [
      12.58751,
      55.67571
     ],
     [
      12.58791,
      55.67585
     ],
     [
      12.58778,
      55.67599
     ],
     [
      12.58995,
      55.67671
     ],
     [
      12.5907,
      55.67703
     ],
     [
      12.59128,
      55.67733
     ],
     [
      12.59143,
      55.67741
     ]
    ]
   }
  },
  {
   "type": "Feature",
   "properties": {},
   "geometry": {
    "type": "LineString",
    "coordinates": [
     [
      12.57776,
      55.67057
     ],
     [
      12.57819,
      55.67084
     ],
     [
      12.5781,
      55.67095
     ],
     [
      12.58011,
      55.67211
     ]
    ]
   }
  },
  {
   "type": "Feature",
   "properties": {},
   "geometry": {
    "type": "LineString",
    "coordinates": [
     [
      12.59168,
      55.6763
     ],
     [
      12.59119,
      55.67618
     ],
     [
      12.58971,
      55.67562
     ],
     [
      12.58946,
      55.67547
     ],
     [
      12.5905,
      55.67486
     ],
     [
      12.5901,
      55.67461
     ],
     [
      12.58981,
      55.67476
     ],
     [
      12.58907,
      55.67525
     ],
     [
      12.58785,
      55.67459
     ],
     [
      12.58754,
      55.67442
     ],
     [
      12.58738,
      55.67422
     ],
     [
      12.58607,
      55.67359
     ],
     [
      12.58628,
      55.67347
     ],
     [
      12.58598,
      55.67355
     ],
     [
      12.58577,
      55.67344
     ],
     [
      12.58557,
      55.67347
     ],
     [
      12.58496,
      55.67318
     ],
     [
      12.58521,
      55.67304
     ],
     [
      12.58486,
      55.67314
     ],
     [
      12.58392,
      55.67257
     ]
    ]
   }
  },
  {
   "type": "Feature",
   "properties": {},
   "geometry": {
    "type": "LineString",
    "coordinates": [
     [
      12.5965,
      55.67886
     ],
     [
      12.59748,
      55.67854
     ],
     [
      12.59772,
      55.67857
     ],
     [
      12.59769,
      55.67842
     ],
     [
      12.59885,
      55.67804
     ],
     [
      12.59904,
      55.67802
     ],
     [
      12.59939,
      55.67786
     ]
    ]
   }
  },
  {
   "type": "Feature",
   "properties": {},
   "geometry": {
    "type": "LineString",
    "coordinates": [
     [
      12.59365,
      55.67886
     ],
     [
      12.59134,
      55.67947
     ],
     [
      12.59111,
      55.67953
     ],
     [
      12.5908,
      55.67961
     ],
     [
      12.59037,
      55.67972
     ],
     [
      12.58978,
      55.67988
     ],
     [
      12.58921,
      55.68004
     ],
     [
      12.5879,
      55.68039
     ],
     [
      12.58803,
      55.68047
     ],
     [
      12.58798,
      55.68058
     ],
     [
      12.59131,
      55.67977
     ],
     [
      12.5915,
      55.67972
     ],
     [
      12.59305,
      55.67929
     ],
     [
      12.59396,
      55.67905
     ]
    ]
   }
  },
  {
   "type": "Feature",
   "properties": {},
   "geometry": {
    "type": "LineString",
    "coordinates": [
     [
      12.59396,
      55.67905
     ],
     [
      12.59423,
      55.67929
     ],
     [
      12.59433,
      55.67941
     ],
     [
      12.59453,
      55.67969
     ],
     [
      12.59472,
      55.67969
     ],
     [
      12.595,
      55.67962
     ],
     [
      12.59549,
      55.68023
     ],
     [
      12.59523,
      55.6803
     ],
     [
      12.59512,
      55.68039
     ],
     [
      12.59521,
      55.6805
     ],
     [
      12.59539,
      55.68072
     ],
     [
      12.59568,
      55.68107
     ],
     [
      12.59628,
      55.6818
     ],
     [
      12.59701,
      55.68269
     ],
     [
      12.59632,
      55.68288
     ],
     [
      12.59541,
      55.68178
     ],
     [
      12.59496,
      55.68123
     ],
     [
      12.59485,
      55.6811
     ],
     [
      12.59391,
      55.68135
     ],
     [
      12.59534,
      55.68309
     ],
     [
      12.59703,
      55.68514
     ]
    ]
   }
  },
  {
   "type": "Feature",
   "properties": {},
   "geometry": {
    "type": "LineString",
    "coordinates": [
     [
      12.5608,
      55.66051
     ],
     [
      12.56031,
      55.65992
     ],
     [
      12.56052,
      55.65983
     ],
     [
      12.5611,
      55.65968
     ],
     [
      12.56313,
      55.65997
     ],
     [
      12.56287,
      55.66036
     ],
     [
      12.56335,
      55.65993
     ],
     [
      12.56366,
      55.66
     ],
     [
      12.56416,
      55.66012
     ],
     [
      12.56439,
      55.66043
     ],
     [
      12.56387,
      55.66087
     ],
     [
      12.56421,
      55.66068
     ],
     [
      12.56445,
      55.66049
     ],
     [
      12.5647,
      55.66058
     ],
     [
      12.56482,
      55.66099
     ],
     [
      12.56509,
      55.66133
     ],
     [
      12.56651,
      55.6633
     ],
     [
      12.56635,
      55.66323
     ],
     [
      12.56409,
      55.66225
     ],
     [
      12.56399,
      55.66216
     ],
     [
      12.56279,
      55.66162
     ],
     [
      12.56304,
      55.66144
     ],
     [
      12.56257,
      55.66123
     ],
     [
      12.56222,
      55.66116
     ],
     [
      12.5608,
      55.66051
     ]
    ]
   }
  },
  {
   "type": "Feature",
   "properties": {},
   "geometry": {
    "type": "LineString",
    "coordinates": [
     [
      12.5661,
      55.6585
     ],
     [
      12.56417,
      55.65599
     ],
     [
      12.56393,
      55.65569
     ],
     [
      12.56358,
      55.65523
     ],
     [
      12.56458,
      55.65498
     ],
     [
      12.56445,
      55.65485
     ],
     [
      12.56348,
      55.65511
     ],
     [
      12.56368,
      55.65497
     ],
     [
      12.56348,
      55.65467
     ],
     [
      12.56328,
      55.65443
     ],
     [
      12.56319,
      55.65432
     ],
     [
      12.56297,
      55.65418
     ],
     [
      12.56281,
      55.65409
     ],
     [
      12.56268,
      55.65399
     ],
     [
      12.56264,
      55.65379
     ],
     [
      12.56258,
      55.65365
     ],
     [
      12.56248,
      55.65354
     ],
     [
      12.5623,
      55.65335
     ],
     [
      12.56201,
      55.65317
     ],
     [
      12.56184,
      55.65292
     ],
     [
      12.56168,
      55.65271
     ],
     [
      12.56136,
      55.65229
     ],
     [
      12.56114,
      55.652
     ],
     [
      12.56094,
      55.65175
     ],
     [
      12.56049,
      55.65117
     ],
     [
      12.55682,
      55.6464
     ],
     [
      12.55655,
      55.64605
     ],
     [
      12.55521,
      55.64442
     ],
     [
      12.55492,
      55.64397
     ],
     [
      12.55482,
      55.64382
     ],
     [
      12.55459,
      55.64366
     ],
     [
      12.55437,
      55.64367
     ],
     [
      12.55418,
      55.64365
     ],
     [
      12.55411,
      55.64342
     ],
     [
      12.55418,
      55.64314
     ],
     [
      12.5541,
      55.64299
     ],
     [
      12.55405,
      55.64285
     ],
     [
      12.5541,
      55.64268
     ],
     [
      12.55419,
      55.64238
     ],
     [
      12.55375,
      55.64248
     ],
     [
      12.55355,
      55.64255
     ],
     [
      12.55311,
      55.64271
     ],
     [
      12.55298,
      55.6426
     ],
     [
      12.55257,
      55.64275
     ],
     [
      12.55243,
      55.64263
     ],
     [
      12.55199,
      55.64224
     ],
     [
      12.55372,
      55.64156
     ],
     [
      12.55395,
      55.64143
     ],
     [
      12.55364,
      55.64119
     ],
     [
      12.55163,
      55.6415
     ],
     [
      12.55133,
      55.64123
     ]
    ]
   }
  },
  {
   "type": "Feature",
   "properties": {},
   "geometry": {
    "type": "LineString",
    "coordinates": [
     [
      12.57943,
      55.66977
     ],
     [
      12.57933,
      55.66968
     ],
     [
      12.57924,
      55.66957
     ],
     [
      12.5789,
      55.66931
     ],
     [
      12.57865,
      55.66912
     ],
     [
      12.57827,
      55.66883
     ],
     [
      12.57788,
      55.669
     ],
     [
      12.57752,
      55.66873
     ],
     [
      12.57738,
      55.66863
     ],
     [
      12.5771,
      55.66842
     ],
     [
      12.57727,
      55.66818
     ],
     [
      12.57674,
      55.66767
     ],
     [
      12.57647,
      55.66748
     ],
     [
      12.57618,
      55.66725
     ],
     [
      12.57559,
      55.66689
     ],
     [
      12.57462,
      55.6661
     ],
     [
      12.57416,
      55.66574
     ],
     [
      12.57402,
      55.66564
     ],
     [
      12.57009,
      55.66275
     ],
     [
      12.56896,
      55.66183
     ],
     [
      12.5683,
      55.66133
     ],
     [
      12.56818,
      55.66121
     ],
     [
      12.56759,
      55.6604
     ],
     [
      12.56751,
      55.6603
     ],
     [
      12.56785,
      55.66021
     ],
     [
      12.56824,
      55.66012
     ],
     [
      12.56806,
      55.65967
     ],
     [
      12.56719,
      55.65989
     ],
     [
      12.5661,
      55.6585
     ]
    ]
   }
  },
  {
   "type": "Feature",
   "properties": {},
   "geometry": {
    "type": "LineString",
    "coordinates": [
     [
      12.59664,
      55.67839
     ],
     [
      12.59576,
      55.678
     ],
     [
      12.59659,
      55.67741
     ],
     [
      12.59605,
      55.67719
     ],
     [
      12.59562,
      55.67746
     ],
     [
      12.59524,
      55.67772
     ],
     [
      12.59433,
      55.67738
     ],
     [
      12.59392,
      55.67721
     ],
     [
      12.59353,
      55.67704
     ],
     [
      12.59281,
      55.67673
     ],
     [
      12.59197,
      55.67638
     ]
    ]
   }
  },
  {
   "type": "Feature",
   "properties": {},
   "geometry": {
    "type": "LineString",
    "coordinates": [
     [
      12.60137,
      55.68406
     ],
     [
      12.60095,
      55.6836
     ],
     [
      12.60109,
      55.68352
     ],
     [
      12.60133,
      55.68345
     ],
     [
      12.60178,
      55.68334
     ],
     [
      12.60231,
      55.6832
     ],
     [
      12.60246,
      55.68311
     ],
     [
      12.60234,
      55.683
     ],
     [
      12.60128,
      55.68325
     ],
     [
      12.601,
      55.68336
     ],
     [
      12.60075,
      55.68338
     ],
     [
      12.60025,
      55.68279
     ]
    ]
   }
  },
  {
   "type": "Feature",
   "properties": {},
   "geometry": {
    "type": "LineString",
    "coordinates": [
     [
      12.60014,
      55.69542
     ],
     [
      12.60052,
      55.69556
     ],
     [
      12.60059,
      55.69639
     ],
     [
      12.601,
      55.70097
     ]
    ]
   }
  },
  {
   "type": "Feature",
   "properties": {},
   "geometry": {
    "type": "LineString",
    "coordinates": [
     [
      12.6042,
      55.68373
     ],
     [
      12.60389,
      55.68336
     ],
     [
      12.60366,
      55.68309
     ],
     [
      12.60357,
      55.68299
     ],
     [
      12.60275,
      55.68195
     ],
     [
      12.60141,
      55.68037
     ],
     [
      12.60096,
      55.67983
     ],
     [
      12.60073,
      55.67955
     ],
     [
      12.60288,
      55.679
     ],
     [
      12.60358,
      55.67882
     ],
     [
      12.60574,
      55.67826
     ],
     [
      12.60582,
      55.67836
     ],
     [
      12.60655,
      55.67818
     ],
     [
      12.60586,
      55.67841
     ],
     [
      12.60597,
      55.67854
     ],
     [
      12.60672,
      55.67834
     ],
     [
      12.60691,
      55.67856
     ],
     [
      12.60653,
      55.67866
     ],
     [
      12.60697,
      55.67863
     ],
     [
      12.60717,
      55.67888
     ],
     [
      12.60693,
      55.67896
     ],
     [
      12.60738,
      55.67939
     ],
     [
      12.60767,
      55.68012
     ],
     [
      12.6081,
      55.68138
     ],
     [
      12.60815,
      55.68152
     ],
     [
      12.60803,
      55.68223
     ],
     [
      12.60795,
      55.68291
     ],
     [
      12.60746,
      55.68304
     ],
     [
      12.60662,
      55.68327
     ],
     [
      12.60673,
      55.68342
     ],
     [
      12.60653,
      55.6835
     ],
     [
      12.60631,
      55.68334
     ],
     [
      12.60583,
      55.68283
     ],
     [
      12.6052,
      55.683
     ],
     [
      12.60561,
      55.68348
     ],
     [
      12.6042,
      55.68373
     ]
    ]
   }
  },
  {
   "type": "Feature",
   "properties": {},
   "geometry": {
    "type": "LineString",
    "coordinates": [
     [
      12.61353,
      55.68858
     ],
     [
      12.61399,
      55.68861
     ],
     [
      12.6146,
      55.6886
     ],
     [
      12.61519,
      55.68858
     ],
     [
      12.61582,
      55.68856
     ],
     [
      12.61607,
      55.68861
     ],
     [
      12.61624,
      55.68868
     ],
     [
      12.61653,
      55.68868
     ],
     [
      12.61725,
      55.6888
     ],
     [
      12.61802,
      55.68892
     ],
     [
      12.61882,
      55.68905
     ],
     [
      12.61932,
      55.68914
     ],
     [
      12.61972,
      55.6884
     ],
     [
      12.62025,
      55.68848
     ],
     [
      12.61987,
      55.68921
     ],
     [
      12.61984,
      55.68938
     ],
     [
      12.61972,
      55.6896
     ],
     [
      12.61964,
      55.68975
     ],
     [
      12.62232,
      55.69019
     ],
     [
      12.62245,
      55.69007
     ],
     [
      12.62245,
      55.68992
     ],
     [
      12.62222,
      55.68977
     ],
     [
      12.62195,
      55.68957
     ],
     [
      12.62175,
      55.68937
     ],
     [
      12.62162,
      55.68918
     ],
     [
      12.62156,
      55.68899
     ],
     [
      12.62155,
      55.6888
     ],
     [
      12.62164,
      55.68859
     ],
     [
      12.62185,
      55.68862
     ],
     [
      12.62216,
      55.68866
     ],
     [
      12.62209,
      55.68885
     ],
     [
      12.62208,
      55.68911
     ],
     [
      12.62215,
      55.68932
     ],
     [
      12.6223,
      55.6895
     ],
     [
      12.62252,
      55.68968
     ],
     [
      12.6228,
      55.68982
     ],
     [
      12.6231,
      55.68991
     ],
     [
      12.62344,
      55.68998
     ],
     [
      12.62373,
      55.69007
     ],
     [
      12.62398,
      55.69017
     ],
     [
      12.62454,
      55.69005
     ],
     [
      12.62476,
      55.69005
     ],
     [
      12.62514,
      55.69002
     ],
     [
      12.62485,
      55.69014
     ],
     [
      12.62472,
      55.69023
     ],
     [
      12.62439,
      55.69031
     ],
     [
      12.6249,
      55.69117
     ],
     [
      12.62637,
      55.69091
     ],
     [
      12.62651,
      55.69114
     ],
     [
      12.62673,
      55.69112
     ],
     [
      12.62698,
      55.69116
     ],
     [
      12.62722,
      55.69125
     ],
     [
      12.62741,
      55.69134
     ],
     [
      12.62759,
      55.69144
     ],
     [
      12.6278,
      55.69161
     ],
     [
      12.62793,
      55.69182
     ],
     [
      12.62796,
      55.69197
     ],
     [
      12.62811,
      55.6921
     ],
     [
      12.62839,
      55.69212
     ],
     [
      12.6287,
      55.69213
     ],
     [
      12.62904,
      55.69221
     ],
     [
      12.62929,
      55.69232
     ],
     [
      12.62946,
      55.69241
     ],
     [
      12.62977,
      55.69241
     ],
     [
      12.63014,
      55.69235
     ],
     [
      12.63035,
      55.69233
     ],
     [
      12.6306,
      55.69233
     ],
     [
      12.63088,
      55.69236
     ],
     [
      12.63117,
      55.69245
     ],
     [
      12.63139,
      55.69255
     ],
     [
      12.63158,
      55.6927
     ],
     [
      12.63168,
      55.69282
     ],
     [
      12.63181,
      55.69298
     ],
     [
      12.63192,
      55.69312
     ],
     [
      12.63204,
      55.69328
     ],
     [
      12.6322,
      55.69345
     ],
     [
      12.63242,
      55.69357
     ],
     [
      12.63265,
      55.69365
     ],
     [
      12.63293,
      55.6937
     ],
     [
      12.6332,
      55.69372
     ],
     [
      12.63359,
      55.69368
     ],
     [
      12.63389,
      55.69366
     ],
     [
      12.63408,
      55.69368
     ],
     [
      12.63431,
      55.69371
     ],
     [
      12.63449,
      55.69376
     ],
     [
      12.63466,
      55.69382
     ],
     [
      12.63489,
      55.69392
     ],
     [
      12.63513,
      55.6941
     ],
     [
      12.63522,
      55.6942
     ],
     [
      12.63529,
      55.69431
     ],
     [
      12.63534,
      55.69446
     ],
     [
      12.63536,
      55.69462
     ],
     [
      12.63542,
      55.69479
     ],
     [
      12.6356,
      55.69492
     ],
     [
      12.63586,
      55.69502
     ],
     [
      12.6361,
      55.69508
     ],
     [
      12.6363,
      55.6952
     ],
     [
      12.63642,
      55.69534
     ],
     [
      12.63644,
      55.69551
     ],
     [
      12.63633,
      55.69568
     ],
     [
      12.63621,
      55.69583
     ],
     [
      12.6362,
      55.69597
     ],
     [
      12.63626,
      55.69612
     ],
     [
      12.63642,
      55.69626
     ],
     [
      12.63668,
      55.69636
     ],
     [
      12.63725,
      55.69651
     ],
     [
      12.63783,
      55.69669
     ],
     [
      12.63807,
      55.69677
     ],
     [
      12.63837,
      55.69692
     ],
     [
      12.6385,
      55.69701
     ],
     [
      12.63862,
      55.69712
     ],
     [
      12.63876,
      55.69732
     ],
     [
      12.63877,
      55.69743
     ],
     [
      12.63876,
      55.69755
     ],
     [
      12.63869,
      55.69773
     ],
     [
      12.63862,
      55.69786
     ],
     [
      12.63853,
      55.69797
     ],
     [
      12.6384,
      55.69817
     ],
     [
      12.63831,
      55.6983
     ],
     [
      12.63817,
      55.69887
     ],
     [
      12.63819,
      55.69919
     ],
     [
      12.63819,
      55.69941
     ],
     [
      12.63827,
      55.69962
     ],
     [
      12.63843,
      55.69985
     ],
     [
      12.63873,
      55.70023
     ],
     [
      12.63906,
      55.70023
     ],
     [
      12.63936,
      55.70013
     ],
     [
      12.6398,
      55.70003
     ],
     [
      12.64046,
      55.69993
     ],
     [
      12.64072,
      55.69991
     ],
     [
      12.641,
      55.69992
     ],
     [
      12.64206,
      55.70007
     ],
     [
      12.64266,
      55.70037
     ],
     [
      12.6429,
      55.70062
     ],
     [
      12.64273,
      55.70114
     ],
     [
      12.64298,
      55.70115
     ],
     [
      12.64358,
      55.70113
     ],
     [
      12.64388,
      55.7011
     ],
     [
      12.64412,
      55.70111
     ],
     [
      12.64436,
      55.70117
     ],
     [
      12.64456,
      55.70128
     ],
     [
      12.64469,
      55.70144
     ],
     [
      12.64472,
      55.7016
     ],
     [
      12.64468,
      55.70175
     ],
     [
      12.6447,
      55.70189
     ],
     [
      12.64481,
      55.70203
     ],
     [
      12.64522,
      55.70225
     ],
     [
      12.64525,
      55.70239
     ],
     [
      12.64512,
      55.70256
     ],
     [
      12.64485,
      55.70261
     ],
     [
      12.64373,
      55.70234
     ],
     [
      12.64342,
      55.7022
     ],
     [
      12.64327,
      55.70209
     ],
     [
      12.64309,
      55.70181
     ],
     [
      12.64291,
      55.70169
     ],
     [
      12.64262,
      55.70159
     ],
     [
      12.64242,
      55.70229
     ],
     [
      12.64304,
      55.70273
     ],
     [
      12.64391,
      55.70294
     ],
     [
      12.64407,
      55.70303
     ],
     [
      12.64433,
      55.7034
     ],
     [
      12.64509,
      55.70353
     ],
     [
      12.64529,
      55.70361
     ],
     [
      12.64572,
      55.70423
     ],
     [
      12.64611,
      55.70438
     ],
     [
      12.64627,
      55.70451
     ],
     [
      12.64643,
      55.70458
     ],
     [
      12.6468,
      55.70464
     ],
     [
      12.64698,
      55.70473
     ],
     [
      12.64709,
      55.70491
     ],
     [
      12.64693,
      55.70502
     ],
     [
      12.64668,
      55.70512
     ],
     [
      12.64636,
      55.70515
     ],
     [
      12.64626,
      55.7058
     ],
     [
      12.6462,
      55.70592
     ],
     [
      12.64573,
      55.70624
     ],
     [
      12.64559,
      55.70651
     ],
     [
      12.64554,
      55.70672
     ],
     [
      12.64558,
      55.70686
     ],
     [
      12.64561,
      55.70706
     ],
     [
      12.64592,
      55.70732
     ],
     [
      12.64597,
      55.70745
     ],
     [
      12.6457,
      55.70833
     ],
     [
      12.64643,
      55.70862
     ],
     [
      12.64641,
      55.70841
     ],
     [
      12.64668,
      55.70818
     ],
     [
      12.64673,
      55.70801
     ],
     [
      12.64666,
      55.70771
     ],
     [
      12.64662,
      55.70758
     ],
     [
      12.64688,
      55.7076
     ],
     [
      12.64715,
      55.70765
     ],
     [
      12.64732,
      55.70779
     ],
     [
      12.64769,
      55.70804
     ],
     [
      12.64786,
      55.70823
     ],
     [
      12.64792,
      55.70841
     ],
     [
      12.64787,
      55.70865
     ],
     [
      12.64773,
      55.70909
     ],
     [
      12.64761,
      55.70918
     ],
     [
      12.64708,
      55.70933
     ],
     [
      12.6468,
      55.70981
     ],
     [
      12.64635,
      55.71018
     ],
     [
      12.64612,
      55.71042
     ],
     [
      12.64602,
      55.7107
     ],
     [
      12.64603,
      55.7116
     ],
     [
      12.64594,
      55.712
     ],
     [
      12.64622,
      55.71209
     ],
     [
      12.64638,
      55.71224
     ],
     [
      12.64634,
      55.71242
     ],
     [
      12.64616,
      55.71253
     ],
     [
      12.64589,
      55.71258
     ],
     [
      12.64566,
      55.71266
     ],
     [
      12.64548,
      55.71281
     ],
     [
      12.64514,
      55.71289
     ],
     [
      12.64449,
      55.71287
     ],
     [
      12.64421,
      55.71277
     ],
     [
      12.6438,
      55.71276
     ],
     [
      12.64333,
      55.71284
     ],
     [
      12.64299,
      55.71299
     ],
     [
      12.64226,
      55.71357
     ],
     [
      12.64193,
      55.71368
     ],
     [
      12.6415,
      55.71372
     ],
     [
      12.64115,
      55.71372
     ],
     [
      12.64062,
      55.71365
     ],
     [
      12.64034,
      55.71361
     ],
     [
      12.63812,
      55.7133
     ],
     [
      12.63769,
      55.71324
     ],
     [
      12.6261,
      55.71169
     ],
     [
      12.61604,
      55.70913
     ],
     [
      12.6159,
      55.70905
     ],
     [
      12.61581,
      55.70889
     ],
     [
      12.61582,
      55.70879
     ],
     [
      12.61599,
      55.70862
     ],
     [
      12.61665,
      55.70833
     ],
     [
      12.61744,
      55.70795
     ],
     [
      12.61784,
      55.70776
     ],
     [
      12.61864,
      55.70729
     ],
     [
      12.61913,
      55.70697
     ],
     [
      12.61963,
      55.70655
     ],
     [
      12.62007,
      55.70614
     ],
     [
      12.62046,
      55.70564
     ],
     [
      12.62085,
      55.70509
     ],
     [
      12.62099,
      55.70482
     ],
     [
      12.62116,
      55.70449
     ],
     [
      12.62125,
      55.70422
     ],
     [
      12.62133,
      55.70386
     ],
     [
      12.62137,
      55.70356
     ],
     [
      12.62135,
      55.70285
     ],
     [
      12.62121,
      55.70218
     ],
     [
      12.62101,
      55.70165
     ],
     [
      12.62061,
      55.701
     ],
     [
      12.62024,
      55.70055
     ],
     [
      12.61972,
      55.70003
     ],
     [
      12.61933,
      55.69972
     ],
     [
      12.61897,
      55.69946
     ],
     [
      12.61852,
      55.69915
     ],
     [
      12.61784,
      55.69876
     ],
     [
      12.61709,
      55.69841
     ],
     [
      12.61644,
      55.69814
     ],
     [
      12.61561,
      55.69785
     ]
    ]
   }
  },
  {
   "type": "Feature",
   "properties": {},
   "geometry": {
    "type": "LineString",
    "coordinates": [
     [
      12.5994,
      55.68168
     ],
     [
      12.59931,
      55.68157
     ],
     [
      12.59847,
      55.68055
     ]
    ]
   }
  },
  {
   "type": "Feature",
   "properties": {},
   "geometry": {
    "type": "LineString",
    "coordinates": [
     [
      12.59782,
      55.68006
     ],
     [
      12.59759,
      55.68002
     ],
     [
      12.5965,
      55.67886
     ]
    ]
   }
  },
  {
   "type": "Feature",
   "properties": {},
   "geometry": {
    "type": "LineString",
    "coordinates": [
     [
      12.59948,
      55.68182
     ],
     [
      12.59983,
      55.68172
     ],
     [
      12.60147,
      55.68128
     ],
     [
      12.60169,
      55.68123
     ],
     [
      12.6024,
      55.68205
     ],
     [
      12.60211,
      55.68213
     ],
     [
      12.60037,
      55.6826
     ],
     [
      12.60015,
      55.68266
     ]
    ]
   }
  },
  {
   "type": "Feature",
   "properties": {},
   "geometry": {
    "type": "LineString",
    "coordinates": [
     [
      12.60563,
      55.68911
     ],
     [
      12.60565,
      55.68896
     ],
     [
      12.60582,
      55.68886
     ],
     [
      12.60548,
      55.68882
     ],
     [
      12.60466,
      55.68878
     ],
     [
      12.60391,
      55.68877
     ],
     [
      12.60392,
      55.68862
     ],
     [
      12.60581,
      55.68856
     ],
     [
      12.60579,
      55.68759
     ],
     [
      12.60523,
      55.68741
     ],
     [
      12.60516,
      55.68637
     ],
     [
      12.60578,
      55.68637
     ],
     [
      12.60576,
      55.6855
     ],
     [
      12.60557,
      55.68547
     ],
     [
      12.60517,
      55.685
     ],
     [
      12.60456,
      55.68403
     ]
    ]
   }
  },
  {
   "type": "Feature",
   "properties": {},
   "geometry": {
    "type": "LineString",
    "coordinates": [
     [
      12.61083,
      55.68919
     ],
     [
      12.61062,
      55.68919
     ],
     [
      12.61026,
      55.689
     ],
     [
      12.6102,
      55.68795
     ],
     [
      12.60984,
      55.68797
     ],
     [
      12.60972,
      55.68758
     ],
     [
      12.60934,
      55.68762
     ],
     [
      12.60928,
      55.68747
     ],
     [
      12.60884,
      55.68741
     ],
     [
      12.60861,
      55.68738
     ],
     [
      12.60835,
      55.6872
     ],
     [
      12.60889,
      55.68593
     ],
     [
      12.60952,
      55.68469
     ],
     [
      12.60967,
      55.68427
     ],
     [
      12.60971,
      55.68404
     ],
     [
      12.60948,
      55.68403
     ]
    ]
   }
  },
  {
   "type": "Feature",
   "properties": {},
   "geometry": {
    "type": "LineString",
    "coordinates": [
     [
      12.57564,
      55.67565
     ],
     [
      12.57563,
      55.67577
     ],
     [
      12.5757,
      55.67587
     ],
     [
      12.57709,
      55.67676
     ],
     [
      12.57755,
      55.67705
     ],
     [
      12.57811,
      55.67731
     ],
     [
      12.5783,
      55.67738
     ],
     [
      12.57849,
      55.67745
     ],
     [
      12.57874,
      55.67752
     ],
     [
      12.57898,
      55.67758
     ],
     [
      12.57922,
      55.67762
     ],
     [
      12.57948,
      55.67766
     ],
     [
      12.57972,
      55.6777
     ],
     [
      12.57996,
      55.67766
     ],
     [
      12.58016,
      55.67766
     ],
     [
      12.58039,
      55.67761
     ],
     [
      12.58066,
      55.67754
     ],
     [
      12.58082,
      55.67748
     ],
     [
      12.58205,
      55.67691
     ],
     [
      12.5824,
      55.67676
     ],
     [
      12.58255,
      55.67669
     ],
     [
      12.58272,
      55.67662
     ]
    ]
   }
  },
  {
   "type": "Feature",
   "properties": {},
   "geometry": {
    "type": "LineString",
    "coordinates": [
     [
      12.61561,
      55.69785
     ],
     [
      12.61531,
      55.69784
     ],
     [
      12.61446,
      55.6978
     ],
     [
      12.61133,
      55.6976
     ],
     [
      12.61121,
      55.69751
     ],
     [
      12.60923,
      55.69721
     ],
     [
      12.60996,
      55.69682
     ],
     [
      12.61019,
      55.69678
     ],
     [
      12.61153,
      55.69658
     ],
     [
      12.61157,
      55.69645
     ],
     [
      12.61316,
      55.69616
     ],
     [
      12.61267,
      55.69531
     ],
     [
      12.61044,
      55.69572
     ],
     [
      12.61049,
      55.69583
     ],
     [
      12.60834,
      55.69728
     ],
     [
      12.60788,
      55.69605
     ],
     [
      12.60773,
      55.69548
     ],
     [
      12.60823,
      55.69539
     ],
     [
      12.60855,
      55.69533
     ],
     [
      12.60894,
      55.69526
     ],
     [
      12.61004,
      55.69506
     ],
     [
      12.60985,
      55.69474
     ],
     [
      12.6097,
      55.69446
     ],
     [
      12.60953,
      55.69415
     ],
     [
      12.60756,
      55.69451
     ],
     [
      12.60717,
      55.69297
     ],
     [
      12.60708,
      55.69259
     ],
     [
      12.60891,
      55.69225
     ],
     [
      12.61119,
      55.69182
     ],
     [
      12.61126,
      55.69172
     ],
     [
      12.61105,
      55.69165
     ],
     [
      12.60705,
      55.69239
     ],
     [
      12.60673,
      55.69105
     ],
     [
      12.60735,
      55.69092
     ],
     [
      12.61037,
      55.69037
     ],
     [
      12.61012,
      55.68994
     ],
     [
      12.60669,
      55.69048
     ],
     [
      12.60647,
      55.69013
     ]
    ]
   }
  },
  {
   "type": "Feature",
   "properties": {},
   "geometry": {
    "type": "LineString",
    "coordinates": [
     [
      12.60037,
      55.69108
     ],
     [
      12.60003,
      55.69109
     ],
     [
      12.59965,
      55.69111
     ],
     [
      12.59947,
      55.69118
     ],
     [
      12.59926,
      55.69126
     ],
     [
      12.59912,
      55.69136
     ],
     [
      12.59903,
      55.69147
     ],
     [
      12.59888,
      55.69177
     ],
     [
      12.59888,
      55.69192
     ],
     [
      12.59901,
      55.69239
     ],
     [
      12.59904,
      55.69261
     ],
     [
      12.59912,
      55.69271
     ],
     [
      12.59926,
      55.69287
     ],
     [
      12.6002,
      55.6934
     ],
     [
      12.60033,
      55.69349
     ],
     [
      12.60046,
      55.69375
     ],
     [
      12.60062,
      55.69396
     ],
     [
      12.60049,
      55.69405
     ],
     [
      12.60029,
      55.69404
     ],
     [
      12.59959,
      55.6935
     ],
     [
      12.59822,
      55.69374
     ],
     [
      12.59822,
      55.69393
     ],
     [
      12.59823,
      55.69404
     ],
     [
      12.59824,
      55.69425
     ],
     [
      12.59977,
      55.69488
     ],
     [
      12.6,
      55.69484
     ],
     [
      12.60035,
      55.69422
     ],
     [
      12.6006,
      55.6942
     ],
     [
      12.60065,
      55.6943
     ],
     [
      12.60057,
      55.69452
     ],
     [
      12.60053,
      55.69468
     ],
     [
      12.60055,
      55.69483
     ],
     [
      12.60051,
      55.69497
     ],
     [
      12.60042,
      55.69508
     ],
     [
      12.60023,
      55.69522
     ],
     [
      12.60014,
      55.69533
     ]
    ]
   }
  },
  {
   "type": "Feature",
   "properties": {},
   "geometry": {
    "type": "LineString",
    "coordinates": [
     [
      12.59703,
      55.68514
     ],
     [
      12.59749,
      55.68571
     ],
     [
      12.59855,
      55.68697
     ],
     [
      12.5994,
      55.68817
     ],
     [
      12.59933,
      55.68878
     ],
     [
      12.59889,
      55.68905
     ],
     [
      12.59924,
      55.68943
     ],
     [
      12.59975,
      55.68939
     ],
     [
      12.59981,
      55.68903
     ],
     [
      12.60039,
      55.69107
     ]
    ]
   }
  },
  {
   "type": "Feature",
   "properties": {},
   "geometry": {
    "type": "LineString",
    "coordinates": [
     [
      12.5879,
      55.72722
     ],
     [
      12.5884,
      55.72678
     ],
     [
      12.58861,
      55.72685
     ],
     [
      12.58862,
      55.72697
     ],
     [
      12.58833,
      55.7271
     ],
     [
      12.588,
      55.72735
     ],
     [
      12.58772,
      55.72757
     ],
     [
      12.58664,
      55.72847
     ],
     [
      12.58634,
      55.72857
     ],
     [
      12.58589,
      55.72863
     ],
     [
      12.58444,
      55.7287
     ],
     [
      12.58419,
      55.72871
     ],
     [
      12.58417,
      55.72859
     ],
     [
      12.58382,
      55.72846
     ],
     [
      12.58357,
      55.72838
     ],
     [
      12.58372,
      55.72826
     ],
     [
      12.58395,
      55.72808
     ],
     [
      12.58423,
      55.72787
     ],
     [
      12.58453,
      55.72762
     ],
     [
      12.58467,
      55.7275
     ],
     [
      12.58477,
      55.72734
     ],
     [
      12.5849,
      55.72716
     ],
     [
      12.58513,
      55.72715
     ],
     [
      12.58545,
      55.72723
     ],
     [
      12.58586,
      55.72687
     ],
     [
      12.58628,
      55.72649
     ],
     [
      12.58775,
      55.72715
     ]
    ]
   }
  },
  {
   "type": "Feature",
   "properties": {},
   "geometry": {
    "type": "LineString",
    "coordinates": [
     [
      12.20351,
      55.49009
     ],
     [
      12.2032,
      55.49024
     ],
     [
      12.20298,
      55.49033
     ],
     [
      12.20279,
      55.49028
     ],
     [
      12.20227,
      55.49032
     ],
     [
      12.20203,
      55.49036
     ],
     [
      12.20103,
      55.49062
     ],
     [
      12.20072,
      55.49058
     ],
     [
      12.20055,
      55.49073
     ],
     [
      12.19965,
      55.4913
     ],
     [
      12.19979,
      55.49157
     ],
     [
      12.19938,
      55.49225
     ],
     [
      12.19934,
      55.49248
     ],
     [
      12.19953,
      55.49256
     ],
     [
      12.19974,
      55.49258
     ],
     [
      12.20048,
      55.49248
     ],
     [
      12.2005,
      55.49269
     ],
     [
      12.20092,
      55.49269
     ],
     [
      12.20068,
      55.4931
     ],
     [
      12.20037,
      55.49351
     ],
     [
      12.20002,
      55.49364
     ],
     [
      12.19992,
      55.49374
     ],
     [
      12.2,
      55.49387
     ],
     [
      12.20007,
      55.49399
     ],
     [
      12.2003,
      55.4941
     ],
     [
      12.20034,
      55.49432
     ],
     [
      12.2006,
      55.4944
     ],
     [
      12.20053,
      55.49454
     ],
     [
      12.20041,
      55.49463
     ],
     [
      12.20066,
      55.49475
     ],
     [
      12.2011,
      55.49491
     ],
     [
      12.20144,
      55.49499
     ],
     [
      12.20175,
      55.49514
     ],
     [
      12.20188,
      55.49523
     ],
     [
      12.20189,
      55.49545
     ],
     [
      12.20189,
      55.49568
     ],
     [
      12.2018,
      55.49592
     ],
     [
      12.20177,
      55.49604
     ],
     [
      12.20195,
      55.49617
     ],
     [
      12.2021,
      55.49628
     ],
     [
      12.20158,
      55.49643
     ],
     [
      12.20135,
      55.4965
     ],
     [
      12.20117,
      55.49659
     ],
     [
      12.20122,
      55.4967
     ],
     [
      12.20164,
      55.4969
     ],
     [
      12.20167,
      55.49706
     ],
     [
      12.20142,
      55.49728
     ],
     [
      12.20139,
      55.49739
     ],
     [
      12.20168,
      55.49755
     ],
     [
      12.20204,
      55.49749
     ],
     [
      12.20232,
      55.49732
     ],
     [
      12.20265,
      55.49729
     ],
     [
      12.20304,
      55.4974
     ],
     [
      12.20334,
      55.49752
     ],
     [
      12.20358,
      55.49767
     ],
     [
      12.20353,
      55.49779
     ],
     [
      12.20307,
      55.49789
     ],
     [
      12.20251,
      55.4979
     ],
     [
      12.20231,
      55.49793
     ],
     [
      12.20214,
      55.49798
     ],
     [
      12.20237,
      55.4981
     ],
     [
      12.20297,
      55.49818
     ],
     [
      12.20318,
      55.49839
     ],
     [
      12.20316,
      55.4985
     ],
     [
      12.20306,
      55.49859
     ],
     [
      12.20284,
      55.49865
     ],
     [
      12.2027,
      55.49876
     ],
     [
      12.20285,
      55.49886
     ],
     [
      12.20312,
      55.49903
     ],
     [
      12.20313,
      55.49929
     ],
     [
      12.20296,
      55.49939
     ],
     [
      12.2025,
      55.49936
     ],
     [
      12.20229,
      55.49936
     ],
     [
      12.20199,
      55.49941
     ],
     [
      12.20188,
      55.49951
     ],
     [
      12.20195,
      55.49973
     ],
     [
      12.20197,
      55.49984
     ],
     [
      12.20193,
      55.50002
     ],
     [
      12.20199,
      55.50021
     ],
     [
      12.20214,
      55.50036
     ],
     [
      12.20289,
      55.50078
     ],
     [
      12.20351,
      55.50106
     ],
     [
      12.20378,
      55.50122
     ],
     [
      12.20387,
      55.50133
     ],
     [
      12.20388,
      55.50146
     ],
     [
      12.2041,
      55.50187
     ],
     [
      12.20418,
      55.502
     ],
     [
      12.2042,
      55.50211
     ],
     [
      12.20407,
      55.50229
     ],
     [
      12.20336,
      55.50262
     ],
     [
      12.2033,
      55.50274
     ],
     [
      12.20332,
      55.50289
     ],
     [
      12.20367,
      55.50318
     ],
     [
      12.20461,
      55.50357
     ],
     [
      12.2054,
      55.50384
     ],
     [
      12.20591,
      55.50416
     ],
     [
      12.206,
      55.50435
     ],
     [
      12.20614,
      55.50449
     ],
     [
      12.20621,
      55.50482
     ],
     [
      12.20623,
      55.50506
     ],
     [
      12.20599,
      55.50521
     ],
     [
      12.20527,
      55.50532
     ],
     [
      12.20473,
      55.50542
     ],
     [
      12.20445,
      55.50547
     ],
     [
      12.20422,
      55.50548
     ],
     [
      12.20402,
      55.50545
     ],
     [
      12.20377,
      55.50533
     ],
     [
      12.20362,
      55.50541
     ],
     [
      12.20378,
      55.50554
     ],
     [
      12.20388,
      55.50566
     ],
     [
      12.20404,
      55.50575
     ],
     [
      12.20442,
      55.50591
     ],
     [
      12.20441,
      55.50604
     ],
     [
      12.20433,
      55.50619
     ],
     [
      12.20424,
      55.50642
     ],
     [
      12.2042,
      55.50676
     ],
     [
      12.20432,
      55.50735
     ],
     [
      12.20446,
      55.50744
     ],
     [
      12.20474,
      55.50757
     ],
     [
      12.20494,
      55.50766
     ],
     [
      12.20512,
      55.50787
     ],
     [
      12.20534,
      55.5082
     ],
     [
      12.20552,
      55.50847
     ],
     [
      12.20572,
      55.50856
     ],
     [
      12.20601,
      55.50856
     ],
     [
      12.20662,
      55.5084
     ],
     [
      12.2068,
      55.50835
     ],
     [
      12.20702,
      55.50836
     ],
     [
      12.20724,
      55.50844
     ],
     [
      12.20759,
      55.50843
     ],
     [
      12.20798,
      55.50836
     ],
     [
      12.20841,
      55.5084
     ],
     [
      12.20878,
      55.50845
     ],
     [
      12.20905,
      55.50846
     ],
     [
      12.20918,
      55.50855
     ]
    ]
   }
  },
  {
   "type": "Feature",
   "properties": {},
   "geometry": {
    "type": "LineString",
    "coordinates": [
     [
      12.51302,
      55.61378
     ],
     [
      12.51286,
      55.6136
     ],
     [
      12.51125,
      55.61228
     ],
     [
      12.51064,
      55.61171
     ],
     [
      12.51021,
      55.61122
     ],
     [
      12.50968,
      55.6105
     ],
     [
      12.50925,
      55.60968
     ],
     [
      12.50905,
      55.60917
     ],
     [
      12.50883,
      55.60831
     ],
     [
      12.50879,
      55.60751
     ],
     [
      12.50883,
      55.60697
     ],
     [
      12.50944,
      55.60441
     ],
     [
      12.51135,
      55.59664
     ],
     [
      12.51153,
      55.59607
     ],
     [
      12.51172,
      55.59538
     ],
     [
      12.51187,
      55.59498
     ],
     [
      12.51239,
      55.59387
     ],
     [
      12.51288,
      55.59295
     ],
     [
      12.5135,
      55.59184
     ],
     [
      12.51499,
      55.58998
     ],
     [
      12.51622,
      55.58871
     ],
     [
      12.52047,
      55.58442
     ],
     [
      12.52257,
      55.58224
     ],
     [
      12.52436,
      55.58049
     ],
     [
      12.52588,
      55.57893
     ],
     [
      12.52766,
      55.57712
     ],
     [
      12.52841,
      55.57642
     ],
     [
      12.52884,
      55.57606
     ],
     [
      12.5294,
      55.57563
     ],
     [
      12.52983,
      55.57532
     ],
     [
      12.5304,
      55.57499
     ],
     [
      12.53087,
      55.57474
     ],
     [
      12.53157,
      55.57441
     ],
     [
      12.53234,
      55.57408
     ],
     [
      12.53328,
      55.57372
     ],
     [
      12.53443,
      55.57338
     ],
     [
      12.53543,
      55.57312
     ],
     [
      12.53665,
      55.57286
     ],
     [
      12.53777,
      55.5727
     ],
     [
      12.53891,
      55.57261
     ],
     [
      12.54,
      55.57253
     ],
     [
      12.54072,
      55.57249
     ],
     [
      12.54127,
      55.57249
     ],
     [
      12.54218,
      55.57249
     ],
     [
      12.54329,
      55.57254
     ],
     [
      12.54391,
      55.57258
     ],
     [
      12.54461,
      55.57266
     ],
     [
      12.54527,
      55.57275
     ],
     [
      12.54578,
      55.57283
     ],
     [
      12.54647,
      55.57296
     ],
     [
      12.54759,
      55.57314
     ],
     [
      12.54931,
      55.57343
     ],
     [
      12.5544,
      55.57429
     ],
     [
      12.55544,
      55.57448
     ],
     [
      12.55566,
      55.57453
     ],
     [
      12.55592,
      55.57457
     ],
     [
      12.5565,
      55.57467
     ],
     [
      12.55748,
      55.57483
     ],
     [
      12.55779,
      55.57486
     ],
     [
      12.558,
      55.57487
     ],
     [
      12.55837,
      55.57493
     ],
     [
      12.55908,
      55.57505
     ],
     [
      12.55982,
      55.57519
     ],
     [
      12.56047,
      55.57532
     ],
     [
      12.56071,
      55.57536
     ],
     [
      12.56095,
      55.5754
     ],
     [
      12.56125,
      55.57542
     ],
     [
      12.56145,
      55.57546
     ],
     [
      12.56181,
      55.57553
     ],
     [
      12.56247,
      55.57566
     ],
     [
      12.56287,
      55.57573
     ],
     [
      12.56342,
      55.57582
     ],
     [
      12.56363,
      55.57586
     ]
    ]
   }
  },
  {
   "type": "Feature",
   "properties": {},
   "geometry": {
    "type": "LineString",
    "coordinates": [
     [
      12.58199,
      55.55736
     ],
     [
      12.58225,
      55.55735
     ],
     [
      12.58255,
      55.55731
     ],
     [
      12.58293,
      55.55723
     ],
     [
      12.58325,
      55.55713
     ],
     [
      12.58364,
      55.55703
     ],
     [
      12.58407,
      55.55698
     ],
     [
      12.58451,
      55.5569
     ],
     [
      12.58509,
      55.55678
     ],
     [
      12.58609,
      55.55654
     ],
     [
      12.58831,
      55.5561
     ],
     [
      12.58923,
      55.55589
     ],
     [
      12.58964,
      55.55574
     ],
     [
      12.58999,
      55.55553
     ],
     [
      12.59042,
      55.55526
     ],
     [
      12.59066,
      55.55516
     ],
     [
      12.5911,
      55.55504
     ],
     [
      12.59137,
      55.55494
     ],
     [
      12.59154,
      55.55484
     ],
     [
      12.59176,
      55.55479
     ],
     [
      12.5921,
      55.55481
     ],
     [
      12.59246,
      55.55486
     ],
     [
      12.59274,
      55.55491
     ],
     [
      12.59289,
      55.55497
     ],
     [
      12.59319,
      55.55521
     ],
     [
      12.59342,
      55.55545
     ],
     [
      12.59373,
      55.55561
     ],
     [
      12.59423,
      55.55581
     ],
     [
      12.59503,
      55.55606
     ],
     [
      12.59583,
      55.55625
     ],
     [
      12.59681,
      55.55648
     ],
     [
      12.59758,
      55.55672
     ],
     [
      12.5982,
      55.55699
     ],
     [
      12.59886,
      55.55733
     ],
     [
      12.59929,
      55.55754
     ],
     [
      12.59961,
      55.5578
     ],
     [
      12.59987,
      55.558
     ],
     [
      12.60007,
      55.55824
     ],
     [
      12.60015,
      55.55848
     ],
     [
      12.60008,
      55.55859
     ],
     [
      12.60014,
      55.55871
     ],
     [
      12.60054,
      55.55892
     ],
     [
      12.60077,
      55.55908
     ],
     [
      12.60108,
      55.55939
     ],
     [
      12.60137,
      55.55975
     ],
     [
      12.60159,
      55.55999
     ],
     [
      12.60183,
      55.56025
     ],
     [
      12.60203,
      55.56046
     ],
     [
      12.60226,
      55.56063
     ],
     [
      12.60255,
      55.56075
     ],
     [
      12.60277,
      55.56082
     ],
     [
      12.60313,
      55.5609
     ],
     [
      12.60344,
      55.56095
     ],
     [
      12.60384,
      55.56109
     ],
     [
      12.60413,
      55.56123
     ],
     [
      12.60451,
      55.56133
     ],
     [
      12.60478,
      55.56133
     ],
     [
      12.605,
      55.56132
     ],
     [
      12.60522,
      55.56134
     ],
     [
      12.60551,
      55.56146
     ],
     [
      12.60573,
      55.56171
     ],
     [
      12.60598,
      55.56189
     ],
     [
      12.6062,
      55.562
     ],
     [
      12.60648,
      55.56206
     ],
     [
      12.60678,
      55.56214
     ],
     [
      12.60709,
      55.56231
     ],
     [
      12.60743,
      55.56252
     ],
     [
      12.60778,
      55.5627
     ],
     [
      12.60796,
      55.56276
     ],
     [
      12.60821,
      55.5628
     ],
     [
      12.60846,
      55.56281
     ],
     [
      12.60888,
      55.56274
     ],
     [
      12.60911,
      55.56281
     ],
     [
      12.60934,
      55.56287
     ],
     [
      12.60956,
      55.56277
     ],
     [
      12.60968,
      55.56267
     ],
     [
      12.61003,
      55.56261
     ],
     [
      12.61024,
      55.56264
     ],
     [
      12.61031,
      55.5628
     ],
     [
      12.61032,
      55.56291
     ],
     [
      12.6105,
      55.56299
     ],
     [
      12.61055,
      55.56314
     ],
     [
      12.61051,
      55.56326
     ],
     [
      12.61042,
      55.56338
     ],
     [
      12.61031,
      55.56352
     ],
     [
      12.61029,
      55.56368
     ],
     [
      12.61053,
      55.56391
     ],
     [
      12.61087,
      55.56405
     ],
     [
      12.61105,
      55.5641
     ],
     [
      12.61185,
      55.56419
     ],
     [
      12.61217,
      55.56429
     ],
     [
      12.61235,
      55.56438
     ],
     [
      12.61256,
      55.5644
     ],
     [
      12.61303,
      55.56429
     ],
     [
      12.61333,
      55.56426
     ],
     [
      12.61357,
      55.56432
     ],
     [
      12.61373,
      55.5644
     ],
     [
      12.61388,
      55.56462
     ],
     [
      12.61387,
      55.56479
     ],
     [
      12.61397,
      55.56493
     ],
     [
      12.61416,
      55.56501
     ],
     [
      12.61436,
      55.56506
     ],
     [
      12.61463,
      55.56506
     ],
     [
      12.6149,
      55.56505
     ],
     [
      12.61524,
      55.56508
     ],
     [
      12.61562,
      55.56517
     ],
     [
      12.61579,
      55.56524
     ],
     [
      12.61594,
      55.56537
     ],
     [
      12.61603,
      55.56548
     ],
     [
      12.61619,
      55.56558
     ],
     [
      12.61648,
      55.56569
     ],
     [
      12.6168,
      55.56579
     ],
     [
      12.61716,
      55.5659
     ],
     [
      12.61748,
      55.56601
     ],
     [
      12.61767,
      55.56607
     ],
     [
      12.61793,
      55.56602
     ],
     [
      12.61813,
      55.56601
     ],
     [
      12.61825,
      55.56613
     ],
     [
      12.61815,
      55.56624
     ],
     [
      12.6183,
      55.56637
     ],
     [
      12.6186,
      55.56652
     ],
     [
      12.61888,
      55.56662
     ],
     [
      12.61914,
      55.56675
     ],
     [
      12.6193,
      55.56683
     ],
     [
      12.61951,
      55.56692
     ],
     [
      12.61973,
      55.56685
     ],
     [
      12.61992,
      55.56682
     ],
     [
      12.61996,
      55.56692
     ],
     [
      12.61984,
      55.56704
     ],
     [
      12.61981,
      55.56717
     ],
     [
      12.62012,
      55.56742
     ],
     [
      12.62045,
      55.56761
     ],
     [
      12.62074,
      55.56782
     ],
     [
      12.62095,
      55.56792
     ],
     [
      12.62117,
      55.56792
     ],
     [
      12.62127,
      55.56806
     ],
     [
      12.62144,
      55.56818
     ],
     [
      12.62177,
      55.56814
     ],
     [
      12.62164,
      55.5683
     ],
     [
      12.62142,
      55.56849
     ],
     [
      12.62139,
      55.56865
     ],
     [
      12.6215,
      55.56879
     ],
     [
      12.62171,
      55.56909
     ],
     [
      12.62207,
      55.56949
     ],
     [
      12.62247,
      55.5699
     ],
     [
      12.6229,
      55.57027
     ],
     [
      12.62356,
      55.57075
     ],
     [
      12.62379,
      55.57091
     ],
     [
      12.62402,
      55.57101
     ],
     [
      12.62408,
      55.57112
     ],
     [
      12.62436,
      55.57147
     ],
     [
      12.62482,
      55.57182
     ],
     [
      12.62514,
      55.57202
     ],
     [
      12.62548,
      55.57224
     ],
     [
      12.62568,
      55.57235
     ],
     [
      12.6259,
      55.57242
     ],
     [
      12.6261,
      55.57243
     ],
     [
      12.62619,
      55.57254
     ],
     [
      12.6262,
      55.57265
     ],
     [
      12.62643,
      55.57278
     ],
     [
      12.62664,
      55.57295
     ],
     [
      12.62682,
      55.57315
     ],
     [
      12.62709,
      55.57322
     ],
     [
      12.62723,
      55.57333
     ],
     [
      12.62725,
      55.57353
     ],
     [
      12.62731,
      55.57366
     ],
     [
      12.62756,
      55.57379
     ],
     [
      12.62781,
      55.57382
     ],
     [
      12.62801,
      55.57395
     ],
     [
      12.62787,
      55.57406
     ],
     [
      12.6279,
      55.5742
     ],
     [
      12.62803,
      55.57429
     ],
     [
      12.62831,
      55.57437
     ],
     [
      12.62847,
      55.57445
     ],
     [
      12.62834,
      55.57457
     ],
     [
      12.62845,
      55.57474
     ],
     [
      12.62878,
      55.57488
     ],
     [
      12.62916,
      55.575
     ],
     [
      12.62942,
      55.57509
     ],
     [
      12.62975,
      55.57519
     ],
     [
      12.63004,
      55.57521
     ],
     [
      12.63028,
      55.57526
     ],
     [
      12.63055,
      55.57533
     ],
     [
      12.63079,
      55.57542
     ],
     [
      12.63104,
      55.5755
     ],
     [
      12.63128,
      55.57561
     ],
     [
      12.63154,
      55.57575
     ],
     [
      12.63172,
      55.57589
     ],
     [
      12.63184,
      55.57599
     ],
     [
      12.63193,
      55.57611
     ],
     [
      12.63198,
      55.57627
     ],
     [
      12.63203,
      55.5764
     ],
     [
      12.63207,
      55.57656
     ],
     [
      12.63222,
      55.57669
     ],
     [
      12.63292,
      55.57689
     ],
     [
      12.63332,
      55.57701
     ],
     [
      12.63373,
      55.57713
     ],
     [
      12.63406,
      55.57715
     ],
     [
      12.6344,
      55.57712
     ],
     [
      12.63466,
      55.57717
     ],
     [
      12.63486,
      55.57709
     ],
     [
      12.63504,
      55.57701
     ],
     [
      12.6352,
      55.57712
     ],
     [
      12.63548,
      55.57724
     ],
     [
      12.63575,
      55.5773
     ],
     [
      12.63603,
      55.57729
     ],
     [
      12.63624,
      55.57718
     ],
     [
      12.63632,
      55.57707
     ],
     [
      12.63656,
      55.57705
     ],
     [
      12.63678,
      55.57708
     ],
     [
      12.63701,
      55.57709
     ],
     [
      12.63732,
      55.57719
     ],
     [
      12.63739,
      55.57731
     ],
     [
      12.63752,
      55.57748
     ],
     [
      12.63789,
      55.57755
     ],
     [
      12.63813,
      55.57755
     ],
     [
      12.63852,
      55.57746
     ],
     [
      12.63875,
      55.57738
     ],
     [
      12.63894,
      55.57739
     ],
     [
      12.63914,
      55.57743
     ],
     [
      12.63934,
      55.57745
     ],
     [
      12.6396,
      55.57736
     ],
     [
      12.63976,
      55.5773
     ],
     [
      12.64004,
      55.57723
     ],
     [
      12.64024,
      55.57722
     ],
     [
      12.64056,
      55.57726
     ],
     [
      12.6408,
      55.57733
     ],
     [
      12.64102,
      55.57736
     ],
     [
      12.64122,
      55.57738
     ],
     [
      12.64151,
      55.57741
     ],
     [
      12.64203,
      55.57747
     ],
     [
      12.64276,
      55.57757
     ],
     [
      12.64313,
      55.57762
     ],
     [
      12.64332,
      55.57764
     ],
     [
      12.64363,
      55.57768
     ],
     [
      12.64406,
      55.57775
     ],
     [
      12.64436,
      55.5778
     ],
     [
      12.64456,
      55.57785
     ],
     [
      12.64463,
      55.57796
     ],
     [
      12.64486,
      55.57802
     ],
     [
      12.64512,
      55.57808
     ],
     [
      12.64547,
      55.57816
     ],
     [
      12.64571,
      55.57822
     ],
     [
      12.64605,
      55.57832
     ],
     [
      12.6466,
      55.57851
     ],
     [
      12.64697,
      55.57862
     ],
     [
      12.64735,
      55.57877
     ],
     [
      12.64761,
      55.57888
     ],
     [
      12.64791,
      55.57899
     ],
     [
      12.64818,
      55.57909
     ],
     [
      12.64856,
      55.57922
     ],
     [
      12.64911,
      55.5794
     ],
     [
      12.64957,
      55.57952
     ],
     [
      12.64997,
      55.57963
     ],
     [
      12.6506,
      55.5798
     ],
     [
      12.651,
      55.57989
     ],
     [
      12.65135,
      55.57998
     ],
     [
      12.65152,
      55.58009
     ],
     [
      12.65168,
      55.58019
     ],
     [
      12.65191,
      55.58029
     ],
     [
      12.65226,
      55.58042
     ],
     [
      12.65249,
      55.5805
     ],
     [
      12.65267,
      55.58064
     ],
     [
      12.65306,
      55.58076
     ],
     [
      12.65344,
      55.58081
     ],
     [
      12.654,
      55.58087
     ],
     [
      12.65451,
      55.58091
     ],
     [
      12.65486,
      55.58093
     ],
     [
      12.65518,
      55.5809
     ],
     [
      12.65539,
      55.58085
     ],
     [
      12.65569,
      55.58081
     ],
     [
      12.65602,
      55.5808
     ],
     [
      12.6565,
      55.58082
     ],
     [
      12.65711,
      55.58088
     ],
     [
      12.65737,
      55.58092
     ],
     [
      12.65765,
      55.58098
     ],
     [
      12.65784,
      55.58103
     ],
     [
      12.65811,
      55.5811
     ],
     [
      12.65851,
      55.58115
     ],
     [
      12.65895,
      55.58121
     ],
     [
      12.65977,
      55.58131
     ],
     [
      12.66064,
      55.58143
     ],
     [
      12.66121,
      55.5815
     ],
     [
      12.66154,
      55.58156
     ],
     [
      12.66186,
      55.58164
     ],
     [
      12.66243,
      55.5818
     ],
     [
      12.6631,
      55.58199
     ],
     [
      12.66352,
      55.5821
     ],
     [
      12.66397,
      55.58222
     ],
     [
      12.66467,
      55.58242
     ],
     [
      12.66521,
      55.58261
     ],
     [
      12.66594,
      55.58283
     ],
     [
      12.66727,
      55.58331
     ],
     [
      12.66786,
      55.58354
     ],
     [
      12.66834,
      55.58378
     ],
     [
      12.66908,
      55.5842
     ],
     [
      12.66943,
      55.58443
     ],
     [
      12.66975,
      55.58466
     ],
     [
      12.67032,
      55.585
     ],
     [
      12.671,
      55.58542
     ],
     [
      12.67127,
      55.58558
     ],
     [
      12.67174,
      55.58587
     ],
     [
      12.67208,
      55.58614
     ],
     [
      12.67242,
      55.58641
     ],
     [
      12.67286,
      55.58664
     ],
     [
      12.67344,
      55.58694
     ],
     [
      12.67365,
      55.58706
     ],
     [
      12.67389,
      55.58716
     ],
     [
      12.67417,
      55.58725
     ],
     [
      12.67443,
      55.58731
     ],
     [
      12.6747,
      55.58734
     ],
     [
      12.67499,
      55.58737
     ],
     [
      12.67516,
      55.58745
     ],
     [
      12.67543,
      55.58772
     ],
     [
      12.67563,
      55.58796
     ],
     [
      12.67589,
      55.58806
     ],
     [
      12.67613,
      55.58812
     ],
     [
      12.67643,
      55.58813
     ],
     [
      12.67653,
      55.58825
     ],
     [
      12.6765,
      55.5886
     ],
     [
      12.67648,
      55.58879
     ],
     [
      12.67661,
      55.58892
     ],
     [
      12.6769,
      55.589
     ],
     [
      12.67713,
      55.58905
     ],
     [
      12.67733,
      55.58909
     ],
     [
      12.67764,
      55.58896
     ]
    ]
   }
  },
  {
   "type": "Feature",
   "properties": {},
   "geometry": {
    "type": "LineString",
    "coordinates": [
     [
      12.60231,
      55.72474
     ],
     [
      12.60175,
      55.72443
     ],
     [
      12.60162,
      55.72424
     ],
     [
      12.60153,
      55.724
     ],
     [
      12.60146,
      55.7238
     ],
     [
      12.60129,
      55.72362
     ],
     [
      12.60122,
      55.72352
     ],
     [
      12.60126,
      55.72317
     ],
     [
      12.60122,
      55.72285
     ],
     [
      12.601,
      55.72235
     ],
     [
      12.60087,
      55.72214
     ],
     [
      12.60084,
      55.72201
     ],
     [
      12.60076,
      55.72181
     ],
     [
      12.60069,
      55.72161
     ],
     [
      12.60059,
      55.72136
     ],
     [
      12.60032,
      55.7207
     ],
     [
      12.60028,
      55.72053
     ],
     [
      12.60485,
      55.7196
     ],
     [
      12.60404,
      55.71834
     ],
     [
      12.6034,
      55.71847
     ],
     [
      12.60261,
      55.71863
     ],
     [
      12.60188,
      55.71878
     ],
     [
      12.60105,
      55.71895
     ],
     [
      12.60092,
      55.71876
     ],
     [
      12.5998,
      55.71899
     ],
     [
      12.59866,
      55.71923
     ],
     [
      12.59858,
      55.71911
     ],
     [
      12.59822,
      55.71916
     ],
     [
      12.59799,
      55.7192
     ],
     [
      12.59777,
      55.71924
     ],
     [
      12.59759,
      55.71928
     ],
     [
      12.59733,
      55.71933
     ],
     [
      12.59701,
      55.7194
     ],
     [
      12.59648,
      55.71951
     ],
     [
      12.59629,
      55.71956
     ],
     [
      12.59607,
      55.71961
     ],
     [
      12.59588,
      55.71967
     ],
     [
      12.5957,
      55.71971
     ],
     [
      12.59575,
      55.71957
     ],
     [
      12.59553,
      55.71933
     ],
     [
      12.59574,
      55.71927
     ],
     [
      12.5946,
      55.71804
     ]
    ]
   }
  },
  {
   "type": "Feature",
   "properties": {},
   "geometry": {
    "type": "LineString",
    "coordinates": [
     [
      12.35549,
      55.58907
     ],
     [
      12.35508,
      55.58896
     ],
     [
      12.35437,
      55.58905
     ],
     [
      12.35195,
      55.59078
     ],
     [
      12.35166,
      55.59098
     ],
     [
      12.35102,
      55.59143
     ],
     [
      12.35074,
      55.59171
     ],
     [
      12.35008,
      55.59167
     ],
     [
      12.34983,
      55.59171
     ],
     [
      12.34918,
      55.59321
     ],
     [
      12.34918,
      55.59335
     ],
     [
      12.35184,
      55.596
     ],
     [
      12.35219,
      55.5963
     ],
     [
      12.35233,
      55.59652
     ],
     [
      12.35234,
      55.59663
     ],
     [
      12.35228,
      55.59679
     ],
     [
      12.35228,
      55.5969
     ],
     [
      12.35241,
      55.59723
     ],
     [
      12.35246,
      55.59734
     ],
     [
      12.35268,
      55.59744
     ],
     [
      12.35282,
      55.5976
     ],
     [
      12.35457,
      55.59811
     ],
     [
      12.35488,
      55.59811
     ],
     [
      12.35525,
      55.59799
     ],
     [
      12.35558,
      55.59802
     ],
     [
      12.35634,
      55.59846
     ],
     [
      12.35659,
      55.59833
     ],
     [
      12.35639,
      55.59798
     ],
     [
      12.35647,
      55.59781
     ],
     [
      12.35673,
      55.59777
     ],
     [
      12.35715,
      55.59738
     ],
     [
      12.35732,
      55.59723
     ],
     [
      12.35732,
      55.59694
     ],
     [
      12.35715,
      55.59683
     ],
     [
      12.35664,
      55.59733
     ],
     [
      12.35642,
      55.59729
     ],
     [
      12.356,
      55.59718
     ],
     [
      12.3556,
      55.59697
     ],
     [
      12.35571,
      55.59688
     ],
     [
      12.35574,
      55.59676
     ],
     [
      12.3559,
      55.59643
     ],
     [
      12.35536,
      55.59611
     ],
     [
      12.35483,
      55.59622
     ],
     [
      12.35438,
      55.59631
     ],
     [
      12.35422,
      55.59622
     ],
     [
      12.35366,
      55.59582
     ],
     [
      12.354,
      55.59559
     ],
     [
      12.3543,
      55.59546
     ],
     [
      12.35455,
      55.59535
     ],
     [
      12.35492,
      55.59526
     ],
     [
      12.35561,
      55.59508
     ],
     [
      12.35606,
      55.59558
     ],
     [
      12.35599,
      55.59598
     ],
     [
      12.35623,
      55.59617
     ],
     [
      12.35719,
      55.596
     ],
     [
      12.35741,
      55.59603
     ],
     [
      12.35754,
      55.59612
     ],
     [
      12.3572,
      55.59662
     ],
     [
      12.35738,
      55.5967
     ],
     [
      12.35761,
      55.59667
     ],
     [
      12.35812,
      55.59593
     ],
     [
      12.35829,
      55.59558
     ],
     [
      12.35824,
      55.59535
     ],
     [
      12.35825,
      55.59516
     ],
     [
      12.35814,
      55.59494
     ],
     [
      12.35788,
      55.5946
     ],
     [
      12.35773,
      55.59443
     ],
     [
      12.35751,
      55.59416
     ],
     [
      12.35738,
      55.59395
     ],
     [
      12.35712,
      55.59385
     ],
     [
      12.35749,
      55.59462
     ],
     [
      12.35712,
      55.59478
     ],
     [
      12.35692,
      55.59483
     ],
     [
      12.3567,
      55.59474
     ],
     [
      12.35636,
      55.59437
     ],
     [
      12.35576,
      55.59421
     ],
     [
      12.35522,
      55.59389
     ],
     [
      12.35483,
      55.59367
     ],
     [
      12.35477,
      55.59356
     ],
     [
      12.35472,
      55.5934
     ],
     [
      12.35434,
      55.59322
     ],
     [
      12.35367,
      55.59364
     ],
     [
      12.35381,
      55.59375
     ],
     [
      12.35388,
      55.59387
     ],
     [
      12.35377,
      55.59414
     ],
     [
      12.3536,
      55.59422
     ],
     [
      12.35301,
      55.59434
     ],
     [
      12.35245,
      55.59447
     ],
     [
      12.35221,
      55.59451
     ],
     [
      12.35191,
      55.59413
     ],
     [
      12.35169,
      55.59384
     ],
     [
      12.35178,
      55.59373
     ],
     [
      12.35224,
      55.59349
     ],
     [
      12.35269,
      55.59325
     ],
     [
      12.3532,
      55.59337
     ],
     [
      12.35346,
      55.59316
     ],
     [
      12.35325,
      55.59309
     ],
     [
      12.35301,
      55.59275
     ],
     [
      12.35347,
      55.59242
     ],
     [
      12.35376,
      55.5922
     ],
     [
      12.35401,
      55.59218
     ],
     [
      12.35441,
      55.59238
     ],
     [
      12.35466,
      55.59245
     ],
     [
      12.35485,
      55.59243
     ],
     [
      12.35479,
      55.59259
     ],
     [
      12.35593,
      55.59318
     ],
     [
      12.35668,
      55.59378
     ],
     [
      12.35701,
      55.59369
     ],
     [
      12.35707,
      55.59359
     ],
     [
      12.35707,
      55.59346
     ],
     [
      12.35697,
      55.59334
     ],
     [
      12.35642,
      55.5929
     ],
     [
      12.35533,
      55.59234
     ],
     [
      12.35513,
      55.59227
     ],
     [
      12.35541,
      55.59186
     ],
     [
      12.35526,
      55.59173
     ],
     [
      12.35448,
      55.59165
     ],
     [
      12.35421,
      55.5916
     ],
     [
      12.35392,
      55.59135
     ],
     [
      12.35388,
      55.59104
     ],
     [
      12.35414,
      55.59087
     ],
     [
      12.35453,
      55.59077
     ],
     [
      12.35519,
      55.59077
     ],
     [
      12.35534,
      55.59089
     ],
     [
      12.35531,
      55.59105
     ],
     [
      12.35536,
      55.59116
     ],
     [
      12.35553,
      55.59126
     ],
     [
      12.35566,
      55.59148
     ],
     [
      12.35641,
      55.59063
     ],
     [
      12.35586,
      55.58958
     ],
     [
      12.35529,
      55.58943
     ]
    ]
   }
  },
  {
   "type": "Feature",
   "properties": {},
   "geometry": {
    "type": "LineString",
    "coordinates": [
     [
      12.63129,
      55.71846
     ],
     [
      12.63985,
      55.72239
     ],
     [
      12.63243,
      55.72496
     ],
     [
      12.63238,
      55.72507
     ],
     [
      12.63175,
      55.72512
     ],
     [
      12.63121,
      55.72516
     ],
     [
      12.63051,
      55.72518
     ],
     [
      12.6301,
      55.72519
     ],
     [
      12.62927,
      55.72518
     ],
     [
      12.62797,
      55.72514
     ],
     [
      12.62694,
      55.72507
     ],
     [
      12.62623,
      55.725
     ],
     [
      12.62564,
      55.72492
     ],
     [
      12.62458,
      55.72476
     ],
     [
      12.62294,
      55.72443
     ],
     [
      12.62172,
      55.72414
     ],
     [
      12.62078,
      55.72386
     ],
     [
      12.61974,
      55.7233
     ],
     [
      12.61805,
      55.72212
     ],
     [
      12.61715,
      55.72148
     ],
     [
      12.61598,
      55.72053
     ]
    ]
   }
  },
  {
   "type": "Feature",
   "properties": {},
   "geometry": {
    "type": "LineString",
    "coordinates": [
     [
      12.61458,
      55.70197
     ],
     [
      12.61533,
      55.70313
     ],
     [
      12.61472,
      55.70372
     ],
     [
      12.61283,
      55.70391
     ],
     [
      12.61262,
      55.70394
     ],
     [
      12.61171,
      55.70379
     ],
     [
      12.6116,
      55.70369
     ],
     [
      12.61255,
      55.70277
     ],
     [
      12.61289,
      55.70287
     ],
     [
      12.61239,
      55.70336
     ],
     [
      12.61302,
      55.70357
     ],
     [
      12.61411,
      55.70346
     ],
     [
      12.61463,
      55.70295
     ],
     [
      12.61424,
      55.70237
     ],
     [
      12.61391,
      55.70227
     ],
     [
      12.6136,
      55.70217
     ],
     [
      12.61311,
      55.70264
     ],
     [
      12.6128,
      55.70254
     ],
     [
      12.61369,
      55.70163
     ],
     [
      12.61387,
      55.70159
     ],
     [
      12.61451,
      55.70192
     ]
    ]
   }
  },
  {
   "type": "Feature",
   "properties": {},
   "geometry": {
    "type": "LineString",
    "coordinates": [
     [
      12.48111,
      55.60042
     ],
     [
      12.48126,
      55.59981
     ],
     [
      12.48131,
      55.59967
     ],
     [
      12.48137,
      55.59955
     ],
     [
      12.48143,
      55.59944
     ],
     [
      12.4815,
      55.59932
     ],
     [
      12.48163,
      55.59917
     ],
     [
      12.48176,
      55.59905
     ],
     [
      12.48198,
      55.59889
     ],
     [
      12.48216,
      55.59878
     ],
     [
      12.48238,
      55.59866
     ],
     [
      12.48262,
      55.59856
     ],
     [
      12.48445,
      55.59778
     ]
    ]
   }
  },
  {
   "type": "Feature",
   "properties": {},
   "geometry": {
    "type": "LineString",
    "coordinates": [
     [
      12.59949,
      55.67803
     ],
     [
      12.59922,
      55.67817
     ],
     [
      12.59909,
      55.67831
     ],
     [
      12.60012,
      55.6795
     ],
     [
      12.59991,
      55.67955
     ],
     [
      12.59876,
      55.67984
     ],
     [
      12.59782,
      55.68006
     ]
    ]
   }
  },
  {
   "type": "Feature",
   "properties": {},
   "geometry": {
    "type": "LineString",
    "coordinates": [
     [
      12.59939,
      55.67786
     ],
     [
      12.60055,
      55.67747
     ],
     [
      12.60096,
      55.67733
     ],
     [
      12.6011,
      55.67724
     ],
     [
      12.60109,
      55.6767
     ]
    ]
   }
  },
  {
   "type": "Feature",
   "properties": {},
   "geometry": {
    "type": "LineString",
    "coordinates": [
     [
      12.60105,
      55.67665
     ],
     [
      12.60084,
      55.67691
     ],
     [
      12.60051,
      55.67702
     ],
     [
      12.60026,
      55.6771
     ],
     [
      12.60009,
      55.67716
     ],
     [
      12.59986,
      55.67724
     ],
     [
      12.59967,
      55.6773
     ],
     [
      12.59943,
      55.67738
     ],
     [
      12.59922,
      55.67745
     ],
     [
      12.59901,
      55.67752
     ],
     [
      12.59705,
      55.6762
     ],
     [
      12.59619,
      55.67562
     ],
     [
      12.59594,
      55.67547
     ],
     [
      12.59405,
      55.67432
     ],
     [
      12.59258,
      55.67342
     ],
     [
      12.59142,
      55.67269
     ],
     [
      12.59102,
      55.67245
     ],
     [
      12.59053,
      55.67216
     ],
     [
      12.59033,
      55.67203
     ],
     [
      12.58993,
      55.67179
     ],
     [
      12.58971,
      55.67166
     ],
     [
      12.58754,
      55.67035
     ],
     [
      12.58627,
      55.67103
     ],
     [
      12.58568,
      55.67136
     ],
     [
      12.58541,
      55.67138
     ],
     [
      12.58487,
      55.67165
     ],
     [
      12.58355,
      55.67234
     ]
    ]
   }
  },
  {
   "type": "Feature",
   "properties": {},
   "geometry": {
    "type": "LineString",
    "coordinates": [
     [
      12.60948,
      55.68403
     ],
     [
      12.60928,
      55.68404
     ],
     [
      12.60856,
      55.68579
     ],
     [
      12.60783,
      55.68758
     ],
     [
      12.60808,
      55.68763
     ],
     [
      12.60824,
      55.6879
     ],
     [
      12.60782,
      55.68924
     ],
     [
      12.60731,
      55.68943
     ],
     [
      12.60665,
      55.68935
     ],
     [
      12.60563,
      55.68911
     ]
    ]
   }
  },
  {
   "type": "Feature",
   "properties": {},
   "geometry": {
    "type": "LineString",
    "coordinates": [
     [
      12.60945,
      55.68386
     ],
     [
      12.60971,
      55.68383
     ],
     [
      12.60982,
      55.68338
     ],
     [
      12.60986,
      55.68301
     ],
     [
      12.60987,
      55.68253
     ],
     [
      12.60985,
      55.68222
     ],
     [
      12.6098,
      55.68188
     ],
     [
      12.60973,
      55.6814
     ],
     [
      12.60971,
      55.68117
     ],
     [
      12.60968,
      55.68045
     ],
     [
      12.6096,
      55.68015
     ],
     [
      12.60932,
      55.67942
     ],
     [
      12.60924,
      55.67919
     ],
     [
      12.6091,
      55.67892
     ],
     [
      12.60877,
      55.67841
     ],
     [
      12.60807,
      55.67753
     ],
     [
      12.60758,
      55.67697
     ],
     [
      12.60718,
      55.67661
     ],
     [
      12.60604,
      55.67585
     ],
     [
      12.60433,
      55.67475
     ],
     [
      12.60396,
      55.67462
     ],
     [
      12.60359,
      55.67453
     ],
     [
      12.60324,
      55.6745
     ],
     [
      12.60282,
      55.67449
     ],
     [
      12.60257,
      55.67454
     ],
     [
      12.60226,
      55.6746
     ],
     [
      12.60203,
      55.67468
     ],
     [
      12.60183,
      55.67482
     ],
     [
      12.60172,
      55.67505
     ],
     [
      12.60162,
      55.67535
     ],
     [
      12.60125,
      55.67641
     ]
    ]
   }
  },
  {
   "type": "Feature",
   "properties": {},
   "geometry": {
    "type": "LineString",
    "coordinates": [
     [
      12.58392,
      55.67257
     ],
     [
      12.58525,
      55.67185
     ],
     [
      12.58749,
      55.67069
     ],
     [
      12.58973,
      55.67198
     ],
     [
      12.59068,
      55.67256
     ],
     [
      12.59089,
      55.67269
     ],
     [
      12.59105,
      55.67279
     ],
     [
      12.59144,
      55.67301
     ],
     [
      12.59236,
      55.67354
     ],
     [
      12.59377,
      55.67438
     ],
     [
      12.59397,
      55.67459
     ],
     [
      12.59171,
      55.67628
     ]
    ]
   }
  },
  {
   "type": "Feature",
   "properties": {},
   "geometry": {
    "type": "LineString",
    "coordinates": [
     [
      12.55099,
      55.64168
     ],
     [
      12.55052,
      55.64183
     ],
     [
      12.55032,
      55.64188
     ],
     [
      12.54994,
      55.64162
     ],
     [
      12.54994,
      55.64148
     ],
     [
      12.55081,
      55.64123
     ],
     [
      12.55102,
      55.64125
     ],
     [
      12.55128,
      55.64155
     ],
     [
      12.55107,
      55.64167
     ]
    ]
   }
  },
  {
   "type": "Feature",
   "properties": {},
   "geometry": {
    "type": "LineString",
    "coordinates": [
     [
      12.60014,
      55.69533
     ],
     [
      12.59892,
      55.69563
     ],
     [
      12.59761,
      55.69566
     ],
     [
      12.59811,
      55.69764
     ],
     [
      12.59838,
      55.69866
     ],
     [
      12.5976,
      55.69874
     ],
     [
      12.59765,
      55.69897
     ],
     [
      12.59747,
      55.69902
     ],
     [
      12.59735,
      55.69876
     ],
     [
      12.59644,
      55.69576
     ],
     [
      12.59496,
      55.69588
     ],
     [
      12.59511,
      55.69632
     ],
     [
      12.59526,
      55.69675
     ],
     [
      12.5954,
      55.69717
     ],
     [
      12.596,
      55.69891
     ],
     [
      12.59669,
      55.70094
     ],
     [
      12.59673,
      55.70107
     ],
     [
      12.59642,
      55.7012
     ],
     [
      12.59618,
      55.7013
     ],
     [
      12.59636,
      55.70144
     ],
     [
      12.59658,
      55.70161
     ],
     [
      12.59679,
      55.70177
     ],
     [
      12.59696,
      55.70191
     ],
     [
      12.59722,
      55.70211
     ],
     [
      12.59736,
      55.70222
     ],
     [
      12.59766,
      55.70245
     ],
     [
      12.59778,
      55.70254
     ],
     [
      12.59766,
      55.70262
     ],
     [
      12.59519,
      55.70141
     ],
     [
      12.59501,
      55.70152
     ],
     [
      12.59473,
      55.70168
     ],
     [
      12.59495,
      55.70206
     ],
     [
      12.59486,
      55.70256
     ],
     [
      12.59469,
      55.70281
     ],
     [
      12.59688,
      55.70329
     ],
     [
      12.59777,
      55.70349
     ],
     [
      12.59909,
      55.70438
     ],
     [
      12.60029,
      55.7052
     ],
     [
      12.60031,
      55.70532
     ],
     [
      12.59983,
      55.70531
     ],
     [
      12.59955,
      55.70514
     ],
     [
      12.59756,
      55.70393
     ],
     [
      12.59701,
      55.70388
     ],
     [
      12.59716,
      55.70402
     ],
     [
      12.59743,
      55.70405
     ],
     [
      12.598,
      55.7044
     ],
     [
      12.59818,
      55.7045
     ],
     [
      12.59876,
      55.70486
     ],
     [
      12.59917,
      55.70512
     ],
     [
      12.59938,
      55.70524
     ],
     [
      12.59944,
      55.70535
     ],
     [
      12.59822,
      55.70526
     ],
     [
      12.59658,
      55.70508
     ],
     [
      12.59673,
      55.70398
     ],
     [
      12.59674,
      55.70385
     ],
     [
      12.59652,
      55.70383
     ],
     [
      12.59635,
      55.70499
     ],
     [
      12.59582,
      55.705
     ],
     [
      12.59536,
      55.70495
     ],
     [
      12.59508,
      55.70492
     ],
     [
      12.59525,
      55.70375
     ],
     [
      12.59501,
      55.70373
     ],
     [
      12.59484,
      55.7049
     ],
     [
      12.5943,
      55.70484
     ],
     [
      12.59342,
      55.70472
     ],
     [
      12.59258,
      55.70473
     ],
     [
      12.59252,
      55.70493
     ],
     [
      12.59239,
      55.7053
     ],
     [
      12.59204,
      55.70599
     ],
     [
      12.59402,
      55.70613
     ],
     [
      12.59521,
      55.7063
     ],
     [
      12.59588,
      55.70637
     ],
     [
      12.59649,
      55.70639
     ],
     [
      12.59696,
      55.70641
     ],
     [
      12.59723,
      55.70643
     ],
     [
      12.59743,
      55.70645
     ],
     [
      12.59773,
      55.7065
     ],
     [
      12.59867,
      55.70665
     ],
     [
      12.59868,
      55.70644
     ],
     [
      12.59896,
      55.70644
     ],
     [
      12.59897,
      55.70661
     ],
     [
      12.59898,
      55.70694
     ],
     [
      12.59897,
      55.70774
     ],
     [
      12.59897,
      55.70785
     ],
     [
      12.59897,
      55.70835
     ],
     [
      12.59794,
      55.70854
     ],
     [
      12.59766,
      55.70859
     ],
     [
      12.59508,
      55.70905
     ],
     [
      12.59525,
      55.7099
     ],
     [
      12.59543,
      55.70998
     ],
     [
      12.59568,
      55.70992
     ],
     [
      12.59576,
      55.71003
     ],
     [
      12.59617,
      55.70994
     ],
     [
      12.59842,
      55.70949
     ],
     [
      12.60531,
      55.70811
     ],
     [
      12.6054,
      55.70801
     ],
     [
      12.60549,
      55.70787
     ],
     [
      12.60555,
      55.70765
     ],
     [
      12.60554,
      55.70751
     ],
     [
      12.60566,
      55.70767
     ],
     [
      12.60554,
      55.70785
     ],
     [
      12.60544,
      55.70804
     ],
     [
      12.60521,
      55.70828
     ],
     [
      12.60489,
      55.70852
     ],
     [
      12.60326,
      55.70977
     ],
     [
      12.59551,
      55.71136
     ],
     [
      12.59563,
      55.71152
     ],
     [
      12.59591,
      55.71197
     ],
     [
      12.59629,
      55.71255
     ],
     [
      12.59705,
      55.7124
     ],
     [
      12.59699,
      55.71192
     ],
     [
      12.59946,
      55.71142
     ],
     [
      12.59978,
      55.71188
     ],
     [
      12.59998,
      55.71184
     ],
     [
      12.61044,
      55.7097
     ],
     [
      12.61026,
      55.70943
     ],
     [
      12.61067,
      55.70935
     ],
     [
      12.61135,
      55.70955
     ],
     [
      12.61163,
      55.70958
     ],
     [
      12.61173,
      55.70968
     ],
     [
      12.61575,
      55.71154
     ],
     [
      12.61584,
      55.71166
     ],
     [
      12.61584,
      55.71179
     ],
     [
      12.61575,
      55.71192
     ],
     [
      12.6155,
      55.71206
     ],
     [
      12.60597,
      55.714
     ],
     [
      12.60613,
      55.71426
     ],
     [
      12.60631,
      55.71453
     ],
     [
      12.61651,
      55.71246
     ],
     [
      12.61681,
      55.7124
     ],
     [
      12.61763,
      55.71225
     ],
     [
      12.63129,
      55.71846
     ]
    ]
   }
  },
  {
   "type": "Feature",
   "properties": {},
   "geometry": {
    "type": "LineString",
    "coordinates": [
     [
      12.59924,
      55.70691
     ],
     [
      12.60248,
      55.70623
     ],
     [
      12.60294,
      55.70652
     ],
     [
      12.60284,
      55.70665
     ],
     [
      12.6023,
      55.70721
     ],
     [
      12.60071,
      55.70755
     ],
     [
      12.59955,
      55.70783
     ],
     [
      12.59925,
      55.70785
     ],
     [
      12.59924,
      55.70691
     ]
    ]
   }
  },
  {
   "type": "Feature",
   "properties": {},
   "geometry": {
    "type": "LineString",
    "coordinates": [
     [
      12.50554,
      55.61373
     ],
     [
      12.50605,
      55.61302
     ],
     [
      12.50599,
      55.6133
     ],
     [
      12.50633,
      55.61341
     ],
     [
      12.50659,
      55.61342
     ],
     [
      12.50699,
      55.61341
     ],
     [
      12.50774,
      55.61333
     ],
     [
      12.50822,
      55.61327
     ],
     [
      12.50862,
      55.61319
     ],
     [
      12.5088,
      55.61315
     ],
     [
      12.50898,
      55.61306
     ],
     [
      12.50886,
      55.61289
     ],
     [
      12.51,
      55.61333
     ],
     [
      12.51021,
      55.61344
     ],
     [
      12.51064,
      55.61378
     ],
     [
      12.51093,
      55.61398
     ],
     [
      12.51107,
      55.61413
     ],
     [
      12.51112,
      55.61512
     ],
     [
      12.51099,
      55.61485
     ],
     [
      12.51079,
      55.61478
     ],
     [
      12.51047,
      55.61471
     ],
     [
      12.51022,
      55.61471
     ],
     [
      12.51002,
      55.61474
     ],
     [
      12.50972,
      55.6147
     ],
     [
      12.50951,
      55.61471
     ],
     [
      12.50853,
      55.61492
     ],
     [
      12.50803,
      55.61492
     ],
     [
      12.5075,
      55.61485
     ],
     [
      12.50711,
      55.61481
     ],
     [
      12.50687,
      55.61483
     ],
     [
      12.50661,
      55.61488
     ],
     [
      12.50637,
      55.61504
     ],
     [
      12.50653,
      55.61523
     ],
     [
      12.50598,
      55.61487
     ],
     [
      12.50577,
      55.61468
     ],
     [
      12.5057,
      55.61457
     ],
     [
      12.50556,
      55.61404
     ],
     [
      12.50551,
      55.61383
     ]
    ]
   }
  },
  {
   "type": "Feature",
   "properties": {},
   "geometry": {
    "type": "LineString",
    "coordinates": [
     [
      12.60025,
      55.68279
     ],
     [
      12.60048,
      55.68272
     ],
     [
      12.60222,
      55.68226
     ],
     [
      12.60245,
      55.6822
     ],
     [
      12.60329,
      55.68307
     ],
     [
      12.60337,
      55.68317
     ],
     [
      12.60361,
      55.68344
     ],
     [
      12.60137,
      55.68406
     ]
    ]
   }
  },
  {
   "type": "Feature",
   "properties": {},
   "geometry": {
    "type": "LineString",
    "coordinates": [
     [
      12.56366,
      55.57582
     ],
     [
      12.56346,
      55.57572
     ],
     [
      12.56321,
      55.57567
     ],
     [
      12.56289,
      55.57563
     ],
     [
      12.56267,
      55.57559
     ],
     [
      12.56231,
      55.57552
     ],
     [
      12.56158,
      55.57539
     ],
     [
      12.56115,
      55.57532
     ],
     [
      12.5605,
      55.57522
     ],
     [
      12.56,
      55.57512
     ],
     [
      12.55941,
      55.57498
     ],
     [
      12.55918,
      55.57493
     ],
     [
      12.55894,
      55.57488
     ],
     [
      12.55874,
      55.57485
     ],
     [
      12.55852,
      55.57481
     ],
     [
      12.55699,
      55.57453
     ],
     [
      12.55718,
      55.57427
     ],
     [
      12.55733,
      55.57412
     ],
     [
      12.55737,
      55.57401
     ],
     [
      12.55746,
      55.57382
     ],
     [
      12.55754,
      55.57358
     ],
     [
      12.55758,
      55.57335
     ],
     [
      12.55772,
      55.57301
     ],
     [
      12.55777,
      55.57284
     ],
     [
      12.5577,
      55.57273
     ],
     [
      12.5575,
      55.57288
     ],
     [
      12.55734,
      55.57301
     ],
     [
      12.55722,
      55.5731
     ],
     [
      12.55726,
      55.57327
     ],
     [
      12.55727,
      55.57341
     ],
     [
      12.55713,
      55.57351
     ],
     [
      12.55688,
      55.57357
     ],
     [
      12.55656,
      55.57368
     ],
     [
      12.55638,
      55.57376
     ],
     [
      12.5562,
      55.57393
     ],
     [
      12.55587,
      55.57409
     ],
     [
      12.55569,
      55.57414
     ],
     [
      12.55547,
      55.57412
     ],
     [
      12.55535,
      55.57397
     ],
     [
      12.55551,
      55.57385
     ],
     [
      12.55581,
      55.57369
     ],
     [
      12.55619,
      55.57349
     ],
     [
      12.55658,
      55.57328
     ],
     [
      12.55682,
      55.57313
     ],
     [
      12.55703,
      55.57293
     ],
     [
      12.55716,
      55.57279
     ],
     [
      12.55729,
      55.57252
     ],
     [
      12.55738,
      55.57236
     ],
     [
      12.55752,
      55.57221
     ],
     [
      12.55764,
      55.57208
     ],
     [
      12.55782,
      55.57189
     ],
     [
      12.55797,
      55.57169
     ],
     [
      12.55801,
      55.57149
     ],
     [
      12.55807,
      55.57138
     ],
     [
      12.55813,
      55.57123
     ],
     [
      12.55826,
      55.57087
     ],
     [
      12.55833,
      55.57067
     ],
     [
      12.55845,
      55.57007
     ],
     [
      12.55851,
      55.56992
     ],
     [
      12.55864,
      55.56928
     ],
     [
      12.55869,
      55.56901
     ],
     [
      12.55881,
      55.56848
     ],
     [
      12.55885,
      55.56809
     ],
     [
      12.55885,
      55.56772
     ],
     [
      12.55879,
      55.56734
     ],
     [
      12.55879,
      55.56699
     ],
     [
      12.55879,
      55.56651
     ],
     [
      12.5588,
      55.56609
     ],
     [
      12.55897,
      55.56569
     ],
     [
      12.55912,
      55.56539
     ],
     [
      12.55947,
      55.56491
     ],
     [
      12.55975,
      55.56442
     ],
     [
      12.56002,
      55.56404
     ],
     [
      12.56021,
      55.56374
     ],
     [
      12.56029,
      55.56347
     ],
     [
      12.5604,
      55.56329
     ],
     [
      12.56062,
      55.56304
     ],
     [
      12.56085,
      55.56282
     ],
     [
      12.56168,
      55.56225
     ],
     [
      12.56202,
      55.56199
     ],
     [
      12.56231,
      55.56173
     ],
     [
      12.56301,
      55.56115
     ],
     [
      12.56335,
      55.56086
     ],
     [
      12.56371,
      55.56054
     ],
     [
      12.56455,
      55.55998
     ],
     [
      12.56502,
      55.55972
     ],
     [
      12.56544,
      55.55948
     ],
     [
      12.56632,
      55.55915
     ],
     [
      12.56735,
      55.55882
     ],
     [
      12.56819,
      55.55857
     ],
     [
      12.56904,
      55.55833
     ],
     [
      12.56956,
      55.5582
     ],
     [
      12.57033,
      55.55802
     ],
     [
      12.57098,
      55.55788
     ],
     [
      12.57213,
      55.55773
     ],
     [
      12.57334,
      55.55762
     ],
     [
      12.57435,
      55.55756
     ],
     [
      12.57506,
      55.55755
     ],
     [
      12.57578,
      55.55756
     ],
     [
      12.57678,
      55.55757
     ],
     [
      12.57741,
      55.55756
     ],
     [
      12.57829,
      55.55748
     ],
     [
      12.57879,
      55.55739
     ],
     [
      12.57934,
      55.55734
     ],
     [
      12.57984,
      55.55734
     ],
     [
      12.58056,
      55.55735
     ],
     [
      12.58108,
      55.55737
     ],
     [
      12.58199,
      55.55736
     ]
    ]
   }
  },
  {
   "type": "Feature",
   "properties": {},
   "geometry": {
    "type": "LineString",
    "coordinates": [
     [
      12.73837,
      55.63114
     ],
     [
      12.73854,
      55.63121
     ],
     [
      12.73877,
      55.6313
     ],
     [
      12.73882,
      55.63145
     ],
     [
      12.73871,
      55.63161
     ],
     [
      12.73856,
      55.6317
     ],
     [
      12.73839,
      55.63177
     ],
     [
      12.73806,
      55.63183
     ],
     [
      12.73784,
      55.63187
     ],
     [
      12.73757,
      55.63184
     ],
     [
      12.73755,
      55.63171
     ],
     [
      12.73757,
      55.63157
     ],
     [
      12.73731,
      55.6315
     ],
     [
      12.73718,
      55.6314
     ],
     [
      12.7371,
      55.63129
     ],
     [
      12.7369,
      55.63128
     ],
     [
      12.73686,
      55.63109
     ],
     [
      12.73697,
      55.63095
     ],
     [
      12.73705,
      55.63084
     ],
     [
      12.73704,
      55.63068
     ],
     [
      12.73705,
      55.63052
     ],
     [
      12.73724,
      55.63038
     ],
     [
      12.73745,
      55.63037
     ],
     [
      12.73768,
      55.63041
     ],
     [
      12.73792,
      55.63048
     ],
     [
      12.73803,
      55.6306
     ],
     [
      12.73809,
      55.63072
     ],
     [
      12.73831,
      55.63075
     ],
     [
      12.73855,
      55.63074
     ],
     [
      12.73864,
      55.63088
     ],
     [
      12.73841,
      55.63104
     ]
    ]
   }
  },
  {
   "type": "Feature",
   "properties": {},
   "geometry": {
    "type": "LineString",
    "coordinates": [
     [
      12.73575,
      55.63122
     ],
     [
      12.73544,
      55.63121
     ],
     [
      12.73544,
      55.63107
     ],
     [
      12.73567,
      55.63105
     ],
     [
      12.73596,
      55.63114
     ],
     [
      12.73609,
      55.63128
     ],
     [
      12.73611,
      55.63147
     ],
     [
      12.73596,
      55.63158
     ],
     [
      12.73579,
      55.63168
     ],
     [
      12.73592,
      55.6315
     ],
     [
      12.73568,
      55.63129
     ]
    ]
   }
  },
  {
   "type": "Feature",
   "properties": {},
   "geometry": {
    "type": "LineString",
    "coordinates": [
     [
      12.74776,
      55.61687
     ],
     [
      12.74786,
      55.6167
     ],
     [
      12.74805,
      55.61674
     ],
     [
      12.74809,
      55.61694
     ],
     [
      12.74792,
      55.617
     ],
     [
      12.74776,
      55.61687
     ]
    ]
   }
  },
  {
   "type": "Feature",
   "properties": {},
   "geometry": {
    "type": "LineString",
    "coordinates": [
     [
      12.60518,
      55.56097
     ],
     [
      12.60567,
      55.56088
     ],
     [
      12.6059,
      55.56092
     ],
     [
      12.6059,
      55.56104
     ],
     [
      12.60573,
      55.56112
     ],
     [
      12.60545,
      55.56108
     ],
     [
      12.60524,
      55.56111
     ],
     [
      12.60518,
      55.56097
     ]
    ]
   }
  },
  {
   "type": "Feature",
   "properties": {},
   "geometry": {
    "type": "LineString",
    "coordinates": [
     [
      12.63268,
      55.67091
     ],
     [
      12.63299,
      55.67102
     ],
     [
      12.63399,
      55.67023
     ],
     [
      12.63629,
      55.67035
     ],
     [
      12.63663,
      55.67019
     ],
     [
      12.63672,
      55.6695
     ],
     [
      12.63806,
      55.6684
     ],
     [
      12.63824,
      55.66844
     ],
     [
      12.63856,
      55.66819
     ],
     [
      12.63868,
      55.66805
     ],
     [
      12.63845,
      55.66795
     ],
     [
      12.63832,
      55.6678
     ],
     [
      12.63761,
      55.66699
     ],
     [
      12.63734,
      55.66698
     ],
     [
      12.63685,
      55.66695
     ],
     [
      12.63667,
      55.66689
     ],
     [
      12.63689,
      55.66681
     ],
     [
      12.63715,
      55.66681
     ],
     [
      12.63879,
      55.6669
     ],
     [
      12.64042,
      55.66698
     ],
     [
      12.64076,
      55.66701
     ],
     [
      12.64094,
      55.66707
     ],
     [
      12.64074,
      55.66713
     ],
     [
      12.64026,
      55.66738
     ],
     [
      12.64009,
      55.66731
     ],
     [
      12.63948,
      55.6678
     ],
     [
      12.63893,
      55.66812
     ],
     [
      12.63876,
      55.66819
     ],
     [
      12.63904,
      55.6683
     ],
     [
      12.63925,
      55.66848
     ],
     [
      12.63957,
      55.66897
     ],
     [
      12.6397,
      55.66917
     ],
     [
      12.63938,
      55.66926
     ],
     [
      12.63967,
      55.66972
     ],
     [
      12.63998,
      55.66966
     ],
     [
      12.64028,
      55.67007
     ],
     [
      12.64178,
      55.67015
     ],
     [
      12.6426,
      55.66954
     ],
     [
      12.64286,
      55.66957
     ],
     [
      12.64309,
      55.66994
     ],
     [
      12.64349,
      55.6699
     ],
     [
      12.64303,
      55.66921
     ],
     [
      12.64307,
      55.6691
     ],
     [
      12.64187,
      55.66723
     ],
     [
      12.64169,
      55.66715
     ],
     [
      12.64146,
      55.66714
     ],
     [
      12.64164,
      55.66705
     ],
     [
      12.64193,
      55.66711
     ],
     [
      12.64323,
      55.6691
     ],
     [
      12.64346,
      55.66913
     ],
     [
      12.6439,
      55.66918
     ],
     [
      12.64416,
      55.66929
     ],
     [
      12.64494,
      55.67054
     ],
     [
      12.64446,
      55.67
     ],
     [
      12.64367,
      55.67015
     ],
     [
      12.64356,
      55.67002
     ],
     [
      12.64317,
      55.67005
     ],
     [
      12.64133,
      55.67048
     ],
     [
      12.63681,
      55.67027
     ],
     [
      12.63649,
      55.67039
     ],
     [
      12.64127,
      55.67063
     ],
     [
      12.64175,
      55.67139
     ],
     [
      12.64223,
      55.67131
     ],
     [
      12.64257,
      55.67129
     ],
     [
      12.64298,
      55.67131
     ],
     [
      12.6434,
      55.67137
     ],
     [
      12.64376,
      55.67145
     ],
     [
      12.64409,
      55.67155
     ],
     [
      12.64467,
      55.67185
     ],
     [
      12.64562,
      55.67144
     ],
     [
      12.64576,
      55.67122
     ],
     [
      12.64563,
      55.67097
     ],
     [
      12.6459,
      55.67116
     ],
     [
      12.64587,
      55.6713
     ],
     [
      12.6458,
      55.67141
     ],
     [
      12.64562,
      55.67153
     ],
     [
      12.64486,
      55.67187
     ],
     [
      12.64483,
      55.672
     ],
     [
      12.64507,
      55.67227
     ],
     [
      12.64537,
      55.67267
     ],
     [
      12.64644,
      55.67426
     ],
     [
      12.6467,
      55.67442
     ],
     [
      12.64801,
      55.67497
     ],
     [
      12.64817,
      55.67511
     ],
     [
      12.64822,
      55.67525
     ],
     [
      12.64822,
      55.67539
     ],
     [
      12.6481,
      55.67554
     ],
     [
      12.64788,
      55.67573
     ],
     [
      12.64769,
      55.6759
     ],
     [
      12.64813,
      55.67608
     ],
     [
      12.64469,
      55.67915
     ],
     [
      12.64071,
      55.6788
     ],
     [
      12.64055,
      55.67901
     ],
     [
      12.64054,
      55.67913
     ],
     [
      12.64038,
      55.67906
     ],
     [
      12.64062,
      55.67871
     ],
     [
      12.63947,
      55.6765
     ],
     [
      12.63874,
      55.67662
     ],
     [
      12.6374,
      55.67696
     ],
     [
      12.63733,
      55.67682
     ],
     [
      12.63631,
      55.677
     ],
     [
      12.63461,
      55.6757
     ],
     [
      12.63309,
      55.67568
     ],
     [
      12.63388,
      55.67657
     ],
     [
      12.63406,
      55.67681
     ],
     [
      12.63493,
      55.67767
     ],
     [
      12.63503,
      55.67777
     ],
     [
      12.63489,
      55.67769
     ],
     [
      12.63469,
      55.67775
     ],
     [
      12.6347,
      55.67854
     ],
     [
      12.63409,
      55.67914
     ],
     [
      12.63419,
      55.67926
     ],
     [
      12.63432,
      55.67943
     ],
     [
      12.63456,
      55.6795
     ],
     [
      12.63487,
      55.67957
     ],
     [
      12.63509,
      55.67958
     ],
     [
      12.63522,
      55.67948
     ],
     [
      12.63526,
      55.6789
     ],
     [
      12.63541,
      55.67869
     ],
     [
      12.6354,
      55.67881
     ],
     [
      12.63535,
      55.67895
     ],
     [
      12.63535,
      55.67961
     ],
     [
      12.63551,
      55.6797
     ],
     [
      12.63605,
      55.67982
     ],
     [
      12.63704,
      55.68002
     ],
     [
      12.63783,
      55.68017
     ],
     [
      12.63848,
      55.68029
     ],
     [
      12.63903,
      55.68034
     ],
     [
      12.63968,
      55.68037
     ],
     [
      12.63965,
      55.68048
     ],
     [
      12.63945,
      55.68041
     ],
     [
      12.63916,
      55.68044
     ],
     [
      12.63891,
      55.68072
     ],
     [
      12.63854,
      55.68121
     ],
     [
      12.6378,
      55.68216
     ],
     [
      12.63708,
      55.68322
     ],
     [
      12.63729,
      55.68337
     ],
     [
      12.6371,
      55.68351
     ],
     [
      12.63695,
      55.68359
     ],
     [
      12.63557,
      55.68504
     ],
     [
      12.63486,
      55.68479
     ],
     [
      12.63444,
      55.68464
     ],
     [
      12.63395,
      55.68447
     ],
     [
      12.6307,
      55.68332
     ],
     [
      12.62753,
      55.68218
     ],
     [
      12.62721,
      55.68203
     ],
     [
      12.62667,
      55.68167
     ],
     [
      12.6265,
      55.68193
     ],
     [
      12.62616,
      55.68231
     ],
     [
      12.62578,
      55.68264
     ],
     [
      12.62561,
      55.6823
     ],
     [
      12.62598,
      55.682
     ],
     [
      12.62618,
      55.68176
     ],
     [
      12.62628,
      55.68155
     ],
     [
      12.62625,
      55.6814
     ],
     [
      12.6261,
      55.68129
     ],
     [
      12.62491,
      55.6805
     ],
     [
      12.6293,
      55.6755
     ],
     [
      12.63051,
      55.67403
     ],
     [
      12.6309,
      55.67383
     ],
     [
      12.63351,
      55.67198
     ],
     [
      12.63344,
      55.67177
     ],
     [
      12.63314,
      55.67153
     ],
     [
      12.63278,
      55.67133
     ],
     [
      12.63233,
      55.67117
     ]
    ]
   }
  },
  {
   "type": "Feature",
   "properties": {},
   "geometry": {
    "type": "LineString",
    "coordinates": [
     [
      12.63233,
      55.67117
     ],
     [
      12.63178,
      55.67107
     ],
     [
      12.63052,
      55.67095
     ],
     [
      12.62982,
      55.67135
     ],
     [
      12.62882,
      55.672
     ],
     [
      12.62858,
      55.67206
     ],
     [
      12.62821,
      55.67251
     ],
     [
      12.62768,
      55.6731
     ],
     [
      12.62737,
      55.67347
     ],
     [
      12.62742,
      55.67366
     ],
     [
      12.62727,
      55.67374
     ],
     [
      12.62659,
      55.6744
     ],
     [
      12.62632,
      55.67471
     ],
     [
      12.62658,
      55.67484
     ],
     [
      12.62699,
      55.67489
     ],
     [
      12.62677,
      55.67498
     ],
     [
      12.62622,
      55.67494
     ],
     [
      12.62567,
      55.67551
     ],
     [
      12.62529,
      55.67585
     ],
     [
      12.62505,
      55.67613
     ],
     [
      12.62475,
      55.67647
     ],
     [
      12.6239,
      55.67751
     ],
     [
      12.62345,
      55.67798
     ],
     [
      12.62315,
      55.67832
     ],
     [
      12.62301,
      55.67847
     ],
     [
      12.62222,
      55.67943
     ],
     [
      12.62199,
      55.67966
     ],
     [
      12.62158,
      55.68008
     ],
     [
      12.62129,
      55.67999
     ],
     [
      12.62148,
      55.67977
     ],
     [
      12.62076,
      55.67955
     ],
     [
      12.62054,
      55.67978
     ],
     [
      12.62023,
      55.68011
     ],
     [
      12.62095,
      55.68029
     ],
     [
      12.62117,
      55.68007
     ],
     [
      12.62153,
      55.68019
     ],
     [
      12.62088,
      55.68084
     ],
     [
      12.62077,
      55.68104
     ],
     [
      12.62186,
      55.68176
     ],
     [
      12.62293,
      55.68248
     ],
     [
      12.62385,
      55.6831
     ],
     [
      12.62429,
      55.68339
     ],
     [
      12.62551,
      55.68238
     ],
     [
      12.62561,
      55.68255
     ],
     [
      12.62569,
      55.6827
     ],
     [
      12.62466,
      55.68361
     ],
     [
      12.62486,
      55.68377
     ],
     [
      12.62512,
      55.68388
     ],
     [
      12.62542,
      55.68399
     ],
     [
      12.62575,
      55.6841
     ],
     [
      12.62608,
      55.68415
     ],
     [
      12.6264,
      55.68411
     ],
     [
      12.62676,
      55.68448
     ],
     [
      12.62848,
      55.68507
     ],
     [
      12.63597,
      55.68775
     ],
     [
      12.63287,
      55.69054
     ],
     [
      12.6289,
      55.68914
     ],
     [
      12.62874,
      55.68903
     ],
     [
      12.62848,
      55.68901
     ],
     [
      12.6281,
      55.68893
     ],
     [
      12.62741,
      55.68956
     ],
     [
      12.62655,
      55.68977
     ],
     [
      12.62615,
      55.68981
     ],
     [
      12.6264,
      55.6897
     ],
     [
      12.62567,
      55.68881
     ],
     [
      12.6262,
      55.68819
     ],
     [
      12.62582,
      55.68807
     ],
     [
      12.62521,
      55.68867
     ],
     [
      12.62489,
      55.68859
     ],
     [
      12.62479,
      55.6887
     ],
     [
      12.62443,
      55.68859
     ],
     [
      12.62397,
      55.68839
     ],
     [
      12.62282,
      55.6881
     ],
     [
      12.62292,
      55.68798
     ],
     [
      12.62259,
      55.68788
     ],
     [
      12.62235,
      55.68781
     ],
     [
      12.62235,
      55.68796
     ],
     [
      12.62235,
      55.68819
     ],
     [
      12.62224,
      55.68844
     ],
     [
      12.62195,
      55.6884
     ],
     [
      12.62171,
      55.68836
     ],
     [
      12.62178,
      55.68815
     ],
     [
      12.62193,
      55.68797
     ],
     [
      12.62189,
      55.68778
     ],
     [
      12.62182,
      55.68767
     ],
     [
      12.62157,
      55.68759
     ],
     [
      12.621,
      55.68743
     ],
     [
      12.62007,
      55.68715
     ],
     [
      12.61996,
      55.68777
     ],
     [
      12.61973,
      55.6872
     ],
     [
      12.61888,
      55.68696
     ],
     [
      12.61815,
      55.68677
     ],
     [
      12.61785,
      55.68692
     ],
     [
      12.61769,
      55.68708
     ],
     [
      12.61732,
      55.68719
     ],
     [
      12.61687,
      55.68724
     ],
     [
      12.61615,
      55.68725
     ],
     [
      12.61495,
      55.68717
     ],
     [
      12.61383,
      55.6871
     ],
     [
      12.61365,
      55.68717
     ],
     [
      12.61353,
      55.68858
     ]
    ]
   }
  },
  {
   "type": "Feature",
   "properties": {},
   "geometry": {
    "type": "LineString",
    "coordinates": [
     [
      12.58011,
      55.67211
     ],
     [
      12.57985,
      55.67228
     ],
     [
      12.57971,
      55.67237
     ],
     [
      12.57948,
      55.6725
     ],
     [
      12.57926,
      55.67265
     ],
     [
      12.57909,
      55.67279
     ],
     [
      12.57751,
      55.67407
     ],
     [
      12.57735,
      55.6742
     ],
     [
      12.57669,
      55.67478
     ],
     [
      12.57655,
      55.6749
     ],
     [
      12.57595,
      55.67539
     ],
     [
      12.57577,
      55.67553
     ],
     [
      12.57564,
      55.67565
     ]
    ]
   }
  },
  {
   "type": "Feature",
   "properties": {},
   "geometry": {
    "type": "LineString",
    "coordinates": [
     [
      12.57599,
      55.67576
     ],
     [
      12.57612,
      55.67565
     ],
     [
      12.57685,
      55.67505
     ],
     [
      12.57702,
      55.6749
     ],
     [
      12.57771,
      55.67433
     ],
     [
      12.57782,
      55.67424
     ],
     [
      12.57954,
      55.67281
     ],
     [
      12.57996,
      55.67254
     ],
     [
      12.5801,
      55.67245
     ],
     [
      12.58042,
      55.67227
     ]
    ]
   }
  },
  {
   "type": "Feature",
   "properties": {},
   "geometry": {
    "type": "LineString",
    "coordinates": [
     [
      12.72565,
      55.6335
     ],
     [
      12.7253,
      55.63352
     ],
     [
      12.72463,
      55.6336
     ],
     [
      12.7241,
      55.63367
     ],
     [
      12.72391,
      55.63368
     ],
     [
      12.72449,
      55.63354
     ],
     [
      12.7253,
      55.63341
     ],
     [
      12.72563,
      55.63341
     ],
     [
      12.72587,
      55.6335
     ],
     [
      12.72565,
      55.6335
     ]
    ]
   }
  },
  {
   "type": "Feature",
   "properties": {},
   "geometry": {
    "type": "LineString",
    "coordinates": [
     [
      12.19922,
      55.47311
     ],
     [
      12.19893,
      55.47345
     ],
     [
      12.1988,
      55.47365
     ],
     [
      12.19874,
      55.47384
     ],
     [
      12.19871,
      55.47396
     ],
     [
      12.19871,
      55.47408
     ],
     [
      12.19871,
      55.47427
     ],
     [
      12.19882,
      55.47465
     ],
     [
      12.1986,
      55.4747
     ],
     [
      12.19839,
      55.47478
     ],
     [
      12.19827,
      55.47469
     ],
     [
      12.19799,
      55.47471
     ],
     [
      12.19771,
      55.47488
     ],
     [
      12.19755,
      55.47495
     ],
     [
      12.19749,
      55.47514
     ],
     [
      12.19752,
      55.47533
     ],
     [
      12.19851,
      55.47742
     ],
     [
      12.19918,
      55.4785
     ],
     [
      12.20102,
      55.481
     ],
     [
      12.20138,
      55.48145
     ],
     [
      12.20167,
      55.48181
     ],
     [
      12.20288,
      55.48355
     ],
     [
      12.20412,
      55.48534
     ],
     [
      12.20521,
      55.48737
     ],
     [
      12.20634,
      55.48944
     ],
     [
      12.2078,
      55.49215
     ],
     [
      12.20977,
      55.49525
     ],
     [
      12.21253,
      55.49942
     ],
     [
      12.21484,
      55.50368
     ],
     [
      12.21608,
      55.50603
     ],
     [
      12.21704,
      55.50843
     ],
     [
      12.21747,
      55.5096
     ],
     [
      12.21734,
      55.50981
     ]
    ]
   }
  },
  {
   "type": "Feature",
   "properties": {},
   "geometry": {
    "type": "LineString",
    "coordinates": [
     [
      12.25491,
      55.5536
     ],
     [
      12.25669,
      55.5547
     ],
     [
      12.25736,
      55.55509
     ],
     [
      12.25864,
      55.55594
     ],
     [
      12.26046,
      55.55699
     ],
     [
      12.26128,
      55.55744
     ],
     [
      12.26255,
      55.55815
     ],
     [
      12.2648,
      55.55906
     ],
     [
      12.26756,
      55.56015
     ],
     [
      12.26937,
      55.56081
     ],
     [
      12.27051,
      55.56135
     ],
     [
      12.2714,
      55.56168
     ],
     [
      12.27258,
      55.56196
     ],
     [
      12.27324,
      55.56224
     ],
     [
      12.27376,
      55.56245
     ],
     [
      12.27526,
      55.56216
     ],
     [
      12.27511,
      55.56249
     ],
     [
      12.27628,
      55.56315
     ],
     [
      12.2768,
      55.56349
     ],
     [
      12.27724,
      55.56382
     ],
     [
      12.2785,
      55.5636
     ],
     [
      12.27826,
      55.56399
     ],
     [
      12.27814,
      55.56419
     ],
     [
      12.27825,
      55.56433
     ],
     [
      12.27958,
      55.56495
     ],
     [
      12.2802,
      55.56519
     ],
     [
      12.28078,
      55.56542
     ],
     [
      12.28124,
      55.56564
     ],
     [
      12.28188,
      55.56599
     ],
     [
      12.28199,
      55.5661
     ],
     [
      12.28245,
      55.56609
     ],
     [
      12.28274,
      55.56613
     ],
     [
      12.28301,
      55.56617
     ],
     [
      12.28325,
      55.56618
     ],
     [
      12.28345,
      55.56619
     ],
     [
      12.28373,
      55.56619
     ],
     [
      12.28405,
      55.56618
     ],
     [
      12.28429,
      55.56613
     ],
     [
      12.28449,
      55.56609
     ],
     [
      12.28461,
      55.56599
     ],
     [
      12.28484,
      55.56598
     ],
     [
      12.28551,
      55.56573
     ],
     [
      12.28581,
      55.56562
     ],
     [
      12.28594,
      55.56582
     ],
     [
      12.28591,
      55.56599
     ],
     [
      12.28548,
      55.56599
     ],
     [
      12.28504,
      55.56616
     ],
     [
      12.2851,
      55.56648
     ],
     [
      12.28537,
      55.56655
     ],
     [
      12.28557,
      55.56658
     ],
     [
      12.28592,
      55.56639
     ],
     [
      12.28552,
      55.56671
     ],
     [
      12.28658,
      55.5672
     ],
     [
      12.28648,
      55.56735
     ],
     [
      12.2863,
      55.56746
     ],
     [
      12.28591,
      55.56747
     ],
     [
      12.28566,
      55.56746
     ],
     [
      12.28539,
      55.56759
     ],
     [
      12.28531,
      55.56773
     ],
     [
      12.2853,
      55.56787
     ],
     [
      12.28534,
      55.5681
     ],
     [
      12.28569,
      55.56857
     ],
     [
      12.28601,
      55.56881
     ],
     [
      12.28627,
      55.56888
     ],
     [
      12.28651,
      55.5692
     ],
     [
      12.28793,
      55.57021
     ],
     [
      12.28883,
      55.57076
     ],
     [
      12.29019,
      55.5716
     ],
     [
      12.29117,
      55.57217
     ],
     [
      12.29215,
      55.5727
     ],
     [
      12.29436,
      55.5738
     ],
     [
      12.29887,
      55.57578
     ],
     [
      12.30167,
      55.57686
     ],
     [
      12.30602,
      55.57839
     ],
     [
      12.31214,
      55.58038
     ],
     [
      12.31369,
      55.58087
     ],
     [
      12.31796,
      55.58211
     ],
     [
      12.32579,
      55.58427
     ],
     [
      12.32857,
      55.58504
     ],
     [
      12.33222,
      55.58602
     ],
     [
      12.33611,
      55.58721
     ],
     [
      12.33903,
      55.58801
     ],
     [
      12.34021,
      55.58836
     ],
     [
      12.34239,
      55.58889
     ],
     [
      12.3464,
      55.58985
     ],
     [
      12.34873,
      55.59039
     ],
     [
      12.35042,
      55.59065
     ],
     [
      12.3513,
      55.59074
     ],
     [
      12.35158,
      55.59081
     ],
     [
      12.3518,
      55.59074
     ]
    ]
   }
  },
  {
   "type": "Feature",
   "properties": {},
   "geometry": {
    "type": "LineString",
    "coordinates": [
     [
      12.35586,
      55.59161
     ],
     [
      12.35629,
      55.59183
     ],
     [
      12.35833,
      55.59254
     ],
     [
      12.36325,
      55.59402
     ]
    ]
   }
  },
  {
   "type": "Feature",
   "properties": {},
   "geometry": {
    "type": "LineString",
    "coordinates": [
     [
      12.39948,
      55.61316
     ],
     [
      12.39972,
      55.61309
     ],
     [
      12.39963,
      55.6129
     ],
     [
      12.39997,
      55.61261
     ],
     [
      12.39989,
      55.6125
     ],
     [
      12.39987,
      55.61231
     ],
     [
      12.40016,
      55.61195
     ],
     [
      12.40023,
      55.6114
     ]
    ]
   }
  },
  {
   "type": "Feature",
   "properties": {},
   "geometry": {
    "type": "LineString",
    "coordinates": [
     [
      12.48134,
      55.60044
     ],
     [
      12.48166,
      55.60046
     ],
     [
      12.48133,
      55.60178
     ],
     [
      12.48172,
      55.60181
     ],
     [
      12.48204,
      55.6034
     ],
     [
      12.48183,
      55.60357
     ],
     [
      12.48171,
      55.60374
     ],
     [
      12.48196,
      55.60372
     ],
     [
      12.48235,
      55.60344
     ],
     [
      12.48198,
      55.60179
     ],
     [
      12.48228,
      55.60177
     ],
     [
      12.48289,
      55.60093
     ],
     [
      12.48999,
      55.60044
     ],
     [
      12.49029,
      55.60042
     ],
     [
      12.49062,
      55.60044
     ],
     [
      12.49095,
      55.6005
     ]
    ]
   }
  },
  {
   "type": "Feature",
   "properties": {},
   "geometry": {
    "type": "LineString",
    "coordinates": [
     [
      12.21748,
      55.5105
     ],
     [
      12.21794,
      55.51169
     ],
     [
      12.21954,
      55.51484
     ],
     [
      12.22002,
      55.51598
     ],
     [
      12.22103,
      55.51798
     ],
     [
      12.22214,
      55.51965
     ],
     [
      12.22339,
      55.52208
     ],
     [
      12.22593,
      55.526
     ],
     [
      12.22708,
      55.52787
     ],
     [
      12.22829,
      55.52947
     ],
     [
      12.2294,
      55.53108
     ],
     [
      12.22952,
      55.53121
     ],
     [
      12.23372,
      55.53628
     ],
     [
      12.23676,
      55.53921
     ],
     [
      12.24435,
      55.54632
     ],
     [
      12.24445,
      55.54642
     ],
     [
      12.2468,
      55.5482
     ],
     [
      12.24791,
      55.54902
     ],
     [
      12.24943,
      55.55005
     ],
     [
      12.25036,
      55.55077
     ],
     [
      12.25061,
      55.55095
     ],
     [
      12.25105,
      55.55118
     ],
     [
      12.25153,
      55.5515
     ],
     [
      12.25306,
      55.55252
     ],
     [
      12.25491,
      55.5536
     ]
    ]
   }
  },
  {
   "type": "Feature",
   "properties": {},
   "geometry": {
    "type": "LineString",
    "coordinates": [
     [
      12.71161,
      55.53656
     ],
     [
      12.71144,
      55.53648
     ],
     [
      12.71138,
      55.53638
     ],
     [
      12.71157,
      55.53633
     ],
     [
      12.71169,
      55.53641
     ],
     [
      12.7117,
      55.53652
     ]
    ]
   }
  },
  {
   "type": "Feature",
   "properties": {},
   "geometry": {
    "type": "LineString",
    "coordinates": [
     [
      12.55107,
      55.6447
     ],
     [
      12.55024,
      55.6443
     ],
     [
      12.55131,
      55.6438
     ],
     [
      12.55151,
      55.64391
     ],
     [
      12.55214,
      55.64429
     ],
     [
      12.55252,
      55.64415
     ],
     [
      12.55221,
      55.64433
     ],
     [
      12.55212,
      55.64443
     ],
     [
      12.55117,
      55.64477
     ]
    ]
   }
  },
  {
   "type": "Feature",
   "properties": {},
   "geometry": {
    "type": "LineString",
    "coordinates": [
     [
      12.55474,
      55.65042
     ],
     [
      12.55423,
      55.64995
     ],
     [
      12.5541,
      55.64984
     ],
     [
      12.55396,
      55.64971
     ],
     [
      12.55384,
      55.64961
     ],
     [
      12.55355,
      55.64971
     ],
     [
      12.5534,
      55.64963
     ],
     [
      12.55328,
      55.64952
     ],
     [
      12.55315,
      55.64941
     ],
     [
      12.55304,
      55.64931
     ],
     [
      12.55342,
      55.6491
     ],
     [
      12.55439,
      55.64875
     ],
     [
      12.55519,
      55.64846
     ],
     [
      12.55532,
      55.64857
     ],
     [
      12.55475,
      55.64877
     ],
     [
      12.55506,
      55.64901
     ],
     [
      12.55564,
      55.6488
     ],
     [
      12.55577,
      55.64891
     ],
     [
      12.55527,
      55.64909
     ],
     [
      12.55544,
      55.64922
     ],
     [
      12.55558,
      55.64933
     ],
     [
      12.55618,
      55.64921
     ],
     [
      12.55631,
      55.64932
     ],
     [
      12.5558,
      55.6495
     ],
     [
      12.5561,
      55.64975
     ],
     [
      12.55665,
      55.64956
     ],
     [
      12.55678,
      55.64968
     ],
     [
      12.55611,
      55.64992
     ],
     [
      12.55474,
      55.65042
     ]
    ]
   }
  },
  {
   "type": "Feature",
   "properties": {},
   "geometry": {
    "type": "LineString",
    "coordinates": [
     [
      12.6064,
      55.69002
     ],
     [
      12.61025,
      55.68932
     ],
     [
      12.61038,
      55.68956
     ],
     [
      12.61058,
      55.68951
     ],
     [
      12.61077,
      55.68937
     ],
     [
      12.61064,
      55.68927
     ],
     [
      12.61082,
      55.68923
     ]
    ]
   }
  },
  {
   "type": "Feature",
   "properties": {},
   "geometry": {
    "type": "LineString",
    "coordinates": [
     [
      12.55422,
      55.64859
     ],
     [
      12.55319,
      55.64897
     ],
     [
      12.55266,
      55.64849
     ],
     [
      12.55262,
      55.64833
     ],
     [
      12.55243,
      55.64816
     ],
     [
      12.5523,
      55.64805
     ],
     [
      12.55218,
      55.64794
     ],
     [
      12.55203,
      55.64781
     ],
     [
      12.55252,
      55.64753
     ],
     [
      12.55322,
      55.6476
     ],
     [
      12.55349,
      55.6478
     ],
     [
      12.55386,
      55.64767
     ],
     [
      12.55406,
      55.6476
     ],
     [
      12.55419,
      55.64771
     ],
     [
      12.55363,
      55.64791
     ],
     [
      12.55381,
      55.64805
     ],
     [
      12.55439,
      55.64784
     ],
     [
      12.55451,
      55.64796
     ],
     [
      12.55395,
      55.64816
     ],
     [
      12.55429,
      55.64842
     ],
     [
      12.55487,
      55.64821
     ],
     [
      12.55499,
      55.64832
     ],
     [
      12.55435,
      55.64855
     ]
    ]
   }
  },
  {
   "type": "Feature",
   "properties": {},
   "geometry": {
    "type": "LineString",
    "coordinates": [
     [
      12.5498,
      55.64282
     ],
     [
      12.54977,
      55.64293
     ],
     [
      12.54954,
      55.64293
     ],
     [
      12.54954,
      55.6428
     ],
     [
      12.54978,
      55.6428
     ]
    ]
   }
  },
  {
   "type": "Feature",
   "properties": {},
   "geometry": {
    "type": "LineString",
    "coordinates": [
     [
      12.67764,
      55.58896
     ],
     [
      12.67687,
      55.58879
     ],
     [
      12.67688,
      55.58816
     ],
     [
      12.67827,
      55.58817
     ],
     [
      12.67909,
      55.58842
     ],
     [
      12.68005,
      55.5887
     ],
     [
      12.68018,
      55.58893
     ],
     [
      12.67962,
      55.58941
     ],
     [
      12.67881,
      55.58923
     ],
     [
      12.67782,
      55.58901
     ]
    ]
   }
  },
  {
   "type": "Feature",
   "properties": {},
   "geometry": {
    "type": "LineString",
    "coordinates": [
     [
      12.67782,
      55.58901
     ],
     [
      12.6775,
      55.58913
     ],
     [
      12.67773,
      55.58918
     ],
     [
      12.67817,
      55.5893
     ],
     [
      12.67821,
      55.58947
     ],
     [
      12.67832,
      55.58957
     ],
     [
      12.67874,
      55.58956
     ],
     [
      12.67908,
      55.58956
     ],
     [
      12.67859,
      55.58986
     ],
     [
      12.67808,
      55.59
     ],
     [
      12.67758,
      55.59021
     ],
     [
      12.67723,
      55.59035
     ],
     [
      12.67699,
      55.59044
     ],
     [
      12.67683,
      55.59051
     ],
     [
      12.67732,
      55.59089
     ],
     [
      12.67778,
      55.59125
     ],
     [
      12.67825,
      55.59162
     ],
     [
      12.67843,
      55.59176
     ],
     [
      12.67878,
      55.59202
     ],
     [
      12.67903,
      55.59206
     ],
     [
      12.68029,
      55.59199
     ],
     [
      12.68059,
      55.59196
     ],
     [
      12.68094,
      55.59188
     ],
     [
      12.68124,
      55.59179
     ],
     [
      12.68147,
      55.59176
     ],
     [
      12.68163,
      55.59186
     ],
     [
      12.68178,
      55.59199
     ],
     [
      12.68188,
      55.59216
     ],
     [
      12.682,
      55.59225
     ],
     [
      12.68101,
      55.59247
     ],
     [
      12.68018,
      55.5926
     ],
     [
      12.67994,
      55.59273
     ],
     [
      12.67975,
      55.59284
     ],
     [
      12.68044,
      55.59326
     ],
     [
      12.68044,
      55.59338
     ],
     [
      12.67972,
      55.59319
     ],
     [
      12.67937,
      55.59352
     ],
     [
      12.67924,
      55.59364
     ],
     [
      12.67901,
      55.59363
     ],
     [
      12.67872,
      55.59352
     ],
     [
      12.67855,
      55.59345
     ],
     [
      12.67838,
      55.59351
     ],
     [
      12.67729,
      55.59351
     ],
     [
      12.67718,
      55.59363
     ],
     [
      12.67737,
      55.59401
     ],
     [
      12.6775,
      55.59416
     ],
     [
      12.67728,
      55.59401
     ],
     [
      12.67699,
      55.59349
     ],
     [
      12.67638,
      55.59345
     ],
     [
      12.67597,
      55.59343
     ],
     [
      12.67594,
      55.59362
     ],
     [
      12.67592,
      55.59374
     ],
     [
      12.67593,
      55.59388
     ],
     [
      12.6749,
      55.5938
     ],
     [
      12.67479,
      55.59399
     ],
     [
      12.67532,
      55.59411
     ],
     [
      12.67594,
      55.59414
     ],
     [
      12.67529,
      55.59416
     ],
     [
      12.67459,
      55.59401
     ],
     [
      12.67454,
      55.59416
     ],
     [
      12.67484,
      55.59422
     ],
     [
      12.67524,
      55.59429
     ],
     [
      12.67576,
      55.59437
     ],
     [
      12.67591,
      55.59444
     ],
     [
      12.67573,
      55.59453
     ],
     [
      12.6756,
      55.59471
     ],
     [
      12.67543,
      55.59482
     ],
     [
      12.67518,
      55.59486
     ],
     [
      12.67481,
      55.59485
     ],
     [
      12.67452,
      55.59484
     ],
     [
      12.67431,
      55.59501
     ],
     [
      12.67386,
      55.59536
     ],
     [
      12.6736,
      55.59563
     ],
     [
      12.6731,
      55.596
     ],
     [
      12.67299,
      55.59617
     ],
     [
      12.67291,
      55.59631
     ],
     [
      12.67284,
      55.59653
     ],
     [
      12.67257,
      55.59711
     ],
     [
      12.67241,
      55.5975
     ],
     [
      12.67235,
      55.59775
     ],
     [
      12.67215,
      55.59871
     ],
     [
      12.67213,
      55.59896
     ],
     [
      12.67209,
      55.59945
     ],
     [
      12.67206,
      55.59963
     ],
     [
      12.6719,
      55.60031
     ],
     [
      12.67173,
      55.60091
     ],
     [
      12.67159,
      55.60141
     ],
     [
      12.67147,
      55.60158
     ],
     [
      12.67099,
      55.60222
     ],
     [
      12.67064,
      55.60271
     ],
     [
      12.67056,
      55.60287
     ],
     [
      12.67045,
      55.60299
     ],
     [
      12.67025,
      55.60327
     ],
     [
      12.67013,
      55.60347
     ],
     [
      12.67007,
      55.60363
     ],
     [
      12.67003,
      55.6038
     ],
     [
      12.66992,
      55.60389
     ],
     [
      12.66985,
      55.60414
     ],
     [
      12.66986,
      55.60446
     ],
     [
      12.66975,
      55.60482
     ],
     [
      12.66972,
      55.6051
     ],
     [
      12.66977,
      55.60542
     ],
     [
      12.66984,
      55.60569
     ],
     [
      12.67004,
      55.60609
     ],
     [
      12.67025,
      55.60632
     ],
     [
      12.67044,
      55.60646
     ],
     [
      12.67059,
      55.60654
     ]
    ]
   }
  },
  {
   "type": "Feature",
   "properties": {},
   "geometry": {
    "type": "LineString",
    "coordinates": [
     [
      12.58272,
      55.67662
     ],
     [
      12.58292,
      55.67665
     ],
     [
      12.58316,
      55.67653
     ],
     [
      12.58339,
      55.67642
     ],
     [
      12.58418,
      55.67612
     ],
     [
      12.5845,
      55.67609
     ],
     [
      12.58492,
      55.67605
     ],
     [
      12.58694,
      55.67589
     ],
     [
      12.58713,
      55.67588
     ],
     [
      12.58726,
      55.67577
     ]
    ]
   }
  },
  {
   "type": "Feature",
   "properties": {},
   "geometry": {
    "type": "LineString",
    "coordinates": [
     [
      12.58726,
      55.67532
     ],
     [
      12.587,
      55.67537
     ],
     [
      12.58672,
      55.67543
     ],
     [
      12.58494,
      55.67579
     ],
     [
      12.5847,
      55.6758
     ],
     [
      12.5845,
      55.6758
     ],
     [
      12.5837,
      55.67599
     ],
     [
      12.58254,
      55.6765
     ]
    ]
   }
  },
  {
   "type": "Feature",
   "properties": {},
   "geometry": {
    "type": "LineString",
    "coordinates": [
     [
      12.49095,
      55.6005
     ],
     [
      12.49123,
      55.60058
     ],
     [
      12.49145,
      55.60068
     ],
     [
      12.49163,
      55.60079
     ],
     [
      12.49179,
      55.60093
     ],
     [
      12.49196,
      55.60111
     ],
     [
      12.494,
      55.60341
     ],
     [
      12.49465,
      55.60414
     ],
     [
      12.49504,
      55.60459
     ],
     [
      12.4953,
      55.60484
     ],
     [
      12.49542,
      55.605
     ],
     [
      12.49551,
      55.60519
     ],
     [
      12.49657,
      55.61011
     ],
     [
      12.49676,
      55.6102
     ],
     [
      12.49807,
      55.61046
     ],
     [
      12.49827,
      55.61048
     ],
     [
      12.50201,
      55.61022
     ],
     [
      12.50233,
      55.6102
     ],
     [
      12.50265,
      55.61028
     ],
     [
      12.50232,
      55.61036
     ],
     [
      12.50199,
      55.61044
     ],
     [
      12.50182,
      55.61057
     ],
     [
      12.5018,
      55.61073
     ],
     [
      12.50115,
      55.61077
     ],
     [
      12.50101,
      55.61065
     ],
     [
      12.50071,
      55.61067
     ],
     [
      12.50049,
      55.61076
     ],
     [
      12.50038,
      55.61101
     ],
     [
      12.50033,
      55.61128
     ],
     [
      12.50034,
      55.61144
     ],
     [
      12.50182,
      55.61127
     ],
     [
      12.50199,
      55.61153
     ],
     [
      12.50229,
      55.61293
     ],
     [
      12.50347,
      55.61381
     ],
     [
      12.5036,
      55.61398
     ],
     [
      12.50367,
      55.61415
     ]
    ]
   }
  },
  {
   "type": "Feature",
   "properties": {},
   "geometry": {
    "type": "LineString",
    "coordinates": [
     [
      12.54074,
      55.63652
     ],
     [
      12.54212,
      55.63724
     ],
     [
      12.54337,
      55.63794
     ],
     [
      12.54364,
      55.63807
     ],
     [
      12.54384,
      55.63817
     ],
     [
      12.54431,
      55.6384
     ],
     [
      12.54574,
      55.63915
     ],
     [
      12.54601,
      55.63929
     ],
     [
      12.54664,
      55.63893
     ],
     [
      12.54542,
      55.63974
     ],
     [
      12.54445,
      55.64031
     ],
     [
      12.54447,
      55.64043
     ],
     [
      12.54152,
      55.64047
     ],
     [
      12.54132,
      55.64121
     ],
     [
      12.54112,
      55.64192
     ],
     [
      12.54102,
      55.64221
     ],
     [
      12.54088,
      55.64266
     ],
     [
      12.54103,
      55.64277
     ],
     [
      12.54118,
      55.64291
     ],
     [
      12.54128,
      55.643
     ],
     [
      12.54196,
      55.64303
     ],
     [
      12.54251,
      55.64299
     ],
     [
      12.54313,
      55.64292
     ],
     [
      12.54382,
      55.64281
     ],
     [
      12.54428,
      55.6427
     ],
     [
      12.54442,
      55.64255
     ],
     [
      12.54465,
      55.64249
     ],
     [
      12.54484,
      55.64254
     ],
     [
      12.54521,
      55.64242
     ],
     [
      12.54562,
      55.64227
     ],
     [
      12.54613,
      55.64206
     ],
     [
      12.54675,
      55.64173
     ],
     [
      12.54669,
      55.64162
     ],
     [
      12.54688,
      55.64151
     ],
     [
      12.5471,
      55.64153
     ],
     [
      12.54792,
      55.64095
     ],
     [
      12.54854,
      55.64047
     ],
     [
      12.54846,
      55.64027
     ],
     [
      12.54863,
      55.64014
     ],
     [
      12.54901,
      55.64013
     ],
     [
      12.5498,
      55.64052
     ],
     [
      12.54878,
      55.64145
     ],
     [
      12.54868,
      55.64159
     ],
     [
      12.54866,
      55.64171
     ],
     [
      12.5487,
      55.64183
     ],
     [
      12.54884,
      55.64195
     ]
    ]
   }
  },
  {
   "type": "Feature",
   "properties": {},
   "geometry": {
    "type": "LineString",
    "coordinates": [
     [
      12.55133,
      55.64123
     ],
     [
      12.55155,
      55.64112
     ],
     [
      12.55201,
      55.64088
     ],
     [
      12.55207,
      55.64058
     ],
     [
      12.55203,
      55.64039
     ],
     [
      12.55198,
      55.64026
     ],
     [
      12.55184,
      55.64008
     ],
     [
      12.55075,
      55.63948
     ],
     [
      12.5497,
      55.63894
     ],
     [
      12.5495,
      55.63884
     ],
     [
      12.54778,
      55.63794
     ],
     [
      12.54683,
      55.63744
     ],
     [
      12.54191,
      55.63481
     ],
     [
      12.54175,
      55.63473
     ],
     [
      12.53925,
      55.63341
     ],
     [
      12.5362,
      55.63177
     ],
     [
      12.53543,
      55.63129
     ],
     [
      12.53488,
      55.63094
     ]
    ]
   }
  },
  {
   "type": "Feature",
   "properties": {},
   "geometry": {
    "type": "LineString",
    "coordinates": [
     [
      12.40023,
      55.6114
     ],
     [
      12.40352,
      55.61197
     ],
     [
      12.40496,
      55.6122
     ]
    ]
   }
  },
  {
   "type": "Feature",
   "properties": {},
   "geometry": {
    "type": "LineString",
    "coordinates": [
     [
      12.54877,
      55.64463
     ],
     [
      12.54978,
      55.64426
     ],
     [
      12.55004,
      55.6444
     ],
     [
      12.55083,
      55.64481
     ],
     [
      12.54972,
      55.6453
     ],
     [
      12.54897,
      55.64478
     ],
     [
      12.54877,
      55.64463
     ]
    ]
   }
  },
  {
   "type": "Feature",
   "properties": {},
   "geometry": {
    "type": "LineString",
    "coordinates": [
     [
      12.56165,
      55.65818
     ],
     [
      12.5616,
      55.658
     ],
     [
      12.56148,
      55.65774
     ],
     [
      12.56204,
      55.6577
     ],
     [
      12.56291,
      55.65746
     ],
     [
      12.56364,
      55.65815
     ],
     [
      12.56349,
      55.6583
     ],
     [
      12.5625,
      55.65855
     ],
     [
      12.56167,
      55.65843
     ],
     [
      12.56165,
      55.65818
     ]
    ]
   }
  },
  {
   "type": "Feature",
   "properties": {},
   "geometry": {
    "type": "LineString",
    "coordinates": [
     [
      12.54855,
      55.64584
     ],
     [
      12.54961,
      55.64546
     ],
     [
      12.55033,
      55.6461
     ],
     [
      12.55011,
      55.64619
     ],
     [
      12.54936,
      55.6465
     ],
     [
      12.55003,
      55.64637
     ],
     [
      12.55046,
      55.64618
     ],
     [
      12.55133,
      55.64669
     ],
     [
      12.55151,
      55.64685
     ],
     [
      12.55027,
      55.64729
     ],
     [
      12.5499,
      55.64743
     ],
     [
      12.54886,
      55.64781
     ],
     [
      12.54866,
      55.64765
     ],
     [
      12.54825,
      55.64707
     ],
     [
      12.54864,
      55.64687
     ],
     [
      12.54914,
      55.64672
     ],
     [
      12.54903,
      55.64662
     ],
     [
      12.54855,
      55.64677
     ],
     [
      12.54812,
      55.64689
     ],
     [
      12.54789,
      55.64694
     ],
     [
      12.54749,
      55.64703
     ],
     [
      12.54723,
      55.64708
     ],
     [
      12.54709,
      55.64697
     ],
     [
      12.54663,
      55.64654
     ],
     [
      12.54699,
      55.64641
     ],
     [
      12.54717,
      55.64635
     ],
     [
      12.54733,
      55.64629
     ],
     [
      12.54752,
      55.64622
     ],
     [
      12.54768,
      55.64616
     ],
     [
      12.54787,
      55.64609
     ],
     [
      12.54804,
      55.64603
     ],
     [
      12.54827,
      55.64594
     ],
     [
      12.54855,
      55.64584
     ]
    ]
   }
  },
  {
   "type": "Feature",
   "properties": {},
   "geometry": {
    "type": "LineString",
    "coordinates": [
     [
      12.54884,
      55.64195
     ],
     [
      12.54912,
      55.64221
     ],
     [
      12.54949,
      55.64256
     ],
     [
      12.54949,
      55.64267
     ],
     [
      12.54939,
      55.64287
     ],
     [
      12.54905,
      55.64301
     ],
     [
      12.54892,
      55.64313
     ],
     [
      12.54918,
      55.64319
     ],
     [
      12.54941,
      55.64306
     ],
     [
      12.5496,
      55.64299
     ],
     [
      12.54987,
      55.64296
     ],
     [
      12.55011,
      55.64304
     ],
     [
      12.55055,
      55.6434
     ],
     [
      12.55112,
      55.6437
     ],
     [
      12.55085,
      55.64384
     ],
     [
      12.5503,
      55.64404
     ],
     [
      12.54999,
      55.64416
     ],
     [
      12.54987,
      55.64406
     ],
     [
      12.54968,
      55.64413
     ],
     [
      12.54862,
      55.6445
     ],
     [
      12.54834,
      55.64425
     ],
     [
      12.54805,
      55.644
     ],
     [
      12.54764,
      55.64363
     ],
     [
      12.54702,
      55.64394
     ],
     [
      12.54648,
      55.64423
     ],
     [
      12.54622,
      55.64438
     ],
     [
      12.54545,
      55.64477
     ],
     [
      12.54463,
      55.64518
     ],
     [
      12.54527,
      55.64559
     ],
     [
      12.54548,
      55.64578
     ],
     [
      12.54526,
      55.64585
     ],
     [
      12.54478,
      55.64607
     ],
     [
      12.54492,
      55.64629
     ],
     [
      12.54541,
      55.64672
     ],
     [
      12.54529,
      55.64688
     ],
     [
      12.545,
      55.64726
     ],
     [
      12.54345,
      55.64929
     ],
     [
      12.54112,
      55.65016
     ],
     [
      12.54148,
      55.65048
     ],
     [
      12.5418,
      55.65043
     ],
     [
      12.54325,
      55.64991
     ],
     [
      12.54417,
      55.65069
     ],
     [
      12.54374,
      55.65092
     ],
     [
      12.54348,
      55.65102
     ],
     [
      12.54313,
      55.6512
     ],
     [
      12.54424,
      55.65093
     ],
     [
      12.54457,
      55.65103
     ],
     [
      12.54509,
      55.65149
     ],
     [
      12.54542,
      55.65146
     ],
     [
      12.54608,
      55.65141
     ],
     [
      12.54648,
      55.65138
     ],
     [
      12.54596,
      55.65133
     ],
     [
      12.54602,
      55.65122
     ],
     [
      12.54643,
      55.65129
     ],
     [
      12.54674,
      55.65135
     ],
     [
      12.54716,
      55.65133
     ],
     [
      12.54711,
      55.65112
     ],
     [
      12.5481,
      55.6507
     ],
     [
      12.54686,
      55.64959
     ],
     [
      12.54792,
      55.6492
     ],
     [
      12.54838,
      55.64903
     ],
     [
      12.54894,
      55.64883
     ],
     [
      12.54951,
      55.64862
     ],
     [
      12.55007,
      55.64842
     ],
     [
      12.5508,
      55.64815
     ],
     [
      12.55101,
      55.64808
     ],
     [
      12.55119,
      55.64802
     ],
     [
      12.55174,
      55.64782
     ],
     [
      12.55185,
      55.64792
     ],
     [
      12.55198,
      55.64803
     ],
     [
      12.55226,
      55.64828
     ],
     [
      12.55224,
      55.64841
     ],
     [
      12.55243,
      55.64858
     ],
     [
      12.55289,
      55.64898
     ],
     [
      12.553,
      55.64909
     ],
     [
      12.55267,
      55.6492
     ],
     [
      12.55294,
      55.64945
     ],
     [
      12.55305,
      55.64955
     ],
     [
      12.55317,
      55.64965
     ],
     [
      12.55343,
      55.64988
     ],
     [
      12.55331,
      55.64999
     ],
     [
      12.55349,
      55.65007
     ],
     [
      12.55381,
      55.6503
     ],
     [
      12.55405,
      55.65027
     ],
     [
      12.55404,
      55.65038
     ],
     [
      12.55402,
      55.65066
     ],
     [
      12.55438,
      55.65071
     ],
     [
      12.55489,
      55.65053
     ],
     [
      12.5562,
      55.65006
     ],
     [
      12.55637,
      55.64999
     ],
     [
      12.55665,
      55.65014
     ],
     [
      12.55864,
      55.65165
     ],
     [
      12.55858,
      55.65177
     ],
     [
      12.55862,
      55.65189
     ],
     [
      12.55856,
      55.652
     ],
     [
      12.55845,
      55.65211
     ],
     [
      12.5577,
      55.65236
     ],
     [
      12.55748,
      55.65242
     ],
     [
      12.55668,
      55.65262
     ],
     [
      12.55645,
      55.65269
     ],
     [
      12.55601,
      55.65279
     ],
     [
      12.55578,
      55.65285
     ],
     [
      12.55559,
      55.6529
     ],
     [
      12.55318,
      55.65351
     ],
     [
      12.5529,
      55.65325
     ],
     [
      12.5515,
      55.6521
     ],
     [
      12.55086,
      55.65232
     ],
     [
      12.55156,
      55.65295
     ],
     [
      12.55192,
      55.65317
     ],
     [
      12.55244,
      55.65368
     ],
     [
      12.5526,
      55.65378
     ],
     [
      12.55111,
      55.65417
     ],
     [
      12.55077,
      55.65416
     ],
     [
      12.55054,
      55.65425
     ],
     [
      12.54987,
      55.65439
     ],
     [
      12.54967,
      55.65447
     ],
     [
      12.54885,
      55.65464
     ],
     [
      12.54949,
      55.65459
     ],
     [
      12.5505,
      55.65538
     ],
     [
      12.551,
      55.65526
     ],
     [
      12.55121,
      55.65515
     ],
     [
      12.55129,
      55.65505
     ],
     [
      12.55134,
      55.65484
     ],
     [
      12.55139,
      55.65471
     ],
     [
      12.55153,
      55.65459
     ],
     [
      12.55237,
      55.65436
     ],
     [
      12.55323,
      55.65549
     ],
     [
      12.55301,
      55.65597
     ],
     [
      12.55265,
      55.65678
     ],
     [
      12.55295,
      55.65683
     ],
     [
      12.55306,
      55.65656
     ],
     [
      12.55355,
      55.65547
     ],
     [
      12.55331,
      55.65516
     ],
     [
      12.55649,
      55.65442
     ],
     [
      12.55506,
      55.65466
     ],
     [
      12.55488,
      55.65441
     ],
     [
      12.55464,
      55.65398
     ],
     [
      12.55576,
      55.65364
     ],
     [
      12.55612,
      55.65361
     ],
     [
      12.55634,
      55.65356
     ],
     [
      12.5565,
      55.65363
     ],
     [
      12.5582,
      55.65515
     ],
     [
      12.55899,
      55.65576
     ],
     [
      12.55928,
      55.65596
     ],
     [
      12.55949,
      55.65611
     ],
     [
      12.55971,
      55.65627
     ],
     [
      12.5601,
      55.65657
     ],
     [
      12.5603,
      55.65674
     ],
     [
      12.56029,
      55.65685
     ],
     [
      12.55997,
      55.65697
     ],
     [
      12.55944,
      55.65809
     ],
     [
      12.55928,
      55.65845
     ],
     [
      12.55905,
      55.65894
     ],
     [
      12.55885,
      55.65895
     ],
     [
      12.55858,
      55.6589
     ],
     [
      12.55839,
      55.65886
     ],
     [
      12.55818,
      55.6593
     ],
     [
      12.55976,
      55.65952
     ],
     [
      12.55991,
      55.65971
     ],
     [
      12.56009,
      55.65993
     ],
     [
      12.56064,
      55.66061
     ],
     [
      12.56235,
      55.66138
     ],
     [
      12.56217,
      55.66151
     ],
     [
      12.56391,
      55.6623
     ],
     [
      12.56382,
      55.66244
     ],
     [
      12.56352,
      55.66265
     ],
     [
      12.56262,
      55.66328
     ],
     [
      12.56519,
      55.66444
     ]
    ]
   }
  },
  {
   "type": "Feature",
   "properties": {},
   "geometry": {
    "type": "LineString",
    "coordinates": [
     [
      12.56138,
      55.65662
     ],
     [
      12.56153,
      55.6565
     ],
     [
      12.56188,
      55.65635
     ],
     [
      12.56266,
      55.65695
     ],
     [
      12.56293,
      55.65728
     ],
     [
      12.56213,
      55.65762
     ],
     [
      12.56163,
      55.65766
     ],
     [
      12.56139,
      55.6576
     ],
     [
      12.5613,
      55.65747
     ],
     [
      12.56113,
      55.65726
     ],
     [
      12.56098,
      55.65709
     ],
     [
      12.56078,
      55.65688
     ],
     [
      12.56138,
      55.65662
     ]
    ]
   }
  },
  {
   "type": "Feature",
   "properties": {},
   "geometry": {
    "type": "LineString",
    "coordinates": [
     [
      12.56093,
      55.6574
     ],
     [
      12.56113,
      55.65766
     ],
     [
      12.56121,
      55.65779
     ],
     [
      12.5613,
      55.65797
     ],
     [
      12.56136,
      55.65816
     ],
     [
      12.56099,
      55.65811
     ],
     [
      12.56004,
      55.65797
     ],
     [
      12.55968,
      55.65791
     ],
     [
      12.55982,
      55.6576
     ],
     [
      12.56,
      55.65722
     ],
     [
      12.56009,
      55.65703
     ],
     [
      12.56048,
      55.65689
     ],
     [
      12.56058,
      55.65699
     ],
     [
      12.56075,
      55.65719
     ],
     [
      12.56093,
      55.6574
     ]
    ]
   }
  },
  {
   "type": "Feature",
   "properties": {},
   "geometry": {
    "type": "LineString",
    "coordinates": [
     [
      12.54722,
      55.64527
     ],
     [
      12.54839,
      55.64485
     ],
     [
      12.54863,
      55.64476
     ],
     [
      12.54952,
      55.64536
     ],
     [
      12.54845,
      55.64576
     ],
     [
      12.54818,
      55.64585
     ],
     [
      12.54639,
      55.64649
     ],
     [
      12.54565,
      55.64585
     ],
     [
      12.54596,
      55.64573
     ],
     [
      12.54722,
      55.64527
     ]
    ]
   }
  },
  {
   "type": "Feature",
   "properties": {},
   "geometry": {
    "type": "LineString",
    "coordinates": [
     [
      12.56272,
      55.65866
     ],
     [
      12.5637,
      55.65836
     ],
     [
      12.56357,
      55.65846
     ],
     [
      12.56429,
      55.65914
     ],
     [
      12.56306,
      55.65951
     ],
     [
      12.56145,
      55.65929
     ],
     [
      12.56154,
      55.65912
     ],
     [
      12.56161,
      55.65892
     ],
     [
      12.56158,
      55.65879
     ],
     [
      12.56166,
      55.65861
     ],
     [
      12.56272,
      55.65866
     ]
    ]
   }
  },
  {
   "type": "Feature",
   "properties": {},
   "geometry": {
    "type": "LineString",
    "coordinates": [
     [
      12.561,
      55.6582
     ],
     [
      12.56137,
      55.65825
     ],
     [
      12.56139,
      55.65844
     ],
     [
      12.56138,
      55.65861
     ],
     [
      12.56137,
      55.65872
     ],
     [
      12.56096,
      55.65866
     ],
     [
      12.56044,
      55.65858
     ],
     [
      12.5603,
      55.65887
     ],
     [
      12.56115,
      55.659
     ],
     [
      12.56118,
      55.65925
     ],
     [
      12.55937,
      55.659
     ],
     [
      12.55942,
      55.65847
     ],
     [
      12.55959,
      55.65811
     ],
     [
      12.55965,
      55.65799
     ],
     [
      12.561,
      55.6582
     ]
    ]
   }
  },
  {
   "type": "Feature",
   "properties": {},
   "geometry": {
    "type": "LineString",
    "coordinates": [
     [
      12.7261,
      55.61099
     ],
     [
      12.72599,
      55.61078
     ],
     [
      12.726,
      55.61062
     ],
     [
      12.72605,
      55.61046
     ],
     [
      12.72615,
      55.61031
     ],
     [
      12.72628,
      55.61018
     ],
     [
      12.72644,
      55.61008
     ],
     [
      12.72666,
      55.60998
     ],
     [
      12.72894,
      55.60903
     ],
     [
      12.73001,
      55.60859
     ],
     [
      12.73107,
      55.60814
     ],
     [
      12.73225,
      55.60761
     ],
     [
      12.73381,
      55.6069
     ],
     [
      12.73502,
      55.60636
     ],
     [
      12.73672,
      55.60555
     ],
     [
      12.73835,
      55.60476
     ],
     [
      12.74051,
      55.60365
     ],
     [
      12.74138,
      55.60318
     ],
     [
      12.74292,
      55.60234
     ],
     [
      12.74406,
      55.60171
     ],
     [
      12.74502,
      55.60115
     ],
     [
      12.74615,
      55.60048
     ],
     [
      12.74742,
      55.5997
     ],
     [
      12.7481,
      55.59926
     ],
     [
      12.74971,
      55.59821
     ],
     [
      12.75146,
      55.59704
     ],
     [
      12.75263,
      55.59621
     ],
     [
      12.75394,
      55.59522
     ],
     [
      12.75464,
      55.59468
     ],
     [
      12.75563,
      55.59392
     ],
     [
      12.75686,
      55.59291
     ],
     [
      12.75757,
      55.59235
     ],
     [
      12.75911,
      55.59217
     ],
     [
      12.76029,
      55.59202
     ],
     [
      12.76153,
      55.59184
     ],
     [
      12.76263,
      55.59167
     ],
     [
      12.76374,
      55.59148
     ],
     [
      12.76501,
      55.59123
     ],
     [
      12.7662,
      55.59097
     ],
     [
      12.76745,
      55.59068
     ],
     [
      12.769,
      55.59029
     ],
     [
      12.76985,
      55.59006
     ],
     [
      12.77073,
      55.5898
     ],
     [
      12.77166,
      55.58952
     ],
     [
      12.7725,
      55.58925
     ],
     [
      12.77332,
      55.58897
     ],
     [
      12.77424,
      55.58863
     ],
     [
      12.77467,
      55.58849
     ],
     [
      12.77491,
      55.58843
     ],
     [
      12.77513,
      55.5884
     ],
     [
      12.77539,
      55.58838
     ],
     [
      12.77569,
      55.58839
     ],
     [
      12.77595,
      55.58841
     ],
     [
      12.77626,
      55.58846
     ],
     [
      12.77658,
      55.58855
     ],
     [
      12.77675,
      55.58862
     ],
     [
      12.77692,
      55.5887
     ],
     [
      12.77707,
      55.5888
     ]
    ]
   }
  },
  {
   "type": "Feature",
   "properties": {},
   "geometry": {
    "type": "LineString",
    "coordinates": [
     [
      12.68148,
      55.61437
     ],
     [
      12.68154,
      55.61448
     ],
     [
      12.68154,
      55.61465
     ],
     [
      12.68151,
      55.61484
     ],
     [
      12.68147,
      55.61546
     ],
     [
      12.68147,
      55.61567
     ],
     [
      12.68131,
      55.62015
     ],
     [
      12.68114,
      55.62499
     ],
     [
      12.68111,
      55.62686
     ],
     [
      12.68107,
      55.62808
     ],
     [
      12.68107,
      55.62842
     ],
     [
      12.68102,
      55.62873
     ],
     [
      12.68089,
      55.62917
     ],
     [
      12.68075,
      55.62951
     ]
    ]
   }
  },
  {
   "type": "Feature",
   "properties": {},
   "geometry": {
    "type": "LineString",
    "coordinates": [
     [
      12.53488,
      55.63094
     ],
     [
      12.53452,
      55.63071
     ],
     [
      12.5343,
      55.63056
     ],
     [
      12.53153,
      55.62835
     ],
     [
      12.52753,
      55.62518
     ],
     [
      12.52467,
      55.62291
     ],
     [
      12.52339,
      55.62188
     ],
     [
      12.52114,
      55.62015
     ],
     [
      12.51509,
      55.61532
     ],
     [
      12.51376,
      55.61427
     ],
     [
      12.51342,
      55.61416
     ],
     [
      12.51302,
      55.61378
     ]
    ]
   }
  },
  {
   "type": "Feature",
   "properties": {},
   "geometry": {
    "type": "LineString",
    "coordinates": [
     [
      12.53321,
      55.63175
     ],
     [
      12.53323,
      55.63187
     ],
     [
      12.53284,
      55.63209
     ],
     [
      12.53278,
      55.63228
     ],
     [
      12.53312,
      55.63247
     ],
     [
      12.53328,
      55.63254
     ],
     [
      12.53371,
      55.63266
     ],
     [
      12.53394,
      55.63276
     ],
     [
      12.53444,
      55.63302
     ],
     [
      12.53474,
      55.63314
     ],
     [
      12.53492,
      55.63326
     ],
     [
      12.53502,
      55.63341
     ],
     [
      12.53541,
      55.63371
     ],
     [
      12.53572,
      55.6339
     ],
     [
      12.5361,
      55.63403
     ],
     [
      12.53628,
      55.63408
     ],
     [
      12.53646,
      55.63422
     ],
     [
      12.53666,
      55.63425
     ],
     [
      12.5372,
      55.63399
     ],
     [
      12.53743,
      55.634
     ],
     [
      12.53693,
      55.63438
     ],
     [
      12.53694,
      55.6345
     ],
     [
      12.53714,
      55.63462
     ],
     [
      12.53729,
      55.63481
     ],
     [
      12.53756,
      55.6349
     ],
     [
      12.53894,
      55.63539
     ],
     [
      12.53985,
      55.63568
     ],
     [
      12.5402,
      55.63564
     ],
     [
      12.54045,
      55.6357
     ],
     [
      12.54062,
      55.63579
     ],
     [
      12.54055,
      55.636
     ],
     [
      12.54071,
      55.63614
     ],
     [
      12.54087,
      55.63622
     ],
     [
      12.54122,
      55.63609
     ],
     [
      12.54074,
      55.63652
     ]
    ]
   }
  },
  {
   "type": "Feature",
   "properties": {},
   "geometry": {
    "type": "LineString",
    "coordinates": [
     [
      12.61598,
      55.72053
     ],
     [
      12.61588,
      55.72064
     ],
     [
      12.60942,
      55.72307
     ],
     [
      12.60499,
      55.72474
     ],
     [
      12.6048,
      55.72481
     ],
     [
      12.60452,
      55.72489
     ],
     [
      12.60428,
      55.72487
     ],
     [
      12.60416,
      55.72498
     ],
     [
      12.60394,
      55.72512
     ],
     [
      12.60346,
      55.72532
     ],
     [
      12.60326,
      55.72539
     ],
     [
      12.60298,
      55.72535
     ],
     [
      12.60271,
      55.72551
     ],
     [
      12.6024,
      55.72569
     ],
     [
      12.60215,
      55.72558
     ],
     [
      12.60198,
      55.72508
     ],
     [
      12.60202,
      55.72494
     ],
     [
      12.60219,
      55.72488
     ]
    ]
   }
  },
  {
   "type": "Feature",
   "properties": {},
   "geometry": {
    "type": "LineString",
    "coordinates": [
     [
      12.60219,
      55.72488
     ],
     [
      12.60228,
      55.72499
     ],
     [
      12.60242,
      55.72523
     ],
     [
      12.60449,
      55.72453
     ],
     [
      12.60506,
      55.72439
     ],
     [
      12.60578,
      55.72411
     ],
     [
      12.60652,
      55.72383
     ],
     [
      12.60604,
      55.72312
     ],
     [
      12.60568,
      55.72318
     ],
     [
      12.60514,
      55.72328
     ],
     [
      12.60455,
      55.7234
     ],
     [
      12.60392,
      55.72353
     ],
     [
      12.60344,
      55.72362
     ],
     [
      12.60283,
      55.72376
     ],
     [
      12.60199,
      55.72393
     ],
     [
      12.60203,
      55.72427
     ],
     [
      12.60245,
      55.72448
     ],
     [
      12.60262,
      55.72457
     ],
     [
      12.60257,
      55.72469
     ],
     [
      12.60237,
      55.7247
     ]
    ]
   }
  },
  {
   "type": "Feature",
   "properties": {},
   "geometry": {
    "type": "LineString",
    "coordinates": [
     [
      12.56035,
      55.65516
     ],
     [
      12.5606,
      55.65499
     ],
     [
      12.56079,
      55.65524
     ],
     [
      12.56114,
      55.6555
     ],
     [
      12.5616,
      55.65585
     ],
     [
      12.56191,
      55.6562
     ],
     [
      12.56169,
      55.6563
     ],
     [
      12.56144,
      55.6564
     ],
     [
      12.56119,
      55.65657
     ],
     [
      12.56065,
      55.65675
     ],
     [
      12.56049,
      55.6566
     ],
     [
      12.55997,
      55.65619
     ],
     [
      12.55949,
      55.65585
     ],
     [
      12.55943,
      55.65575
     ],
     [
      12.56005,
      55.65547
     ],
     [
      12.5599,
      55.65535
     ],
     [
      12.56035,
      55.65516
     ]
    ]
   }
  },
  {
   "type": "Feature",
   "properties": {},
   "geometry": {
    "type": "LineString",
    "coordinates": [
     [
      12.21734,
      55.50981
     ],
     [
      12.21678,
      55.50988
     ],
     [
      12.2164,
      55.50978
     ],
     [
      12.21614,
      55.50958
     ],
     [
      12.21578,
      55.5091
     ],
     [
      12.2157,
      55.50881
     ],
     [
      12.21569,
      55.50838
     ],
     [
      12.21528,
      55.50784
     ],
     [
      12.2145,
      55.5074
     ],
     [
      12.21382,
      55.50708
     ],
     [
      12.21361,
      55.50689
     ],
     [
      12.21362,
      55.50674
     ],
     [
      12.21382,
      55.5065
     ],
     [
      12.21388,
      55.50634
     ],
     [
      12.21347,
      55.506
     ],
     [
      12.2127,
      55.50549
     ],
     [
      12.21259,
      55.50533
     ],
     [
      12.2126,
      55.50523
     ],
     [
      12.21271,
      55.50511
     ],
     [
      12.21319,
      55.50494
     ],
     [
      12.21347,
      55.50467
     ],
     [
      12.21357,
      55.50444
     ],
     [
      12.21354,
      55.50425
     ],
     [
      12.21338,
      55.50402
     ],
     [
      12.21311,
      55.50383
     ],
     [
      12.21291,
      55.50361
     ],
     [
      12.21264,
      55.50306
     ],
     [
      12.21232,
      55.50285
     ],
     [
      12.21207,
      55.50264
     ],
     [
      12.21203,
      55.50252
     ],
     [
      12.2121,
      55.50237
     ],
     [
      12.21225,
      55.50218
     ],
     [
      12.21218,
      55.50134
     ],
     [
      12.21162,
      55.50063
     ],
     [
      12.21036,
      55.49862
     ],
     [
      12.20893,
      55.4967
     ],
     [
      12.20857,
      55.49653
     ],
     [
      12.20823,
      55.49623
     ],
     [
      12.2075,
      55.49525
     ],
     [
      12.20677,
      55.49482
     ],
     [
      12.20634,
      55.49448
     ],
     [
      12.20563,
      55.49366
     ],
     [
      12.20548,
      55.493
     ],
     [
      12.20531,
      55.49258
     ],
     [
      12.20531,
      55.49206
     ],
     [
      12.20488,
      55.49102
     ],
     [
      12.20446,
      55.49066
     ],
     [
      12.20355,
      55.49011
     ]
    ]
   }
  },
  {
   "type": "Feature",
   "properties": {},
   "geometry": {
    "type": "LineString",
    "coordinates": [
     [
      12.55742,
      55.65417
     ],
     [
      12.55826,
      55.65387
     ],
     [
      12.55882,
      55.65368
     ],
     [
      12.55915,
      55.65359
     ],
     [
      12.55971,
      55.65408
     ],
     [
      12.55929,
      55.65427
     ],
     [
      12.55807,
      55.65474
     ],
     [
      12.55742,
      55.65417
     ]
    ]
   }
  },
  {
   "type": "Feature",
   "properties": {},
   "geometry": {
    "type": "LineString",
    "coordinates": [
     [
      12.55325,
      55.65509
     ],
     [
      12.55291,
      55.65465
     ],
     [
      12.55274,
      55.65442
     ],
     [
      12.5533,
      55.65429
     ],
     [
      12.55434,
      55.65404
     ],
     [
      12.55465,
      55.65433
     ],
     [
      12.55495,
      55.65468
     ],
     [
      12.55325,
      55.65509
     ]
    ]
   }
  },
  {
   "type": "Feature",
   "properties": {},
   "geometry": {
    "type": "LineString",
    "coordinates": [
     [
      12.55816,
      55.65481
     ],
     [
      12.55927,
      55.6544
     ],
     [
      12.55975,
      55.65433
     ],
     [
      12.56015,
      55.65485
     ],
     [
      12.55881,
      55.65534
     ],
     [
      12.55816,
      55.65481
     ]
    ]
   }
  },
  {
   "type": "Feature",
   "properties": {},
   "geometry": {
    "type": "LineString",
    "coordinates": [
     [
      12.55757,
      55.65323
     ],
     [
      12.55766,
      55.65306
     ],
     [
      12.5589,
      55.65286
     ],
     [
      12.55918,
      55.6534
     ],
     [
      12.55874,
      55.65357
     ],
     [
      12.55734,
      55.65409
     ],
     [
      12.55671,
      55.6535
     ],
     [
      12.55757,
      55.65323
     ]
    ]
   }
  },
  {
   "type": "Feature",
   "properties": {},
   "geometry": {
    "type": "LineString",
    "coordinates": [
     [
      12.59604,
      55.70983
     ],
     [
      12.59582,
      55.70947
     ],
     [
      12.59567,
      55.70934
     ],
     [
      12.5956,
      55.70922
     ],
     [
      12.59584,
      55.70917
     ],
     [
      12.59612,
      55.70911
     ],
     [
      12.59773,
      55.70879
     ],
     [
      12.59787,
      55.70902
     ],
     [
      12.59795,
      55.70917
     ],
     [
      12.59806,
      55.70925
     ],
     [
      12.59815,
      55.70937
     ],
     [
      12.59604,
      55.70983
     ]
    ]
   }
  },
  {
   "type": "Feature",
   "properties": {},
   "geometry": {
    "type": "LineString",
    "coordinates": [
     [
      12.3518,
      55.59074
     ],
     [
      12.35428,
      55.58898
     ],
     [
      12.35503,
      55.58889
     ],
     [
      12.35498,
      55.58861
     ],
     [
      12.35512,
      55.58888
     ],
     [
      12.35546,
      55.58899
     ]
    ]
   }
  },
  {
   "type": "Feature",
   "properties": {},
   "geometry": {
    "type": "LineString",
    "coordinates": [
     [
      12.35527,
      55.58936
     ],
     [
      12.35603,
      55.58955
     ],
     [
      12.35659,
      55.59061
     ],
     [
      12.35586,
      55.59161
     ]
    ]
   }
  },
  {
   "type": "Feature",
   "properties": {},
   "geometry": {
    "type": "LineString",
    "coordinates": [
     [
      12.44028,
      55.60707
     ],
     [
      12.44217,
      55.60665
     ],
     [
      12.44586,
      55.60713
     ]
    ]
   }
  },
  {
   "type": "Feature",
   "properties": {},
   "geometry": {
    "type": "LineString",
    "coordinates": [
     [
      12.44048,
      55.60741
     ],
     [
      12.4406,
      55.6075
     ],
     [
      12.43891,
      55.60904
     ],
     [
      12.4388,
      55.61132
     ]
    ]
   }
  },
  {
   "type": "Feature",
   "properties": {},
   "geometry": {
    "type": "LineString",
    "coordinates": [
     [
      12.44561,
      55.60718
     ],
     [
      12.44219,
      55.60673
     ],
     [
      12.44036,
      55.60705
     ]
    ]
   }
  },
  {
   "type": "Feature",
   "properties": {},
   "geometry": {
    "type": "LineString",
    "coordinates": [
     [
      12.43867,
      55.61134
     ],
     [
      12.43878,
      55.60899
     ],
     [
      12.44044,
      55.60748
     ]
    ]
   }
  },
  {
   "type": "Feature",
   "properties": {},
   "geometry": {
    "type": "LineString",
    "coordinates": [
     [
      12.44586,
      55.60713
     ],
     [
      12.44611,
      55.60715
     ],
     [
      12.44639,
      55.60709
     ],
     [
      12.44653,
      55.60699
     ]
    ]
   }
  },
  {
   "type": "Feature",
   "properties": {},
   "geometry": {
    "type": "LineString",
    "coordinates": [
     [
      12.50195,
      55.64037
     ],
     [
      12.50226,
      55.64027
     ],
     [
      12.50234,
      55.64014
     ],
     [
      12.50292,
      55.6393
     ],
     [
      12.50382,
      55.63855
     ],
     [
      12.50479,
      55.63774
     ],
     [
      12.50477,
      55.63755
     ],
     [
      12.50667,
      55.63604
     ]
    ]
   }
  },
  {
   "type": "Feature",
   "properties": {},
   "geometry": {
    "type": "LineString",
    "coordinates": [
     [
      12.50661,
      55.63579
     ],
     [
      12.50652,
      55.63593
     ],
     [
      12.50429,
      55.63776
     ],
     [
      12.50259,
      55.63916
     ],
     [
      12.50235,
      55.63943
     ],
     [
      12.5018,
      55.64025
     ],
     [
      12.50187,
      55.64035
     ]
    ]
   }
  },
  {
   "type": "Feature",
   "properties": {},
   "geometry": {
    "type": "LineString",
    "coordinates": [
     [
      12.56569,
      55.66409
     ],
     [
      12.56635,
      55.66435
     ],
     [
      12.56602,
      55.66458
     ],
     [
      12.56622,
      55.66468
     ],
     [
      12.56668,
      55.66466
     ],
     [
      12.56676,
      55.66492
     ],
     [
      12.56825,
      55.6656
     ],
     [
      12.56837,
      55.66551
     ],
     [
      12.5687,
      55.66566
     ],
     [
      12.56859,
      55.66575
     ],
     [
      12.57035,
      55.66655
     ],
     [
      12.5703,
      55.66669
     ],
     [
      12.57057,
      55.66664
     ],
     [
      12.57085,
      55.66676
     ],
     [
      12.571,
      55.66667
     ],
     [
      12.57129,
      55.66681
     ],
     [
      12.57115,
      55.66691
     ],
     [
      12.57182,
      55.66721
     ],
     [
      12.57209,
      55.66734
     ],
     [
      12.57226,
      55.66742
     ],
     [
      12.57241,
      55.6675
     ],
     [
      12.57279,
      55.6677
     ],
     [
      12.57302,
      55.66783
     ],
     [
      12.57445,
      55.66864
     ],
     [
      12.57496,
      55.66893
     ],
     [
      12.57516,
      55.66904
     ],
     [
      12.57551,
      55.66924
     ],
     [
      12.5765,
      55.66974
     ],
     [
      12.57632,
      55.66991
     ],
     [
      12.57672,
      55.67014
     ],
     [
      12.57753,
      55.6706
     ],
     [
      12.57776,
      55.67057
     ]
    ]
   }
  },
  {
   "type": "Feature",
   "properties": {},
   "geometry": {
    "type": "LineString",
    "coordinates": [
     [
      12.5946,
      55.71804
     ],
     [
      12.59416,
      55.71806
     ],
     [
      12.59332,
      55.71807
     ],
     [
      12.59332,
      55.71796
     ],
     [
      12.59306,
      55.71797
     ],
     [
      12.59309,
      55.71741
     ]
    ]
   }
  },
  {
   "type": "Feature",
   "properties": {},
   "geometry": {
    "type": "LineString",
    "coordinates": [
     [
      12.5923,
      55.71788
     ],
     [
      12.59243,
      55.71807
     ],
     [
      12.59264,
      55.71832
     ],
     [
      12.59252,
      55.71847
     ],
     [
      12.59233,
      55.71855
     ],
     [
      12.59214,
      55.71861
     ],
     [
      12.59187,
      55.71867
     ],
     [
      12.59162,
      55.71871
     ],
     [
      12.59116,
      55.71882
     ],
     [
      12.59107,
      55.71872
     ],
     [
      12.59087,
      55.71871
     ],
     [
      12.5907,
      55.71865
     ],
     [
      12.59041,
      55.71862
     ],
     [
      12.59,
      55.71856
     ],
     [
      12.58968,
      55.71852
     ],
     [
      12.58915,
      55.71845
     ],
     [
      12.58891,
      55.71842
     ],
     [
      12.58844,
      55.71834
     ],
     [
      12.5881,
      55.71825
     ],
     [
      12.58791,
      55.71821
     ],
     [
      12.58765,
      55.71806
     ],
     [
      12.5868,
      55.71755
     ],
     [
      12.58451,
      55.71724
     ],
     [
      12.58423,
      55.7173
     ],
     [
      12.58402,
      55.71741
     ],
     [
      12.58361,
      55.71881
     ],
     [
      12.58346,
      55.71956
     ],
     [
      12.58381,
      55.71968
     ],
     [
      12.58423,
      55.71978
     ],
     [
      12.58447,
      55.71982
     ],
     [
      12.5848,
      55.71986
     ],
     [
      12.58515,
      55.71989
     ],
     [
      12.58543,
      55.7199
     ],
     [
      12.58515,
      55.71993
     ],
     [
      12.58479,
      55.71991
     ],
     [
      12.58446,
      55.71987
     ],
     [
      12.58424,
      55.71984
     ],
     [
      12.5841,
      55.72009
     ],
     [
      12.58389,
      55.72031
     ],
     [
      12.58369,
      55.72052
     ],
     [
      12.58346,
      55.72075
     ],
     [
      12.58325,
      55.72094
     ],
     [
      12.58313,
      55.72172
     ],
     [
      12.58313,
      55.72184
     ]
    ]
   }
  },
  {
   "type": "Feature",
   "properties": {},
   "geometry": {
    "type": "LineString",
    "coordinates": [
     [
      12.59309,
      55.71741
     ],
     [
      12.59397,
      55.71735
     ],
     [
      12.59362,
      55.71689
     ],
     [
      12.59184,
      55.71439
     ],
     [
      12.59171,
      55.71422
     ],
     [
      12.59065,
      55.71275
     ],
     [
      12.5902,
      55.71274
     ],
     [
      12.59006,
      55.71258
     ],
     [
      12.59006,
      55.71219
     ],
     [
      12.59035,
      55.71217
     ],
     [
      12.5906,
      55.71217
     ],
     [
      12.59086,
      55.71216
     ],
     [
      12.59107,
      55.71194
     ],
     [
      12.59118,
      55.71183
     ],
     [
      12.5915,
      55.71152
     ],
     [
      12.59181,
      55.71121
     ],
     [
      12.59218,
      55.71086
     ],
     [
      12.59256,
      55.71047
     ],
     [
      12.59175,
      55.71008
     ],
     [
      12.59165,
      55.70997
     ],
     [
      12.59125,
      55.71079
     ],
     [
      12.59024,
      55.71065
     ],
     [
      12.59067,
      55.70977
     ],
     [
      12.59002,
      55.71069
     ],
     [
      12.58924,
      55.71146
     ],
     [
      12.58933,
      55.71156
     ],
     [
      12.58911,
      55.71159
     ],
     [
      12.58853,
      55.71216
     ],
     [
      12.58837,
      55.71238
     ],
     [
      12.58987,
      55.71449
     ],
     [
      12.58975,
      55.7146
     ],
     [
      12.58984,
      55.71472
     ],
     [
      12.58941,
      55.71481
     ],
     [
      12.58882,
      55.71464
     ],
     [
      12.58854,
      55.71469
     ],
     [
      12.58839,
      55.71462
     ],
     [
      12.58815,
      55.71445
     ],
     [
      12.58789,
      55.71424
     ],
     [
      12.58759,
      55.71421
     ],
     [
      12.58739,
      55.71421
     ],
     [
      12.58687,
      55.71436
     ],
     [
      12.58703,
      55.71456
     ],
     [
      12.58685,
      55.71475
     ],
     [
      12.58641,
      55.71521
     ],
     [
      12.58617,
      55.71547
     ],
     [
      12.58562,
      55.71604
     ],
     [
      12.58563,
      55.71657
     ],
     [
      12.5862,
      55.71661
     ],
     [
      12.5872,
      55.71674
     ],
     [
      12.58813,
      55.71687
     ],
     [
      12.58913,
      55.71704
     ],
     [
      12.58995,
      55.71717
     ],
     [
      12.59058,
      55.71726
     ],
     [
      12.59117,
      55.71732
     ],
     [
      12.59176,
      55.71737
     ],
     [
      12.5923,
      55.7174
     ]
    ]
   }
  },
  {
   "type": "Feature",
   "properties": {},
   "geometry": {
    "type": "LineString",
    "coordinates": [
     [
      12.5923,
      55.7174
     ],
     [
      12.59222,
      55.71784
     ]
    ]
   }
  },
  {
   "type": "Feature",
   "properties": {},
   "geometry": {
    "type": "LineString",
    "coordinates": [
     [
      12.54852,
      55.64468
     ],
     [
      12.54829,
      55.64476
     ],
     [
      12.54614,
      55.64555
     ],
     [
      12.54562,
      55.64572
     ],
     [
      12.54543,
      55.64554
     ],
     [
      12.54492,
      55.64519
     ],
     [
      12.54545,
      55.64492
     ],
     [
      12.54596,
      55.64466
     ],
     [
      12.54634,
      55.64448
     ],
     [
      12.54655,
      55.64434
     ],
     [
      12.54723,
      55.64398
     ],
     [
      12.54737,
      55.64391
     ],
     [
      12.54754,
      55.64381
     ],
     [
      12.54797,
      55.64419
     ],
     [
      12.54812,
      55.64433
     ],
     [
      12.54852,
      55.64468
     ]
    ]
   }
  }
 ]
}