{
 "type": "FeatureCollection",
 "features": [
  {
   "type": "Feature",
   "properties": {
    "element": "Trug og vandrender",
    "under_element": "Trug",
    "byrumstype": "Parker"
   },
   "geometry": {
    "type": "MultiLineString",
    "coordinates": [
     [
      [
       12.56705,
       55.69839
      ],
      [
       12.56712,
       55.69843
      ],
      [
       12.56716,
       55.69846
      ],
      [
       12.56719,
       55.69849
      ],
      [
       12.5673,
       55.69862
      ],
      [
       12.56735,
       55.69867
      ],
      [
       12.56744,
       55.69871
      ],
      [
       12.56754,
       55.69874
      ],
      [
       12.56762,
       55.69875
      ],
      [
       12.56773,
       55.69875
      ],
      [
       12.56782,
       55.69873
      ],
      [
       12.56793,
       55.69871
      ],
      [
       12.56807,
       55.69867
      ],
      [
       12.56857,
       55.69851
      ]
     ]
    ]
   }
  },
  {
   "type": "Feature",
   "properties": {
    "element": "Trug og vandrender",
    "under_element": "Trug",
    "byrumstype": "Parker"
   },
   "geometry": {
    "type": "MultiLineString",
    "coordinates": [
     [
      [
       12.57061,
       55.70212
      ],
      [
       12.57047,
       55.70205
      ],
      [
       12.57044,
       55.70201
      ],
      [
       12.57043,
       55.70197
      ],
      [
       12.57039,
       55.70192
      ],
      [
       12.57034,
       55.70188
      ],
      [
       12.57027,
       55.70185
      ],
      [
       12.57024,
       55.70181
      ],
      [
       12.57025,
       55.70178
      ],
      [
       12.57035,
       55.70171
      ],
      [
       12.57057,
       55.70156
      ],
      [
       12.57063,
       55.70151
      ],
      [
       12.57063,
       55.70148
      ],
      [
       12.5706,
       55.70143
      ],
      [
       12.57054,
       55.70139
      ],
      [
       12.57045,
       55.70133
      ],
      [
       12.57034,
       55.70129
      ],
      [
       12.57026,
       55.70124
      ],
      [
       12.57022,
       55.70116
      ],
      [
       12.57024,
       55.70108
      ],
      [
       12.57034,
       55.70093
      ],
      [
       12.57046,
       55.70079
      ],
      [
       12.5707,
       55.70065
      ],
      [
       12.57092,
       55.70054
      ],
      [
       12.57166,
       55.70028
      ],
      [
       12.57182,
       55.7002
      ],
      [
       12.57191,
       55.7001
      ],
      [
       12.57195,
       55.69994
      ],
      [
       12.57195,
       55.6998
      ],
      [
       12.57197,
       55.69968
      ],
      [
       12.57204,
       55.69946
      ]
     ]
    ]
   }
  },
  {
   "type": "Feature",
   "properties": {
    "element": "Dræn og rørledninger",
    "under_element": "Rørledning",
    "byrumstype": "Gader og pladser"
   },
   "geometry": {
    "type": "MultiLineString",
    "coordinates": [
     [
      [
       12.56848,
       55.71006
      ],
      [
       12.56853,
       55.71007
      ]
     ]
    ]
   }
  },
  {
   "type": "Feature",
   "properties": {
    "element": "Trug og vandrender",
    "under_element": "Trug",
    "byrumstype": "Parker"
   },
   "geometry": {
    "type": "MultiLineString",
    "coordinates": [
     [
      [
       12.50058,
       55.68689
      ],
      [
       12.50144,
       55.6875
      ]
     ]
    ]
   }
  },
  {
   "type": "Feature",
   "properties": {
    "element": "Dræn og rørledninger",
    "under_element": "Dræn",
    "byrumstype": "Parker"
   },
   "geometry": {
    "type": "MultiLineString",
    "coordinates": [
     [
      [
       12.49006,
       55.65597
      ],
      [
       12.49008,
       55.65597
      ],
      [
       12.49011,
       55.65597
      ],
      [
       12.49014,
       55.65597
      ],
      [
       12.49016,
       55.65598
      ],
      [
       12.49019,
       55.65599
      ],
      [
       12.49021,
       55.656
      ],
      [
       12.49024,
       55.656
      ],
      [
       12.49026,
       55.65602
      ],
      [
       12.49026,
       55.65603
      ],
      [
       12.49027,
       55.65605
      ],
      [
       12.49028,
       55.65607
      ],
      [
       12.49028,
       55.65607
      ],
      [
       12.49029,
       55.65608
      ],
      [
       12.49031,
       55.65609
      ],
      [
       12.49032,
       55.6561
      ],
      [
       12.49034,
       55.65611
      ],
      [
       12.49035,
       55.65614
      ],
      [
       12.49035,
       55.65617
      ],
      [
       12.49038,
       55.65621
      ],
      [
       12.49039,
       55.65621
      ],
      [
       12.4904,
       55.65622
      ],
      [
       12.49043,
       55.65622
      ],
      [
       12.49045,
       55.65623
      ],
      [
       12.49047,
       55.65624
      ],
      [
       12.4905,
       55.65626
      ]
     ]
    ]
   }
  },
  {
   "type": "Feature",
   "properties": {
    "element": "Dræn og rørledninger",
    "under_element": "Dræn",
    "byrumstype": "Parker"
   },
   "geometry": {
    "type": "MultiLineString",
    "coordinates": [
     [
      [
       12.52831,
       55.64916
      ],
      [
       12.52821,
       55.6491
      ],
      [
       12.52815,
       55.6491
      ],
      [
       12.52809,
       55.64914
      ],
      [
       12.5281,
       55.64923
      ],
      [
       12.52814,
       55.64926
      ]
     ],
     [
      [
       12.52824,
       55.64949
      ],
      [
       12.52826,
       55.64932
      ],
      [
       12.52832,
       55.64925
      ],
      [
       12.52832,
       55.6492
      ],
      [
       12.52832,
       55.64918
      ],
      [
       12.52831,
       55.64916
      ]
     ],
     [
      [
       12.52831,
       55.64916
      ],
      [
       12.52834,
       55.64906
      ],
      [
       12.52836,
       55.64902
      ],
      [
       12.52839,
       55.64895
      ],
      [
       12.52842,
       55.6489
      ],
      [
       12.52845,
       55.64881
      ],
      [
       12.52843,
       55.64872
      ],
      [
       12.52846,
       55.64865
      ],
      [
       12.52846,
       55.64865
      ],
      [
       12.52846,
       55.64857
      ],
      [
       12.52849,
       55.64845
      ],
      [
       12.52855,
       55.6483
      ]
     ]
    ]
   }
  },
  {
   "type": "Feature",
   "properties": {
    "element": "Dræn og rørledninger",
    "under_element": "Dræn",
    "byrumstype": "Parker"
   },
   "geometry": {
    "type": "MultiLineString",
    "coordinates": [
     [
      [
       12.52907,
       55.64673
      ],
      [
       12.52908,
       55.64668
      ],
      [
       12.52908,
       55.64664
      ],
      [
       12.529,
       55.6465
      ],
      [
       12.529,
       55.64646
      ],
      [
       12.52903,
       55.64639
      ],
      [
       12.52912,
       55.64631
      ],
      [
       12.52919,
       55.64622
      ],
      [
       12.52915,
       55.6461
      ],
      [
       12.52915,
       55.64609
      ]
     ]
    ]
   }
  },
  {
   "type": "Feature",
   "properties": {
    "element": "Dræn og rørledninger",
    "under_element": "Rørledning",
    "byrumstype": "Gader og pladser"
   },
   "geometry": {
    "type": "MultiLineString",
    "coordinates": [
     [
      [
       12.57787,
       55.7131
      ],
      [
       12.57793,
       55.7131
      ],
      [
       12.57793,
       55.71301
      ],
      [
       12.57796,
       55.71301
      ],
      [
       12.57798,
       55.71302
      ],
      [
       12.5784,
       55.71303
      ]
     ]
    ]
   }
  },
  {
   "type": "Feature",
   "properties": {
    "element": "Dræn og rørledninger",
    "under_element": "Rørledning"
   },
   "geometry": {
    "type": "MultiLineString",
    "coordinates": [
     [
      [
       12.57825,
       55.71337
      ],
      [
       12.57826,
       55.71331
      ],
      [
       12.5785,
       55.71329
      ],
      [
       12.57853,
       55.71329
      ]
     ]
    ]
   }
  },
  {
   "type": "Feature",
   "properties": {
    "element": "Dræn og rørledninger",
    "under_element": "Rørledning"
   },
   "geometry": {
    "type": "MultiLineString",
    "coordinates": [
     [
      [
       12.53906,
       55.70091
      ],
      [
       12.53883,
       55.70091
      ]
     ],
     [
      [
       12.53903,
       55.70083
      ],
      [
       12.53906,
       55.70091
      ]
     ],
     [
      [
       12.53929,
       55.70104
      ],
      [
       12.53929,
       55.70103
      ],
      [
       12.53929,
       55.70102
      ],
      [
       12.53926,
       55.70099
      ],
      [
       12.53906,
       55.70091
      ]
     ]
    ]
   }
  },
  {
   "type": "Feature",
   "properties": {
    "element": "Dræn og rørledninger",
    "under_element": "Rørledning",
    "byrumstype": "Gader og pladser"
   },
   "geometry": {
    "type": "MultiLineString",
    "coordinates": [
     [
      [
       12.5784,
       55.71303
      ],
      [
       12.57841,
       55.71301
      ],
      [
       12.57836,
       55.71301
      ],
      [
       12.57835,
       55.713
      ]
     ]
    ]
   }
  },
  {
   "type": "Feature",
   "properties": {
    "element": "Dræn og rørledninger",
    "under_element": "Dræn",
    "byrumstype": "Gader og pladser"
   },
   "geometry": {
    "type": "MultiLineString",
    "coordinates": [
     [
      [
       12.53958,
       55.70479
      ],
      [
       12.53973,
       55.70475
      ],
      [
       12.53987,
       55.7049
      ],
      [
       12.53972,
       55.70495
      ],
      [
       12.53958,
       55.70479
      ]
     ]
    ]
   }
  },
  {
   "type": "Feature",
   "properties": {
    "element": "Dræn og rørledninger",
    "under_element": "Dræn",
    "byrumstype": "Parker"
   },
   "geometry": {
    "type": "MultiLineString",
    "coordinates": [
     [
      [
       12.54049,
       55.70459
      ],
      [
       12.5403,
       55.70454
      ],
      [
       12.54002,
       55.70464
      ],
      [
       12.54014,
       55.70477
      ],
      [
       12.54053,
       55.70464
      ]
     ]
    ]
   }
  },
  {
   "type": "Feature",
   "properties": {
    "element": "Dræn og rørledninger",
    "under_element": "Rørledning",
    "byrumstype": "Parker"
   },
   "geometry": {
    "type": "MultiLineString",
    "coordinates": [
     [
      [
       12.53957,
       55.704
      ],
      [
       12.53963,
       55.70404
      ],
      [
       12.53974,
       55.70415
      ]
     ]
    ]
   }
  },
  {
   "type": "Feature",
   "properties": {
    "element": "Dræn og rørledninger",
    "under_element": "Rørledning",
    "byrumstype": "Småarealer"
   },
   "geometry": {
    "type": "MultiLineString",
    "coordinates": [
     [
      [
       12.5786,
       55.71327
      ],
      [
       12.57888,
       55.71331
      ],
      [
       12.5789,
       55.71331
      ]
     ]
    ]
   }
  },
  {
   "type": "Feature",
   "properties": {
    "element": "Dræn og rørledninger",
    "under_element": "Rørledning",
    "byrumstype": "Småarealer"
   },
   "geometry": {
    "type": "MultiLineString",
    "coordinates": [
     [
      [
       12.5786,
       55.71327
      ],
      [
       12.5786,
       55.71321
      ]
     ]
    ]
   }
  },
  {
   "type": "Feature",
   "properties": {
    "element": "Dræn og rørledninger",
    "under_element": "Rørledning",
    "byrumstype": "Småarealer"
   },
   "geometry": {
    "type": "MultiLineString",
    "coordinates": [
     [
      [
       12.5786,
       55.71321
      ],
      [
       12.5786,
       55.71321
      ]
     ]
    ]
   }
  },
  {
   "type": "Feature",
   "properties": {
    "element": "Dræn og rørledninger",
    "under_element": "Rørledning",
    "byrumstype": "Småarealer"
   },
   "geometry": {
    "type": "MultiLineString",
    "coordinates": [
     [
      [
       12.57869,
       55.71325
      ],
      [
       12.5786,
       55.71321
      ]
     ]
    ]
   }
  },
  {
   "type": "Feature",
   "properties": {
    "element": "Dræn og rørledninger",
    "under_element": "Rørledning",
    "byrumstype": "Småarealer"
   },
   "geometry": {
    "type": "MultiLineString",
    "coordinates": [
     [
      [
       12.5786,
       55.71321
      ],
      [
       12.5786,
       55.71317
      ]
     ]
    ]
   }
  },
  {
   "type": "Feature",
   "properties": {
    "element": "Dræn og rørledninger",
    "under_element": "Rørledning",
    "byrumstype": "Småarealer"
   },
   "geometry": {
    "type": "MultiLineString",
    "coordinates": [
     [
      [
       12.57862,
       55.71304
      ],
      [
       12.57865,
       55.71304
      ]
     ]
    ]
   }
  },
  {
   "type": "Feature",
   "properties": {
    "element": "Dræn og rørledninger",
    "under_element": "Rørledning",
    "byrumstype": "Gader og pladser"
   },
   "geometry": {
    "type": "MultiLineString",
    "coordinates": [
     [
      [
       12.53939,
       55.70497
      ],
      [
       12.53947,
       55.70498
      ]
     ]
    ]
   }
  },
  {
   "type": "Feature",
   "properties": {
    "element": "Dræn og rørledninger",
    "under_element": "Rørledning",
    "byrumstype": "Småarealer"
   },
   "geometry": {
    "type": "MultiLineString",
    "coordinates": [
     [
      [
       12.57876,
       55.7131
      ],
      [
       12.57874,
       55.71307
      ]
     ]
    ]
   }
  },
  {
   "type": "Feature",
   "properties": {
    "element": "Dræn og rørledninger",
    "under_element": "Dræn",
    "byrumstype": "Parker"
   },
   "geometry": {
    "type": "MultiLineString",
    "coordinates": [
     [
      [
       12.49051,
       55.65628
      ],
      [
       12.49053,
       55.65631
      ],
      [
       12.49054,
       55.65634
      ],
      [
       12.49055,
       55.65635
      ],
      [
       12.49056,
       55.65635
      ],
      [
       12.49057,
       55.65636
      ],
      [
       12.4906,
       55.65636
      ],
      [
       12.49062,
       55.65636
      ],
      [
       12.49064,
       55.65636
      ],
      [
       12.49067,
       55.65637
      ],
      [
       12.49068,
       55.65638
      ],
      [
       12.4907,
       55.65639
      ],
      [
       12.4907,
       55.6564
      ],
      [
       12.49071,
       55.65641
      ],
      [
       12.49071,
       55.65642
      ],
      [
       12.49071,
       55.65643
      ],
      [
       12.49073,
       55.65644
      ],
      [
       12.49074,
       55.65645
      ],
      [
       12.49075,
       55.65646
      ],
      [
       12.49076,
       55.65647
      ]
     ]
    ]
   }
  },
  {
   "type": "Feature",
   "properties": {
    "element": "Dræn og rørledninger",
    "under_element": "Dræn",
    "byrumstype": "Parker"
   },
   "geometry": {
    "type": "MultiLineString",
    "coordinates": [
     [
      [
       12.47387,
       55.70703
      ],
      [
       12.47391,
       55.70705
      ],
      [
       12.47398,
       55.70709
      ]
     ]
    ]
   }
  },
  {
   "type": "Feature",
   "properties": {
    "element": "Dræn og rørledninger",
    "under_element": "Dræn",
    "byrumstype": "Parker"
   },
   "geometry": {
    "type": "MultiLineString",
    "coordinates": [
     [
      [
       12.54322,
       55.66677
      ],
      [
       12.54313,
       55.66676
      ]
     ]
    ]
   }
  },
  {
   "type": "Feature",
   "properties": {
    "element": "Dræn og rørledninger",
    "under_element": "Rørledning",
    "byrumstype": "Småarealer"
   },
   "geometry": {
    "type": "MultiLineString",
    "coordinates": [
     [
      [
       12.57878,
       55.71296
      ],
      [
       12.57881,
       55.71294
      ]
     ]
    ]
   }
  },
  {
   "type": "Feature",
   "properties": {
    "element": "Dræn og rørledninger",
    "under_element": "Rørledning",
    "byrumstype": "Småarealer"
   },
   "geometry": {
    "type": "MultiLineString",
    "coordinates": [
     [
      [
       12.57881,
       55.71294
      ],
      [
       12.57884,
       55.71294
      ]
     ]
    ]
   }
  },
  {
   "type": "Feature",
   "properties": {
    "element": "Dræn og rørledninger",
    "under_element": "Rørledning",
    "byrumstype": "Småarealer"
   },
   "geometry": {
    "type": "MultiLineString",
    "coordinates": [
     [
      [
       12.57881,
       55.71294
      ],
      [
       12.57884,
       55.713
      ]
     ]
    ]
   }
  },
  {
   "type": "Feature",
   "properties": {
    "element": "Dræn og rørledninger",
    "under_element": "Rørledning",
    "byrumstype": "Småarealer"
   },
   "geometry": {
    "type": "MultiLineString",
    "coordinates": [
     [
      [
       12.57896,
       55.71337
      ],
      [
       12.57895,
       55.71331
      ]
     ]
    ]
   }
  },
  {
   "type": "Feature",
   "properties": {
    "element": "Dræn og rørledninger",
    "under_element": "Rørledning",
    "byrumstype": "Småarealer"
   },
   "geometry": {
    "type": "MultiLineString",
    "coordinates": [
     [
      [
       12.57907,
       55.71311
      ],
      [
       12.5791,
       55.71308
      ]
     ]
    ]
   }
  },
  {
   "type": "Feature",
   "properties": {
    "element": "Dræn og rørledninger",
    "under_element": "Rørledning",
    "byrumstype": "Småarealer"
   },
   "geometry": {
    "type": "MultiLineString",
    "coordinates": [
     [
      [
       12.5791,
       55.71295
      ],
      [
       12.57911,
       55.71298
      ],
      [
       12.57921,
       55.71302
      ]
     ]
    ]
   }
  },
  {
   "type": "Feature",
   "properties": {
    "element": "Dræn og rørledninger",
    "under_element": "Rørledning"
   },
   "geometry": {
    "type": "MultiLineString",
    "coordinates": [
     [
      [
       12.5791,
       55.71295
      ],
      [
       12.5794,
       55.71291
      ],
      [
       12.5795,
       55.71292
      ]
     ]
    ]
   }
  },
  {
   "type": "Feature",
   "properties": {
    "element": "Dræn og rørledninger",
    "under_element": "Rørledning",
    "byrumstype": "Småarealer"
   },
   "geometry": {
    "type": "MultiLineString",
    "coordinates": [
     [
      [
       12.57927,
       55.71338
      ],
      [
       12.57927,
       55.71335
      ],
      [
       12.57917,
       55.7133
      ]
     ]
    ]
   }
  },
  {
   "type": "Feature",
   "properties": {
    "element": "Dræn og rørledninger",
    "under_element": "Rørledning",
    "byrumstype": "Småarealer"
   },
   "geometry": {
    "type": "MultiLineString",
    "coordinates": [
     [
      [
       12.5795,
       55.71292
      ],
      [
       12.57951,
       55.71304
      ]
     ]
    ]
   }
  },
  {
   "type": "Feature",
   "properties": {
    "element": "Dræn og rørledninger",
    "under_element": "Dræn",
    "byrumstype": "Parker"
   },
   "geometry": {
    "type": "MultiLineString",
    "coordinates": [
     [
      [
       12.47423,
       55.70725
      ],
      [
       12.47423,
       55.70728
      ],
      [
       12.47419,
       55.7073
      ],
      [
       12.47415,
       55.70732
      ]
     ]
    ]
   }
  },
  {
   "type": "Feature",
   "properties": {
    "element": "Dræn og rørledninger",
    "under_element": "Dræn",
    "byrumstype": "Parker"
   },
   "geometry": {
    "type": "MultiLineString",
    "coordinates": [
     [
      [
       12.47405,
       55.70745
      ],
      [
       12.47409,
       55.70745
      ],
      [
       12.47424,
       55.7075
      ]
     ]
    ]
   }
  },
  {
   "type": "Feature",
   "properties": {
    "element": "Dræn og rørledninger",
    "under_element": "Dræn",
    "byrumstype": "Parker"
   },
   "geometry": {
    "type": "MultiLineString",
    "coordinates": [
     [
      [
       12.54132,
       55.66685
      ],
      [
       12.54105,
       55.66689
      ]
     ]
    ]
   }
  },
  {
   "type": "Feature",
   "properties": {
    "element": "Dræn og rørledninger",
    "under_element": "Dræn",
    "byrumstype": "Parker"
   },
   "geometry": {
    "type": "MultiLineString",
    "coordinates": [
     [
      [
       12.54112,
       55.66657
      ],
      [
       12.54127,
       55.66685
      ]
     ]
    ]
   }
  },
  {
   "type": "Feature",
   "properties": {
    "element": "Dræn og rørledninger",
    "under_element": "Dræn",
    "byrumstype": "Parker"
   },
   "geometry": {
    "type": "MultiLineString",
    "coordinates": [
     [
      [
       12.54112,
       55.66657
      ],
      [
       12.54112,
       55.66656
      ],
      [
       12.54112,
       55.66656
      ],
      [
       12.54112,
       55.66656
      ],
      [
       12.54112,
       55.66656
      ],
      [
       12.54112,
       55.66656
      ],
      [
       12.54111,
       55.66656
      ],
      [
       12.54111,
       55.66656
      ],
      [
       12.54111,
       55.66656
      ],
      [
       12.54111,
       55.66655
      ],
      [
       12.54111,
       55.66655
      ],
      [
       12.5411,
       55.66655
      ],
      [
       12.5411,
       55.66655
      ],
      [
       12.5411,
       55.66655
      ],
      [
       12.5411,
       55.66655
      ],
      [
       12.54109,
       55.66655
      ],
      [
       12.54109,
       55.66655
      ],
      [
       12.54109,
       55.66655
      ],
      [
       12.54108,
       55.66655
      ],
      [
       12.54108,
       55.66655
      ],
      [
       12.54108,
       55.66655
      ],
      [
       12.54108,
       55.66655
      ],
      [
       12.54107,
       55.66655
      ],
      [
       12.54107,
       55.66655
      ],
      [
       12.54107,
       55.66655
      ],
      [
       12.54107,
       55.66655
      ],
      [
       12.54106,
       55.66655
      ],
      [
       12.54106,
       55.66655
      ],
      [
       12.54106,
       55.66656
      ],
      [
       12.54106,
       55.66656
      ],
      [
       12.54105,
       55.66656
      ],
      [
       12.54105,
       55.66656
      ],
      [
       12.54105,
       55.66656
      ],
      [
       12.54105,
       55.66656
      ],
      [
       12.54105,
       55.66656
      ],
      [
       12.54105,
       55.66656
      ],
      [
       12.54105,
       55.66657
      ],
      [
       12.54105,
       55.66657
      ],
      [
       12.54104,
       55.66657
      ],
      [
       12.54104,
       55.66657
      ],
      [
       12.54104,
       55.66657
      ],
      [
       12.54104,
       55.66657
      ],
      [
       12.54104,
       55.66657
      ],
      [
       12.54104,
       55.66658
      ],
      [
       12.54104,
       55.66658
      ],
      [
       12.54105,
       55.66658
      ]
     ]
    ]
   }
  },
  {
   "type": "Feature",
   "properties": {
    "element": "Dræn og rørledninger",
    "under_element": "Dræn"
   },
   "geometry": {
    "type": "MultiLineString",
    "coordinates": [
     [
      [
       12.54259,
       55.66776
      ],
      [
       12.54208,
       55.66788
      ]
     ]
    ]
   }
  },
  {
   "type": "Feature",
   "properties": {
    "element": "Dræn og rørledninger",
    "under_element": "Dræn",
    "byrumstype": "Parker"
   },
   "geometry": {
    "type": "MultiLineString",
    "coordinates": [
     [
      [
       12.54105,
       55.66658
      ],
      [
       12.5412,
       55.66687
      ]
     ]
    ]
   }
  },
  {
   "type": "Feature",
   "properties": {
    "element": "Dræn og rørledninger",
    "under_element": "Dræn",
    "byrumstype": "Parker"
   },
   "geometry": {
    "type": "MultiLineString",
    "coordinates": [
     [
      [
       12.54089,
       55.66661
      ],
      [
       12.54104,
       55.66689
      ]
     ]
    ]
   }
  },
  {
   "type": "Feature",
   "properties": {
    "element": "Dræn og rørledninger",
    "under_element": "Dræn",
    "byrumstype": "Parker"
   },
   "geometry": {
    "type": "MultiLineString",
    "coordinates": [
     [
      [
       12.54097,
       55.66659
      ],
      [
       12.54112,
       55.66688
      ]
     ]
    ]
   }
  },
  {
   "type": "Feature",
   "properties": {
    "element": "Dræn og rørledninger",
    "under_element": "Dræn",
    "byrumstype": "Parker"
   },
   "geometry": {
    "type": "MultiLineString",
    "coordinates": [
     [
      [
       12.54095,
       55.66646
      ],
      [
       12.54127,
       55.66642
      ]
     ]
    ]
   }
  },
  {
   "type": "Feature",
   "properties": {
    "element": "Dræn og rørledninger",
    "under_element": "Dræn",
    "byrumstype": "Haver"
   },
   "geometry": {
    "type": "MultiLineString",
    "coordinates": [
     [
      [
       12.54333,
       55.66658
      ],
      [
       12.54334,
       55.66656
      ]
     ]
    ]
   }
  },
  {
   "type": "Feature",
   "properties": {
    "element": "Dræn og rørledninger",
    "under_element": "Dræn",
    "byrumstype": "Parker"
   },
   "geometry": {
    "type": "MultiLineString",
    "coordinates": [
     [
      [
       12.54321,
       55.66619
      ],
      [
       12.54346,
       55.66663
      ]
     ]
    ]
   }
  },
  {
   "type": "Feature",
   "properties": {
    "element": "Dræn og rørledninger",
    "under_element": "Dræn",
    "byrumstype": "Parker"
   },
   "geometry": {
    "type": "MultiLineString",
    "coordinates": [
     [
      [
       12.54097,
       55.66659
      ],
      [
       12.54097,
       55.66659
      ],
      [
       12.54097,
       55.66659
      ],
      [
       12.54097,
       55.66659
      ],
      [
       12.54096,
       55.66659
      ],
      [
       12.54096,
       55.66659
      ],
      [
       12.54096,
       55.66658
      ],
      [
       12.54096,
       55.66658
      ],
      [
       12.54096,
       55.66658
      ],
      [
       12.54096,
       55.66658
      ],
      [
       12.54095,
       55.66658
      ],
      [
       12.54095,
       55.66658
      ],
      [
       12.54095,
       55.66658
      ],
      [
       12.54095,
       55.66658
      ],
      [
       12.54094,
       55.66658
      ],
      [
       12.54094,
       55.66658
      ],
      [
       12.54094,
       55.66658
      ],
      [
       12.54094,
       55.66658
      ],
      [
       12.54093,
       55.66658
      ],
      [
       12.54093,
       55.66658
      ],
      [
       12.54093,
       55.66658
      ],
      [
       12.54092,
       55.66658
      ],
      [
       12.54092,
       55.66658
      ],
      [
       12.54092,
       55.66658
      ],
      [
       12.54092,
       55.66658
      ],
      [
       12.54091,
       55.66658
      ],
      [
       12.54091,
       55.66658
      ],
      [
       12.54091,
       55.66658
      ],
      [
       12.54091,
       55.66658
      ],
      [
       12.5409,
       55.66658
      ],
      [
       12.5409,
       55.66658
      ],
      [
       12.5409,
       55.66658
      ],
      [
       12.5409,
       55.66659
      ],
      [
       12.5409,
       55.66659
      ],
      [
       12.5409,
       55.66659
      ],
      [
       12.5409,
       55.66659
      ],
      [
       12.54089,
       55.66659
      ],
      [
       12.54089,
       55.66659
      ],
      [
       12.54089,
       55.66659
      ],
      [
       12.54089,
       55.6666
      ],
      [
       12.54089,
       55.6666
      ],
      [
       12.54089,
       55.6666
      ],
      [
       12.54089,
       55.6666
      ],
      [
       12.54089,
       55.6666
      ],
      [
       12.54089,
       55.6666
      ],
      [
       12.54089,
       55.66661
      ]
     ]
    ]
   }
  },
  {
   "type": "Feature",
   "properties": {
    "element": "Dræn og rørledninger",
    "under_element": "Dræn",
    "byrumstype": "Parker"
   },
   "geometry": {
    "type": "MultiLineString",
    "coordinates": [
     [
      [
       12.5409,
       55.66706
      ],
      [
       12.54156,
       55.66695
      ]
     ]
    ]
   }
  },
  {
   "type": "Feature",
   "properties": {
    "element": "Dræn og rørledninger",
    "under_element": "Dræn",
    "byrumstype": "Parker"
   },
   "geometry": {
    "type": "MultiLineString",
    "coordinates": [
     [
      [
       12.54112,
       55.66749
      ],
      [
       12.54236,
       55.66726
      ]
     ]
    ]
   }
  },
  {
   "type": "Feature",
   "properties": {
    "element": "Dræn og rørledninger",
    "under_element": "Dræn",
    "byrumstype": "Parker"
   },
   "geometry": {
    "type": "MultiLineString",
    "coordinates": [
     [
      [
       12.54147,
       55.6664
      ],
      [
       12.54271,
       55.66625
      ]
     ]
    ]
   }
  },
  {
   "type": "Feature",
   "properties": {
    "element": "Dræn og rørledninger",
    "under_element": "Dræn",
    "byrumstype": "Parker"
   },
   "geometry": {
    "type": "MultiLineString",
    "coordinates": [
     [
      [
       12.54272,
       55.66625
      ],
      [
       12.54312,
       55.6662
      ]
     ]
    ]
   }
  },
  {
   "type": "Feature",
   "properties": {
    "element": "Dræn og rørledninger",
    "under_element": "Dræn"
   },
   "geometry": {
    "type": "MultiLineString",
    "coordinates": [
     [
      [
       12.54314,
       55.6662
      ],
      [
       12.54334,
       55.66656
      ]
     ]
    ]
   }
  },
  {
   "type": "Feature",
   "properties": {
    "element": "Dræn og rørledninger",
    "under_element": "Dræn"
   },
   "geometry": {
    "type": "MultiLineString",
    "coordinates": [
     [
      [
       12.54147,
       55.6664
      ],
      [
       12.54166,
       55.66675
      ]
     ]
    ]
   }
  },
  {
   "type": "Feature",
   "properties": {
    "element": "Dræn og rørledninger",
    "under_element": "Dræn"
   },
   "geometry": {
    "type": "MultiLineString",
    "coordinates": [
     [
      [
       12.54089,
       55.66706
      ],
      [
       12.54061,
       55.66651
      ]
     ]
    ]
   }
  },
  {
   "type": "Feature",
   "properties": {
    "element": "Dræn og rørledninger",
    "under_element": "Dræn",
    "byrumstype": "Parker"
   },
   "geometry": {
    "type": "MultiLineString",
    "coordinates": [
     [
      [
       12.54062,
       55.6665
      ],
      [
       12.54094,
       55.66646
      ]
     ]
    ]
   }
  },
  {
   "type": "Feature",
   "properties": {
    "element": "Dræn og rørledninger",
    "under_element": "Dræn"
   },
   "geometry": {
    "type": "MultiLineString",
    "coordinates": [
     [
      [
       12.54062,
       55.6665
      ],
      [
       12.54062,
       55.6665
      ],
      [
       12.54062,
       55.6665
      ],
      [
       12.54062,
       55.6665
      ],
      [
       12.54062,
       55.6665
      ],
      [
       12.54061,
       55.6665
      ],
      [
       12.54061,
       55.6665
      ],
      [
       12.54061,
       55.6665
      ],
      [
       12.54061,
       55.6665
      ],
      [
       12.54061,
       55.6665
      ],
      [
       12.54061,
       55.6665
      ],
      [
       12.54061,
       55.6665
      ],
      [
       12.54061,
       55.6665
      ],
      [
       12.54061,
       55.6665
      ],
      [
       12.54061,
       55.66651
      ],
      [
       12.54061,
       55.66651
      ],
      [
       12.54061,
       55.66651
      ],
      [
       12.54061,
       55.66651
      ],
      [
       12.54061,
       55.66651
      ],
      [
       12.54061,
       55.66651
      ],
      [
       12.54061,
       55.66651
      ],
      [
       12.54061,
       55.66651
      ],
      [
       12.54061,
       55.66651
      ],
      [
       12.54061,
       55.66651
      ],
      [
       12.54061,
       55.66651
      ]
     ]
    ]
   }
  },
  {
   "type": "Feature",
   "properties": {
    "element": "Dræn og rørledninger",
    "under_element": "Dræn"
   },
   "geometry": {
    "type": "MultiLineString",
    "coordinates": [
     [
      [
       12.54129,
       55.66643
      ],
      [
       12.54156,
       55.66694
      ]
     ]
    ]
   }
  },
  {
   "type": "Feature",
   "properties": {
    "element": "Dræn og rørledninger",
    "under_element": "Dræn",
    "byrumstype": "Parker"
   },
   "geometry": {
    "type": "MultiLineString",
    "coordinates": [
     [
      [
       12.54327,
       55.66701
      ],
      [
       12.54332,
       55.66708
      ]
     ]
    ]
   }
  },
  {
   "type": "Feature",
   "properties": {
    "element": "Dræn og rørledninger",
    "under_element": "Dræn"
   },
   "geometry": {
    "type": "MultiLineString",
    "coordinates": [
     [
      [
       12.54129,
       55.66643
      ],
      [
       12.54129,
       55.66643
      ],
      [
       12.54129,
       55.66643
      ],
      [
       12.54129,
       55.66643
      ],
      [
       12.54129,
       55.66643
      ],
      [
       12.54129,
       55.66643
      ],
      [
       12.54128,
       55.66643
      ],
      [
       12.54128,
       55.66642
      ],
      [
       12.54128,
       55.66642
      ],
      [
       12.54128,
       55.66642
      ],
      [
       12.54128,
       55.66642
      ],
      [
       12.54128,
       55.66642
      ],
      [
       12.54128,
       55.66642
      ],
      [
       12.54128,
       55.66642
      ],
      [
       12.54128,
       55.66642
      ],
      [
       12.54128,
       55.66642
      ],
      [
       12.54128,
       55.66642
      ],
      [
       12.54127,
       55.66642
      ],
      [
       12.54127,
       55.66642
      ],
      [
       12.54127,
       55.66642
      ],
      [
       12.54127,
       55.66642
      ],
      [
       12.54127,
       55.66642
      ],
      [
       12.54127,
       55.66642
      ]
     ]
    ]
   }
  },
  {
   "type": "Feature",
   "properties": {
    "element": "Dræn og rørledninger",
    "under_element": "Dræn",
    "byrumstype": "Haver"
   },
   "geometry": {
    "type": "MultiLineString",
    "coordinates": [
     [
      [
       12.54166,
       55.66675
      ],
      [
       12.54172,
       55.66676
      ]
     ]
    ]
   }
  },
  {
   "type": "Feature",
   "properties": {
    "element": "Dræn og rørledninger",
    "under_element": "Dræn",
    "byrumstype": "Haver"
   },
   "geometry": {
    "type": "MultiLineString",
    "coordinates": [
     [
      [
       12.54172,
       55.66676
      ],
      [
       12.54172,
       55.66677
      ]
     ]
    ]
   }
  },
  {
   "type": "Feature",
   "properties": {
    "element": "Dræn og rørledninger",
    "under_element": "Dræn",
    "byrumstype": "Parker"
   },
   "geometry": {
    "type": "MultiLineString",
    "coordinates": [
     [
      [
       12.54237,
       55.66726
      ],
      [
       12.54361,
       55.66703
      ]
     ]
    ]
   }
  },
  {
   "type": "Feature",
   "properties": {
    "element": "Dræn og rørledninger",
    "under_element": "Dræn",
    "byrumstype": "Parker"
   },
   "geometry": {
    "type": "MultiLineString",
    "coordinates": [
     [
      [
       12.54216,
       55.66684
      ],
      [
       12.54337,
       55.66664
      ]
     ]
    ]
   }
  },
  {
   "type": "Feature",
   "properties": {
    "element": "Dræn og rørledninger",
    "under_element": "Dræn",
    "byrumstype": "Parker"
   },
   "geometry": {
    "type": "MultiLineString",
    "coordinates": [
     [
      [
       12.54386,
       55.66745
      ],
      [
       12.54361,
       55.66703
      ]
     ]
    ]
   }
  },
  {
   "type": "Feature",
   "properties": {
    "element": "Dræn og rørledninger",
    "under_element": "Dræn",
    "byrumstype": "Parker"
   },
   "geometry": {
    "type": "MultiLineString",
    "coordinates": [
     [
      [
       12.54385,
       55.66746
      ],
      [
       12.54385,
       55.66746
      ],
      [
       12.54385,
       55.66746
      ],
      [
       12.54385,
       55.66746
      ],
      [
       12.54385,
       55.66746
      ],
      [
       12.54385,
       55.66746
      ],
      [
       12.54385,
       55.66746
      ],
      [
       12.54385,
       55.66746
      ],
      [
       12.54385,
       55.66746
      ],
      [
       12.54385,
       55.66746
      ],
      [
       12.54385,
       55.66746
      ],
      [
       12.54386,
       55.66746
      ],
      [
       12.54386,
       55.66746
      ],
      [
       12.54386,
       55.66746
      ],
      [
       12.54386,
       55.66746
      ],
      [
       12.54386,
       55.66746
      ],
      [
       12.54386,
       55.66746
      ],
      [
       12.54386,
       55.66746
      ],
      [
       12.54386,
       55.66746
      ],
      [
       12.54386,
       55.66746
      ],
      [
       12.54386,
       55.66745
      ],
      [
       12.54386,
       55.66745
      ],
      [
       12.54386,
       55.66745
      ]
     ]
    ]
   }
  },
  {
   "type": "Feature",
   "properties": {
    "element": "Dræn og rørledninger",
    "under_element": "Dræn",
    "byrumstype": "Parker"
   },
   "geometry": {
    "type": "MultiLineString",
    "coordinates": [
     [
      [
       12.54385,
       55.66746
      ],
      [
       12.54345,
       55.66756
      ]
     ]
    ]
   }
  },
  {
   "type": "Feature",
   "properties": {
    "element": "Dræn og rørledninger",
    "under_element": "Dræn"
   },
   "geometry": {
    "type": "MultiLineString",
    "coordinates": [
     [
      [
       12.54345,
       55.66756
      ],
      [
       12.54259,
       55.66776
      ]
     ]
    ]
   }
  },
  {
   "type": "Feature",
   "properties": {
    "element": "Dræn og rørledninger",
    "under_element": "Dræn",
    "byrumstype": "Parker"
   },
   "geometry": {
    "type": "MultiLineString",
    "coordinates": [
     [
      [
       12.54208,
       55.66788
      ],
      [
       12.54142,
       55.66804
      ]
     ]
    ]
   }
  },
  {
   "type": "Feature",
   "properties": {
    "element": "Dræn og rørledninger",
    "under_element": "Dræn",
    "byrumstype": "Parker"
   },
   "geometry": {
    "type": "MultiLineString",
    "coordinates": [
     [
      [
       12.5414,
       55.66803
      ],
      [
       12.5414,
       55.66803
      ],
      [
       12.5414,
       55.66804
      ],
      [
       12.5414,
       55.66804
      ],
      [
       12.5414,
       55.66804
      ],
      [
       12.5414,
       55.66804
      ],
      [
       12.5414,
       55.66804
      ],
      [
       12.54141,
       55.66804
      ],
      [
       12.54141,
       55.66804
      ],
      [
       12.54141,
       55.66804
      ],
      [
       12.54141,
       55.66804
      ],
      [
       12.54141,
       55.66804
      ],
      [
       12.54141,
       55.66804
      ],
      [
       12.54141,
       55.66804
      ],
      [
       12.54141,
       55.66804
      ],
      [
       12.54141,
       55.66804
      ],
      [
       12.54141,
       55.66804
      ],
      [
       12.54141,
       55.66804
      ],
      [
       12.54142,
       55.66804
      ],
      [
       12.54142,
       55.66804
      ],
      [
       12.54142,
       55.66804
      ],
      [
       12.54142,
       55.66804
      ],
      [
       12.54142,
       55.66804
      ],
      [
       12.54142,
       55.66804
      ],
      [
       12.54142,
       55.66804
      ],
      [
       12.54142,
       55.66804
      ]
     ]
    ]
   }
  },
  {
   "type": "Feature",
   "properties": {
    "element": "Dræn og rørledninger",
    "under_element": "Dræn",
    "byrumstype": "Parker"
   },
   "geometry": {
    "type": "MultiLineString",
    "coordinates": [
     [
      [
       12.54156,
       55.66694
      ],
      [
       12.54215,
       55.66685
      ]
     ]
    ]
   }
  },
  {
   "type": "Feature",
   "properties": {
    "element": "Dræn og rørledninger",
    "under_element": "Dræn",
    "byrumstype": "Parker"
   },
   "geometry": {
    "type": "MultiLineString",
    "coordinates": [
     [
      [
       12.54343,
       55.66666
      ],
      [
       12.54346,
       55.66663
      ]
     ]
    ]
   }
  },
  {
   "type": "Feature",
   "properties": {
    "element": "Dræn og rørledninger",
    "under_element": "Dræn",
    "byrumstype": "Parker"
   },
   "geometry": {
    "type": "MultiLineString",
    "coordinates": [
     [
      [
       12.54393,
       55.66745
      ],
      [
       12.54368,
       55.66701
      ]
     ]
    ]
   }
  },
  {
   "type": "Feature",
   "properties": {
    "element": "Dræn og rørledninger",
    "under_element": "Dræn",
    "byrumstype": "Parker"
   },
   "geometry": {
    "type": "MultiLineString",
    "coordinates": [
     [
      [
       12.54368,
       55.66701
      ],
      [
       12.54362,
       55.667
      ]
     ]
    ]
   }
  },
  {
   "type": "Feature",
   "properties": {
    "element": "Dræn og rørledninger",
    "under_element": "Dræn",
    "byrumstype": "Parker"
   },
   "geometry": {
    "type": "MultiLineString",
    "coordinates": [
     [
      [
       12.54342,
       55.66666
      ],
      [
       12.54337,
       55.66664
      ]
     ]
    ]
   }
  },
  {
   "type": "Feature",
   "properties": {
    "element": "Dræn og rørledninger",
    "under_element": "Dræn",
    "byrumstype": "Parker"
   },
   "geometry": {
    "type": "MultiLineString",
    "coordinates": [
     [
      [
       12.54112,
       55.66749
      ],
      [
       12.54112,
       55.66749
      ],
      [
       12.54112,
       55.66749
      ],
      [
       12.54112,
       55.66749
      ],
      [
       12.54112,
       55.66749
      ],
      [
       12.54112,
       55.66749
      ],
      [
       12.54112,
       55.66749
      ],
      [
       12.54112,
       55.66749
      ],
      [
       12.54112,
       55.66749
      ],
      [
       12.54112,
       55.66749
      ],
      [
       12.54112,
       55.66749
      ],
      [
       12.54112,
       55.66749
      ],
      [
       12.54112,
       55.66749
      ],
      [
       12.54112,
       55.66749
      ],
      [
       12.54112,
       55.66749
      ],
      [
       12.54112,
       55.66749
      ],
      [
       12.54112,
       55.66749
      ],
      [
       12.54112,
       55.66749
      ],
      [
       12.54112,
       55.66749
      ],
      [
       12.54112,
       55.66749
      ],
      [
       12.54112,
       55.66749
      ],
      [
       12.54112,
       55.66749
      ],
      [
       12.54112,
       55.66749
      ],
      [
       12.54112,
       55.66749
      ],
      [
       12.54112,
       55.66749
      ],
      [
       12.54112,
       55.66749
      ],
      [
       12.54112,
       55.66749
      ],
      [
       12.54112,
       55.66749
      ],
      [
       12.54112,
       55.66749
      ],
      [
       12.54112,
       55.66749
      ],
      [
       12.54112,
       55.66749
      ],
      [
       12.54112,
       55.66749
      ],
      [
       12.54112,
       55.66749
      ],
      [
       12.54112,
       55.66749
      ],
      [
       12.54112,
       55.66749
      ],
      [
       12.54112,
       55.66749
      ],
      [
       12.54112,
       55.66749
      ],
      [
       12.54112,
       55.66749
      ],
      [
       12.54112,
       55.66749
      ],
      [
       12.54112,
       55.66749
      ],
      [
       12.54112,
       55.66749
      ],
      [
       12.54112,
       55.66749
      ],
      [
       12.54112,
       55.66749
      ],
      [
       12.54112,
       55.66749
      ],
      [
       12.54112,
       55.66749
      ],
      [
       12.54112,
       55.66749
      ],
      [
       12.54112,
       55.66749
      ],
      [
       12.54112,
       55.66749
      ],
      [
       12.54112,
       55.66749
      ],
      [
       12.54112,
       55.66749
      ],
      [
       12.54112,
       55.66749
      ],
      [
       12.54112,
       55.66749
      ],
      [
       12.54112,
       55.66749
      ],
      [
       12.54112,
       55.66749
      ],
      [
       12.54112,
       55.66749
      ],
      [
       12.54112,
       55.66749
      ],
      [
       12.54112,
       55.66749
      ],
      [
       12.54112,
       55.66749
      ],
      [
       12.54112,
       55.66749
      ],
      [
       12.54112,
       55.66749
      ],
      [
       12.54112,
       55.66749
      ],
      [
       12.54112,
       55.66749
      ],
      [
       12.54112,
       55.66749
      ],
      [
       12.54112,
       55.66749
      ],
      [
       12.54112,
       55.66749
      ],
      [
       12.54112,
       55.66749
      ],
      [
       12.54112,
       55.66749
      ],
      [
       12.54112,
       55.66749
      ],
      [
       12.54112,
       55.66749
      ],
      [
       12.54112,
       55.66749
      ],
      [
       12.54112,
       55.66749
      ],
      [
       12.54112,
       55.66749
      ],
      [
       12.54112,
       55.66749
      ],
      [
       12.54112,
       55.66749
      ],
      [
       12.54112,
       55.66749
      ],
      [
       12.54112,
       55.66749
      ],
      [
       12.54112,
       55.66749
      ],
      [
       12.54112,
       55.66749
      ],
      [
       12.54112,
       55.66749
      ],
      [
       12.54112,
       55.66749
      ],
      [
       12.54112,
       55.66749
      ],
      [
       12.54112,
       55.66749
      ],
      [
       12.54112,
       55.66749
      ],
      [
       12.54112,
       55.66749
      ],
      [
       12.54112,
       55.66749
      ],
      [
       12.54112,
       55.66749
      ],
      [
       12.54112,
       55.66749
      ],
      [
       12.54112,
       55.66749
      ],
      [
       12.54112,
       55.66749
      ],
      [
       12.54112,
       55.66749
      ],
      [
       12.54112,
       55.66749
      ]
     ]
    ]
   }
  },
  {
   "type": "Feature",
   "properties": {
    "element": "Dræn og rørledninger",
    "under_element": "Dræn",
    "byrumstype": "Parker"
   },
   "geometry": {
    "type": "MultiLineString",
    "coordinates": [
     [
      [
       12.54345,
       55.66695
      ],
      [
       12.54334,
       55.66676
      ]
     ]
    ]
   }
  },
  {
   "type": "Feature",
   "properties": {
    "element": "Dræn og rørledninger",
    "under_element": "Dræn",
    "byrumstype": "Parker"
   },
   "geometry": {
    "type": "MultiLineString",
    "coordinates": [
     [
      [
       12.54357,
       55.66693
      ],
      [
       12.54342,
       55.66667
      ]
     ]
    ]
   }
  },
  {
   "type": "Feature",
   "properties": {
    "element": "Dræn og rørledninger",
    "under_element": "Dræn",
    "byrumstype": "Parker"
   },
   "geometry": {
    "type": "MultiLineString",
    "coordinates": [
     [
      [
       12.54322,
       55.66677
      ],
      [
       12.54327,
       55.66686
      ]
     ]
    ]
   }
  },
  {
   "type": "Feature",
   "properties": {
    "element": "Dræn og rørledninger",
    "under_element": "Dræn",
    "byrumstype": "Parker"
   },
   "geometry": {
    "type": "MultiLineString",
    "coordinates": [
     [
      [
       12.54328,
       55.66688
      ],
      [
       12.54334,
       55.66697
      ]
     ]
    ]
   }
  },
  {
   "type": "Feature",
   "properties": {
    "element": "Dræn og rørledninger",
    "under_element": "Dræn",
    "byrumstype": "Parker"
   },
   "geometry": {
    "type": "MultiLineString",
    "coordinates": [
     [
      [
       12.54334,
       55.66697
      ],
      [
       12.54327,
       55.66701
      ]
     ]
    ]
   }
  },
  {
   "type": "Feature",
   "properties": {
    "element": "Dræn og rørledninger",
    "under_element": "Dræn",
    "byrumstype": "Parker"
   },
   "geometry": {
    "type": "MultiLineString",
    "coordinates": [
     [
      [
       12.54313,
       55.66676
      ],
      [
       12.54309,
       55.66669
      ]
     ]
    ]
   }
  },
  {
   "type": "Feature",
   "properties": {
    "element": "Dræn og rørledninger",
    "under_element": "Dræn"
   },
   "geometry": {
    "type": "MultiLineString",
    "coordinates": [
     [
      [
       12.54055,
       55.6666
      ],
      [
       12.54064,
       55.66658
      ]
     ]
    ]
   }
  },
  {
   "type": "Feature",
   "properties": {
    "element": "Dræn og rørledninger",
    "under_element": "Dræn"
   },
   "geometry": {
    "type": "MultiLineString",
    "coordinates": [
     [
      [
       12.54063,
       55.66673
      ],
      [
       12.54071,
       55.66672
      ]
     ]
    ]
   }
  },
  {
   "type": "Feature",
   "properties": {
    "element": "Dræn og rørledninger",
    "under_element": "Dræn"
   },
   "geometry": {
    "type": "MultiLineString",
    "coordinates": [
     [
      [
       12.54067,
       55.66681
      ],
      [
       12.54076,
       55.66679
      ]
     ]
    ]
   }
  },
  {
   "type": "Feature",
   "properties": {
    "element": "Dræn og rørledninger",
    "under_element": "Dræn",
    "byrumstype": "Parker"
   },
   "geometry": {
    "type": "MultiLineString",
    "coordinates": [
     [
      [
       12.54082,
       55.66707
      ],
      [
       12.54089,
       55.66706
      ]
     ]
    ]
   }
  },
  {
   "type": "Feature",
   "properties": {
    "element": "Dræn og rørledninger",
    "under_element": "Dræn",
    "byrumstype": "Parker"
   },
   "geometry": {
    "type": "MultiLineString",
    "coordinates": [
     [
      [
       12.5413,
       55.66799
      ],
      [
       12.54137,
       55.66798
      ]
     ]
    ]
   }
  },
  {
   "type": "Feature",
   "properties": {
    "element": "Dræn og rørledninger",
    "under_element": "Dræn",
    "byrumstype": "Parker"
   },
   "geometry": {
    "type": "MultiLineString",
    "coordinates": [
     [
      [
       12.54104,
       55.6675
      ],
      [
       12.54112,
       55.66749
      ]
     ]
    ]
   }
  },
  {
   "type": "Feature",
   "properties": {
    "element": "Dræn og rørledninger",
    "under_element": "Dræn",
    "byrumstype": "Parker"
   },
   "geometry": {
    "type": "MultiLineString",
    "coordinates": [
     [
      [
       12.54322,
       55.66668
      ],
      [
       12.54334,
       55.66676
      ]
     ]
    ]
   }
  },
  {
   "type": "Feature",
   "properties": {
    "element": "Dræn og rørledninger",
    "under_element": "Dræn",
    "byrumstype": "Parker"
   },
   "geometry": {
    "type": "MultiLineString",
    "coordinates": [
     [
      [
       12.54312,
       55.6662
      ],
      [
       12.54314,
       55.6662
      ]
     ]
    ]
   }
  },
  {
   "type": "Feature",
   "properties": {
    "element": "Dræn og rørledninger",
    "under_element": "Dræn",
    "byrumstype": "Parker"
   },
   "geometry": {
    "type": "MultiLineString",
    "coordinates": [
     [
      [
       12.54127,
       55.66685
      ],
      [
       12.54128,
       55.66686
      ]
     ]
    ]
   }
  },
  {
   "type": "Feature",
   "properties": {
    "element": "Dræn og rørledninger",
    "under_element": "Dræn",
    "byrumstype": "Parker"
   },
   "geometry": {
    "type": "MultiLineString",
    "coordinates": [
     [
      [
       12.5412,
       55.66687
      ],
      [
       12.54121,
       55.66687
      ]
     ]
    ]
   }
  },
  {
   "type": "Feature",
   "properties": {
    "element": "Dræn og rørledninger",
    "under_element": "Dræn",
    "byrumstype": "Parker"
   },
   "geometry": {
    "type": "MultiLineString",
    "coordinates": [
     [
      [
       12.54112,
       55.66688
      ],
      [
       12.54113,
       55.66688
      ]
     ]
    ]
   }
  },
  {
   "type": "Feature",
   "properties": {
    "element": "Dræn og rørledninger",
    "under_element": "Dræn",
    "byrumstype": "Parker"
   },
   "geometry": {
    "type": "MultiLineString",
    "coordinates": [
     [
      [
       12.54104,
       55.66689
      ],
      [
       12.54105,
       55.66689
      ]
     ]
    ]
   }
  },
  {
   "type": "Feature",
   "properties": {
    "element": "Dræn og rørledninger",
    "under_element": "Dræn",
    "byrumstype": "Haver"
   },
   "geometry": {
    "type": "MultiLineString",
    "coordinates": [
     [
      [
       12.5429,
       55.66656
      ],
      [
       12.54291,
       55.66663
      ]
     ]
    ]
   }
  },
  {
   "type": "Feature",
   "properties": {
    "element": "Dræn og rørledninger",
    "under_element": "Dræn",
    "byrumstype": "Haver"
   },
   "geometry": {
    "type": "MultiLineString",
    "coordinates": [
     [
      [
       12.54279,
       55.66637
      ],
      [
       12.54278,
       55.66641
      ]
     ]
    ]
   }
  },
  {
   "type": "Feature",
   "properties": {
    "element": "Dræn og rørledninger",
    "under_element": "Dræn",
    "byrumstype": "Haver"
   },
   "geometry": {
    "type": "MultiLineString",
    "coordinates": [
     [
      [
       12.54278,
       55.66645
      ],
      [
       12.54282,
       55.66653
      ]
     ]
    ]
   }
  },
  {
   "type": "Feature",
   "properties": {
    "element": "Dræn og rørledninger",
    "under_element": "Dræn",
    "byrumstype": "Haver"
   },
   "geometry": {
    "type": "MultiLineString",
    "coordinates": [
     [
      [
       12.54283,
       55.66655
      ],
      [
       12.5429,
       55.66663
      ]
     ]
    ]
   }
  },
  {
   "type": "Feature",
   "properties": {
    "element": "Dræn og rørledninger",
    "under_element": "Dræn",
    "byrumstype": "Haver"
   },
   "geometry": {
    "type": "MultiLineString",
    "coordinates": [
     [
      [
       12.54278,
       55.66641
      ],
      [
       12.54278,
       55.66642
      ],
      [
       12.54278,
       55.66642
      ],
      [
       12.54278,
       55.66643
      ],
      [
       12.54278,
       55.66644
      ],
      [
       12.54278,
       55.66644
      ],
      [
       12.54278,
       55.66645
      ],
      [
       12.54278,
       55.66645
      ]
     ]
    ]
   }
  },
  {
   "type": "Feature",
   "properties": {
    "element": "Dræn og rørledninger",
    "under_element": "Dræn",
    "byrumstype": "Haver"
   },
   "geometry": {
    "type": "MultiLineString",
    "coordinates": [
     [
      [
       12.54282,
       55.66653
      ],
      [
       12.54282,
       55.66654
      ],
      [
       12.54282,
       55.66654
      ],
      [
       12.54282,
       55.66655
      ],
      [
       12.54283,
       55.66655
      ]
     ]
    ]
   }
  },
  {
   "type": "Feature",
   "properties": {
    "element": "Dræn og rørledninger",
    "under_element": "Dræn",
    "byrumstype": "Haver"
   },
   "geometry": {
    "type": "MultiLineString",
    "coordinates": [
     [
      [
       12.54209,
       55.66666
      ],
      [
       12.54282,
       55.66655
      ]
     ]
    ]
   }
  },
  {
   "type": "Feature",
   "properties": {
    "element": "Dræn og rørledninger",
    "under_element": "Dræn",
    "byrumstype": "Haver"
   },
   "geometry": {
    "type": "MultiLineString",
    "coordinates": [
     [
      [
       12.54202,
       55.66651
      ],
      [
       12.54272,
       55.66642
      ]
     ]
    ]
   }
  },
  {
   "type": "Feature",
   "properties": {
    "element": "Dræn og rørledninger",
    "under_element": "Dræn",
    "byrumstype": "Haver"
   },
   "geometry": {
    "type": "MultiLineString",
    "coordinates": [
     [
      [
       12.54277,
       55.66642
      ],
      [
       12.54276,
       55.66642
      ],
      [
       12.54275,
       55.66642
      ],
      [
       12.54274,
       55.66642
      ],
      [
       12.54273,
       55.66642
      ],
      [
       12.54272,
       55.66642
      ]
     ]
    ]
   }
  },
  {
   "type": "Feature",
   "properties": {
    "element": "Dræn og rørledninger",
    "under_element": "Dræn",
    "byrumstype": "Haver"
   },
   "geometry": {
    "type": "MultiLineString",
    "coordinates": [
     [
      [
       12.54213,
       55.66657
      ],
      [
       12.54278,
       55.66647
      ]
     ]
    ]
   }
  },
  {
   "type": "Feature",
   "properties": {
    "element": "Dræn og rørledninger",
    "under_element": "Dræn",
    "byrumstype": "Haver"
   },
   "geometry": {
    "type": "MultiLineString",
    "coordinates": [
     [
      [
       12.54278,
       55.66647
      ],
      [
       12.54279,
       55.66648
      ]
     ]
    ]
   }
  },
  {
   "type": "Feature",
   "properties": {
    "element": "Dræn og rørledninger",
    "under_element": "Dræn",
    "byrumstype": "Haver"
   },
   "geometry": {
    "type": "MultiLineString",
    "coordinates": [
     [
      [
       12.54282,
       55.66655
      ],
      [
       12.54283,
       55.66655
      ]
     ]
    ]
   }
  },
  {
   "type": "Feature",
   "properties": {
    "element": "Dræn og rørledninger",
    "under_element": "Dræn",
    "byrumstype": "Haver"
   },
   "geometry": {
    "type": "MultiLineString",
    "coordinates": [
     [
      [
       12.54277,
       55.66642
      ],
      [
       12.54278,
       55.66642
      ]
     ]
    ]
   }
  },
  {
   "type": "Feature",
   "properties": {
    "element": "Dræn og rørledninger",
    "under_element": "Dræn",
    "byrumstype": "Parker"
   },
   "geometry": {
    "type": "MultiLineString",
    "coordinates": [
     [
      [
       12.54167,
       55.66715
      ],
      [
       12.5416,
       55.66703
      ]
     ]
    ]
   }
  },
  {
   "type": "Feature",
   "properties": {
    "element": "Dræn og rørledninger",
    "under_element": "Dræn",
    "byrumstype": "Parker"
   },
   "geometry": {
    "type": "MultiLineString",
    "coordinates": [
     [
      [
       12.54088,
       55.66736
      ],
      [
       12.54081,
       55.66724
      ],
      [
       12.54082,
       55.66724
      ],
      [
       12.54095,
       55.66721
      ],
      [
       12.54102,
       55.66733
      ],
      [
       12.54088,
       55.66736
      ]
     ]
    ]
   }
  },
  {
   "type": "Feature",
   "properties": {
    "element": "Dræn og rørledninger",
    "under_element": "Dræn",
    "byrumstype": "Parker"
   },
   "geometry": {
    "type": "MultiLineString",
    "coordinates": [
     [
      [
       12.54175,
       55.66728
      ],
      [
       12.54168,
       55.66715
      ]
     ]
    ]
   }
  },
  {
   "type": "Feature",
   "properties": {
    "element": "Dræn og rørledninger",
    "under_element": "Dræn",
    "byrumstype": "Parker"
   },
   "geometry": {
    "type": "MultiLineString",
    "coordinates": [
     [
      [
       12.54076,
       55.66727
      ],
      [
       12.54076,
       55.66727
      ],
      [
       12.54076,
       55.66726
      ],
      [
       12.54075,
       55.66725
      ]
     ]
    ]
   }
  },
  {
   "type": "Feature",
   "properties": {
    "element": "Dræn og rørledninger",
    "under_element": "Rørledning",
    "byrumstype": "Parker"
   },
   "geometry": {
    "type": "MultiLineString",
    "coordinates": [
     [
      [
       12.54081,
       55.70509
      ],
      [
       12.54077,
       55.70509
      ]
     ]
    ]
   }
  },
  {
   "type": "Feature",
   "properties": {
    "element": "Dræn og rørledninger",
    "under_element": "Dræn",
    "byrumstype": "Parker"
   },
   "geometry": {
    "type": "MultiLineString",
    "coordinates": [
     [
      [
       12.54075,
       55.66725
      ],
      [
       12.5407,
       55.66726
      ]
     ]
    ]
   }
  },
  {
   "type": "Feature",
   "properties": {
    "element": "Dræn og rørledninger",
    "under_element": "Dræn",
    "byrumstype": "Parker"
   },
   "geometry": {
    "type": "MultiLineString",
    "coordinates": [
     [
      [
       12.5407,
       55.66726
      ],
      [
       12.54071,
       55.66727
      ],
      [
       12.54071,
       55.66728
      ],
      [
       12.54071,
       55.66728
      ],
      [
       12.54072,
       55.66729
      ]
     ]
    ]
   }
  },
  {
   "type": "Feature",
   "properties": {
    "element": "Dræn og rørledninger",
    "under_element": "Dræn",
    "byrumstype": "Parker"
   },
   "geometry": {
    "type": "MultiLineString",
    "coordinates": [
     [
      [
       12.54072,
       55.66729
      ],
      [
       12.54076,
       55.66728
      ],
      [
       12.54076,
       55.66728
      ]
     ]
    ]
   }
  },
  {
   "type": "Feature",
   "properties": {
    "element": "Dræn og rørledninger",
    "under_element": "Dræn",
    "byrumstype": "Parker"
   },
   "geometry": {
    "type": "MultiLineString",
    "coordinates": [
     [
      [
       12.54076,
       55.66727
      ],
      [
       12.54071,
       55.66728
      ]
     ]
    ]
   }
  },
  {
   "type": "Feature",
   "properties": {
    "element": "Dræn og rørledninger",
    "under_element": "Dræn",
    "byrumstype": "Parker"
   },
   "geometry": {
    "type": "MultiLineString",
    "coordinates": [
     [
      [
       12.54076,
       55.66727
      ],
      [
       12.54071,
       55.66728
      ]
     ]
    ]
   }
  },
  {
   "type": "Feature",
   "properties": {
    "element": "Dræn og rørledninger",
    "under_element": "Dræn",
    "byrumstype": "Parker"
   },
   "geometry": {
    "type": "MultiLineString",
    "coordinates": [
     [
      [
       12.54076,
       55.66726
      ],
      [
       12.54071,
       55.66727
      ]
     ]
    ]
   }
  },
  {
   "type": "Feature",
   "properties": {
    "element": "Dræn og rørledninger",
    "under_element": "Dræn",
    "byrumstype": "Parker"
   },
   "geometry": {
    "type": "MultiLineString",
    "coordinates": [
     [
      [
       12.54075,
       55.66736
      ],
      [
       12.54075,
       55.66735
      ],
      [
       12.54075,
       55.66735
      ]
     ]
    ]
   }
  },
  {
   "type": "Feature",
   "properties": {
    "element": "Dræn og rørledninger",
    "under_element": "Dræn",
    "byrumstype": "Parker"
   },
   "geometry": {
    "type": "MultiLineString",
    "coordinates": [
     [
      [
       12.54075,
       55.66735
      ],
      [
       12.5408,
       55.66734
      ]
     ]
    ]
   }
  },
  {
   "type": "Feature",
   "properties": {
    "element": "Dræn og rørledninger",
    "under_element": "Dræn",
    "byrumstype": "Parker"
   },
   "geometry": {
    "type": "MultiLineString",
    "coordinates": [
     [
      [
       12.5408,
       55.66735
      ],
      [
       12.5408,
       55.66734
      ],
      [
       12.5408,
       55.66734
      ]
     ]
    ]
   }
  },
  {
   "type": "Feature",
   "properties": {
    "element": "Dræn og rørledninger",
    "under_element": "Dræn",
    "byrumstype": "Parker"
   },
   "geometry": {
    "type": "MultiLineString",
    "coordinates": [
     [
      [
       12.5408,
       55.66735
      ],
      [
       12.54075,
       55.66736
      ]
     ]
    ]
   }
  },
  {
   "type": "Feature",
   "properties": {
    "element": "Dræn og rørledninger",
    "under_element": "Dræn",
    "byrumstype": "Parker"
   },
   "geometry": {
    "type": "MultiLineString",
    "coordinates": [
     [
      [
       12.54075,
       55.66735
      ],
      [
       12.5408,
       55.66734
      ]
     ]
    ]
   }
  },
  {
   "type": "Feature",
   "properties": {
    "element": "Dræn og rørledninger",
    "under_element": "Dræn",
    "byrumstype": "Parker"
   },
   "geometry": {
    "type": "MultiLineString",
    "coordinates": [
     [
      [
       12.5414,
       55.66803
      ],
      [
       12.54112,
       55.66749
      ]
     ]
    ]
   }
  },
  {
   "type": "Feature",
   "properties": {
    "element": "Dræn og rørledninger",
    "under_element": "Dræn"
   },
   "geometry": {
    "type": "MultiLineString",
    "coordinates": [
     [
      [
       12.52867,
       55.64809
      ],
      [
       12.52865,
       55.64802
      ],
      [
       12.52867,
       55.64794
      ],
      [
       12.52868,
       55.64794
      ],
      [
       12.52873,
       55.64788
      ],
      [
       12.52878,
       55.64784
      ],
      [
       12.52881,
       55.64779
      ],
      [
       12.52877,
       55.6477
      ],
      [
       12.52875,
       55.64762
      ],
      [
       12.52874,
       55.64752
      ],
      [
       12.52864,
       55.64745
      ],
      [
       12.52866,
       55.64737
      ],
      [
       12.52877,
       55.6473
      ],
      [
       12.52887,
       55.64724
      ],
      [
       12.5289,
       55.6472
      ],
      [
       12.52887,
       55.64714
      ],
      [
       12.52885,
       55.64711
      ],
      [
       12.52884,
       55.64707
      ],
      [
       12.52886,
       55.64703
      ],
      [
       12.52896,
       55.64695
      ],
      [
       12.52901,
       55.64684
      ],
      [
       12.52902,
       55.64684
      ]
     ],
     [
      [
       12.52895,
       55.64684
      ],
      [
       12.52878,
       55.64702
      ]
     ],
     [
      [
       12.52895,
       55.64684
      ],
      [
       12.52878,
       55.64683
      ]
     ],
     [
      [
       12.52902,
       55.64684
      ],
      [
       12.52895,
       55.64684
      ]
     ],
     [
      [
       12.52902,
       55.64684
      ],
      [
       12.52904,
       55.64678
      ],
      [
       12.52906,
       55.64674
      ],
      [
       12.52912,
       55.64673
      ],
      [
       12.52916,
       55.64669
      ],
      [
       12.52916,
       55.64665
      ],
      [
       12.52916,
       55.64661
      ],
      [
       12.5291,
       55.64651
      ],
      [
       12.5291,
       55.64646
      ],
      [
       12.52911,
       55.64641
      ],
      [
       12.52914,
       55.64637
      ],
      [
       12.52918,
       55.64634
      ],
      [
       12.52926,
       55.6463
      ],
      [
       12.52937,
       55.64626
      ],
      [
       12.52949,
       55.64625
      ]
     ]
    ]
   }
  },
  {
   "type": "Feature",
   "properties": {
    "element": "Dræn og rørledninger",
    "under_element": "Dræn",
    "byrumstype": "Parker"
   },
   "geometry": {
    "type": "MultiLineString",
    "coordinates": [
     [
      [
       12.52915,
       55.64609
      ],
      [
       12.52928,
       55.64604
      ],
      [
       12.52945,
       55.64597
      ]
     ],
     [
      [
       12.52945,
       55.64597
      ],
      [
       12.52947,
       55.64609
      ],
      [
       12.52944,
       55.6462
      ],
      [
       12.52937,
       55.64626
      ]
     ],
     [
      [
       12.52938,
       55.64596
      ],
      [
       12.52945,
       55.64597
      ]
     ]
    ]
   }
  },
  {
   "type": "Feature",
   "properties": {
    "element": "Dræn og rørledninger",
    "under_element": "Rørledning",
    "byrumstype": "Parker"
   },
   "geometry": {
    "type": "MultiLineString",
    "coordinates": [
     [
      [
       12.56776,
       55.68225
      ],
      [
       12.56767,
       55.68214
      ]
     ]
    ]
   }
  },
  {
   "type": "Feature",
   "properties": {
    "element": "Dræn og rørledninger",
    "under_element": "Rørledning",
    "byrumstype": "Gader og pladser"
   },
   "geometry": {
    "type": "MultiLineString",
    "coordinates": [
     [
      [
       12.56869,
       55.71005
      ],
      [
       12.56875,
       55.71006
      ]
     ]
    ]
   }
  },
  {
   "type": "Feature",
   "properties": {
    "element": "Dræn og rørledninger",
    "under_element": "Rørledning",
    "byrumstype": "Gader og pladser"
   },
   "geometry": {
    "type": "MultiLineString",
    "coordinates": [
     [
      [
       12.56848,
       55.71004
      ],
      [
       12.56853,
       55.71005
      ]
     ]
    ]
   }
  },
  {
   "type": "Feature",
   "properties": {
    "element": "Dræn og rørledninger",
    "under_element": "Rørledning",
    "byrumstype": "Gader og pladser"
   },
   "geometry": {
    "type": "MultiLineString",
    "coordinates": [
     [
      [
       12.56846,
       55.7101
      ],
      [
       12.56851,
       55.7101
      ]
     ]
    ]
   }
  },
  {
   "type": "Feature",
   "properties": {
    "element": "Dræn og rørledninger",
    "under_element": "Rørledning",
    "byrumstype": "Gader og pladser"
   },
   "geometry": {
    "type": "MultiLineString",
    "coordinates": [
     [
      [
       12.56868,
       55.71009
      ],
      [
       12.56873,
       55.71009
      ]
     ]
    ]
   }
  },
  {
   "type": "Feature",
   "properties": {
    "element": "Dræn og rørledninger",
    "under_element": "Rørledning",
    "byrumstype": "Gader og pladser"
   },
   "geometry": {
    "type": "MultiLineString",
    "coordinates": [
     [
      [
       12.56869,
       55.71007
      ],
      [
       12.56874,
       55.71008
      ]
     ]
    ]
   }
  },
  {
   "type": "Feature",
   "properties": {
    "element": "Dræn og rørledninger",
    "under_element": "Rørledning",
    "byrumstype": "Gader og pladser"
   },
   "geometry": {
    "type": "MultiLineString",
    "coordinates": [
     [
      [
       12.56847,
       55.71008
      ],
      [
       12.56852,
       55.71008
      ]
     ]
    ]
   }
  },
  {
   "type": "Feature",
   "properties": {
    "element": "Dræn og rørledninger",
    "under_element": "Rørledning",
    "byrumstype": "Parker"
   },
   "geometry": {
    "type": "MultiLineString",
    "coordinates": [
     [
      [
       12.49123,
       55.68004
      ],
      [
       12.4912,
       55.67995
      ]
     ]
    ]
   }
  },
  {
   "type": "Feature",
   "properties": {
    "element": "Dræn og rørledninger",
    "under_element": "Rørledning",
    "byrumstype": "Parker"
   },
   "geometry": {
    "type": "MultiLineString",
    "coordinates": [
     [
      [
       12.49735,
       55.68516
      ],
      [
       12.49748,
       55.68527
      ]
     ]
    ]
   }
  },
  {
   "type": "Feature",
   "properties": {
    "element": "Dræn og rørledninger",
    "under_element": "Rørledning",
    "byrumstype": "Parker"
   },
   "geometry": {
    "type": "MultiLineString",
    "coordinates": [
     [
      [
       12.50029,
       55.68669
      ],
      [
       12.50029,
       55.68669
      ],
      [
       12.50058,
       55.68689
      ]
     ]
    ]
   }
  },
  {
   "type": "Feature",
   "properties": {
    "element": "Dræn og rørledninger",
    "under_element": "Rørledning",
    "byrumstype": "Parker"
   },
   "geometry": {
    "type": "MultiLineString",
    "coordinates": [
     [
      [
       12.53974,
       55.70415
      ],
      [
       12.53967,
       55.70414
      ]
     ]
    ]
   }
  },
  {
   "type": "Feature",
   "properties": {
    "element": "Dræn og rørledninger",
    "under_element": "Rørledning",
    "byrumstype": "Parker"
   },
   "geometry": {
    "type": "MultiLineString",
    "coordinates": [
     [
      [
       12.53974,
       55.70415
      ],
      [
       12.53991,
       55.70431
      ]
     ]
    ]
   }
  },
  {
   "type": "Feature",
   "properties": {
    "element": "Dræn og rørledninger",
    "under_element": "Rørledning"
   },
   "geometry": {
    "type": "MultiLineString",
    "coordinates": [
     [
      [
       12.54019,
       55.70468
      ],
      [
       12.54003,
       55.70468
      ],
      [
       12.53987,
       55.70472
      ]
     ]
    ]
   }
  },
  {
   "type": "Feature",
   "properties": {
    "element": "Dræn og rørledninger",
    "under_element": "Rørledning",
    "byrumstype": "Parker"
   },
   "geometry": {
    "type": "MultiLineString",
    "coordinates": [
     [
      [
       12.53991,
       55.70431
      ],
      [
       12.53988,
       55.70431
      ],
      [
       12.53985,
       55.70432
      ]
     ]
    ]
   }
  },
  {
   "type": "Feature",
   "properties": {
    "element": "Dræn og rørledninger",
    "under_element": "Rørledning"
   },
   "geometry": {
    "type": "MultiLineString",
    "coordinates": [
     [
      [
       12.5403,
       55.70466
      ],
      [
       12.54017,
       55.70481
      ],
      [
       12.53991,
       55.70489
      ]
     ]
    ]
   }
  },
  {
   "type": "Feature",
   "properties": {
    "element": "Dræn og rørledninger",
    "under_element": "Rørledning",
    "byrumstype": "Parker"
   },
   "geometry": {
    "type": "MultiLineString",
    "coordinates": [
     [
      [
       12.53991,
       55.70431
      ],
      [
       12.53996,
       55.70436
      ],
      [
       12.54011,
       55.70442
      ]
     ]
    ]
   }
  },
  {
   "type": "Feature",
   "properties": {
    "element": "Dræn og rørledninger",
    "under_element": "Rørledning",
    "byrumstype": "Parker"
   },
   "geometry": {
    "type": "MultiLineString",
    "coordinates": [
     [
      [
       12.53999,
       55.70461
      ],
      [
       12.54011,
       55.70442
      ]
     ]
    ]
   }
  },
  {
   "type": "Feature",
   "properties": {
    "element": "Dræn og rørledninger",
    "under_element": "Rørledning",
    "byrumstype": "Parker"
   },
   "geometry": {
    "type": "MultiLineString",
    "coordinates": [
     [
      [
       12.5401,
       55.70464
      ],
      [
       12.54019,
       55.70468
      ]
     ]
    ]
   }
  },
  {
   "type": "Feature",
   "properties": {
    "element": "Dræn og rørledninger",
    "under_element": "Rørledning",
    "byrumstype": "Haver"
   },
   "geometry": {
    "type": "MultiLineString",
    "coordinates": [
     [
      [
       12.54307,
       55.6665
      ],
      [
       12.54306,
       55.66647
      ]
     ]
    ]
   }
  },
  {
   "type": "Feature",
   "properties": {
    "element": "Dræn og rørledninger",
    "under_element": "Rørledning",
    "byrumstype": "Haver"
   },
   "geometry": {
    "type": "MultiLineString",
    "coordinates": [
     [
      [
       12.54305,
       55.66645
      ],
      [
       12.54304,
       55.66643
      ]
     ]
    ]
   }
  },
  {
   "type": "Feature",
   "properties": {
    "element": "Dræn og rørledninger",
    "under_element": "Rørledning",
    "byrumstype": "Parker"
   },
   "geometry": {
    "type": "MultiLineString",
    "coordinates": [
     [
      [
       12.54313,
       55.66685
      ],
      [
       12.54313,
       55.66685
      ],
      [
       12.54313,
       55.66685
      ],
      [
       12.54313,
       55.66685
      ],
      [
       12.54313,
       55.66685
      ],
      [
       12.54313,
       55.66685
      ],
      [
       12.54313,
       55.66685
      ],
      [
       12.54313,
       55.66685
      ],
      [
       12.54313,
       55.66685
      ],
      [
       12.54314,
       55.66685
      ],
      [
       12.54314,
       55.66685
      ],
      [
       12.54314,
       55.66685
      ],
      [
       12.54314,
       55.66685
      ],
      [
       12.54314,
       55.66685
      ]
     ]
    ]
   }
  },
  {
   "type": "Feature",
   "properties": {
    "element": "Dræn og rørledninger",
    "under_element": "Rørledning"
   },
   "geometry": {
    "type": "MultiLineString",
    "coordinates": [
     [
      [
       12.54315,
       55.66621
      ],
      [
       12.54316,
       55.6662
      ]
     ]
    ]
   }
  },
  {
   "type": "Feature",
   "properties": {
    "element": "Dræn og rørledninger",
    "under_element": "Rørledning",
    "byrumstype": "Parker"
   },
   "geometry": {
    "type": "MultiLineString",
    "coordinates": [
     [
      [
       12.54044,
       55.66647
      ],
      [
       12.54046,
       55.66652
      ],
      [
       12.54066,
       55.66688
      ],
      [
       12.54082,
       55.66719
      ]
     ]
    ]
   }
  },
  {
   "type": "Feature",
   "properties": {
    "element": "Dræn og rørledninger",
    "under_element": "Rørledning",
    "byrumstype": "Parker"
   },
   "geometry": {
    "type": "MultiLineString",
    "coordinates": [
     [
      [
       12.54093,
       55.6674
      ],
      [
       12.541,
       55.66753
      ],
      [
       12.54117,
       55.66785
      ],
      [
       12.54126,
       55.66798
      ],
      [
       12.54129,
       55.66802
      ],
      [
       12.54131,
       55.66812
      ]
     ]
    ]
   }
  },
  {
   "type": "Feature",
   "properties": {
    "element": "Dræn og rørledninger",
    "under_element": "Rørledning",
    "byrumstype": "Parker"
   },
   "geometry": {
    "type": "MultiLineString",
    "coordinates": [
     [
      [
       12.54079,
       55.66729
      ],
      [
       12.54078,
       55.66729
      ]
     ]
    ]
   }
  },
  {
   "type": "Feature",
   "properties": {
    "element": "Dræn og rørledninger",
    "under_element": "Rørledning",
    "byrumstype": "Parker"
   },
   "geometry": {
    "type": "MultiLineString",
    "coordinates": [
     [
      [
       12.5408,
       55.6673
      ],
      [
       12.54086,
       55.66741
      ]
     ]
    ]
   }
  },
  {
   "type": "Feature",
   "properties": {
    "element": "Dræn og rørledninger",
    "under_element": "Rørledning",
    "byrumstype": "Parker"
   },
   "geometry": {
    "type": "MultiLineString",
    "coordinates": [
     [
      [
       12.54078,
       55.6673
      ],
      [
       12.5408,
       55.6673
      ]
     ]
    ]
   }
  },
  {
   "type": "Feature",
   "properties": {
    "element": "Dræn og rørledninger",
    "under_element": "Rørledning",
    "byrumstype": "Parker"
   },
   "geometry": {
    "type": "MultiLineString",
    "coordinates": [
     [
      [
       12.54086,
       55.66741
      ],
      [
       12.54093,
       55.6674
      ]
     ]
    ]
   }
  },
  {
   "type": "Feature",
   "properties": {
    "element": "Dræn og rørledninger",
    "under_element": "Rørledning"
   },
   "geometry": {
    "type": "MultiLineString",
    "coordinates": [
     [
      [
       12.6235,
       55.66792
      ],
      [
       12.62359,
       55.66787
      ]
     ]
    ]
   }
  },
  {
   "type": "Feature",
   "properties": {
    "element": "Dræn og rørledninger",
    "under_element": "Rørledning"
   },
   "geometry": {
    "type": "MultiLineString",
    "coordinates": [
     [
      [
       12.62235,
       55.66845
      ],
      [
       12.62217,
       55.6685
      ]
     ]
    ]
   }
  },
  {
   "type": "Feature",
   "properties": {
    "element": "Dræn og rørledninger",
    "under_element": "Rørledning"
   },
   "geometry": {
    "type": "MultiLineString",
    "coordinates": [
     [
      [
       12.62441,
       55.66717
      ],
      [
       12.62444,
       55.66713
      ]
     ]
    ]
   }
  },
  {
   "type": "Feature",
   "properties": {
    "element": "Dræn og rørledninger",
    "under_element": "Rørledning",
    "byrumstype": "Parker"
   },
   "geometry": {
    "type": "MultiLineString",
    "coordinates": [
     [
      [
       12.54019,
       55.70468
      ],
      [
       12.54011,
       55.70475
      ]
     ]
    ]
   }
  },
  {
   "type": "Feature",
   "properties": {
    "element": "Dræn og rørledninger",
    "under_element": "Rørledning"
   },
   "geometry": {
    "type": "MultiLineString",
    "coordinates": [
     [
      [
       12.62524,
       55.66624
      ],
      [
       12.62528,
       55.66619
      ]
     ]
    ]
   }
  },
  {
   "type": "Feature",
   "properties": {
    "element": "Dræn og rørledninger",
    "under_element": "Rørledning"
   },
   "geometry": {
    "type": "MultiLineString",
    "coordinates": [
     [
      [
       12.6261,
       55.66523
      ],
      [
       12.62617,
       55.66515
      ]
     ]
    ]
   }
  },
  {
   "type": "Feature",
   "properties": {
    "element": "Dræn og rørledninger",
    "under_element": "Rørledning",
    "byrumstype": "Parker"
   },
   "geometry": {
    "type": "MultiLineString",
    "coordinates": [
     [
      [
       12.5403,
       55.70466
      ],
      [
       12.54012,
       55.70457
      ]
     ]
    ]
   }
  },
  {
   "type": "Feature",
   "properties": {
    "element": "Dræn og rørledninger",
    "under_element": "Rørledning",
    "byrumstype": "Parker"
   },
   "geometry": {
    "type": "MultiLineString",
    "coordinates": [
     [
      [
       12.54011,
       55.70442
      ],
      [
       12.54016,
       55.70444
      ]
     ]
    ]
   }
  },
  {
   "type": "Feature",
   "properties": {
    "element": "Dræn og rørledninger",
    "under_element": "Rørledning",
    "byrumstype": "Parker"
   },
   "geometry": {
    "type": "MultiLineString",
    "coordinates": [
     [
      [
       12.54016,
       55.70444
      ],
      [
       12.54013,
       55.70445
      ]
     ]
    ]
   }
  },
  {
   "type": "Feature",
   "properties": {
    "element": "Dræn og rørledninger",
    "under_element": "Rørledning",
    "byrumstype": "Parker"
   },
   "geometry": {
    "type": "MultiLineString",
    "coordinates": [
     [
      [
       12.54016,
       55.70444
      ],
      [
       12.54041,
       55.7045
      ]
     ]
    ]
   }
  },
  {
   "type": "Feature",
   "properties": {
    "element": "Dræn og rørledninger",
    "under_element": "Rørledning",
    "byrumstype": "Parker"
   },
   "geometry": {
    "type": "MultiLineString",
    "coordinates": [
     [
      [
       12.54023,
       55.7047
      ],
      [
       12.54019,
       55.70468
      ]
     ]
    ]
   }
  },
  {
   "type": "Feature",
   "properties": {
    "element": "Dræn og rørledninger",
    "under_element": "Rørledning",
    "byrumstype": "Parker"
   },
   "geometry": {
    "type": "MultiLineString",
    "coordinates": [
     [
      [
       12.5403,
       55.70466
      ],
      [
       12.54019,
       55.70468
      ]
     ]
    ]
   }
  },
  {
   "type": "Feature",
   "properties": {
    "element": "Dræn og rørledninger",
    "under_element": "Rørledning",
    "byrumstype": "Parker"
   },
   "geometry": {
    "type": "MultiLineString",
    "coordinates": [
     [
      [
       12.54024,
       55.70484
      ],
      [
       12.5403,
       55.70466
      ]
     ]
    ]
   }
  },
  {
   "type": "Feature",
   "properties": {
    "element": "Dræn og rørledninger",
    "under_element": "Rørledning",
    "byrumstype": "Parker"
   },
   "geometry": {
    "type": "MultiLineString",
    "coordinates": [
     [
      [
       12.5403,
       55.70456
      ],
      [
       12.5403,
       55.70466
      ]
     ]
    ]
   }
  },
  {
   "type": "Feature",
   "properties": {
    "element": "Dræn og rørledninger",
    "under_element": "Rørledning",
    "byrumstype": "Parker"
   },
   "geometry": {
    "type": "MultiLineString",
    "coordinates": [
     [
      [
       12.54054,
       55.7046
      ],
      [
       12.5403,
       55.70466
      ]
     ]
    ]
   }
  },
  {
   "type": "Feature",
   "properties": {
    "element": "Dræn og rørledninger",
    "under_element": "Rørledning",
    "byrumstype": "Parker"
   },
   "geometry": {
    "type": "MultiLineString",
    "coordinates": [
     [
      [
       12.4738,
       55.70645
      ],
      [
       12.47387,
       55.7064
      ],
      [
       12.47382,
       55.70626
      ]
     ]
    ]
   }
  },
  {
   "type": "Feature",
   "properties": {
    "element": "Dræn og rørledninger",
    "under_element": "Rørledning",
    "byrumstype": "Parker"
   },
   "geometry": {
    "type": "MultiLineString",
    "coordinates": [
     [
      [
       12.4735,
       55.70686
      ],
      [
       12.47352,
       55.70688
      ],
      [
       12.47368,
       55.70697
      ],
      [
       12.4738,
       55.70709
      ],
      [
       12.47388,
       55.70705
      ],
      [
       12.47391,
       55.70705
      ]
     ]
    ]
   }
  },
  {
   "type": "Feature",
   "properties": {
    "element": "Dræn og rørledninger",
    "under_element": "Rørledning",
    "byrumstype": "Parker"
   },
   "geometry": {
    "type": "MultiLineString",
    "coordinates": [
     [
      [
       12.47379,
       55.70699
      ],
      [
       12.47387,
       55.70703
      ]
     ]
    ]
   }
  },
  {
   "type": "Feature",
   "properties": {
    "element": "Dræn og rørledninger",
    "under_element": "Rørledning",
    "byrumstype": "Parker"
   },
   "geometry": {
    "type": "MultiLineString",
    "coordinates": [
     [
      [
       12.47404,
       55.70699
      ],
      [
       12.47393,
       55.70705
      ]
     ]
    ]
   }
  },
  {
   "type": "Feature",
   "properties": {
    "element": "Dræn og rørledninger",
    "under_element": "Rørledning",
    "byrumstype": "Parker"
   },
   "geometry": {
    "type": "MultiLineString",
    "coordinates": [
     [
      [
       12.47407,
       55.707
      ],
      [
       12.47398,
       55.70706
      ]
     ]
    ]
   }
  },
  {
   "type": "Feature",
   "properties": {
    "element": "Dræn og rørledninger",
    "under_element": "Rørledning",
    "byrumstype": "Parker"
   },
   "geometry": {
    "type": "MultiLineString",
    "coordinates": [
     [
      [
       12.47398,
       55.70709
      ],
      [
       12.47423,
       55.70722
      ],
      [
       12.47423,
       55.70725
      ]
     ]
    ]
   }
  },
  {
   "type": "Feature",
   "properties": {
    "element": "Dræn og rørledninger",
    "under_element": "Rørledning",
    "byrumstype": "Parker"
   },
   "geometry": {
    "type": "MultiLineString",
    "coordinates": [
     [
      [
       12.47415,
       55.70732
      ],
      [
       12.47407,
       55.70734
      ],
      [
       12.47394,
       55.70749
      ],
      [
       12.47381,
       55.70767
      ],
      [
       12.47375,
       55.70774
      ]
     ]
    ]
   }
  },
  {
   "type": "Feature",
   "properties": {
    "element": "Dræn og rørledninger",
    "under_element": "Rørledning",
    "byrumstype": "Parker"
   },
   "geometry": {
    "type": "MultiLineString",
    "coordinates": [
     [
      [
       12.47394,
       55.70749
      ],
      [
       12.47403,
       55.70746
      ],
      [
       12.47405,
       55.70745
      ]
     ]
    ]
   }
  },
  {
   "type": "Feature",
   "properties": {
    "element": "Dræn og rørledninger",
    "under_element": "Rørledning",
    "byrumstype": "Parker"
   },
   "geometry": {
    "type": "MultiLineString",
    "coordinates": [
     [
      [
       12.47449,
       55.70728
      ],
      [
       12.47454,
       55.70716
      ]
     ]
    ]
   }
  },
  {
   "type": "Feature",
   "properties": {
    "element": "Dræn og rørledninger",
    "under_element": "Rørledning",
    "byrumstype": "Parker"
   },
   "geometry": {
    "type": "MultiLineString",
    "coordinates": [
     [
      [
       12.54041,
       55.7045
      ],
      [
       12.54031,
       55.70452
      ],
      [
       12.5403,
       55.70454
      ]
     ]
    ]
   }
  },
  {
   "type": "Feature",
   "properties": {
    "element": "Dræn og rørledninger",
    "under_element": "Rørledning",
    "byrumstype": "Parker"
   },
   "geometry": {
    "type": "MultiLineString",
    "coordinates": [
     [
      [
       12.54052,
       55.70494
      ],
      [
       12.54038,
       55.70494
      ]
     ]
    ]
   }
  },
  {
   "type": "Feature",
   "properties": {
    "element": "Dræn og rørledninger",
    "under_element": "Rørledning",
    "byrumstype": "Haver"
   },
   "geometry": {
    "type": "MultiLineString",
    "coordinates": [
     [
      [
       12.54309,
       55.66653
      ],
      [
       12.54322,
       55.66651
      ]
     ]
    ]
   }
  },
  {
   "type": "Feature",
   "properties": {
    "element": "Dræn og rørledninger",
    "under_element": "Rørledning",
    "byrumstype": "Haver"
   },
   "geometry": {
    "type": "MultiLineString",
    "coordinates": [
     [
      [
       12.54302,
       55.6664
      ],
      [
       12.54314,
       55.66638
      ]
     ]
    ]
   }
  },
  {
   "type": "Feature",
   "properties": {
    "element": "Dræn og rørledninger",
    "under_element": "Rørledning",
    "byrumstype": "Haver"
   },
   "geometry": {
    "type": "MultiLineString",
    "coordinates": [
     [
      [
       12.543,
       55.66635
      ],
      [
       12.54312,
       55.66634
      ]
     ]
    ]
   }
  },
  {
   "type": "Feature",
   "properties": {
    "element": "Dræn og rørledninger",
    "under_element": "Rørledning",
    "byrumstype": "Haver"
   },
   "geometry": {
    "type": "MultiLineString",
    "coordinates": [
     [
      [
       12.543,
       55.66636
      ],
      [
       12.54312,
       55.66635
      ]
     ]
    ]
   }
  },
  {
   "type": "Feature",
   "properties": {
    "element": "Dræn og rørledninger",
    "under_element": "Rørledning",
    "byrumstype": "Haver"
   },
   "geometry": {
    "type": "MultiLineString",
    "coordinates": [
     [
      [
       12.54315,
       55.66637
      ],
      [
       12.54314,
       55.66635
      ]
     ]
    ]
   }
  },
  {
   "type": "Feature",
   "properties": {
    "element": "Dræn og rørledninger",
    "under_element": "Rørledning",
    "byrumstype": "Haver"
   },
   "geometry": {
    "type": "MultiLineString",
    "coordinates": [
     [
      [
       12.54318,
       55.66641
      ],
      [
       12.54316,
       55.66639
      ]
     ]
    ]
   }
  },
  {
   "type": "Feature",
   "properties": {
    "element": "Dræn og rørledninger",
    "under_element": "Rørledning",
    "byrumstype": "Haver"
   },
   "geometry": {
    "type": "MultiLineString",
    "coordinates": [
     [
      [
       12.5432,
       55.66645
      ],
      [
       12.54319,
       55.66643
      ]
     ]
    ]
   }
  },
  {
   "type": "Feature",
   "properties": {
    "element": "Dræn og rørledninger",
    "under_element": "Rørledning",
    "byrumstype": "Haver"
   },
   "geometry": {
    "type": "MultiLineString",
    "coordinates": [
     [
      [
       12.54164,
       55.66655
      ],
      [
       12.54166,
       55.66654
      ]
     ]
    ]
   }
  },
  {
   "type": "Feature",
   "properties": {
    "element": "Dræn og rørledninger",
    "under_element": "Rørledning",
    "byrumstype": "Haver"
   },
   "geometry": {
    "type": "MultiLineString",
    "coordinates": [
     [
      [
       12.54165,
       55.66656
      ],
      [
       12.54166,
       55.66655
      ]
     ]
    ]
   }
  },
  {
   "type": "Feature",
   "properties": {
    "element": "Dræn og rørledninger",
    "under_element": "Rørledning",
    "byrumstype": "Haver"
   },
   "geometry": {
    "type": "MultiLineString",
    "coordinates": [
     [
      [
       12.54167,
       55.66656
      ],
      [
       12.54166,
       55.66654
      ]
     ]
    ]
   }
  },
  {
   "type": "Feature",
   "properties": {
    "element": "Dræn og rørledninger",
    "under_element": "Rørledning"
   },
   "geometry": {
    "type": "MultiLineString",
    "coordinates": [
     [
      [
       12.54042,
       55.66649
      ],
      [
       12.54036,
       55.66638
      ]
     ]
    ]
   }
  },
  {
   "type": "Feature",
   "properties": {
    "element": "Dræn og rørledninger",
    "under_element": "Rørledning",
    "byrumstype": "Parker"
   },
   "geometry": {
    "type": "MultiLineString",
    "coordinates": [
     [
      [
       12.54319,
       55.66619
      ],
      [
       12.54323,
       55.66616
      ],
      [
       12.54325,
       55.66614
      ]
     ]
    ]
   }
  },
  {
   "type": "Feature",
   "properties": {
    "element": "Dræn og rørledninger",
    "under_element": "Rørledning"
   },
   "geometry": {
    "type": "MultiLineString",
    "coordinates": [
     [
      [
       12.54318,
       55.66612
      ],
      [
       12.54318,
       55.66603
      ]
     ]
    ]
   }
  },
  {
   "type": "Feature",
   "properties": {
    "element": "Dræn og rørledninger",
    "under_element": "Rørledning",
    "byrumstype": "Parker"
   },
   "geometry": {
    "type": "MultiLineString",
    "coordinates": [
     [
      [
       12.54041,
       55.7045
      ],
      [
       12.54054,
       55.7046
      ]
     ]
    ]
   }
  },
  {
   "type": "Feature",
   "properties": {
    "element": "Dræn og rørledninger",
    "under_element": "Rørledning",
    "byrumstype": "Parker"
   },
   "geometry": {
    "type": "MultiLineString",
    "coordinates": [
     [
      [
       12.54041,
       55.7045
      ],
      [
       12.54062,
       55.70441
      ]
     ]
    ]
   }
  },
  {
   "type": "Feature",
   "properties": {
    "element": "Dræn og rørledninger",
    "under_element": "Rørledning",
    "byrumstype": "Parker"
   },
   "geometry": {
    "type": "MultiLineString",
    "coordinates": [
     [
      [
       12.54045,
       55.7048
      ],
      [
       12.54052,
       55.70494
      ]
     ]
    ]
   }
  },
  {
   "type": "Feature",
   "properties": {
    "element": "Dræn og rørledninger",
    "under_element": "Rørledning",
    "byrumstype": "Parker"
   },
   "geometry": {
    "type": "MultiLineString",
    "coordinates": [
     [
      [
       12.54057,
       55.70503
      ],
      [
       12.5405,
       55.70515
      ]
     ]
    ]
   }
  },
  {
   "type": "Feature",
   "properties": {
    "element": "Dræn og rørledninger",
    "under_element": "Rørledning",
    "byrumstype": "Haver"
   },
   "geometry": {
    "type": "MultiLineString",
    "coordinates": [
     [
      [
       12.54173,
       55.66672
      ],
      [
       12.54178,
       55.66671
      ],
      [
       12.54191,
       55.66669
      ],
      [
       12.54204,
       55.66667
      ],
      [
       12.54225,
       55.66664
      ],
      [
       12.5424,
       55.66662
      ],
      [
       12.54253,
       55.6666
      ],
      [
       12.5427,
       55.66658
      ],
      [
       12.54283,
       55.66656
      ],
      [
       12.54287,
       55.66656
      ],
      [
       12.543,
       55.66654
      ],
      [
       12.54318,
       55.66651
      ],
      [
       12.54321,
       55.66651
      ]
     ]
    ]
   }
  },
  {
   "type": "Feature",
   "properties": {
    "element": "Dræn og rørledninger",
    "under_element": "Rørledning",
    "byrumstype": "Haver"
   },
   "geometry": {
    "type": "MultiLineString",
    "coordinates": [
     [
      [
       12.5417,
       55.66668
      ],
      [
       12.54176,
       55.66667
      ],
      [
       12.54188,
       55.66665
      ],
      [
       12.54202,
       55.66663
      ],
      [
       12.54222,
       55.6666
      ],
      [
       12.54238,
       55.66658
      ],
      [
       12.54251,
       55.66656
      ],
      [
       12.54268,
       55.66654
      ],
      [
       12.54281,
       55.66652
      ],
      [
       12.54285,
       55.66651
      ],
      [
       12.54297,
       55.6665
      ],
      [
       12.54316,
       55.66647
      ],
      [
       12.54319,
       55.66647
      ]
     ]
    ]
   }
  },
  {
   "type": "Feature",
   "properties": {
    "element": "Dræn og rørledninger",
    "under_element": "Rørledning",
    "byrumstype": "Haver"
   },
   "geometry": {
    "type": "MultiLineString",
    "coordinates": [
     [
      [
       12.54166,
       55.66659
      ],
      [
       12.54171,
       55.66659
      ],
      [
       12.54184,
       55.66657
      ],
      [
       12.54197,
       55.66655
      ],
      [
       12.54218,
       55.66652
      ],
      [
       12.54233,
       55.6665
      ],
      [
       12.54246,
       55.66648
      ],
      [
       12.54263,
       55.66646
      ],
      [
       12.54276,
       55.66644
      ],
      [
       12.5428,
       55.66643
      ],
      [
       12.54292,
       55.66641
      ],
      [
       12.54311,
       55.66639
      ],
      [
       12.54314,
       55.66638
      ]
     ]
    ]
   }
  },
  {
   "type": "Feature",
   "properties": {
    "element": "Dræn og rørledninger",
    "under_element": "Rørledning",
    "byrumstype": "Haver"
   },
   "geometry": {
    "type": "MultiLineString",
    "coordinates": [
     [
      [
       12.54168,
       55.66663
      ],
      [
       12.54174,
       55.66663
      ],
      [
       12.54186,
       55.66661
      ],
      [
       12.542,
       55.66659
      ],
      [
       12.5422,
       55.66656
      ],
      [
       12.54235,
       55.66654
      ],
      [
       12.54249,
       55.66652
      ],
      [
       12.54265,
       55.6665
      ],
      [
       12.54279,
       55.66648
      ],
      [
       12.54282,
       55.66647
      ],
      [
       12.54295,
       55.66646
      ],
      [
       12.54314,
       55.66643
      ],
      [
       12.54317,
       55.66642
      ]
     ]
    ]
   }
  },
  {
   "type": "Feature",
   "properties": {
    "element": "Dræn og rørledninger",
    "under_element": "Rørledning",
    "byrumstype": "Haver"
   },
   "geometry": {
    "type": "MultiLineString",
    "coordinates": [
     [
      [
       12.54303,
       55.66641
      ],
      [
       12.54315,
       55.66639
      ]
     ]
    ]
   }
  },
  {
   "type": "Feature",
   "properties": {
    "element": "Dræn og rørledninger",
    "under_element": "Rørledning",
    "byrumstype": "Haver"
   },
   "geometry": {
    "type": "MultiLineString",
    "coordinates": [
     [
      [
       12.54175,
       55.66673
      ],
      [
       12.54309,
       55.66654
      ]
     ]
    ]
   }
  },
  {
   "type": "Feature",
   "properties": {
    "element": "Dræn og rørledninger",
    "under_element": "Rørledning",
    "byrumstype": "Haver"
   },
   "geometry": {
    "type": "MultiLineString",
    "coordinates": [
     [
      [
       12.54173,
       55.66672
      ],
      [
       12.54321,
       55.66651
      ]
     ]
    ]
   }
  },
  {
   "type": "Feature",
   "properties": {
    "element": "Dræn og rørledninger",
    "under_element": "Rørledning",
    "byrumstype": "Haver"
   },
   "geometry": {
    "type": "MultiLineString",
    "coordinates": [
     [
      [
       12.54172,
       55.66671
      ],
      [
       12.54174,
       55.66671
      ]
     ]
    ]
   }
  },
  {
   "type": "Feature",
   "properties": {
    "element": "Dræn og rørledninger",
    "under_element": "Rørledning",
    "byrumstype": "Haver"
   },
   "geometry": {
    "type": "MultiLineString",
    "coordinates": [
     [
      [
       12.54173,
       55.66672
      ],
      [
       12.54175,
       55.66672
      ]
     ]
    ]
   }
  },
  {
   "type": "Feature",
   "properties": {
    "element": "Dræn og rørledninger",
    "under_element": "Rørledning",
    "byrumstype": "Haver"
   },
   "geometry": {
    "type": "MultiLineString",
    "coordinates": [
     [
      [
       12.54174,
       55.6667
      ],
      [
       12.54308,
       55.66651
      ]
     ]
    ]
   }
  },
  {
   "type": "Feature",
   "properties": {
    "element": "Dræn og rørledninger",
    "under_element": "Rørledning",
    "byrumstype": "Haver"
   },
   "geometry": {
    "type": "MultiLineString",
    "coordinates": [
     [
      [
       12.54168,
       55.66669
      ],
      [
       12.54307,
       55.6665
      ]
     ]
    ]
   }
  },
  {
   "type": "Feature",
   "properties": {
    "element": "Dræn og rørledninger",
    "under_element": "Rørledning",
    "byrumstype": "Haver"
   },
   "geometry": {
    "type": "MultiLineString",
    "coordinates": [
     [
      [
       12.54175,
       55.66673
      ],
      [
       12.54174,
       55.6667
      ]
     ]
    ]
   }
  },
  {
   "type": "Feature",
   "properties": {
    "element": "Dræn og rørledninger",
    "under_element": "Rørledning",
    "byrumstype": "Haver"
   },
   "geometry": {
    "type": "MultiLineString",
    "coordinates": [
     [
      [
       12.54168,
       55.66669
      ],
      [
       12.54167,
       55.66667
      ]
     ]
    ]
   }
  },
  {
   "type": "Feature",
   "properties": {
    "element": "Dræn og rørledninger",
    "under_element": "Rørledning",
    "byrumstype": "Haver"
   },
   "geometry": {
    "type": "MultiLineString",
    "coordinates": [
     [
      [
       12.54166,
       55.66665
      ],
      [
       12.54165,
       55.66663
      ]
     ]
    ]
   }
  },
  {
   "type": "Feature",
   "properties": {
    "element": "Dræn og rørledninger",
    "under_element": "Rørledning",
    "byrumstype": "Haver"
   },
   "geometry": {
    "type": "MultiLineString",
    "coordinates": [
     [
      [
       12.54164,
       55.66661
      ],
      [
       12.54163,
       55.66658
      ]
     ]
    ]
   }
  },
  {
   "type": "Feature",
   "properties": {
    "element": "Dræn og rørledninger",
    "under_element": "Rørledning",
    "byrumstype": "Haver"
   },
   "geometry": {
    "type": "MultiLineString",
    "coordinates": [
     [
      [
       12.54309,
       55.66654
      ],
      [
       12.54308,
       55.66651
      ]
     ]
    ]
   }
  },
  {
   "type": "Feature",
   "properties": {
    "element": "Dræn og rørledninger",
    "under_element": "Rørledning",
    "byrumstype": "Haver"
   },
   "geometry": {
    "type": "MultiLineString",
    "coordinates": [
     [
      [
       12.54303,
       55.66641
      ],
      [
       12.54302,
       55.66639
      ]
     ]
    ]
   }
  },
  {
   "type": "Feature",
   "properties": {
    "element": "Dræn og rørledninger",
    "under_element": "Rørledning",
    "byrumstype": "Haver"
   },
   "geometry": {
    "type": "MultiLineString",
    "coordinates": [
     [
      [
       12.54301,
       55.66637
      ],
      [
       12.543,
       55.66635
      ]
     ]
    ]
   }
  },
  {
   "type": "Feature",
   "properties": {
    "element": "Dræn og rørledninger",
    "under_element": "Rørledning",
    "byrumstype": "Haver"
   },
   "geometry": {
    "type": "MultiLineString",
    "coordinates": [
     [
      [
       12.54171,
       55.66668
      ],
      [
       12.54319,
       55.66647
      ]
     ]
    ]
   }
  },
  {
   "type": "Feature",
   "properties": {
    "element": "Dræn og rørledninger",
    "under_element": "Rørledning",
    "byrumstype": "Haver"
   },
   "geometry": {
    "type": "MultiLineString",
    "coordinates": [
     [
      [
       12.54167,
       55.66667
      ],
      [
       12.54306,
       55.66647
      ]
     ]
    ]
   }
  },
  {
   "type": "Feature",
   "properties": {
    "element": "Dræn og rørledninger",
    "under_element": "Rørledning",
    "byrumstype": "Haver"
   },
   "geometry": {
    "type": "MultiLineString",
    "coordinates": [
     [
      [
       12.54166,
       55.66665
      ],
      [
       12.54305,
       55.66645
      ]
     ]
    ]
   }
  },
  {
   "type": "Feature",
   "properties": {
    "element": "Dræn og rørledninger",
    "under_element": "Rørledning",
    "byrumstype": "Haver"
   },
   "geometry": {
    "type": "MultiLineString",
    "coordinates": [
     [
      [
       12.54168,
       55.66663
      ],
      [
       12.54317,
       55.66642
      ]
     ]
    ]
   }
  },
  {
   "type": "Feature",
   "properties": {
    "element": "Dræn og rørledninger",
    "under_element": "Rørledning",
    "byrumstype": "Haver"
   },
   "geometry": {
    "type": "MultiLineString",
    "coordinates": [
     [
      [
       12.54304,
       55.66644
      ],
      [
       12.54317,
       55.66642
      ]
     ]
    ]
   }
  },
  {
   "type": "Feature",
   "properties": {
    "element": "Dræn og rørledninger",
    "under_element": "Rørledning",
    "byrumstype": "Haver"
   },
   "geometry": {
    "type": "MultiLineString",
    "coordinates": [
     [
      [
       12.54304,
       55.66645
      ],
      [
       12.54317,
       55.66643
      ]
     ]
    ]
   }
  },
  {
   "type": "Feature",
   "properties": {
    "element": "Dræn og rørledninger",
    "under_element": "Rørledning",
    "byrumstype": "Haver"
   },
   "geometry": {
    "type": "MultiLineString",
    "coordinates": [
     [
      [
       12.54165,
       55.66663
      ],
      [
       12.54304,
       55.66643
      ]
     ]
    ]
   }
  },
  {
   "type": "Feature",
   "properties": {
    "element": "Dræn og rørledninger",
    "under_element": "Rørledning",
    "byrumstype": "Haver"
   },
   "geometry": {
    "type": "MultiLineString",
    "coordinates": [
     [
      [
       12.54164,
       55.66661
      ],
      [
       12.54303,
       55.66641
      ]
     ]
    ]
   }
  },
  {
   "type": "Feature",
   "properties": {
    "element": "Dræn og rørledninger",
    "under_element": "Rørledning",
    "byrumstype": "Haver"
   },
   "geometry": {
    "type": "MultiLineString",
    "coordinates": [
     [
      [
       12.54166,
       55.66659
      ],
      [
       12.54315,
       55.66638
      ]
     ]
    ]
   }
  },
  {
   "type": "Feature",
   "properties": {
    "element": "Dræn og rørledninger",
    "under_element": "Rørledning",
    "byrumstype": "Haver"
   },
   "geometry": {
    "type": "MultiLineString",
    "coordinates": [
     [
      [
       12.54163,
       55.66658
      ],
      [
       12.54302,
       55.66639
      ]
     ]
    ]
   }
  },
  {
   "type": "Feature",
   "properties": {
    "element": "Dræn og rørledninger",
    "under_element": "Rørledning",
    "byrumstype": "Haver"
   },
   "geometry": {
    "type": "MultiLineString",
    "coordinates": [
     [
      [
       12.54167,
       55.66656
      ],
      [
       12.54301,
       55.66637
      ]
     ]
    ]
   }
  },
  {
   "type": "Feature",
   "properties": {
    "element": "Dræn og rørledninger",
    "under_element": "Rørledning",
    "byrumstype": "Haver"
   },
   "geometry": {
    "type": "MultiLineString",
    "coordinates": [
     [
      [
       12.54165,
       55.66655
      ],
      [
       12.54312,
       55.66634
      ]
     ]
    ]
   }
  },
  {
   "type": "Feature",
   "properties": {
    "element": "Dræn og rørledninger",
    "under_element": "Rørledning",
    "byrumstype": "Haver"
   },
   "geometry": {
    "type": "MultiLineString",
    "coordinates": [
     [
      [
       12.54166,
       55.66654
      ],
      [
       12.543,
       55.66635
      ]
     ]
    ]
   }
  },
  {
   "type": "Feature",
   "properties": {
    "element": "Dræn og rørledninger",
    "under_element": "Rørledning",
    "byrumstype": "Haver"
   },
   "geometry": {
    "type": "MultiLineString",
    "coordinates": [
     [
      [
       12.54322,
       55.6665
      ],
      [
       12.54321,
       55.66647
      ]
     ]
    ]
   }
  },
  {
   "type": "Feature",
   "properties": {
    "element": "Dræn og rørledninger",
    "under_element": "Rørledning",
    "byrumstype": "Haver"
   },
   "geometry": {
    "type": "MultiLineString",
    "coordinates": [
     [
      [
       12.54323,
       55.6665
      ],
      [
       12.54321,
       55.66647
      ]
     ]
    ]
   }
  },
  {
   "type": "Feature",
   "properties": {
    "element": "Dræn og rørledninger",
    "under_element": "Rørledning",
    "byrumstype": "Haver"
   },
   "geometry": {
    "type": "MultiLineString",
    "coordinates": [
     [
      [
       12.54321,
       55.66645
      ],
      [
       12.54319,
       55.66643
      ]
     ]
    ]
   }
  },
  {
   "type": "Feature",
   "properties": {
    "element": "Dræn og rørledninger",
    "under_element": "Rørledning",
    "byrumstype": "Haver"
   },
   "geometry": {
    "type": "MultiLineString",
    "coordinates": [
     [
      [
       12.54318,
       55.66641
      ],
      [
       12.54317,
       55.66639
      ]
     ]
    ]
   }
  },
  {
   "type": "Feature",
   "properties": {
    "element": "Dræn og rørledninger",
    "under_element": "Rørledning",
    "byrumstype": "Haver"
   },
   "geometry": {
    "type": "MultiLineString",
    "coordinates": [
     [
      [
       12.54316,
       55.66637
      ],
      [
       12.54314,
       55.66635
      ]
     ]
    ]
   }
  },
  {
   "type": "Feature",
   "properties": {
    "element": "Dræn og rørledninger",
    "under_element": "Rørledning",
    "byrumstype": "Haver"
   },
   "geometry": {
    "type": "MultiLineString",
    "coordinates": [
     [
      [
       12.54322,
       55.6665
      ],
      [
       12.5432,
       55.66647
      ]
     ]
    ]
   }
  },
  {
   "type": "Feature",
   "properties": {
    "element": "Dræn og rørledninger",
    "under_element": "Rørledning",
    "byrumstype": "Haver"
   },
   "geometry": {
    "type": "MultiLineString",
    "coordinates": [
     [
      [
       12.54319,
       55.66646
      ],
      [
       12.54318,
       55.66643
      ]
     ]
    ]
   }
  },
  {
   "type": "Feature",
   "properties": {
    "element": "Dræn og rørledninger",
    "under_element": "Rørledning",
    "byrumstype": "Haver"
   },
   "geometry": {
    "type": "MultiLineString",
    "coordinates": [
     [
      [
       12.54317,
       55.66642
      ],
      [
       12.54316,
       55.66639
      ]
     ]
    ]
   }
  },
  {
   "type": "Feature",
   "properties": {
    "element": "Dræn og rørledninger",
    "under_element": "Rørledning",
    "byrumstype": "Haver"
   },
   "geometry": {
    "type": "MultiLineString",
    "coordinates": [
     [
      [
       12.54315,
       55.66637
      ],
      [
       12.54313,
       55.66635
      ]
     ]
    ]
   }
  },
  {
   "type": "Feature",
   "properties": {
    "element": "Dræn og rørledninger",
    "under_element": "Rørledning",
    "byrumstype": "Haver"
   },
   "geometry": {
    "type": "MultiLineString",
    "coordinates": [
     [
      [
       12.54306,
       55.66648
      ],
      [
       12.54319,
       55.66646
      ]
     ]
    ]
   }
  },
  {
   "type": "Feature",
   "properties": {
    "element": "Dræn og rørledninger",
    "under_element": "Rørledning",
    "byrumstype": "Haver"
   },
   "geometry": {
    "type": "MultiLineString",
    "coordinates": [
     [
      [
       12.54307,
       55.66649
      ],
      [
       12.54319,
       55.66647
      ]
     ]
    ]
   }
  },
  {
   "type": "Feature",
   "properties": {
    "element": "Dræn og rørledninger",
    "under_element": "Rørledning",
    "byrumstype": "Haver"
   },
   "geometry": {
    "type": "MultiLineString",
    "coordinates": [
     [
      [
       12.54308,
       55.66652
      ],
      [
       12.54321,
       55.6665
      ]
     ]
    ]
   }
  },
  {
   "type": "Feature",
   "properties": {
    "element": "Dræn og rørledninger",
    "under_element": "Rørledning"
   },
   "geometry": {
    "type": "MultiLineString",
    "coordinates": [
     [
      [
       12.54154,
       55.66637
      ],
      [
       12.54163,
       55.66654
      ]
     ]
    ]
   }
  },
  {
   "type": "Feature",
   "properties": {
    "element": "Dræn og rørledninger",
    "under_element": "Rørledning",
    "byrumstype": "Gader og pladser"
   },
   "geometry": {
    "type": "MultiLineString",
    "coordinates": [
     [
      [
       12.54002,
       55.66642
      ],
      [
       12.54036,
       55.66638
      ]
     ]
    ]
   }
  },
  {
   "type": "Feature",
   "properties": {
    "element": "Dræn og rørledninger",
    "under_element": "Rørledning",
    "byrumstype": "Parker"
   },
   "geometry": {
    "type": "MultiLineString",
    "coordinates": [
     [
      [
       12.54319,
       55.66619
      ],
      [
       12.54319,
       55.66615
      ],
      [
       12.54318,
       55.66612
      ]
     ]
    ]
   }
  },
  {
   "type": "Feature",
   "properties": {
    "element": "Dræn og rørledninger",
    "under_element": "Rørledning",
    "byrumstype": "Parker"
   },
   "geometry": {
    "type": "MultiLineString",
    "coordinates": [
     [
      [
       12.54043,
       55.66649
      ],
      [
       12.54153,
       55.66636
      ]
     ]
    ]
   }
  },
  {
   "type": "Feature",
   "properties": {
    "element": "Dræn og rørledninger",
    "under_element": "Rørledning",
    "byrumstype": "Gader og pladser"
   },
   "geometry": {
    "type": "MultiLineString",
    "coordinates": [
     [
      [
       12.5395,
       55.66649
      ],
      [
       12.54002,
       55.66642
      ]
     ]
    ]
   }
  },
  {
   "type": "Feature",
   "properties": {
    "element": "Dræn og rørledninger",
    "under_element": "Rørledning",
    "byrumstype": "Parker"
   },
   "geometry": {
    "type": "MultiLineString",
    "coordinates": [
     [
      [
       12.54052,
       55.70494
      ],
      [
       12.54057,
       55.70503
      ]
     ]
    ]
   }
  },
  {
   "type": "Feature",
   "properties": {
    "element": "Dræn og rørledninger",
    "under_element": "Rørledning"
   },
   "geometry": {
    "type": "MultiLineString",
    "coordinates": [
     [
      [
       12.54171,
       55.66678
      ],
      [
       12.54132,
       55.66685
      ]
     ]
    ]
   }
  },
  {
   "type": "Feature",
   "properties": {
    "element": "Dræn og rørledninger",
    "under_element": "Rørledning",
    "byrumstype": "Parker"
   },
   "geometry": {
    "type": "MultiLineString",
    "coordinates": [
     [
      [
       12.54171,
       55.66698
      ],
      [
       12.54204,
       55.6676
      ]
     ]
    ]
   }
  },
  {
   "type": "Feature",
   "properties": {
    "element": "Dræn og rørledninger",
    "under_element": "Rørledning",
    "byrumstype": "Haver"
   },
   "geometry": {
    "type": "MultiLineString",
    "coordinates": [
     [
      [
       12.54235,
       55.66737
      ],
      [
       12.54234,
       55.66737
      ]
     ]
    ]
   }
  },
  {
   "type": "Feature",
   "properties": {
    "element": "Dræn og rørledninger",
    "under_element": "Rørledning",
    "byrumstype": "Haver"
   },
   "geometry": {
    "type": "MultiLineString",
    "coordinates": [
     [
      [
       12.54362,
       55.66736
      ],
      [
       12.54353,
       55.6672
      ]
     ]
    ]
   }
  },
  {
   "type": "Feature",
   "properties": {
    "element": "Dræn og rørledninger",
    "under_element": "Rørledning",
    "byrumstype": "Haver"
   },
   "geometry": {
    "type": "MultiLineString",
    "coordinates": [
     [
      [
       12.54341,
       55.66717
      ],
      [
       12.54353,
       55.6672
      ]
     ]
    ]
   }
  },
  {
   "type": "Feature",
   "properties": {
    "element": "Dræn og rørledninger",
    "under_element": "Rørledning",
    "byrumstype": "Haver"
   },
   "geometry": {
    "type": "MultiLineString",
    "coordinates": [
     [
      [
       12.54239,
       55.66736
      ],
      [
       12.54255,
       55.66767
      ]
     ]
    ]
   }
  },
  {
   "type": "Feature",
   "properties": {
    "element": "Dræn og rørledninger",
    "under_element": "Rørledning",
    "byrumstype": "Parker"
   },
   "geometry": {
    "type": "MultiLineString",
    "coordinates": [
     [
      [
       12.54362,
       55.66681
      ],
      [
       12.54366,
       55.6668
      ]
     ]
    ]
   }
  },
  {
   "type": "Feature",
   "properties": {
    "element": "Dræn og rørledninger",
    "under_element": "Rørledning",
    "byrumstype": "Haver"
   },
   "geometry": {
    "type": "MultiLineString",
    "coordinates": [
     [
      [
       12.54255,
       55.66767
      ],
      [
       12.54254,
       55.66768
      ]
     ]
    ]
   }
  },
  {
   "type": "Feature",
   "properties": {
    "element": "Dræn og rørledninger",
    "under_element": "Rørledning",
    "byrumstype": "Haver"
   },
   "geometry": {
    "type": "MultiLineString",
    "coordinates": [
     [
      [
       12.54235,
       55.66737
      ],
      [
       12.54238,
       55.66736
      ]
     ]
    ]
   }
  },
  {
   "type": "Feature",
   "properties": {
    "element": "Dræn og rørledninger",
    "under_element": "Rørledning",
    "byrumstype": "Haver"
   },
   "geometry": {
    "type": "MultiLineString",
    "coordinates": [
     [
      [
       12.54239,
       55.66736
      ],
      [
       12.54331,
       55.66719
      ]
     ]
    ]
   }
  },
  {
   "type": "Feature",
   "properties": {
    "element": "Dræn og rørledninger",
    "under_element": "Rørledning",
    "byrumstype": "Haver"
   },
   "geometry": {
    "type": "MultiLineString",
    "coordinates": [
     [
      [
       12.54331,
       55.66719
      ],
      [
       12.54341,
       55.66717
      ]
     ]
    ]
   }
  },
  {
   "type": "Feature",
   "properties": {
    "element": "Dræn og rørledninger",
    "under_element": "Rørledning",
    "byrumstype": "Parker"
   },
   "geometry": {
    "type": "MultiLineString",
    "coordinates": [
     [
      [
       12.54205,
       55.66761
      ],
      [
       12.54204,
       55.66762
      ]
     ]
    ]
   }
  },
  {
   "type": "Feature",
   "properties": {
    "element": "Dræn og rørledninger",
    "under_element": "Rørledning",
    "byrumstype": "Parker"
   },
   "geometry": {
    "type": "MultiLineString",
    "coordinates": [
     [
      [
       12.54198,
       55.66748
      ],
      [
       12.54197,
       55.66749
      ]
     ]
    ]
   }
  },
  {
   "type": "Feature",
   "properties": {
    "element": "Dræn og rørledninger",
    "under_element": "Rørledning",
    "byrumstype": "Parker"
   },
   "geometry": {
    "type": "MultiLineString",
    "coordinates": [
     [
      [
       12.54197,
       55.66749
      ],
      [
       12.54196,
       55.66749
      ]
     ]
    ]
   }
  },
  {
   "type": "Feature",
   "properties": {
    "element": "Dræn og rørledninger",
    "under_element": "Rørledning",
    "byrumstype": "Haver"
   },
   "geometry": {
    "type": "MultiLineString",
    "coordinates": [
     [
      [
       12.54259,
       55.66776
      ],
      [
       12.54255,
       55.66768
      ]
     ]
    ]
   }
  },
  {
   "type": "Feature",
   "properties": {
    "element": "Dræn og rørledninger",
    "under_element": "Rørledning",
    "byrumstype": "Haver"
   },
   "geometry": {
    "type": "MultiLineString",
    "coordinates": [
     [
      [
       12.54255,
       55.66768
      ],
      [
       12.54254,
       55.66768
      ]
     ]
    ]
   }
  },
  {
   "type": "Feature",
   "properties": {
    "element": "Dræn og rørledninger",
    "under_element": "Rørledning",
    "byrumstype": "Parker"
   },
   "geometry": {
    "type": "MultiLineString",
    "coordinates": [
     [
      [
       12.54077,
       55.66723
      ],
      [
       12.54089,
       55.66708
      ]
     ]
    ]
   }
  },
  {
   "type": "Feature",
   "properties": {
    "element": "Dræn og rørledninger",
    "under_element": "Rørledning",
    "byrumstype": "Parker"
   },
   "geometry": {
    "type": "MultiLineString",
    "coordinates": [
     [
      [
       12.54186,
       55.66692
      ],
      [
       12.54089,
       55.66708
      ]
     ]
    ]
   }
  },
  {
   "type": "Feature",
   "properties": {
    "element": "Dræn og rørledninger",
    "under_element": "Rørledning",
    "byrumstype": "Parker"
   },
   "geometry": {
    "type": "MultiLineString",
    "coordinates": [
     [
      [
       12.54078,
       55.6673
      ],
      [
       12.5408,
       55.66729
      ]
     ]
    ]
   }
  },
  {
   "type": "Feature",
   "properties": {
    "element": "Dræn og rørledninger",
    "under_element": "Rørledning",
    "byrumstype": "Parker"
   },
   "geometry": {
    "type": "MultiLineString",
    "coordinates": [
     [
      [
       12.54077,
       55.66723
      ],
      [
       12.5408,
       55.66729
      ]
     ]
    ]
   }
  },
  {
   "type": "Feature",
   "properties": {
    "element": "Dræn og rørledninger",
    "under_element": "Rørledning",
    "byrumstype": "Haver"
   },
   "geometry": {
    "type": "MultiLineString",
    "coordinates": [
     [
      [
       12.54332,
       55.66658
      ],
      [
       12.54326,
       55.66648
      ]
     ]
    ]
   }
  },
  {
   "type": "Feature",
   "properties": {
    "element": "Dræn og rørledninger",
    "under_element": "Rørledning"
   },
   "geometry": {
    "type": "MultiLineString",
    "coordinates": [
     [
      [
       12.5414,
       55.66672
      ],
      [
       12.54152,
       55.66696
      ]
     ]
    ]
   }
  },
  {
   "type": "Feature",
   "properties": {
    "element": "Dræn og rørledninger",
    "under_element": "Rørledning",
    "byrumstype": "Parker"
   },
   "geometry": {
    "type": "MultiLineString",
    "coordinates": [
     [
      [
       12.54152,
       55.66696
      ],
      [
       12.54173,
       55.66692
      ]
     ]
    ]
   }
  },
  {
   "type": "Feature",
   "properties": {
    "element": "Dræn og rørledninger",
    "under_element": "Rørledning",
    "byrumstype": "Parker"
   },
   "geometry": {
    "type": "MultiLineString",
    "coordinates": [
     [
      [
       12.54175,
       55.66692
      ],
      [
       12.54238,
       55.66681
      ]
     ]
    ]
   }
  },
  {
   "type": "Feature",
   "properties": {
    "element": "Dræn og rørledninger",
    "under_element": "Rørledning",
    "byrumstype": "Parker"
   },
   "geometry": {
    "type": "MultiLineString",
    "coordinates": [
     [
      [
       12.54254,
       55.66688
      ],
      [
       12.54253,
       55.66686
      ]
     ]
    ]
   }
  },
  {
   "type": "Feature",
   "properties": {
    "element": "Dræn og rørledninger",
    "under_element": "Rørledning"
   },
   "geometry": {
    "type": "MultiLineString",
    "coordinates": [
     [
      [
       12.54323,
       55.66668
      ],
      [
       12.54332,
       55.66658
      ]
     ]
    ]
   }
  },
  {
   "type": "Feature",
   "properties": {
    "element": "Dræn og rørledninger",
    "under_element": "Rørledning",
    "byrumstype": "Gader og pladser"
   },
   "geometry": {
    "type": "MultiLineString",
    "coordinates": [
     [
      [
       12.54022,
       55.66645
      ],
      [
       12.54037,
       55.66674
      ]
     ]
    ]
   }
  },
  {
   "type": "Feature",
   "properties": {
    "element": "Dræn og rørledninger",
    "under_element": "Rørledning"
   },
   "geometry": {
    "type": "MultiLineString",
    "coordinates": [
     [
      [
       12.5404,
       55.66673
      ],
      [
       12.54037,
       55.66674
      ]
     ]
    ]
   }
  },
  {
   "type": "Feature",
   "properties": {
    "element": "Dræn og rørledninger",
    "under_element": "Rørledning",
    "byrumstype": "Parker"
   },
   "geometry": {
    "type": "MultiLineString",
    "coordinates": [
     [
      [
       12.54241,
       55.66682
      ],
      [
       12.54323,
       55.66668
      ]
     ]
    ]
   }
  },
  {
   "type": "Feature",
   "properties": {
    "element": "Dræn og rørledninger",
    "under_element": "Rørledning",
    "byrumstype": "Haver"
   },
   "geometry": {
    "type": "MultiLineString",
    "coordinates": [
     [
      [
       12.54332,
       55.66658
      ],
      [
       12.54177,
       55.66684
      ]
     ]
    ]
   }
  },
  {
   "type": "Feature",
   "properties": {
    "element": "Dræn og rørledninger",
    "under_element": "Rørledning",
    "byrumstype": "Haver"
   },
   "geometry": {
    "type": "MultiLineString",
    "coordinates": [
     [
      [
       12.54317,
       55.66662
      ],
      [
       12.54243,
       55.66675
      ]
     ]
    ]
   }
  },
  {
   "type": "Feature",
   "properties": {
    "element": "Dræn og rørledninger",
    "under_element": "Rørledning",
    "byrumstype": "Haver"
   },
   "geometry": {
    "type": "MultiLineString",
    "coordinates": [
     [
      [
       12.54326,
       55.66648
      ],
      [
       12.54316,
       55.66631
      ]
     ]
    ]
   }
  },
  {
   "type": "Feature",
   "properties": {
    "element": "Dræn og rørledninger",
    "under_element": "Rørledning"
   },
   "geometry": {
    "type": "MultiLineString",
    "coordinates": [
     [
      [
       12.54071,
       55.66675
      ],
      [
       12.54076,
       55.66674
      ]
     ]
    ]
   }
  },
  {
   "type": "Feature",
   "properties": {
    "element": "Dræn og rørledninger",
    "under_element": "Rørledning",
    "byrumstype": "Haver"
   },
   "geometry": {
    "type": "MultiLineString",
    "coordinates": [
     [
      [
       12.54314,
       55.66653
      ],
      [
       12.54319,
       55.66662
      ]
     ]
    ]
   }
  },
  {
   "type": "Feature",
   "properties": {
    "element": "Dræn og rørledninger",
    "under_element": "Rørledning",
    "byrumstype": "Parker"
   },
   "geometry": {
    "type": "MultiLineString",
    "coordinates": [
     [
      [
       12.54116,
       55.66656
      ],
      [
       12.54116,
       55.66657
      ]
     ]
    ]
   }
  },
  {
   "type": "Feature",
   "properties": {
    "element": "Dræn og rørledninger",
    "under_element": "Rørledning",
    "byrumstype": "Parker"
   },
   "geometry": {
    "type": "MultiLineString",
    "coordinates": [
     [
      [
       12.54127,
       55.66689
      ],
      [
       12.54129,
       55.66688
      ]
     ]
    ]
   }
  },
  {
   "type": "Feature",
   "properties": {
    "element": "Dræn og rørledninger",
    "under_element": "Rørledning",
    "byrumstype": "Parker"
   },
   "geometry": {
    "type": "MultiLineString",
    "coordinates": [
     [
      [
       12.54131,
       55.66685
      ],
      [
       12.54132,
       55.66685
      ]
     ]
    ]
   }
  },
  {
   "type": "Feature",
   "properties": {
    "element": "Dræn og rørledninger",
    "under_element": "Rørledning",
    "byrumstype": "Parker"
   },
   "geometry": {
    "type": "MultiLineString",
    "coordinates": [
     [
      [
       12.54129,
       55.66688
      ],
      [
       12.54132,
       55.66685
      ]
     ]
    ]
   }
  },
  {
   "type": "Feature",
   "properties": {
    "element": "Dræn og rørledninger",
    "under_element": "Rørledning",
    "byrumstype": "Parker"
   },
   "geometry": {
    "type": "MultiLineString",
    "coordinates": [
     [
      [
       12.54108,
       55.66654
      ],
      [
       12.54109,
       55.66654
      ]
     ]
    ]
   }
  },
  {
   "type": "Feature",
   "properties": {
    "element": "Dræn og rørledninger",
    "under_element": "Rørledning",
    "byrumstype": "Parker"
   },
   "geometry": {
    "type": "MultiLineString",
    "coordinates": [
     [
      [
       12.54108,
       55.66692
      ],
      [
       12.54108,
       55.66692
      ]
     ]
    ]
   }
  },
  {
   "type": "Feature",
   "properties": {
    "element": "Dræn og rørledninger",
    "under_element": "Rørledning",
    "byrumstype": "Parker"
   },
   "geometry": {
    "type": "MultiLineString",
    "coordinates": [
     [
      [
       12.54101,
       55.6669
      ],
      [
       12.54108,
       55.66692
      ]
     ]
    ]
   }
  },
  {
   "type": "Feature",
   "properties": {
    "element": "Dræn og rørledninger",
    "under_element": "Rørledning",
    "byrumstype": "Parker"
   },
   "geometry": {
    "type": "MultiLineString",
    "coordinates": [
     [
      [
       12.54109,
       55.66654
      ],
      [
       12.54116,
       55.66656
      ]
     ]
    ]
   }
  },
  {
   "type": "Feature",
   "properties": {
    "element": "Dræn og rørledninger",
    "under_element": "Rørledning",
    "byrumstype": "Parker"
   },
   "geometry": {
    "type": "MultiLineString",
    "coordinates": [
     [
      [
       12.54131,
       55.66685
      ],
      [
       12.54131,
       55.66684
      ]
     ]
    ]
   }
  },
  {
   "type": "Feature",
   "properties": {
    "element": "Dræn og rørledninger",
    "under_element": "Rørledning",
    "byrumstype": "Haver"
   },
   "geometry": {
    "type": "MultiLineString",
    "coordinates": [
     [
      [
       12.54311,
       55.66648
      ],
      [
       12.54306,
       55.66639
      ]
     ]
    ]
   }
  },
  {
   "type": "Feature",
   "properties": {
    "element": "Dræn og rørledninger",
    "under_element": "Rørledning",
    "byrumstype": "Parker"
   },
   "geometry": {
    "type": "MultiLineString",
    "coordinates": [
     [
      [
       12.54191,
       55.66693
      ],
      [
       12.5419,
       55.66693
      ]
     ]
    ]
   }
  },
  {
   "type": "Feature",
   "properties": {
    "element": "Dræn og rørledninger",
    "under_element": "Rørledning",
    "byrumstype": "Parker"
   },
   "geometry": {
    "type": "MultiLineString",
    "coordinates": [
     [
      [
       12.54189,
       55.66693
      ],
      [
       12.54186,
       55.66692
      ]
     ]
    ]
   }
  },
  {
   "type": "Feature",
   "properties": {
    "element": "Dræn og rørledninger",
    "under_element": "Rørledning",
    "byrumstype": "Parker"
   },
   "geometry": {
    "type": "MultiLineString",
    "coordinates": [
     [
      [
       12.54171,
       55.66698
      ],
      [
       12.54174,
       55.66693
      ]
     ]
    ]
   }
  },
  {
   "type": "Feature",
   "properties": {
    "element": "Dræn og rørledninger",
    "under_element": "Rørledning"
   },
   "geometry": {
    "type": "MultiLineString",
    "coordinates": [
     [
      [
       12.54352,
       55.66753
      ],
      [
       12.54354,
       55.66759
      ]
     ]
    ]
   }
  },
  {
   "type": "Feature",
   "properties": {
    "element": "Dræn og rørledninger",
    "under_element": "Rørledning",
    "byrumstype": "Haver"
   },
   "geometry": {
    "type": "MultiLineString",
    "coordinates": [
     [
      [
       12.54313,
       55.6665
      ],
      [
       12.54326,
       55.66648
      ]
     ]
    ]
   }
  },
  {
   "type": "Feature",
   "properties": {
    "element": "Dræn og rørledninger",
    "under_element": "Rørledning",
    "byrumstype": "Parker"
   },
   "geometry": {
    "type": "MultiLineString",
    "coordinates": [
     [
      [
       12.54136,
       55.66637
      ],
      [
       12.54137,
       55.6664
      ]
     ]
    ]
   }
  },
  {
   "type": "Feature",
   "properties": {
    "element": "Dræn og rørledninger",
    "under_element": "Rørledning",
    "byrumstype": "Parker"
   },
   "geometry": {
    "type": "MultiLineString",
    "coordinates": [
     [
      [
       12.54149,
       55.6664
      ],
      [
       12.54144,
       55.66641
      ]
     ]
    ]
   }
  },
  {
   "type": "Feature",
   "properties": {
    "element": "Dræn og rørledninger",
    "under_element": "Rørledning",
    "byrumstype": "Parker"
   },
   "geometry": {
    "type": "MultiLineString",
    "coordinates": [
     [
      [
       12.54276,
       55.6662
      ],
      [
       12.54277,
       55.66624
      ]
     ]
    ]
   }
  },
  {
   "type": "Feature",
   "properties": {
    "element": "Dræn og rørledninger",
    "under_element": "Rørledning",
    "byrumstype": "Parker"
   },
   "geometry": {
    "type": "MultiLineString",
    "coordinates": [
     [
      [
       12.54275,
       55.6662
      ],
      [
       12.54276,
       55.66624
      ]
     ]
    ]
   }
  },
  {
   "type": "Feature",
   "properties": {
    "element": "Dræn og rørledninger",
    "under_element": "Rørledning"
   },
   "geometry": {
    "type": "MultiLineString",
    "coordinates": [
     [
      [
       12.54277,
       55.66624
      ],
      [
       12.5428,
       55.66625
      ]
     ]
    ]
   }
  },
  {
   "type": "Feature",
   "properties": {
    "element": "Dræn og rørledninger",
    "under_element": "Rørledning"
   },
   "geometry": {
    "type": "MultiLineString",
    "coordinates": [
     [
      [
       12.54276,
       55.66624
      ],
      [
       12.5428,
       55.66625
      ]
     ]
    ]
   }
  },
  {
   "type": "Feature",
   "properties": {
    "element": "Dræn og rørledninger",
    "under_element": "Rørledning",
    "byrumstype": "Parker"
   },
   "geometry": {
    "type": "MultiLineString",
    "coordinates": [
     [
      [
       12.54324,
       55.66688
      ],
      [
       12.54335,
       55.66686
      ]
     ]
    ]
   }
  },
  {
   "type": "Feature",
   "properties": {
    "element": "Dræn og rørledninger",
    "under_element": "Rørledning"
   },
   "geometry": {
    "type": "MultiLineString",
    "coordinates": [
     [
      [
       12.54304,
       55.66671
      ],
      [
       12.54331,
       55.66719
      ]
     ]
    ]
   }
  },
  {
   "type": "Feature",
   "properties": {
    "element": "Dræn og rørledninger",
    "under_element": "Rørledning",
    "byrumstype": "Parker"
   },
   "geometry": {
    "type": "MultiLineString",
    "coordinates": [
     [
      [
       12.54137,
       55.66637
      ],
      [
       12.54138,
       55.66639
      ]
     ]
    ]
   }
  },
  {
   "type": "Feature",
   "properties": {
    "element": "Dræn og rørledninger",
    "under_element": "Rørledning",
    "byrumstype": "Parker"
   },
   "geometry": {
    "type": "MultiLineString",
    "coordinates": [
     [
      [
       12.54149,
       55.66641
      ],
      [
       12.54143,
       55.66642
      ]
     ]
    ]
   }
  },
  {
   "type": "Feature",
   "properties": {
    "element": "Dræn og rørledninger",
    "under_element": "Rørledning"
   },
   "geometry": {
    "type": "MultiLineString",
    "coordinates": [
     [
      [
       12.54352,
       55.66753
      ],
      [
       12.54354,
       55.66759
      ]
     ]
    ]
   }
  },
  {
   "type": "Feature",
   "properties": {
    "element": "Dræn og rørledninger",
    "under_element": "Rørledning",
    "byrumstype": "Parker"
   },
   "geometry": {
    "type": "MultiLineString",
    "coordinates": [
     [
      [
       12.54304,
       55.66671
      ],
      [
       12.54305,
       55.66671
      ]
     ]
    ]
   }
  },
  {
   "type": "Feature",
   "properties": {
    "element": "Dræn og rørledninger",
    "under_element": "Rørledning",
    "byrumstype": "Parker"
   },
   "geometry": {
    "type": "MultiLineString",
    "coordinates": [
     [
      [
       12.54362,
       55.667
      ],
      [
       12.54325,
       55.66707
      ]
     ]
    ]
   }
  },
  {
   "type": "Feature",
   "properties": {
    "element": "Dræn og rørledninger",
    "under_element": "Rørledning",
    "byrumstype": "Parker"
   },
   "geometry": {
    "type": "MultiLineString",
    "coordinates": [
     [
      [
       12.54325,
       55.66707
      ],
      [
       12.54324,
       55.66706
      ]
     ]
    ]
   }
  },
  {
   "type": "Feature",
   "properties": {
    "element": "Dræn og rørledninger",
    "under_element": "Rørledning",
    "byrumstype": "Haver"
   },
   "geometry": {
    "type": "MultiLineString",
    "coordinates": [
     [
      [
       12.54352,
       55.66753
      ],
      [
       12.54352,
       55.66753
      ],
      [
       12.54344,
       55.66747
      ]
     ]
    ]
   }
  },
  {
   "type": "Feature",
   "properties": {
    "element": "Dræn og rørledninger",
    "under_element": "Rørledning",
    "byrumstype": "Haver"
   },
   "geometry": {
    "type": "MultiLineString",
    "coordinates": [
     [
      [
       12.54344,
       55.66747
      ],
      [
       12.5433,
       55.6672
      ]
     ]
    ]
   }
  },
  {
   "type": "Feature",
   "properties": {
    "element": "Dræn og rørledninger",
    "under_element": "Rørledning",
    "byrumstype": "Haver"
   },
   "geometry": {
    "type": "MultiLineString",
    "coordinates": [
     [
      [
       12.5433,
       55.6672
      ],
      [
       12.54331,
       55.66719
      ]
     ]
    ]
   }
  },
  {
   "type": "Feature",
   "properties": {
    "element": "Dræn og rørledninger",
    "under_element": "Rørledning",
    "byrumstype": "Parker"
   },
   "geometry": {
    "type": "MultiLineString",
    "coordinates": [
     [
      [
       12.54053,
       55.66671
      ],
      [
       12.5404,
       55.66673
      ]
     ]
    ]
   }
  },
  {
   "type": "Feature",
   "properties": {
    "element": "Dræn og rørledninger",
    "under_element": "Rørledning",
    "byrumstype": "Parker"
   },
   "geometry": {
    "type": "MultiLineString",
    "coordinates": [
     [
      [
       12.54145,
       55.66695
      ],
      [
       12.5415,
       55.66696
      ]
     ]
    ]
   }
  },
  {
   "type": "Feature",
   "properties": {
    "element": "Dræn og rørledninger",
    "under_element": "Rørledning"
   },
   "geometry": {
    "type": "MultiLineString",
    "coordinates": [
     [
      [
       12.54056,
       55.66671
      ],
      [
       12.5406,
       55.66671
      ],
      [
       12.54171,
       55.66678
      ]
     ]
    ]
   }
  },
  {
   "type": "Feature",
   "properties": {
    "element": "Dræn og rørledninger",
    "under_element": "Rørledning",
    "byrumstype": "Haver"
   },
   "geometry": {
    "type": "MultiLineString",
    "coordinates": [
     [
      [
       12.54282,
       55.66625
      ],
      [
       12.5428,
       55.66625
      ]
     ]
    ]
   }
  },
  {
   "type": "Feature",
   "properties": {
    "element": "Dræn og rørledninger",
    "under_element": "Rørledning",
    "byrumstype": "Parker"
   },
   "geometry": {
    "type": "MultiLineString",
    "coordinates": [
     [
      [
       12.54055,
       55.66672
      ],
      [
       12.54069,
       55.66676
      ]
     ]
    ]
   }
  },
  {
   "type": "Feature",
   "properties": {
    "element": "Dræn og rørledninger",
    "under_element": "Rørledning",
    "byrumstype": "Parker"
   },
   "geometry": {
    "type": "MultiLineString",
    "coordinates": [
     [
      [
       12.54324,
       55.66687
      ],
      [
       12.54334,
       55.66685
      ]
     ]
    ]
   }
  },
  {
   "type": "Feature",
   "properties": {
    "element": "Dræn og rørledninger",
    "under_element": "Rørledning",
    "byrumstype": "Parker"
   },
   "geometry": {
    "type": "MultiLineString",
    "coordinates": [
     [
      [
       12.54056,
       55.66671
      ],
      [
       12.5407,
       55.66675
      ]
     ]
    ]
   }
  },
  {
   "type": "Feature",
   "properties": {
    "element": "Dræn og rørledninger",
    "under_element": "Rørledning"
   },
   "geometry": {
    "type": "MultiLineString",
    "coordinates": [
     [
      [
       12.54138,
       55.66672
      ],
      [
       12.5415,
       55.66696
      ]
     ]
    ]
   }
  },
  {
   "type": "Feature",
   "properties": {
    "element": "Dræn og rørledninger",
    "under_element": "Rørledning",
    "byrumstype": "Parker"
   },
   "geometry": {
    "type": "MultiLineString",
    "coordinates": [
     [
      [
       12.54053,
       55.66672
      ],
      [
       12.54041,
       55.66674
      ]
     ]
    ]
   }
  },
  {
   "type": "Feature",
   "properties": {
    "element": "Dræn og rørledninger",
    "under_element": "Rørledning"
   },
   "geometry": {
    "type": "MultiLineString",
    "coordinates": [
     [
      [
       12.54072,
       55.66676
      ],
      [
       12.54077,
       55.66676
      ]
     ]
    ]
   }
  },
  {
   "type": "Feature",
   "properties": {
    "element": "Dræn og rørledninger",
    "under_element": "Rørledning",
    "byrumstype": "Parker"
   },
   "geometry": {
    "type": "MultiLineString",
    "coordinates": [
     [
      [
       12.54153,
       55.66697
      ],
      [
       12.54174,
       55.66693
      ]
     ]
    ]
   }
  },
  {
   "type": "Feature",
   "properties": {
    "element": "Dræn og rørledninger",
    "under_element": "Rørledning",
    "byrumstype": "Parker"
   },
   "geometry": {
    "type": "MultiLineString",
    "coordinates": [
     [
      [
       12.54176,
       55.66693
      ],
      [
       12.54238,
       55.66683
      ]
     ]
    ]
   }
  },
  {
   "type": "Feature",
   "properties": {
    "element": "Dræn og rørledninger",
    "under_element": "Rørledning",
    "byrumstype": "Haver"
   },
   "geometry": {
    "type": "MultiLineString",
    "coordinates": [
     [
      [
       12.54318,
       55.66663
      ],
      [
       12.54243,
       55.66675
      ]
     ]
    ]
   }
  },
  {
   "type": "Feature",
   "properties": {
    "element": "Dræn og rørledninger",
    "under_element": "Rørledning",
    "byrumstype": "Haver"
   },
   "geometry": {
    "type": "MultiLineString",
    "coordinates": [
     [
      [
       12.54313,
       55.66653
      ],
      [
       12.54317,
       55.66662
      ]
     ]
    ]
   }
  },
  {
   "type": "Feature",
   "properties": {
    "element": "Dræn og rørledninger",
    "under_element": "Rørledning",
    "byrumstype": "Haver"
   },
   "geometry": {
    "type": "MultiLineString",
    "coordinates": [
     [
      [
       12.5431,
       55.66648
      ],
      [
       12.54305,
       55.66639
      ]
     ]
    ]
   }
  },
  {
   "type": "Feature",
   "properties": {
    "element": "Dræn og rørledninger",
    "under_element": "Rørledning",
    "byrumstype": "Parker"
   },
   "geometry": {
    "type": "MultiLineString",
    "coordinates": [
     [
      [
       12.54143,
       55.66642
      ],
      [
       12.54137,
       55.6664
      ]
     ]
    ]
   }
  },
  {
   "type": "Feature",
   "properties": {
    "element": "Dræn og rørledninger",
    "under_element": "Rørledning",
    "byrumstype": "Parker"
   },
   "geometry": {
    "type": "MultiLineString",
    "coordinates": [
     [
      [
       12.54144,
       55.66641
      ],
      [
       12.54138,
       55.66639
      ]
     ]
    ]
   }
  },
  {
   "type": "Feature",
   "properties": {
    "element": "Dræn og rørledninger",
    "under_element": "Rørledning",
    "byrumstype": "Parker"
   },
   "geometry": {
    "type": "MultiLineString",
    "coordinates": [
     [
      [
       12.54342,
       55.66666
      ],
      [
       12.54323,
       55.66668
      ]
     ]
    ]
   }
  },
  {
   "type": "Feature",
   "properties": {
    "element": "Dræn og rørledninger",
    "under_element": "Rørledning",
    "byrumstype": "Parker"
   },
   "geometry": {
    "type": "MultiLineString",
    "coordinates": [
     [
      [
       12.54361,
       55.66703
      ],
      [
       12.54362,
       55.667
      ]
     ]
    ]
   }
  },
  {
   "type": "Feature",
   "properties": {
    "element": "Dræn og rørledninger",
    "under_element": "Rørledning",
    "byrumstype": "Parker"
   },
   "geometry": {
    "type": "MultiLineString",
    "coordinates": [
     [
      [
       12.54161,
       55.66701
      ],
      [
       12.5416,
       55.66702
      ]
     ]
    ]
   }
  },
  {
   "type": "Feature",
   "properties": {
    "element": "Dræn og rørledninger",
    "under_element": "Rørledning",
    "byrumstype": "Parker"
   },
   "geometry": {
    "type": "MultiLineString",
    "coordinates": [
     [
      [
       12.54176,
       55.66727
      ],
      [
       12.54161,
       55.66701
      ]
     ]
    ]
   }
  },
  {
   "type": "Feature",
   "properties": {
    "element": "Dræn og rørledninger",
    "under_element": "Rørledning",
    "byrumstype": "Parker"
   },
   "geometry": {
    "type": "MultiLineString",
    "coordinates": [
     [
      [
       12.54161,
       55.66701
      ],
      [
       12.54153,
       55.66697
      ]
     ]
    ]
   }
  },
  {
   "type": "Feature",
   "properties": {
    "element": "Dræn og rørledninger",
    "under_element": "Rørledning",
    "byrumstype": "Parker"
   },
   "geometry": {
    "type": "MultiLineString",
    "coordinates": [
     [
      [
       12.54169,
       55.66714
      ],
      [
       12.54168,
       55.66715
      ]
     ]
    ]
   }
  },
  {
   "type": "Feature",
   "properties": {
    "element": "Dræn og rørledninger",
    "under_element": "Rørledning",
    "byrumstype": "Parker"
   },
   "geometry": {
    "type": "MultiLineString",
    "coordinates": [
     [
      [
       12.54176,
       55.66727
      ],
      [
       12.54175,
       55.66728
      ]
     ]
    ]
   }
  },
  {
   "type": "Feature",
   "properties": {
    "element": "Dræn og rørledninger",
    "under_element": "Rørledning",
    "byrumstype": "Parker"
   },
   "geometry": {
    "type": "MultiLineString",
    "coordinates": [
     [
      [
       12.54208,
       55.66788
      ],
      [
       12.54217,
       55.66791
      ]
     ]
    ]
   }
  },
  {
   "type": "Feature",
   "properties": {
    "element": "Dræn og rørledninger",
    "under_element": "Rørledning",
    "byrumstype": "Parker"
   },
   "geometry": {
    "type": "MultiLineString",
    "coordinates": [
     [
      [
       12.54345,
       55.66756
      ],
      [
       12.54349,
       55.6676
      ]
     ]
    ]
   }
  },
  {
   "type": "Feature",
   "properties": {
    "element": "Dræn og rørledninger",
    "under_element": "Rørledning",
    "byrumstype": "Parker"
   },
   "geometry": {
    "type": "MultiLineString",
    "coordinates": [
     [
      [
       12.54272,
       55.66625
      ],
      [
       12.5427,
       55.66621
      ]
     ]
    ]
   }
  },
  {
   "type": "Feature",
   "properties": {
    "element": "Dræn og rørledninger",
    "under_element": "Rørledning",
    "byrumstype": "Parker"
   },
   "geometry": {
    "type": "MultiLineString",
    "coordinates": [
     [
      [
       12.54147,
       55.66639
      ],
      [
       12.54141,
       55.66636
      ]
     ]
    ]
   }
  },
  {
   "type": "Feature",
   "properties": {
    "element": "Dræn og rørledninger",
    "under_element": "Rørledning",
    "byrumstype": "Haver"
   },
   "geometry": {
    "type": "MultiLineString",
    "coordinates": [
     [
      [
       12.54317,
       55.6663
      ],
      [
       12.54316,
       55.66631
      ]
     ]
    ]
   }
  },
  {
   "type": "Feature",
   "properties": {
    "element": "Dræn og rørledninger",
    "under_element": "Rørledning",
    "byrumstype": "Parker"
   },
   "geometry": {
    "type": "MultiLineString",
    "coordinates": [
     [
      [
       12.54316,
       55.6662
      ],
      [
       12.5432,
       55.66621
      ]
     ]
    ]
   }
  },
  {
   "type": "Feature",
   "properties": {
    "element": "Dræn og rørledninger",
    "under_element": "Rørledning"
   },
   "geometry": {
    "type": "MultiLineString",
    "coordinates": [
     [
      [
       12.54321,
       55.66622
      ],
      [
       12.54317,
       55.6663
      ]
     ]
    ]
   }
  },
  {
   "type": "Feature",
   "properties": {
    "element": "Dræn og rørledninger",
    "under_element": "Rørledning",
    "byrumstype": "Parker"
   },
   "geometry": {
    "type": "MultiLineString",
    "coordinates": [
     [
      [
       12.54198,
       55.66707
      ],
      [
       12.54191,
       55.66693
      ]
     ]
    ]
   }
  },
  {
   "type": "Feature",
   "properties": {
    "element": "Dræn og rørledninger",
    "under_element": "Rørledning",
    "byrumstype": "Parker"
   },
   "geometry": {
    "type": "MultiLineString",
    "coordinates": [
     [
      [
       12.5421,
       55.66704
      ],
      [
       12.54194,
       55.66699
      ]
     ]
    ]
   }
  },
  {
   "type": "Feature",
   "properties": {
    "element": "Dræn og rørledninger",
    "under_element": "Rørledning",
    "byrumstype": "Parker"
   },
   "geometry": {
    "type": "MultiLineString",
    "coordinates": [
     [
      [
       12.54244,
       55.6669
      ],
      [
       12.5424,
       55.66682
      ]
     ]
    ]
   }
  },
  {
   "type": "Feature",
   "properties": {
    "element": "Dræn og rørledninger",
    "under_element": "Rørledning",
    "byrumstype": "Parker"
   },
   "geometry": {
    "type": "MultiLineString",
    "coordinates": [
     [
      [
       12.54243,
       55.6669
      ],
      [
       12.54239,
       55.66683
      ]
     ]
    ]
   }
  },
  {
   "type": "Feature",
   "properties": {
    "element": "Dræn og rørledninger",
    "under_element": "Rørledning"
   },
   "geometry": {
    "type": "MultiLineString",
    "coordinates": [
     [
      [
       12.54241,
       55.66677
      ],
      [
       12.5424,
       55.66681
      ]
     ]
    ]
   }
  },
  {
   "type": "Feature",
   "properties": {
    "element": "Dræn og rørledninger",
    "under_element": "Rørledning"
   },
   "geometry": {
    "type": "MultiLineString",
    "coordinates": [
     [
      [
       12.5424,
       55.66677
      ],
      [
       12.54239,
       55.66681
      ]
     ]
    ]
   }
  },
  {
   "type": "Feature",
   "properties": {
    "element": "Dræn og rørledninger",
    "under_element": "Rørledning",
    "byrumstype": "Parker"
   },
   "geometry": {
    "type": "MultiLineString",
    "coordinates": [
     [
      [
       12.54135,
       55.6681
      ],
      [
       12.54149,
       55.66803
      ]
     ]
    ]
   }
  },
  {
   "type": "Feature",
   "properties": {
    "element": "Dræn og rørledninger",
    "under_element": "Rørledning",
    "byrumstype": "Parker"
   },
   "geometry": {
    "type": "MultiLineString",
    "coordinates": [
     [
      [
       12.54149,
       55.66803
      ],
      [
       12.54208,
       55.66789
      ]
     ]
    ]
   }
  },
  {
   "type": "Feature",
   "properties": {
    "element": "Dræn og rørledninger",
    "under_element": "Rørledning",
    "byrumstype": "Parker"
   },
   "geometry": {
    "type": "MultiLineString",
    "coordinates": [
     [
      [
       12.54253,
       55.66686
      ],
      [
       12.54241,
       55.66682
      ]
     ]
    ]
   }
  },
  {
   "type": "Feature",
   "properties": {
    "element": "Dræn og rørledninger",
    "under_element": "Rørledning",
    "byrumstype": "Parker"
   },
   "geometry": {
    "type": "MultiLineString",
    "coordinates": [
     [
      [
       12.54362,
       55.66681
      ],
      [
       12.54359,
       55.6668
      ]
     ]
    ]
   }
  },
  {
   "type": "Feature",
   "properties": {
    "element": "Dræn og rørledninger",
    "under_element": "Rørledning",
    "byrumstype": "Parker"
   },
   "geometry": {
    "type": "MultiLineString",
    "coordinates": [
     [
      [
       12.54359,
       55.6668
      ],
      [
       12.54357,
       55.66679
      ]
     ]
    ]
   }
  },
  {
   "type": "Feature",
   "properties": {
    "element": "Dræn og rørledninger",
    "under_element": "Rørledning",
    "byrumstype": "Parker"
   },
   "geometry": {
    "type": "MultiLineString",
    "coordinates": [
     [
      [
       12.54193,
       55.66721
      ],
      [
       12.54188,
       55.66712
      ],
      [
       12.54181,
       55.66698
      ]
     ]
    ]
   }
  },
  {
   "type": "Feature",
   "properties": {
    "element": "Dræn og rørledninger",
    "under_element": "Rørledning",
    "byrumstype": "Parker"
   },
   "geometry": {
    "type": "MultiLineString",
    "coordinates": [
     [
      [
       12.54176,
       55.66691
      ],
      [
       12.54181,
       55.66698
      ]
     ]
    ]
   }
  },
  {
   "type": "Feature",
   "properties": {
    "element": "Dræn og rørledninger",
    "under_element": "Rørledning",
    "byrumstype": "Parker"
   },
   "geometry": {
    "type": "MultiLineString",
    "coordinates": [
     [
      [
       12.5416,
       55.66698
      ],
      [
       12.54089,
       55.66709
      ]
     ]
    ]
   }
  },
  {
   "type": "Feature",
   "properties": {
    "element": "Dræn og rørledninger",
    "under_element": "Rørledning"
   },
   "geometry": {
    "type": "MultiLineString",
    "coordinates": [
     [
      [
       12.54175,
       55.6669
      ],
      [
       12.54178,
       55.66685
      ]
     ]
    ]
   }
  },
  {
   "type": "Feature",
   "properties": {
    "element": "Dræn og rørledninger",
    "under_element": "Rørledning",
    "byrumstype": "Parker"
   },
   "geometry": {
    "type": "MultiLineString",
    "coordinates": [
     [
      [
       12.5416,
       55.66698
      ],
      [
       12.54161,
       55.66697
      ],
      [
       12.54163,
       55.66697
      ],
      [
       12.54164,
       55.66697
      ],
      [
       12.54166,
       55.66696
      ],
      [
       12.54167,
       55.66696
      ],
      [
       12.54168,
       55.66695
      ],
      [
       12.54169,
       55.66694
      ],
      [
       12.54171,
       55.66694
      ],
      [
       12.54172,
       55.66693
      ],
      [
       12.54173,
       55.66692
      ],
      [
       12.54173,
       55.66692
      ],
      [
       12.54174,
       55.66691
      ],
      [
       12.54175,
       55.6669
      ]
     ]
    ]
   }
  },
  {
   "type": "Feature",
   "properties": {
    "element": "Dræn og rørledninger",
    "under_element": "Rørledning",
    "byrumstype": "Parker"
   },
   "geometry": {
    "type": "MultiLineString",
    "coordinates": [
     [
      [
       12.54079,
       55.66729
      ],
      [
       12.5408,
       55.66728
      ]
     ]
    ]
   }
  },
  {
   "type": "Feature",
   "properties": {
    "element": "Dræn og rørledninger",
    "under_element": "Rørledning",
    "byrumstype": "Parker"
   },
   "geometry": {
    "type": "MultiLineString",
    "coordinates": [
     [
      [
       12.54077,
       55.66725
      ],
      [
       12.54078,
       55.66723
      ],
      [
       12.54089,
       55.66709
      ]
     ]
    ]
   }
  },
  {
   "type": "Feature",
   "properties": {
    "element": "Dræn og rørledninger",
    "under_element": "Rørledning",
    "byrumstype": "Parker"
   },
   "geometry": {
    "type": "MultiLineString",
    "coordinates": [
     [
      [
       12.54078,
       55.66724
      ],
      [
       12.54082,
       55.66719
      ]
     ]
    ]
   }
  },
  {
   "type": "Feature",
   "properties": {
    "element": "Dræn og rørledninger",
    "under_element": "Rørledning",
    "byrumstype": "Haver"
   },
   "geometry": {
    "type": "MultiLineString",
    "coordinates": [
     [
      [
       12.54175,
       55.66683
      ],
      [
       12.54173,
       55.66678
      ]
     ]
    ]
   }
  },
  {
   "type": "Feature",
   "properties": {
    "element": "Dræn og rørledninger",
    "under_element": "Rørledning",
    "byrumstype": "Parker"
   },
   "geometry": {
    "type": "MultiLineString",
    "coordinates": [
     [
      [
       12.54322,
       55.66669
      ],
      [
       12.54322,
       55.66668
      ]
     ]
    ]
   }
  },
  {
   "type": "Feature",
   "properties": {
    "element": "Dræn og rørledninger",
    "under_element": "Rørledning",
    "byrumstype": "Parker"
   },
   "geometry": {
    "type": "MultiLineString",
    "coordinates": [
     [
      [
       12.54307,
       55.66671
      ],
      [
       12.54322,
       55.66669
      ]
     ]
    ]
   }
  },
  {
   "type": "Feature",
   "properties": {
    "element": "Dræn og rørledninger",
    "under_element": "Rørledning",
    "byrumstype": "Parker"
   },
   "geometry": {
    "type": "MultiLineString",
    "coordinates": [
     [
      [
       12.54307,
       55.66671
      ],
      [
       12.54307,
       55.66671
      ],
      [
       12.54307,
       55.66671
      ],
      [
       12.54307,
       55.66671
      ],
      [
       12.54307,
       55.66671
      ],
      [
       12.54307,
       55.66672
      ],
      [
       12.54307,
       55.66672
      ],
      [
       12.54307,
       55.66672
      ],
      [
       12.54306,
       55.66672
      ],
      [
       12.54306,
       55.66672
      ],
      [
       12.54306,
       55.66672
      ],
      [
       12.54306,
       55.66672
      ],
      [
       12.54306,
       55.66672
      ],
      [
       12.54306,
       55.66672
      ],
      [
       12.54306,
       55.66672
      ],
      [
       12.54306,
       55.66672
      ],
      [
       12.54306,
       55.66672
      ],
      [
       12.54306,
       55.66672
      ],
      [
       12.54306,
       55.66672
      ],
      [
       12.54306,
       55.66672
      ],
      [
       12.54306,
       55.66672
      ],
      [
       12.54306,
       55.66672
      ],
      [
       12.54306,
       55.66672
      ],
      [
       12.54306,
       55.66673
      ]
     ]
    ]
   }
  },
  {
   "type": "Feature",
   "properties": {
    "element": "Dræn og rørledninger",
    "under_element": "Rørledning",
    "byrumstype": "Parker"
   },
   "geometry": {
    "type": "MultiLineString",
    "coordinates": [
     [
      [
       12.54077,
       55.66725
      ],
      [
       12.54078,
       55.66726
      ]
     ]
    ]
   }
  },
  {
   "type": "Feature",
   "properties": {
    "element": "Dræn og rørledninger",
    "under_element": "Rørledning",
    "byrumstype": "Parker"
   },
   "geometry": {
    "type": "MultiLineString",
    "coordinates": [
     [
      [
       12.54078,
       55.66724
      ],
      [
       12.5408,
       55.66728
      ]
     ]
    ]
   }
  },
  {
   "type": "Feature",
   "properties": {
    "element": "Dræn og rørledninger",
    "under_element": "Rørledning",
    "byrumstype": "Parker"
   },
   "geometry": {
    "type": "MultiLineString",
    "coordinates": [
     [
      [
       12.54076,
       55.66727
      ],
      [
       12.54078,
       55.66726
      ]
     ]
    ]
   }
  },
  {
   "type": "Feature",
   "properties": {
    "element": "Dræn og rørledninger",
    "under_element": "Rørledning",
    "byrumstype": "Haver"
   },
   "geometry": {
    "type": "MultiLineString",
    "coordinates": [
     [
      [
       12.54187,
       55.66683
      ],
      [
       12.54177,
       55.66684
      ]
     ]
    ]
   }
  },
  {
   "type": "Feature",
   "properties": {
    "element": "Dræn og rørledninger",
    "under_element": "Rørledning",
    "byrumstype": "Haver"
   },
   "geometry": {
    "type": "MultiLineString",
    "coordinates": [
     [
      [
       12.54308,
       55.66621
      ],
      [
       12.54315,
       55.66621
      ]
     ]
    ]
   }
  },
  {
   "type": "Feature",
   "properties": {
    "element": "Dræn og rørledninger",
    "under_element": "Rørledning",
    "byrumstype": "Parker"
   },
   "geometry": {
    "type": "MultiLineString",
    "coordinates": [
     [
      [
       12.54323,
       55.66687
      ],
      [
       12.54314,
       55.66685
      ]
     ]
    ]
   }
  },
  {
   "type": "Feature",
   "properties": {
    "element": "Dræn og rørledninger",
    "under_element": "Rørledning"
   },
   "geometry": {
    "type": "MultiLineString",
    "coordinates": [
     [
      [
       12.5415,
       55.66641
      ],
      [
       12.54148,
       55.66643
      ]
     ]
    ]
   }
  },
  {
   "type": "Feature",
   "properties": {
    "element": "Dræn og rørledninger",
    "under_element": "Rørledning"
   },
   "geometry": {
    "type": "MultiLineString",
    "coordinates": [
     [
      [
       12.54148,
       55.66643
      ],
      [
       12.54174,
       55.66692
      ]
     ]
    ]
   }
  },
  {
   "type": "Feature",
   "properties": {
    "element": "Dræn og rørledninger",
    "under_element": "Rørledning"
   },
   "geometry": {
    "type": "MultiLineString",
    "coordinates": [
     [
      [
       12.54282,
       55.66625
      ],
      [
       12.54281,
       55.66624
      ]
     ]
    ]
   }
  },
  {
   "type": "Feature",
   "properties": {
    "element": "Dræn og rørledninger",
    "under_element": "Rørledning",
    "byrumstype": "Parker"
   },
   "geometry": {
    "type": "MultiLineString",
    "coordinates": [
     [
      [
       12.54306,
       55.66672
      ],
      [
       12.54313,
       55.66685
      ]
     ]
    ]
   }
  },
  {
   "type": "Feature",
   "properties": {
    "element": "Dræn og rørledninger",
    "under_element": "Rørledning",
    "byrumstype": "Parker"
   },
   "geometry": {
    "type": "MultiLineString",
    "coordinates": [
     [
      [
       12.54281,
       55.66624
      ],
      [
       12.54316,
       55.6662
      ]
     ]
    ]
   }
  },
  {
   "type": "Feature",
   "properties": {
    "element": "Dræn og rørledninger",
    "under_element": "Rørledning",
    "byrumstype": "Parker"
   },
   "geometry": {
    "type": "MultiLineString",
    "coordinates": [
     [
      [
       12.54044,
       55.66649
      ],
      [
       12.54047,
       55.66647
      ]
     ]
    ]
   }
  },
  {
   "type": "Feature",
   "properties": {
    "element": "Dræn og rørledninger",
    "under_element": "Rørledning",
    "byrumstype": "Haver"
   },
   "geometry": {
    "type": "MultiLineString",
    "coordinates": [
     [
      [
       12.54314,
       55.66633
      ],
      [
       12.54308,
       55.66623
      ]
     ]
    ]
   }
  },
  {
   "type": "Feature",
   "properties": {
    "element": "Dræn og rørledninger",
    "under_element": "Rørledning",
    "byrumstype": "Parker"
   },
   "geometry": {
    "type": "MultiLineString",
    "coordinates": [
     [
      [
       12.54306,
       55.66611
      ],
      [
       12.54307,
       55.66616
      ],
      [
       12.54308,
       55.66621
      ]
     ]
    ]
   }
  },
  {
   "type": "Feature",
   "properties": {
    "element": "Dræn og rørledninger",
    "under_element": "Rørledning",
    "byrumstype": "Parker"
   },
   "geometry": {
    "type": "MultiLineString",
    "coordinates": [
     [
      [
       12.5407,
       55.70483
      ],
      [
       12.54052,
       55.70494
      ]
     ]
    ]
   }
  },
  {
   "type": "Feature",
   "properties": {
    "element": "Dræn og rørledninger",
    "under_element": "Rørledning",
    "byrumstype": "Parker"
   },
   "geometry": {
    "type": "MultiLineString",
    "coordinates": [
     [
      [
       12.54057,
       55.70508
      ],
      [
       12.54057,
       55.70503
      ]
     ]
    ]
   }
  },
  {
   "type": "Feature",
   "properties": {
    "element": "Dræn og rørledninger",
    "under_element": "Rørledning",
    "byrumstype": "Parker"
   },
   "geometry": {
    "type": "MultiLineString",
    "coordinates": [
     [
      [
       12.54057,
       55.70503
      ],
      [
       12.54065,
       55.70503
      ],
      [
       12.54077,
       55.70509
      ]
     ]
    ]
   }
  },
  {
   "type": "Feature",
   "properties": {
    "element": "Dræn og rørledninger",
    "under_element": "Rørledning",
    "byrumstype": "Parker"
   },
   "geometry": {
    "type": "MultiLineString",
    "coordinates": [
     [
      [
       12.54054,
       55.7046
      ],
      [
       12.5407,
       55.70483
      ]
     ]
    ]
   }
  },
  {
   "type": "Feature",
   "properties": {
    "element": "Dræn og rørledninger",
    "under_element": "Rørledning",
    "byrumstype": "Parker"
   },
   "geometry": {
    "type": "MultiLineString",
    "coordinates": [
     [
      [
       12.5407,
       55.70483
      ],
      [
       12.54059,
       55.70484
      ]
     ]
    ]
   }
  },
  {
   "type": "Feature",
   "properties": {
    "element": "Dræn og rørledninger",
    "under_element": "Rørledning",
    "byrumstype": "Haver"
   },
   "geometry": {
    "type": "MultiLineString",
    "coordinates": [
     [
      [
       12.54312,
       55.66653
      ],
      [
       12.54309,
       55.66648
      ],
      [
       12.54312,
       55.66648
      ],
      [
       12.54315,
       55.66653
      ],
      [
       12.54312,
       55.66653
      ]
     ]
    ]
   }
  },
  {
   "type": "Feature",
   "properties": {
    "element": "Dræn og rørledninger",
    "under_element": "Rørledning",
    "byrumstype": "Haver"
   },
   "geometry": {
    "type": "MultiLineString",
    "coordinates": [
     [
      [
       12.54304,
       55.66639
      ],
      [
       12.54302,
       55.66635
      ],
      [
       12.54304,
       55.66634
      ],
      [
       12.54307,
       55.66639
      ],
      [
       12.54304,
       55.66639
      ]
     ]
    ]
   }
  },
  {
   "type": "Feature",
   "properties": {
    "element": "Dræn og rørledninger",
    "under_element": "Rørledning",
    "byrumstype": "Parker"
   },
   "geometry": {
    "type": "MultiLineString",
    "coordinates": [
     [
      [
       12.54062,
       55.70441
      ],
      [
       12.54065,
       55.70441
      ]
     ]
    ]
   }
  },
  {
   "type": "Feature",
   "properties": {
    "element": "Dræn og rørledninger",
    "under_element": "Rørledning",
    "byrumstype": "Parker"
   },
   "geometry": {
    "type": "MultiLineString",
    "coordinates": [
     [
      [
       12.54062,
       55.70441
      ],
      [
       12.54076,
       55.70435
      ]
     ]
    ]
   }
  },
  {
   "type": "Feature",
   "properties": {
    "element": "Dræn og rørledninger",
    "under_element": "Rørledning",
    "byrumstype": "Natur"
   },
   "geometry": {
    "type": "MultiLineString",
    "coordinates": [
     [
      [
       12.50179,
       55.70973
      ],
      [
       12.50189,
       55.70978
      ]
     ]
    ]
   }
  },
  {
   "type": "Feature",
   "properties": {
    "element": "Dræn og rørledninger",
    "under_element": "Rørledning",
    "byrumstype": "Parker"
   },
   "geometry": {
    "type": "MultiLineString",
    "coordinates": [
     [
      [
       12.5406,
       55.7041
      ],
      [
       12.54078,
       55.70426
      ]
     ]
    ]
   }
  },
  {
   "type": "Feature",
   "properties": {
    "element": "Dræn og rørledninger",
    "under_element": "Rørledning",
    "byrumstype": "Gader og pladser"
   },
   "geometry": {
    "type": "MultiLineString",
    "coordinates": [
     [
      [
       12.56408,
       55.70886
      ],
      [
       12.56411,
       55.70893
      ]
     ]
    ]
   }
  },
  {
   "type": "Feature",
   "properties": {
    "element": "Dræn og rørledninger",
    "under_element": "Rørledning",
    "byrumstype": "Gader og pladser"
   },
   "geometry": {
    "type": "MultiLineString",
    "coordinates": [
     [
      [
       12.5644,
       55.70907
      ],
      [
       12.56438,
       55.70903
      ]
     ]
    ]
   }
  },
  {
   "type": "Feature",
   "properties": {
    "element": "Dræn og rørledninger",
    "under_element": "Rørledning",
    "byrumstype": "Gader og pladser"
   },
   "geometry": {
    "type": "MultiLineString",
    "coordinates": [
     [
      [
       12.56427,
       55.70927
      ],
      [
       12.56424,
       55.70922
      ]
     ]
    ]
   }
  },
  {
   "type": "Feature",
   "properties": {
    "element": "Dræn og rørledninger",
    "under_element": "Rørledning",
    "byrumstype": "Gader og pladser"
   },
   "geometry": {
    "type": "MultiLineString",
    "coordinates": [
     [
      [
       12.56449,
       55.70932
      ],
      [
       12.56451,
       55.70929
      ]
     ]
    ]
   }
  },
  {
   "type": "Feature",
   "properties": {
    "element": "Dræn og rørledninger",
    "under_element": "Rørledning",
    "byrumstype": "Gader og pladser"
   },
   "geometry": {
    "type": "MultiLineString",
    "coordinates": [
     [
      [
       12.5647,
       55.70968
      ],
      [
       12.56465,
       55.7096
      ]
     ]
    ]
   }
  },
  {
   "type": "Feature",
   "properties": {
    "element": "Dræn og rørledninger",
    "under_element": "Rørledning",
    "byrumstype": "Gader og pladser"
   },
   "geometry": {
    "type": "MultiLineString",
    "coordinates": [
     [
      [
       12.56478,
       55.70997
      ],
      [
       12.56473,
       55.70992
      ]
     ]
    ]
   }
  },
  {
   "type": "Feature",
   "properties": {
    "element": "Dræn og rørledninger",
    "under_element": "Rørledning",
    "byrumstype": "Gader og pladser"
   },
   "geometry": {
    "type": "MultiLineString",
    "coordinates": [
     [
      [
       12.56505,
       55.71103
      ],
      [
       12.56515,
       55.71093
      ]
     ]
    ]
   }
  },
  {
   "type": "Feature",
   "properties": {
    "element": "Dræn og rørledninger",
    "under_element": "Rørledning",
    "byrumstype": "Gader og pladser"
   },
   "geometry": {
    "type": "MultiLineString",
    "coordinates": [
     [
      [
       12.56542,
       55.71054
      ],
      [
       12.56538,
       55.71043
      ]
     ]
    ]
   }
  },
  {
   "type": "Feature",
   "properties": {
    "element": "Dræn og rørledninger",
    "under_element": "Rørledning",
    "byrumstype": "Gader og pladser"
   },
   "geometry": {
    "type": "MultiLineString",
    "coordinates": [
     [
      [
       12.5656,
       55.71046
      ],
      [
       12.5656,
       55.71047
      ],
      [
       12.5656,
       55.71052
      ]
     ]
    ]
   }
  },
  {
   "type": "Feature",
   "properties": {
    "element": "Dræn og rørledninger",
    "under_element": "Rørledning",
    "byrumstype": "Småarealer"
   },
   "geometry": {
    "type": "MultiLineString",
    "coordinates": [
     [
      [
       12.56678,
       55.71272
      ],
      [
       12.56692,
       55.71268
      ]
     ]
    ]
   }
  },
  {
   "type": "Feature",
   "properties": {
    "element": "Dræn og rørledninger",
    "under_element": "Rørledning",
    "byrumstype": "Natur"
   },
   "geometry": {
    "type": "MultiLineString",
    "coordinates": [
     [
      [
       12.50346,
       55.70885
      ],
      [
       12.50349,
       55.70894
      ],
      [
       12.50347,
       55.70906
      ],
      [
       12.50329,
       55.70928
      ],
      [
       12.50329,
       55.70928
      ],
      [
       12.50335,
       55.7094
      ],
      [
       12.50335,
       55.7094
      ]
     ]
    ]
   }
  },
  {
   "type": "Feature",
   "properties": {
    "element": "Dræn og rørledninger",
    "under_element": "Rørledning",
    "byrumstype": "Natur"
   },
   "geometry": {
    "type": "MultiLineString",
    "coordinates": [
     [
      [
       12.49818,
       55.71974
      ],
      [
       12.49816,
       55.71969
      ],
      [
       12.49806,
       55.71964
      ],
      [
       12.498,
       55.71963
      ]
     ]
    ]
   }
  },
  {
   "type": "Feature",
   "properties": {
    "element": "Dræn og rørledninger",
    "under_element": "Rørledning",
    "byrumstype": "Parker"
   },
   "geometry": {
    "type": "MultiLineString",
    "coordinates": [
     [
      [
       12.54083,
       55.70484
      ],
      [
       12.5407,
       55.70483
      ]
     ]
    ]
   }
  },
  {
   "type": "Feature",
   "properties": {
    "element": "Dræn og rørledninger",
    "under_element": "Rørledning",
    "byrumstype": "Parker"
   },
   "geometry": {
    "type": "MultiLineString",
    "coordinates": [
     [
      [
       12.54093,
       55.70532
      ],
      [
       12.54078,
       55.70532
      ]
     ]
    ]
   }
  },
  {
   "type": "Feature",
   "properties": {
    "element": "Dræn og rørledninger",
    "under_element": "Rørledning",
    "byrumstype": "Parker"
   },
   "geometry": {
    "type": "MultiLineString",
    "coordinates": [
     [
      [
       12.54077,
       55.70509
      ],
      [
       12.54091,
       55.70516
      ],
      [
       12.54093,
       55.70532
      ]
     ]
    ]
   }
  },
  {
   "type": "Feature",
   "properties": {
    "element": "Dræn og rørledninger",
    "under_element": "Rørledning",
    "byrumstype": "Parker"
   },
   "geometry": {
    "type": "MultiLineString",
    "coordinates": [
     [
      [
       12.54085,
       55.70449
      ],
      [
       12.54076,
       55.70435
      ]
     ]
    ]
   }
  },
  {
   "type": "Feature",
   "properties": {
    "element": "Dræn og rørledninger",
    "under_element": "Rørledning",
    "byrumstype": "Parker"
   },
   "geometry": {
    "type": "MultiLineString",
    "coordinates": [
     [
      [
       12.54076,
       55.70435
      ],
      [
       12.54078,
       55.70426
      ]
     ]
    ]
   }
  },
  {
   "type": "Feature",
   "properties": {
    "element": "Dræn og rørledninger",
    "under_element": "Rørledning",
    "byrumstype": "Parker"
   },
   "geometry": {
    "type": "MultiLineString",
    "coordinates": [
     [
      [
       12.54076,
       55.70435
      ],
      [
       12.5409,
       55.7043
      ]
     ]
    ]
   }
  },
  {
   "type": "Feature",
   "properties": {
    "element": "Dræn og rørledninger",
    "under_element": "Rørledning",
    "byrumstype": "Parker"
   },
   "geometry": {
    "type": "MultiLineString",
    "coordinates": [
     [
      [
       12.54126,
       55.70486
      ],
      [
       12.54109,
       55.70485
      ],
      [
       12.54083,
       55.70484
      ]
     ]
    ]
   }
  },
  {
   "type": "Feature",
   "properties": {
    "element": "Dræn og rørledninger",
    "under_element": "Rørledning",
    "byrumstype": "Parker"
   },
   "geometry": {
    "type": "MultiLineString",
    "coordinates": [
     [
      [
       12.54085,
       55.70485
      ],
      [
       12.54083,
       55.70484
      ]
     ]
    ]
   }
  },
  {
   "type": "Feature",
   "properties": {
    "element": "Dræn og rørledninger",
    "under_element": "Rørledning",
    "byrumstype": "Parker"
   },
   "geometry": {
    "type": "MultiLineString",
    "coordinates": [
     [
      [
       12.54078,
       55.70426
      ],
      [
       12.54079,
       55.70419
      ]
     ]
    ]
   }
  },
  {
   "type": "Feature",
   "properties": {
    "element": "Dræn og rørledninger",
    "under_element": "Rørledning",
    "byrumstype": "Parker"
   },
   "geometry": {
    "type": "MultiLineString",
    "coordinates": [
     [
      [
       12.54093,
       55.70532
      ],
      [
       12.54127,
       55.70529
      ]
     ]
    ]
   }
  },
  {
   "type": "Feature",
   "properties": {
    "element": "Dræn og rørledninger",
    "under_element": "Rørledning",
    "byrumstype": "Parker"
   },
   "geometry": {
    "type": "MultiLineString",
    "coordinates": [
     [
      [
       12.54118,
       55.70506
      ],
      [
       12.54127,
       55.70529
      ]
     ]
    ]
   }
  },
  {
   "type": "Feature",
   "properties": {
    "element": "Dræn og rørledninger",
    "under_element": "Rørledning",
    "byrumstype": "Parker"
   },
   "geometry": {
    "type": "MultiLineString",
    "coordinates": [
     [
      [
       12.54127,
       55.70529
      ],
      [
       12.54138,
       55.70536
      ]
     ]
    ]
   }
  },
  {
   "type": "Feature",
   "properties": {
    "element": "Dræn og rørledninger",
    "under_element": "Rørledning",
    "byrumstype": "Parker"
   },
   "geometry": {
    "type": "MultiLineString",
    "coordinates": [
     [
      [
       12.54148,
       55.7055
      ],
      [
       12.54127,
       55.70529
      ]
     ]
    ]
   }
  },
  {
   "type": "Feature",
   "properties": {
    "element": "Dræn og rørledninger",
    "under_element": "Rørledning",
    "byrumstype": "Parker"
   },
   "geometry": {
    "type": "MultiLineString",
    "coordinates": [
     [
      [
       12.54127,
       55.70529
      ],
      [
       12.54132,
       55.70518
      ]
     ]
    ]
   }
  },
  {
   "type": "Feature",
   "properties": {
    "element": "Dræn og rørledninger",
    "under_element": "Rørledning",
    "byrumstype": "Parker"
   },
   "geometry": {
    "type": "MultiLineString",
    "coordinates": [
     [
      [
       12.52927,
       55.64474
      ],
      [
       12.5293,
       55.64465
      ]
     ]
    ]
   }
  },
  {
   "type": "Feature",
   "properties": {
    "element": "Dræn og rørledninger",
    "under_element": "Rørledning"
   },
   "geometry": {
    "type": "MultiLineString",
    "coordinates": [
     [
      [
       12.52828,
       55.64965
      ],
      [
       12.52829,
       55.64964
      ],
      [
       12.52828,
       55.6496
      ],
      [
       12.52824,
       55.64959
      ]
     ]
    ]
   }
  },
  {
   "type": "Feature",
   "properties": {
    "element": "Dræn og rørledninger",
    "under_element": "Rørledning",
    "byrumstype": "Parker"
   },
   "geometry": {
    "type": "MultiLineString",
    "coordinates": [
     [
      [
       12.52829,
       55.6496
      ],
      [
       12.52828,
       55.64959
      ],
      [
       12.52826,
       55.64959
      ]
     ]
    ]
   }
  },
  {
   "type": "Feature",
   "properties": {
    "element": "Dræn og rørledninger",
    "under_element": "Rørledning"
   },
   "geometry": {
    "type": "MultiLineString",
    "coordinates": [
     [
      [
       12.52804,
       55.64962
      ],
      [
       12.52803,
       55.64962
      ],
      [
       12.52802,
       55.64958
      ],
      [
       12.528,
       55.64956
      ]
     ]
    ]
   }
  },
  {
   "type": "Feature",
   "properties": {
    "element": "Dræn og rørledninger",
    "under_element": "Rørledning",
    "byrumstype": "Parker"
   },
   "geometry": {
    "type": "MultiLineString",
    "coordinates": [
     [
      [
       12.52805,
       55.64957
      ],
      [
       12.52803,
       55.64957
      ],
      [
       12.52802,
       55.64956
      ]
     ]
    ]
   }
  },
  {
   "type": "Feature",
   "properties": {
    "element": "Dræn og rørledninger",
    "under_element": "Rørledning",
    "byrumstype": "Parker"
   },
   "geometry": {
    "type": "MultiLineString",
    "coordinates": [
     [
      [
       12.52821,
       55.64959
      ],
      [
       12.52828,
       55.64933
      ],
      [
       12.5283,
       55.64925
      ],
      [
       12.52832,
       55.64918
      ],
      [
       12.52832,
       55.64917
      ],
      [
       12.52836,
       55.64902
      ],
      [
       12.5284,
       55.64891
      ],
      [
       12.52842,
       55.64886
      ],
      [
       12.52843,
       55.64883
      ],
      [
       12.52844,
       55.64878
      ],
      [
       12.52845,
       55.64873
      ],
      [
       12.52845,
       55.64871
      ],
      [
       12.52844,
       55.6487
      ],
      [
       12.52846,
       55.64865
      ],
      [
       12.5284,
       55.64865
      ]
     ]
    ]
   }
  },
  {
   "type": "Feature",
   "properties": {
    "element": "Dræn og rørledninger",
    "under_element": "Rørledning",
    "byrumstype": "Parker"
   },
   "geometry": {
    "type": "MultiLineString",
    "coordinates": [
     [
      [
       12.52828,
       55.64933
      ],
      [
       12.52821,
       55.64928
      ],
      [
       12.52819,
       55.64928
      ]
     ]
    ]
   }
  },
  {
   "type": "Feature",
   "properties": {
    "element": "Dræn og rørledninger",
    "under_element": "Rørledning",
    "byrumstype": "Parker"
   },
   "geometry": {
    "type": "MultiLineString",
    "coordinates": [
     [
      [
       12.52832,
       55.64918
      ],
      [
       12.52831,
       55.64916
      ],
      [
       12.52829,
       55.64913
      ]
     ]
    ]
   }
  },
  {
   "type": "Feature",
   "properties": {
    "element": "Dræn og rørledninger",
    "under_element": "Rørledning",
    "byrumstype": "Parker"
   },
   "geometry": {
    "type": "MultiLineString",
    "coordinates": [
     [
      [
       12.52841,
       55.64924
      ],
      [
       12.5283,
       55.64925
      ]
     ]
    ]
   }
  },
  {
   "type": "Feature",
   "properties": {
    "element": "Dræn og rørledninger",
    "under_element": "Rørledning",
    "byrumstype": "Gader og pladser"
   },
   "geometry": {
    "type": "MultiLineString",
    "coordinates": [
     [
      [
       12.5784,
       55.71303
      ],
      [
       12.57841,
       55.71304
      ],
      [
       12.57836,
       55.71305
      ]
     ]
    ]
   }
  },
  {
   "type": "Feature",
   "properties": {
    "element": "Dræn og rørledninger",
    "under_element": "Rørledning"
   },
   "geometry": {
    "type": "MultiLineString",
    "coordinates": [
     [
      [
       12.52868,
       55.64794
      ],
      [
       12.52843,
       55.64788
      ]
     ]
    ]
   }
  },
  {
   "type": "Feature",
   "properties": {
    "element": "Dræn og rørledninger",
    "under_element": "Rørledning"
   },
   "geometry": {
    "type": "MultiLineString",
    "coordinates": [
     [
      [
       12.5784,
       55.71303
      ],
      [
       12.57851,
       55.71303
      ]
     ]
    ]
   }
  },
  {
   "type": "Feature",
   "properties": {
    "element": "Dræn og rørledninger",
    "under_element": "Rørledning",
    "byrumstype": "Småarealer"
   },
   "geometry": {
    "type": "MultiLineString",
    "coordinates": [
     [
      [
       12.57866,
       55.71337
      ],
      [
       12.57853,
       55.71329
      ]
     ]
    ]
   }
  },
  {
   "type": "Feature",
   "properties": {
    "element": "Dræn og rørledninger",
    "under_element": "Rørledning",
    "byrumstype": "Småarealer"
   },
   "geometry": {
    "type": "MultiLineString",
    "coordinates": [
     [
      [
       12.57853,
       55.71329
      ],
      [
       12.57853,
       55.71329
      ],
      [
       12.57854,
       55.71311
      ],
      [
       12.57854,
       55.7131
      ],
      [
       12.57863,
       55.7131
      ]
     ]
    ]
   }
  },
  {
   "type": "Feature",
   "properties": {
    "element": "Dræn og rørledninger",
    "under_element": "Rørledning",
    "byrumstype": "Småarealer"
   },
   "geometry": {
    "type": "MultiLineString",
    "coordinates": [
     [
      [
       12.57853,
       55.71329
      ],
      [
       12.5786,
       55.71327
      ]
     ]
    ]
   }
  },
  {
   "type": "Feature",
   "properties": {
    "element": "Dræn og rørledninger",
    "under_element": "Rørledning",
    "byrumstype": "Gader og pladser"
   },
   "geometry": {
    "type": "MultiLineString",
    "coordinates": [
     [
      [
       12.53897,
       55.70486
      ],
      [
       12.53896,
       55.70484
      ]
     ]
    ]
   }
  },
  {
   "type": "Feature",
   "properties": {
    "element": "Dræn og rørledninger",
    "under_element": "Rørledning",
    "byrumstype": "Gader og pladser"
   },
   "geometry": {
    "type": "MultiLineString",
    "coordinates": [
     [
      [
       12.53865,
       55.70487
      ],
      [
       12.53863,
       55.70485
      ]
     ]
    ]
   }
  },
  {
   "type": "Feature",
   "properties": {
    "element": "Dræn og rørledninger",
    "under_element": "Rørledning"
   },
   "geometry": {
    "type": "MultiLineString",
    "coordinates": [
     [
      [
       12.54008,
       55.70518
      ],
      [
       12.53989,
       55.70516
      ],
      [
       12.53991,
       55.70512
      ],
      [
       12.53992,
       55.70509
      ]
     ],
     [
      [
       12.53992,
       55.70509
      ],
      [
       12.53992,
       55.70506
      ]
     ],
     [
      [
       12.54003,
       55.70506
      ],
      [
       12.53992,
       55.70509
      ]
     ],
     [
      [
       12.54008,
       55.70518
      ],
      [
       12.54013,
       55.70521
      ]
     ],
     [
      [
       12.54022,
       55.70524
      ],
      [
       12.54017,
       55.70526
      ],
      [
       12.54008,
       55.70518
      ]
     ]
    ]
   }
  },
  {
   "type": "Feature",
   "properties": {
    "element": "Trug og vandrender",
    "under_element": "Trug",
    "byrumstype": "Parker"
   },
   "geometry": {
    "type": "MultiLineString",
    "coordinates": [
     [
      [
       12.5195,
       55.64036
      ],
      [
       12.51959,
       55.64034
      ],
      [
       12.51967,
       55.64034
      ],
      [
       12.51975,
       55.64034
      ],
      [
       12.51982,
       55.64037
      ],
      [
       12.51987,
       55.64041
      ],
      [
       12.51989,
       55.64045
      ],
      [
       12.51989,
       55.64047
      ]
     ]
    ]
   }
  },
  {
   "type": "Feature",
   "properties": {
    "element": "Dræn og rørledninger",
    "under_element": "Rørledning"
   },
   "geometry": {
    "type": "MultiLineString",
    "coordinates": [
     [
      [
       12.53964,
       55.70482
      ],
      [
       12.53958,
       55.70479
      ],
      [
       12.53954,
       55.70477
      ],
      [
       12.53935,
       55.70484
      ]
     ],
     [
      [
       12.53982,
       55.70487
      ],
      [
       12.53964,
       55.70482
      ]
     ],
     [
      [
       12.53964,
       55.70482
      ],
      [
       12.53972,
       55.7048
      ]
     ],
     [
      [
       12.5398,
       55.70489
      ],
      [
       12.53982,
       55.70487
      ]
     ],
     [
      [
       12.53982,
       55.70487
      ],
      [
       12.53988,
       55.70495
      ]
     ],
     [
      [
       12.53995,
       55.7048
      ],
      [
       12.53983,
       55.70484
      ],
      [
       12.53982,
       55.70487
      ]
     ]
    ]
   }
  },
  {
   "type": "Feature",
   "properties": {
    "element": "Dræn og rørledninger",
    "under_element": "Rørledning",
    "byrumstype": "Småarealer"
   },
   "geometry": {
    "type": "MultiLineString",
    "coordinates": [
     [
      [
       12.57865,
       55.71311
      ],
      [
       12.57863,
       55.7131
      ]
     ]
    ]
   }
  },
  {
   "type": "Feature",
   "properties": {
    "element": "Dræn og rørledninger",
    "under_element": "Rørledning",
    "byrumstype": "Småarealer"
   },
   "geometry": {
    "type": "MultiLineString",
    "coordinates": [
     [
      [
       12.57863,
       55.7131
      ],
      [
       12.57865,
       55.71309
      ],
      [
       12.57871,
       55.71306
      ]
     ]
    ]
   }
  },
  {
   "type": "Feature",
   "properties": {
    "element": "Dræn og rørledninger",
    "under_element": "Rørledning",
    "byrumstype": "Småarealer"
   },
   "geometry": {
    "type": "MultiLineString",
    "coordinates": [
     [
      [
       12.57866,
       55.71305
      ],
      [
       12.57865,
       55.71304
      ],
      [
       12.57865,
       55.71304
      ]
     ]
    ]
   }
  },
  {
   "type": "Feature",
   "properties": {
    "element": "Dræn og rørledninger",
    "under_element": "Rørledning",
    "byrumstype": "Småarealer"
   },
   "geometry": {
    "type": "MultiLineString",
    "coordinates": [
     [
      [
       12.57865,
       55.71304
      ],
      [
       12.57869,
       55.713
      ]
     ]
    ]
   }
  },
  {
   "type": "Feature",
   "properties": {
    "element": "Dræn og rørledninger",
    "under_element": "Rørledning",
    "byrumstype": "Småarealer"
   },
   "geometry": {
    "type": "MultiLineString",
    "coordinates": [
     [
      [
       12.57865,
       55.71304
      ],
      [
       12.5787,
       55.71303
      ]
     ]
    ]
   }
  },
  {
   "type": "Feature",
   "properties": {
    "element": "Dræn og rørledninger",
    "under_element": "Rørledning",
    "byrumstype": "Småarealer"
   },
   "geometry": {
    "type": "MultiLineString",
    "coordinates": [
     [
      [
       12.57869,
       55.713
      ],
      [
       12.57869,
       55.71302
      ]
     ]
    ]
   }
  },
  {
   "type": "Feature",
   "properties": {
    "element": "Dræn og rørledninger",
    "under_element": "Rørledning",
    "byrumstype": "Småarealer"
   },
   "geometry": {
    "type": "MultiLineString",
    "coordinates": [
     [
      [
       12.5787,
       55.71303
      ],
      [
       12.57869,
       55.713
      ]
     ]
    ]
   }
  },
  {
   "type": "Feature",
   "properties": {
    "element": "Dræn og rørledninger",
    "under_element": "Rørledning",
    "byrumstype": "Småarealer"
   },
   "geometry": {
    "type": "MultiLineString",
    "coordinates": [
     [
      [
       12.5787,
       55.71303
      ],
      [
       12.5791,
       55.71295
      ]
     ]
    ]
   }
  },
  {
   "type": "Feature",
   "properties": {
    "element": "Dræn og rørledninger",
    "under_element": "Rørledning",
    "byrumstype": "Småarealer"
   },
   "geometry": {
    "type": "MultiLineString",
    "coordinates": [
     [
      [
       12.57951,
       55.71304
      ],
      [
       12.57952,
       55.71309
      ],
      [
       12.57952,
       55.71321
      ],
      [
       12.57951,
       55.71328
      ]
     ]
    ]
   }
  },
  {
   "type": "Feature",
   "properties": {
    "element": "Dræn og rørledninger",
    "under_element": "Rørledning",
    "byrumstype": "Småarealer"
   },
   "geometry": {
    "type": "MultiLineString",
    "coordinates": [
     [
      [
       12.57951,
       55.71304
      ],
      [
       12.57953,
       55.71304
      ]
     ]
    ]
   }
  },
  {
   "type": "Feature",
   "properties": {
    "element": "Dræn og rørledninger",
    "under_element": "Rørledning"
   },
   "geometry": {
    "type": "MultiLineString",
    "coordinates": [
     [
      [
       12.5795,
       55.71292
      ],
      [
       12.57948,
       55.7129
      ],
      [
       12.57952,
       55.7129
      ],
      [
       12.57952,
       55.71294
      ]
     ]
    ]
   }
  },
  {
   "type": "Feature",
   "properties": {
    "element": "Trug og vandrender",
    "under_element": "Trug",
    "byrumstype": "Parker"
   },
   "geometry": {
    "type": "MultiLineString",
    "coordinates": [
     [
      [
       12.59628,
       55.65287
      ],
      [
       12.59596,
       55.65205
      ],
      [
       12.59592,
       55.65199
      ],
      [
       12.59573,
       55.65152
      ],
      [
       12.59554,
       55.65106
      ],
      [
       12.59465,
       55.65117
      ]
     ]
    ]
   }
  },
  {
   "type": "Feature",
   "properties": {
    "element": "Trug og vandrender",
    "under_element": "Trug",
    "byrumstype": "Parker"
   },
   "geometry": {
    "type": "MultiLineString",
    "coordinates": [
     [
      [
       12.49735,
       55.68516
      ],
      [
       12.49608,
       55.68467
      ]
     ]
    ]
   }
  },
  {
   "type": "Feature",
   "properties": {
    "element": "Trug og vandrender",
    "under_element": "Trug",
    "byrumstype": "Parker"
   },
   "geometry": {
    "type": "MultiLineString",
    "coordinates": [
     [
      [
       12.49479,
       55.68402
      ],
      [
       12.49425,
       55.68369
      ]
     ]
    ]
   }
  },
  {
   "type": "Feature",
   "properties": {
    "element": "Trug og vandrender",
    "under_element": "Trug",
    "byrumstype": "Parker"
   },
   "geometry": {
    "type": "MultiLineString",
    "coordinates": [
     [
      [
       12.49325,
       55.68294
      ],
      [
       12.4931,
       55.68281
      ],
      [
       12.49278,
       55.68246
      ],
      [
       12.49241,
       55.68206
      ],
      [
       12.49217,
       55.68172
      ],
      [
       12.49199,
       55.68129
      ],
      [
       12.49188,
       55.68104
      ],
      [
       12.49161,
       55.68068
      ],
      [
       12.49134,
       55.68042
      ],
      [
       12.49123,
       55.68004
      ]
     ]
    ]
   }
  },
  {
   "type": "Feature",
   "properties": {
    "element": "Trug og vandrender",
    "under_element": "Trug",
    "byrumstype": "Parker"
   },
   "geometry": {
    "type": "MultiLineString",
    "coordinates": [
     [
      [
       12.4912,
       55.67995
      ],
      [
       12.49108,
       55.67945
      ],
      [
       12.49103,
       55.67939
      ],
      [
       12.49074,
       55.67919
      ],
      [
       12.49015,
       55.67895
      ],
      [
       12.48901,
       55.67843
      ],
      [
       12.48795,
       55.67796
      ]
     ]
    ]
   }
  },
  {
   "type": "Feature",
   "properties": {
    "element": "Trug og vandrender",
    "under_element": "Trug",
    "byrumstype": "Parker"
   },
   "geometry": {
    "type": "MultiLineString",
    "coordinates": [
     [
      [
       12.5023,
       55.68797
      ],
      [
       12.50256,
       55.68807
      ],
      [
       12.5033,
       55.68828
      ],
      [
       12.50396,
       55.68845
      ],
      [
       12.50495,
       55.68861
      ],
      [
       12.50553,
       55.68869
      ],
      [
       12.50608,
       55.68876
      ],
      [
       12.50699,
       55.68881
      ],
      [
       12.50773,
       55.68884
      ],
      [
       12.50784,
       55.68886
      ],
      [
       12.50933,
       55.68912
      ],
      [
       12.50978,
       55.6892
      ]
     ]
    ]
   }
  },
  {
   "type": "Feature",
   "properties": {
    "element": "Trug og vandrender",
    "under_element": "Trug",
    "byrumstype": "Parker"
   },
   "geometry": {
    "type": "MultiLineString",
    "coordinates": [
     [
      [
       12.50685,
       55.68873
      ],
      [
       12.50651,
       55.68872
      ],
      [
       12.50598,
       55.68867
      ],
      [
       12.50529,
       55.68858
      ],
      [
       12.50403,
       55.68839
      ],
      [
       12.50377,
       55.68833
      ],
      [
       12.50269,
       55.68801
      ],
      [
       12.50235,
       55.68789
      ]
     ]
    ]
   }
  },
  {
   "type": "Feature",
   "properties": {
    "element": "Trug og vandrender",
    "under_element": "Trug",
    "byrumstype": "Parker"
   },
   "geometry": {
    "type": "MultiLineString",
    "coordinates": [
     [
      [
       12.46736,
       55.69228
      ],
      [
       12.4673,
       55.69249
      ],
      [
       12.46723,
       55.69273
      ],
      [
       12.46723,
       55.69289
      ],
      [
       12.46717,
       55.69306
      ],
      [
       12.46707,
       55.69323
      ],
      [
       12.4668,
       55.69349
      ],
      [
       12.46644,
       55.6938
      ],
      [
       12.46588,
       55.69434
      ],
      [
       12.46542,
       55.69479
      ],
      [
       12.46487,
       55.69534
      ],
      [
       12.46433,
       55.69588
      ],
      [
       12.46413,
       55.69607
      ],
      [
       12.46402,
       55.6962
      ],
      [
       12.46393,
       55.69633
      ],
      [
       12.46388,
       55.69644
      ],
      [
       12.46386,
       55.69657
      ],
      [
       12.46385,
       55.69663
      ],
      [
       12.46386,
       55.69681
      ],
      [
       12.46391,
       55.69699
      ],
      [
       12.46396,
       55.69715
      ]
     ]
    ]
   }
  },
  {
   "type": "Feature",
   "properties": {
    "element": "Trug og vandrender",
    "under_element": "Trug",
    "byrumstype": "Parker"
   },
   "geometry": {
    "type": "MultiLineString",
    "coordinates": [
     [
      [
       12.46411,
       55.69757
      ],
      [
       12.46418,
       55.69781
      ],
      [
       12.46436,
       55.69843
      ],
      [
       12.46452,
       55.69895
      ],
      [
       12.46452,
       55.69921
      ],
      [
       12.46441,
       55.69965
      ],
      [
       12.46434,
       55.70005
      ],
      [
       12.46428,
       55.70027
      ],
      [
       12.46425,
       55.70049
      ],
      [
       12.46425,
       55.70064
      ]
     ]
    ]
   }
  },
  {
   "type": "Feature",
   "properties": {
    "element": "Trug og vandrender",
    "under_element": "Trug",
    "byrumstype": "Parker"
   },
   "geometry": {
    "type": "MultiLineString",
    "coordinates": [
     [
      [
       12.47267,
       55.68259
      ],
      [
       12.47262,
       55.68268
      ],
      [
       12.47259,
       55.68272
      ],
      [
       12.47248,
       55.68289
      ],
      [
       12.47232,
       55.68314
      ],
      [
       12.4723,
       55.68322
      ],
      [
       12.47209,
       55.68335
      ]
     ]
    ]
   }
  },
  {
   "type": "Feature",
   "properties": {
    "element": "Trug og vandrender",
    "under_element": "Trug",
    "byrumstype": "Parker"
   },
   "geometry": {
    "type": "MultiLineString",
    "coordinates": [
     [
      [
       12.47853,
       55.66654
      ],
      [
       12.47851,
       55.66619
      ],
      [
       12.47851,
       55.66615
      ],
      [
       12.47852,
       55.66609
      ],
      [
       12.47854,
       55.66604
      ],
      [
       12.47858,
       55.66598
      ],
      [
       12.47864,
       55.66593
      ],
      [
       12.47866,
       55.66592
      ],
      [
       12.47871,
       55.6659
      ],
      [
       12.47876,
       55.66587
      ],
      [
       12.47884,
       55.66584
      ],
      [
       12.47886,
       55.66584
      ]
     ]
    ]
   }
  },
  {
   "type": "Feature",
   "properties": {
    "element": "Trug og vandrender",
    "under_element": "Trug",
    "byrumstype": "Parker"
   },
   "geometry": {
    "type": "MultiLineString",
    "coordinates": [
     [
      [
       12.52608,
       55.64162
      ],
      [
       12.52604,
       55.64148
      ],
      [
       12.5259,
       55.64126
      ],
      [
       12.52581,
       55.64115
      ],
      [
       12.52574,
       55.64108
      ],
      [
       12.52561,
       55.64098
      ],
      [
       12.52546,
       55.64089
      ],
      [
       12.52535,
       55.64083
      ],
      [
       12.5251,
       55.64071
      ],
      [
       12.52489,
       55.64062
      ],
      [
       12.52479,
       55.64059
      ],
      [
       12.52456,
       55.64051
      ],
      [
       12.52428,
       55.64044
      ],
      [
       12.52415,
       55.64041
      ]
     ]
    ]
   }
  },
  {
   "type": "Feature",
   "properties": {
    "element": "Trug og vandrender",
    "under_element": "Trug",
    "byrumstype": "Parker"
   },
   "geometry": {
    "type": "MultiLineString",
    "coordinates": [
     [
      [
       12.52349,
       55.64023
      ],
      [
       12.52269,
       55.64002
      ]
     ]
    ]
   }
  },
  {
   "type": "Feature",
   "properties": {
    "element": "Trug og vandrender",
    "under_element": "Trug",
    "byrumstype": "Parker"
   },
   "geometry": {
    "type": "MultiLineString",
    "coordinates": [
     [
      [
       12.51706,
       55.64511
      ],
      [
       12.51843,
       55.64522
      ]
     ]
    ]
   }
  },
  {
   "type": "Feature",
   "properties": {
    "element": "Trug og vandrender",
    "under_element": "Trug",
    "byrumstype": "Parker"
   },
   "geometry": {
    "type": "MultiLineString",
    "coordinates": [
     [
      [
       12.51853,
       55.64522
      ],
      [
       12.52157,
       55.64547
      ]
     ]
    ]
   }
  },
  {
   "type": "Feature",
   "properties": {
    "element": "Trug og vandrender",
    "under_element": "Trug",
    "byrumstype": "Parker"
   },
   "geometry": {
    "type": "MultiLineString",
    "coordinates": [
     [
      [
       12.51935,
       55.64056
      ],
      [
       12.51941,
       55.64044
      ]
     ]
    ]
   }
  },
  {
   "type": "Feature",
   "properties": {
    "element": "Trug og vandrender",
    "under_element": "Trug",
    "byrumstype": "Parker"
   },
   "geometry": {
    "type": "MultiLineString",
    "coordinates": [
     [
      [
       12.51983,
       55.64056
      ],
      [
       12.51985,
       55.64055
      ],
      [
       12.51986,
       55.64054
      ]
     ]
    ]
   }
  },
  {
   "type": "Feature",
   "properties": {
    "element": "Trug og vandrender",
    "under_element": "Trug",
    "byrumstype": "Parker"
   },
   "geometry": {
    "type": "MultiLineString",
    "coordinates": [
     [
      [
       12.52413,
       55.64051
      ],
      [
       12.52468,
       55.64066
      ],
      [
       12.52499,
       55.64077
      ]
     ]
    ]
   }
  },
  {
   "type": "Feature",
   "properties": {
    "element": "Trug og vandrender",
    "under_element": "Trug",
    "byrumstype": "Parker"
   },
   "geometry": {
    "type": "MultiLineString",
    "coordinates": [
     [
      [
       12.5251,
       55.64083
      ],
      [
       12.52539,
       55.64098
      ],
      [
       12.52553,
       55.64108
      ],
      [
       12.52567,
       55.6412
      ],
      [
       12.52578,
       55.64133
      ],
      [
       12.52585,
       55.64146
      ],
      [
       12.52591,
       55.64161
      ],
      [
       12.52593,
       55.64173
      ],
      [
       12.52595,
       55.64184
      ],
      [
       12.52593,
       55.64196
      ],
      [
       12.52589,
       55.64221
      ]
     ]
    ]
   }
  },
  {
   "type": "Feature",
   "properties": {
    "element": "Trug og vandrender",
    "under_element": "Trug",
    "byrumstype": "Parker"
   },
   "geometry": {
    "type": "MultiLineString",
    "coordinates": [
     [
      [
       12.51213,
       55.6447
      ],
      [
       12.51689,
       55.64509
      ]
     ]
    ]
   }
  },
  {
   "type": "Feature",
   "properties": {
    "element": "Trug og vandrender",
    "under_element": "Trug",
    "byrumstype": "Parker"
   },
   "geometry": {
    "type": "MultiLineString",
    "coordinates": [
     [
      [
       12.52072,
       55.63939
      ],
      [
       12.52081,
       55.6393
      ],
      [
       12.5209,
       55.63924
      ],
      [
       12.52099,
       55.6392
      ],
      [
       12.52109,
       55.63918
      ],
      [
       12.5212,
       55.63916
      ],
      [
       12.52129,
       55.63916
      ]
     ]
    ]
   }
  },
  {
   "type": "Feature",
   "properties": {
    "element": "Trug og vandrender",
    "under_element": "Trug",
    "byrumstype": "Parker"
   },
   "geometry": {
    "type": "MultiLineString",
    "coordinates": [
     [
      [
       12.52141,
       55.63915
      ],
      [
       12.52149,
       55.63915
      ],
      [
       12.52159,
       55.63917
      ]
     ]
    ]
   }
  },
  {
   "type": "Feature",
   "properties": {
    "element": "Trug og vandrender",
    "under_element": "Trug",
    "byrumstype": "Parker"
   },
   "geometry": {
    "type": "MultiLineString",
    "coordinates": [
     [
      [
       12.52278,
       55.63773
      ],
      [
       12.52278,
       55.63766
      ]
     ]
    ]
   }
  },
  {
   "type": "Feature",
   "properties": {
    "element": "Trug og vandrender",
    "under_element": "Trug",
    "byrumstype": "Småarealer"
   },
   "geometry": {
    "type": "MultiLineString",
    "coordinates": [
     [
      [
       12.62398,
       55.6676
      ],
      [
       12.62403,
       55.66756
      ],
      [
       12.62408,
       55.66751
      ],
      [
       12.62414,
       55.66745
      ],
      [
       12.62422,
       55.66738
      ],
      [
       12.6243,
       55.66731
      ],
      [
       12.62436,
       55.66723
      ],
      [
       12.62441,
       55.66717
      ]
     ]
    ]
   }
  },
  {
   "type": "Feature",
   "properties": {
    "element": "Trug og vandrender",
    "under_element": "Trug",
    "byrumstype": "Småarealer"
   },
   "geometry": {
    "type": "MultiLineString",
    "coordinates": [
     [
      [
       12.62444,
       55.66713
      ],
      [
       12.62447,
       55.6671
      ],
      [
       12.62458,
       55.66698
      ],
      [
       12.6247,
       55.66684
      ],
      [
       12.62483,
       55.6667
      ],
      [
       12.62495,
       55.66657
      ],
      [
       12.6251,
       55.66639
      ],
      [
       12.62524,
       55.66624
      ]
     ]
    ]
   }
  },
  {
   "type": "Feature",
   "properties": {
    "element": "Trug og vandrender",
    "under_element": "Trug",
    "byrumstype": "Småarealer"
   },
   "geometry": {
    "type": "MultiLineString",
    "coordinates": [
     [
      [
       12.62687,
       55.66439
      ],
      [
       12.62679,
       55.66449
      ],
      [
       12.62657,
       55.66473
      ],
      [
       12.62642,
       55.66491
      ],
      [
       12.62631,
       55.66504
      ],
      [
       12.62622,
       55.66513
      ],
      [
       12.6262,
       55.66514
      ],
      [
       12.62617,
       55.66515
      ],
      [
       12.62617,
       55.66515
      ]
     ]
    ]
   }
  },
  {
   "type": "Feature",
   "properties": {
    "element": "Trug og vandrender",
    "under_element": "Trug",
    "byrumstype": "Parker"
   },
   "geometry": {
    "type": "MultiLineString",
    "coordinates": [
     [
      [
       12.52271,
       55.63785
      ],
      [
       12.52272,
       55.63784
      ],
      [
       12.52275,
       55.63778
      ]
     ]
    ]
   }
  },
  {
   "type": "Feature",
   "properties": {
    "element": "Trug og vandrender",
    "under_element": "Trug",
    "byrumstype": "Parker"
   },
   "geometry": {
    "type": "MultiLineString",
    "coordinates": [
     [
      [
       12.52258,
       55.63793
      ],
      [
       12.52264,
       55.6379
      ],
      [
       12.52266,
       55.63789
      ]
     ]
    ]
   }
  },
  {
   "type": "Feature",
   "properties": {
    "element": "Trug og vandrender",
    "under_element": "Vandrende",
    "byrumstype": "Gader og pladser"
   },
   "geometry": {
    "type": "MultiLineString",
    "coordinates": [
     [
      [
       12.59621,
       55.66502
      ],
      [
       12.59635,
       55.66499
      ]
     ]
    ]
   }
  },
  {
   "type": "Feature",
   "properties": {
    "element": "Trug og vandrender",
    "under_element": "Vandrende",
    "byrumstype": "Gader og pladser"
   },
   "geometry": {
    "type": "MultiLineString",
    "coordinates": [
     [
      [
       12.59637,
       55.66498
      ],
      [
       12.5965,
       55.66495
      ]
     ]
    ]
   }
  },
  {
   "type": "Feature",
   "properties": {
    "element": "Trug og vandrender",
    "under_element": "Vandrende",
    "byrumstype": "Gader og pladser"
   },
   "geometry": {
    "type": "MultiLineString",
    "coordinates": [
     [
      [
       12.59652,
       55.66495
      ],
      [
       12.59665,
       55.66492
      ]
     ]
    ]
   }
  },
  {
   "type": "Feature",
   "properties": {
    "element": "Trug og vandrender",
    "under_element": "Vandrende",
    "byrumstype": "Gader og pladser"
   },
   "geometry": {
    "type": "MultiLineString",
    "coordinates": [
     [
      [
       12.5967,
       55.66507
      ],
      [
       12.59662,
       55.66509
      ]
     ]
    ]
   }
  },
  {
   "type": "Feature",
   "properties": {
    "element": "Trug og vandrender",
    "under_element": "Vandrende",
    "byrumstype": "Småarealer"
   },
   "geometry": {
    "type": "MultiLineString",
    "coordinates": [
     [
      [
       12.5964,
       55.66513
      ],
      [
       12.59632,
       55.66515
      ]
     ]
    ]
   }
  },
  {
   "type": "Feature",
   "properties": {
    "element": "Trug og vandrender",
    "under_element": "Vandrende",
    "byrumstype": "Gader og pladser"
   },
   "geometry": {
    "type": "MultiLineString",
    "coordinates": [
     [
      [
       12.59659,
       55.66509
      ],
      [
       12.59642,
       55.66513
      ]
     ]
    ]
   }
  },
  {
   "type": "Feature",
   "properties": {
    "element": "Trug og vandrender",
    "under_element": "Vandrende",
    "byrumstype": "Gader og pladser"
   },
   "geometry": {
    "type": "MultiLineString",
    "coordinates": [
     [
      [
       12.59667,
       55.66492
      ],
      [
       12.59677,
       55.6649
      ]
     ]
    ]
   }
  },
  {
   "type": "Feature",
   "properties": {
    "element": "Trug og vandrender",
    "under_element": "Vandrende",
    "byrumstype": "Gader og pladser"
   },
   "geometry": {
    "type": "MultiLineString",
    "coordinates": [
     [
      [
       12.59672,
       55.66506
      ],
      [
       12.59686,
       55.66503
      ]
     ]
    ]
   }
  },
  {
   "type": "Feature",
   "properties": {
    "element": "Trug og vandrender",
    "under_element": "Vandrende",
    "byrumstype": "Parker"
   },
   "geometry": {
    "type": "MultiLineString",
    "coordinates": [
     [
      [
       12.56594,
       55.68193
      ],
      [
       12.56582,
       55.68186
      ],
      [
       12.56575,
       55.68183
      ],
      [
       12.56571,
       55.6818
      ],
      [
       12.56567,
       55.68178
      ],
      [
       12.56562,
       55.68176
      ],
      [
       12.56559,
       55.68175
      ],
      [
       12.56557,
       55.68174
      ]
     ]
    ]
   }
  },
  {
   "type": "Feature",
   "properties": {
    "element": "Trug og vandrender",
    "under_element": "Vandrende",
    "byrumstype": "Parker"
   },
   "geometry": {
    "type": "MultiLineString",
    "coordinates": [
     [
      [
       12.56604,
       55.68187
      ],
      [
       12.56598,
       55.6819
      ],
      [
       12.56594,
       55.68188
      ],
      [
       12.5658,
       55.68181
      ],
      [
       12.56579,
       55.6818
      ],
      [
       12.56578,
       55.6818
      ],
      [
       12.56566,
       55.68173
      ],
      [
       12.5656,
       55.6817
      ],
      [
       12.56553,
       55.68165
      ],
      [
       12.56553,
       55.68165
      ],
      [
       12.56551,
       55.68163
      ]
     ]
    ]
   }
  },
  {
   "type": "Feature",
   "properties": {
    "element": "Trug og vandrender",
    "under_element": "Vandrende",
    "byrumstype": "Parker"
   },
   "geometry": {
    "type": "MultiLineString",
    "coordinates": [
     [
      [
       12.54135,
       55.66635
      ],
      [
       12.54044,
       55.66646
      ]
     ]
    ]
   }
  },
  {
   "type": "Feature",
   "properties": {
    "element": "Trug og vandrender",
    "under_element": "Vandrende"
   },
   "geometry": {
    "type": "MultiLineString",
    "coordinates": [
     [
      [
       12.58883,
       55.70857
      ],
      [
       12.58913,
       55.70832
      ],
      [
       12.58916,
       55.7083
      ],
      [
       12.58919,
       55.70824
      ],
      [
       12.58919,
       55.70824
      ],
      [
       12.58919,
       55.70823
      ],
      [
       12.58919,
       55.70823
      ],
      [
       12.58919,
       55.70823
      ],
      [
       12.58919,
       55.70822
      ],
      [
       12.58919,
       55.70822
      ],
      [
       12.58919,
       55.70822
      ],
      [
       12.58919,
       55.70821
      ],
      [
       12.58919,
       55.70821
      ],
      [
       12.58919,
       55.7082
      ],
      [
       12.58919,
       55.70819
      ],
      [
       12.58919,
       55.70819
      ],
      [
       12.58919,
       55.70818
      ],
      [
       12.5892,
       55.70817
      ],
      [
       12.5892,
       55.70816
      ],
      [
       12.58921,
       55.70815
      ],
      [
       12.58923,
       55.70814
      ],
      [
       12.58924,
       55.70813
      ],
      [
       12.58924,
       55.70813
      ],
      [
       12.58925,
       55.70812
      ],
      [
       12.58925,
       55.70811
      ],
      [
       12.58926,
       55.7081
      ],
      [
       12.58926,
       55.70809
      ],
      [
       12.58926,
       55.70808
      ],
      [
       12.58926,
       55.70808
      ],
      [
       12.58926,
       55.70807
      ],
      [
       12.58925,
       55.70805
      ],
      [
       12.58926,
       55.70804
      ],
      [
       12.58926,
       55.70803
      ],
      [
       12.58926,
       55.70803
      ],
      [
       12.58927,
       55.70802
      ],
      [
       12.58927,
       55.70801
      ],
      [
       12.58928,
       55.70801
      ],
      [
       12.58929,
       55.708
      ],
      [
       12.5893,
       55.70799
      ],
      [
       12.5893,
       55.70799
      ],
      [
       12.58931,
       55.70798
      ],
      [
       12.58932,
       55.70797
      ],
      [
       12.58932,
       55.70796
      ],
      [
       12.58932,
       55.70796
      ],
      [
       12.58932,
       55.70795
      ],
      [
       12.58932,
       55.70794
      ],
      [
       12.58932,
       55.70794
      ],
      [
       12.58932,
       55.70793
      ],
      [
       12.58932,
       55.70793
      ],
      [
       12.58932,
       55.70792
      ],
      [
       12.58932,
       55.70791
      ],
      [
       12.58932,
       55.7079
      ],
      [
       12.58932,
       55.70789
      ],
      [
       12.58933,
       55.70788
      ],
      [
       12.58933,
       55.70788
      ],
      [
       12.58934,
       55.70787
      ],
      [
       12.58935,
       55.70786
      ],
      [
       12.58936,
       55.70786
      ],
      [
       12.58936,
       55.70785
      ],
      [
       12.58937,
       55.70784
      ],
      [
       12.58938,
       55.70784
      ],
      [
       12.58938,
       55.70783
      ],
      [
       12.58939,
       55.70782
      ]
     ]
    ]
   }
  },
  {
   "type": "Feature",
   "properties": {
    "element": "Trug og vandrender",
    "under_element": "Vandrende",
    "byrumstype": "Parker"
   },
   "geometry": {
    "type": "MultiLineString",
    "coordinates": [
     [
      [
       12.56509,
       55.6805
      ],
      [
       12.56512,
       55.6805
      ],
      [
       12.56514,
       55.6805
      ],
      [
       12.56515,
       55.68049
      ],
      [
       12.56518,
       55.68047
      ],
      [
       12.56521,
       55.68044
      ],
      [
       12.56523,
       55.68041
      ],
      [
       12.56525,
       55.68037
      ],
      [
       12.56525,
       55.68036
      ],
      [
       12.56526,
       55.68034
      ],
      [
       12.56526,
       55.68032
      ],
      [
       12.56526,
       55.68029
      ],
      [
       12.56524,
       55.68025
      ]
     ]
    ]
   }
  },
  {
   "type": "Feature",
   "properties": {
    "element": "Trug og vandrender",
    "under_element": "Vandrende",
    "byrumstype": "Parker"
   },
   "geometry": {
    "type": "MultiLineString",
    "coordinates": [
     [
      [
       12.5653,
       55.68024
      ],
      [
       12.5653,
       55.68026
      ],
      [
       12.56532,
       55.68029
      ],
      [
       12.56532,
       55.68031
      ],
      [
       12.56532,
       55.68033
      ],
      [
       12.56532,
       55.68034
      ],
      [
       12.56531,
       55.68035
      ],
      [
       12.56531,
       55.68038
      ],
      [
       12.56529,
       55.68041
      ],
      [
       12.56526,
       55.68046
      ],
      [
       12.56523,
       55.6805
      ],
      [
       12.56523,
       55.68053
      ],
      [
       12.56523,
       55.68054
      ],
      [
       12.56525,
       55.68056
      ],
      [
       12.56527,
       55.68058
      ]
     ]
    ]
   }
  },
  {
   "type": "Feature",
   "properties": {
    "element": "Trug og vandrender",
    "under_element": "Vandrende",
    "byrumstype": "Parker"
   },
   "geometry": {
    "type": "MultiLineString",
    "coordinates": [
     [
      [
       12.56767,
       55.68214
      ],
      [
       12.56768,
       55.68209
      ]
     ]
    ]
   }
  },
  {
   "type": "Feature",
   "properties": {
    "element": "Trug og vandrender",
    "under_element": "Vandrende",
    "byrumstype": "Parker"
   },
   "geometry": {
    "type": "MultiLineString",
    "coordinates": [
     [
      [
       12.5678,
       55.68217
      ],
      [
       12.56788,
       55.68215
      ],
      [
       12.56797,
       55.68214
      ],
      [
       12.56807,
       55.68212
      ],
      [
       12.5681,
       55.68212
      ],
      [
       12.56816,
       55.68211
      ],
      [
       12.56827,
       55.68208
      ],
      [
       12.56841,
       55.68205
      ],
      [
       12.56854,
       55.68202
      ],
      [
       12.5687,
       55.68197
      ],
      [
       12.56885,
       55.68192
      ],
      [
       12.5689,
       55.6819
      ],
      [
       12.56896,
       55.6819
      ],
      [
       12.56898,
       55.68191
      ]
     ]
    ]
   }
  },
  {
   "type": "Feature",
   "properties": {
    "element": "Trug og vandrender",
    "under_element": "Vandrende",
    "byrumstype": "Parker"
   },
   "geometry": {
    "type": "MultiLineString",
    "coordinates": [
     [
      [
       12.56786,
       55.68212
      ],
      [
       12.56794,
       55.6821
      ],
      [
       12.56808,
       55.68208
      ],
      [
       12.56815,
       55.68207
      ],
      [
       12.56818,
       55.68206
      ],
      [
       12.56822,
       55.68206
      ],
      [
       12.56832,
       55.68203
      ],
      [
       12.56847,
       55.682
      ],
      [
       12.56857,
       55.68197
      ],
      [
       12.56867,
       55.68194
      ],
      [
       12.56871,
       55.68192
      ],
      [
       12.56875,
       55.68191
      ],
      [
       12.5688,
       55.68189
      ],
      [
       12.56882,
       55.68188
      ],
      [
       12.56884,
       55.68187
      ],
      [
       12.56886,
       55.68185
      ],
      [
       12.56887,
       55.68183
      ],
      [
       12.56886,
       55.68181
      ],
      [
       12.56886,
       55.6818
      ],
      [
       12.56885,
       55.68179
      ],
      [
       12.56884,
       55.68177
      ],
      [
       12.56883,
       55.68176
      ],
      [
       12.56883,
       55.68176
      ],
      [
       12.56878,
       55.68172
      ],
      [
       12.56876,
       55.6817
      ],
      [
       12.56857,
       55.68156
      ],
      [
       12.56853,
       55.68154
      ],
      [
       12.5685,
       55.68152
      ],
      [
       12.56836,
       55.68144
      ],
      [
       12.56835,
       55.68143
      ],
      [
       12.56828,
       55.6814
      ],
      [
       12.5682,
       55.68137
      ],
      [
       12.5682,
       55.68136
      ],
      [
       12.5681,
       55.68133
      ],
      [
       12.56807,
       55.68132
      ],
      [
       12.56804,
       55.68131
      ]
     ]
    ]
   }
  },
  {
   "type": "Feature",
   "properties": {
    "element": "Trug og vandrender",
    "under_element": "Vandrende",
    "byrumstype": "Parker"
   },
   "geometry": {
    "type": "MultiLineString",
    "coordinates": [
     [
      [
       12.5677,
       55.6809
      ],
      [
       12.56776,
       55.68092
      ],
      [
       12.56782,
       55.68095
      ],
      [
       12.56792,
       55.68103
      ],
      [
       12.56801,
       55.68111
      ],
      [
       12.56806,
       55.68118
      ],
      [
       12.56809,
       55.68124
      ],
      [
       12.5681,
       55.68126
      ],
      [
       12.56811,
       55.68127
      ],
      [
       12.56815,
       55.68129
      ],
      [
       12.56817,
       55.6813
      ],
      [
       12.56819,
       55.68131
      ],
      [
       12.56826,
       55.68133
      ],
      [
       12.56834,
       55.68137
      ],
      [
       12.56842,
       55.68141
      ],
      [
       12.56852,
       55.68146
      ],
      [
       12.56858,
       55.6815
      ],
      [
       12.56866,
       55.68156
      ],
      [
       12.56874,
       55.68162
      ],
      [
       12.5688,
       55.68167
      ],
      [
       12.56882,
       55.68168
      ],
      [
       12.56885,
       55.6817
      ],
      [
       12.56888,
       55.68172
      ],
      [
       12.56891,
       55.68175
      ],
      [
       12.56894,
       55.68177
      ],
      [
       12.56897,
       55.68178
      ],
      [
       12.56898,
       55.68179
      ],
      [
       12.56901,
       55.68179
      ]
     ]
    ]
   }
  },
  {
   "type": "Feature",
   "properties": {
    "element": "Trug og vandrender",
    "under_element": "Vandrende",
    "byrumstype": "Parker"
   },
   "geometry": {
    "type": "MultiLineString",
    "coordinates": [
     [
      [
       12.56684,
       55.68076
      ],
      [
       12.56676,
       55.68075
      ],
      [
       12.56674,
       55.68074
      ],
      [
       12.5667,
       55.68074
      ],
      [
       12.56667,
       55.68074
      ],
      [
       12.56663,
       55.68073
      ],
      [
       12.5666,
       55.68074
      ],
      [
       12.56658,
       55.68074
      ]
     ]
    ]
   }
  },
  {
   "type": "Feature",
   "properties": {
    "element": "Trug og vandrender",
    "under_element": "Vandrende",
    "byrumstype": "Parker"
   },
   "geometry": {
    "type": "MultiLineString",
    "coordinates": [
     [
      [
       12.56792,
       55.68125
      ],
      [
       12.56795,
       55.68124
      ],
      [
       12.56798,
       55.68123
      ],
      [
       12.56799,
       55.68122
      ],
      [
       12.56799,
       55.68121
      ],
      [
       12.56799,
       55.6812
      ],
      [
       12.56798,
       55.68117
      ],
      [
       12.56797,
       55.68115
      ],
      [
       12.56794,
       55.68111
      ],
      [
       12.56787,
       55.68105
      ],
      [
       12.56781,
       55.681
      ],
      [
       12.56774,
       55.68096
      ],
      [
       12.56771,
       55.68094
      ],
      [
       12.56769,
       55.68093
      ],
      [
       12.56767,
       55.68092
      ]
     ]
    ]
   }
  },
  {
   "type": "Feature",
   "properties": {
    "element": "Trug og vandrender",
    "under_element": "Vandrende",
    "byrumstype": "Parker"
   },
   "geometry": {
    "type": "MultiLineString",
    "coordinates": [
     [
      [
       12.56661,
       55.68065
      ],
      [
       12.56661,
       55.68066
      ],
      [
       12.56661,
       55.68067
      ],
      [
       12.56662,
       55.68068
      ],
      [
       12.56664,
       55.68069
      ],
      [
       12.56673,
       55.6807
      ],
      [
       12.5669,
       55.68072
      ],
      [
       12.56697,
       55.68073
      ],
      [
       12.56701,
       55.68074
      ],
      [
       12.56704,
       55.68074
      ],
      [
       12.56706,
       55.68074
      ],
      [
       12.56708,
       55.68073
      ]
     ]
    ]
   }
  },
  {
   "type": "Feature",
   "properties": {
    "element": "Trug og vandrender",
    "under_element": "Vandrende",
    "byrumstype": "Parker"
   },
   "geometry": {
    "type": "MultiLineString",
    "coordinates": [
     [
      [
       12.5664,
       55.68086
      ],
      [
       12.56643,
       55.68078
      ],
      [
       12.56643,
       55.68076
      ],
      [
       12.56641,
       55.68074
      ],
      [
       12.5664,
       55.68073
      ],
      [
       12.56639,
       55.68072
      ],
      [
       12.56635,
       55.68071
      ],
      [
       12.56632,
       55.68071
      ],
      [
       12.56628,
       55.6807
      ],
      [
       12.56607,
       55.6807
      ],
      [
       12.56606,
       55.6807
      ]
     ]
    ]
   }
  },
  {
   "type": "Feature",
   "properties": {
    "element": "Trug og vandrender",
    "under_element": "Vandrende",
    "byrumstype": "Parker"
   },
   "geometry": {
    "type": "MultiLineString",
    "coordinates": [
     [
      [
       12.56658,
       55.68056
      ],
      [
       12.56658,
       55.68056
      ],
      [
       12.56657,
       55.68058
      ],
      [
       12.56655,
       55.68059
      ],
      [
       12.56653,
       55.68061
      ],
      [
       12.56652,
       55.68061
      ],
      [
       12.56651,
       55.68062
      ],
      [
       12.5665,
       55.68063
      ],
      [
       12.56649,
       55.68063
      ],
      [
       12.56647,
       55.68064
      ],
      [
       12.56644,
       55.68065
      ],
      [
       12.56641,
       55.68065
      ],
      [
       12.56636,
       55.68066
      ],
      [
       12.56634,
       55.68066
      ],
      [
       12.56631,
       55.68067
      ],
      [
       12.56621,
       55.68066
      ],
      [
       12.5662,
       55.68066
      ],
      [
       12.56606,
       55.68066
      ]
     ]
    ]
   }
  },
  {
   "type": "Feature",
   "properties": {
    "element": "Trug og vandrender",
    "under_element": "Vandrende",
    "byrumstype": "Parker"
   },
   "geometry": {
    "type": "MultiLineString",
    "coordinates": [
     [
      [
       12.56606,
       55.67975
      ],
      [
       12.56617,
       55.6798
      ],
      [
       12.56626,
       55.67983
      ],
      [
       12.56637,
       55.67988
      ],
      [
       12.56646,
       55.67991
      ],
      [
       12.56647,
       55.67992
      ],
      [
       12.56651,
       55.67994
      ],
      [
       12.56655,
       55.67996
      ],
      [
       12.56657,
       55.67997
      ],
      [
       12.56657,
       55.67997
      ],
      [
       12.5666,
       55.67999
      ],
      [
       12.56662,
       55.68001
      ],
      [
       12.56663,
       55.68003
      ],
      [
       12.56664,
       55.68004
      ],
      [
       12.56665,
       55.68006
      ],
      [
       12.56667,
       55.6801
      ]
     ]
    ]
   }
  },
  {
   "type": "Feature",
   "properties": {
    "element": "Trug og vandrender",
    "under_element": "Vandrende",
    "byrumstype": "Parker"
   },
   "geometry": {
    "type": "MultiLineString",
    "coordinates": [
     [
      [
       12.58018,
       55.69052
      ],
      [
       12.58025,
       55.69076
      ],
      [
       12.58025,
       55.6908
      ],
      [
       12.58024,
       55.69085
      ]
     ]
    ]
   }
  },
  {
   "type": "Feature",
   "properties": {
    "element": "Trug og vandrender",
    "under_element": "Vandrende",
    "byrumstype": "Parker"
   },
   "geometry": {
    "type": "MultiLineString",
    "coordinates": [
     [
      [
       12.56673,
       55.68009
      ],
      [
       12.56673,
       55.68009
      ],
      [
       12.56672,
       55.68008
      ],
      [
       12.56671,
       55.68005
      ],
      [
       12.5667,
       55.68004
      ],
      [
       12.56669,
       55.68002
      ],
      [
       12.56667,
       55.68
      ],
      [
       12.56664,
       55.67997
      ],
      [
       12.56661,
       55.67995
      ],
      [
       12.56658,
       55.67993
      ],
      [
       12.56656,
       55.67992
      ],
      [
       12.56653,
       55.6799
      ],
      [
       12.56648,
       55.67988
      ],
      [
       12.56647,
       55.67987
      ],
      [
       12.56641,
       55.67985
      ],
      [
       12.5663,
       55.67981
      ],
      [
       12.56622,
       55.67977
      ],
      [
       12.56619,
       55.67976
      ]
     ]
    ]
   }
  },
  {
   "type": "Feature",
   "properties": {
    "element": "Trug og vandrender",
    "under_element": "Vandrende",
    "byrumstype": "Parker"
   },
   "geometry": {
    "type": "MultiLineString",
    "coordinates": [
     [
      [
       12.56442,
       55.68006
      ],
      [
       12.56439,
       55.68004
      ],
      [
       12.56437,
       55.68003
      ],
      [
       12.56437,
       55.68002
      ],
      [
       12.56437,
       55.67999
      ],
      [
       12.56437,
       55.67998
      ],
      [
       12.56439,
       55.67996
      ],
      [
       12.56441,
       55.67995
      ],
      [
       12.56445,
       55.67993
      ],
      [
       12.56459,
       55.67986
      ],
      [
       12.5647,
       55.6798
      ],
      [
       12.56477,
       55.67977
      ],
      [
       12.56488,
       55.67973
      ],
      [
       12.56499,
       55.67969
      ],
      [
       12.56501,
       55.67969
      ]
     ]
    ]
   }
  },
  {
   "type": "Feature",
   "properties": {
    "element": "Trug og vandrender",
    "under_element": "Vandrende",
    "byrumstype": "Parker"
   },
   "geometry": {
    "type": "MultiLineString",
    "coordinates": [
     [
      [
       12.56508,
       55.67967
      ],
      [
       12.5652,
       55.67963
      ],
      [
       12.56528,
       55.6796
      ],
      [
       12.56535,
       55.67957
      ],
      [
       12.56548,
       55.67951
      ],
      [
       12.56553,
       55.67949
      ],
      [
       12.56557,
       55.67947
      ],
      [
       12.56561,
       55.67945
      ],
      [
       12.56568,
       55.67941
      ],
      [
       12.5657,
       55.6794
      ],
      [
       12.56573,
       55.67938
      ],
      [
       12.56575,
       55.67938
      ],
      [
       12.56577,
       55.67938
      ],
      [
       12.56579,
       55.67938
      ],
      [
       12.56582,
       55.67938
      ],
      [
       12.56586,
       55.67941
      ],
      [
       12.56591,
       55.67946
      ],
      [
       12.56592,
       55.67947
      ],
      [
       12.56596,
       55.67954
      ],
      [
       12.56596,
       55.67954
      ],
      [
       12.566,
       55.67963
      ],
      [
       12.56602,
       55.67965
      ],
      [
       12.56602,
       55.67965
      ],
      [
       12.56604,
       55.67968
      ],
      [
       12.56604,
       55.67969
      ],
      [
       12.56604,
       55.6797
      ]
     ]
    ]
   }
  },
  {
   "type": "Feature",
   "properties": {
    "element": "Trug og vandrender",
    "under_element": "Vandrende",
    "byrumstype": "Parker"
   },
   "geometry": {
    "type": "MultiLineString",
    "coordinates": [
     [
      [
       12.56608,
       55.67966
      ],
      [
       12.56605,
       55.67962
      ],
      [
       12.56605,
       55.67961
      ],
      [
       12.56604,
       55.67959
      ],
      [
       12.56602,
       55.67952
      ],
      [
       12.56597,
       55.67946
      ],
      [
       12.56595,
       55.67944
      ],
      [
       12.56595,
       55.67944
      ],
      [
       12.56589,
       55.67937
      ]
     ]
    ]
   }
  },
  {
   "type": "Feature",
   "properties": {
    "element": "Trug og vandrender",
    "under_element": "Vandrende",
    "byrumstype": "Parker"
   },
   "geometry": {
    "type": "MultiLineString",
    "coordinates": [
     [
      [
       12.57674,
       55.68846
      ],
      [
       12.57683,
       55.68853
      ],
      [
       12.57685,
       55.68855
      ],
      [
       12.57687,
       55.68857
      ],
      [
       12.57687,
       55.68858
      ],
      [
       12.57688,
       55.6886
      ]
     ]
    ]
   }
  },
  {
   "type": "Feature",
   "properties": {
    "element": "Trug og vandrender",
    "under_element": "Vandrende",
    "byrumstype": "Parker"
   },
   "geometry": {
    "type": "MultiLineString",
    "coordinates": [
     [
      [
       12.58328,
       55.69114
      ],
      [
       12.5833,
       55.69113
      ],
      [
       12.58334,
       55.69112
      ],
      [
       12.58337,
       55.6911
      ],
      [
       12.58346,
       55.69103
      ],
      [
       12.58354,
       55.69095
      ],
      [
       12.58359,
       55.69089
      ],
      [
       12.58362,
       55.69086
      ],
      [
       12.58362,
       55.69085
      ],
      [
       12.58361,
       55.69083
      ]
     ]
    ]
   }
  },
  {
   "type": "Feature",
   "properties": {
    "element": "Trug og vandrender",
    "under_element": "Vandrende",
    "byrumstype": "Parker"
   },
   "geometry": {
    "type": "MultiLineString",
    "coordinates": [
     [
      [
       12.57694,
       55.68848
      ],
      [
       12.57695,
       55.68848
      ],
      [
       12.57698,
       55.68848
      ],
      [
       12.57701,
       55.68847
      ],
      [
       12.57703,
       55.68846
      ],
      [
       12.57705,
       55.68844
      ],
      [
       12.57707,
       55.68842
      ],
      [
       12.57707,
       55.68841
      ],
      [
       12.57708,
       55.6884
      ],
      [
       12.57709,
       55.68839
      ],
      [
       12.57709,
       55.68838
      ],
      [
       12.5771,
       55.68838
      ],
      [
       12.5771,
       55.68837
      ],
      [
       12.5771,
       55.68837
      ],
      [
       12.5771,
       55.68837
      ],
      [
       12.57709,
       55.68836
      ],
      [
       12.57709,
       55.68835
      ],
      [
       12.57709,
       55.68835
      ],
      [
       12.57708,
       55.68835
      ],
      [
       12.57707,
       55.68834
      ],
      [
       12.57707,
       55.68834
      ],
      [
       12.57705,
       55.68834
      ],
      [
       12.57703,
       55.68834
      ],
      [
       12.57702,
       55.68834
      ],
      [
       12.57701,
       55.68834
      ],
      [
       12.577,
       55.68835
      ],
      [
       12.57699,
       55.68835
      ],
      [
       12.57698,
       55.68835
      ],
      [
       12.57695,
       55.68836
      ],
      [
       12.57695,
       55.68836
      ],
      [
       12.57691,
       55.68837
      ],
      [
       12.5769,
       55.68837
      ],
      [
       12.57688,
       55.68838
      ],
      [
       12.57687,
       55.68839
      ],
      [
       12.57686,
       55.68839
      ],
      [
       12.57685,
       55.6884
      ],
      [
       12.57685,
       55.6884
      ],
      [
       12.57685,
       55.68841
      ],
      [
       12.57685,
       55.68841
      ],
      [
       12.57685,
       55.68841
      ],
      [
       12.57685,
       55.68842
      ],
      [
       12.57685,
       55.68844
      ],
      [
       12.57685,
       55.68844
      ],
      [
       12.57686,
       55.68845
      ],
      [
       12.57687,
       55.68846
      ],
      [
       12.57688,
       55.68846
      ],
      [
       12.57689,
       55.68847
      ],
      [
       12.57689,
       55.68847
      ],
      [
       12.5769,
       55.68848
      ],
      [
       12.57691,
       55.68848
      ],
      [
       12.57691,
       55.68848
      ],
      [
       12.57691,
       55.68848
      ],
      [
       12.57694,
       55.68848
      ]
     ]
    ]
   }
  },
  {
   "type": "Feature",
   "properties": {
    "element": "Trug og vandrender",
    "under_element": "Vandrende"
   },
   "geometry": {
    "type": "MultiLineString",
    "coordinates": [
     [
      [
       12.57696,
       55.68835
      ],
      [
       12.5771,
       55.68829
      ],
      [
       12.57731,
       55.6882
      ]
     ]
    ]
   }
  },
  {
   "type": "Feature",
   "properties": {
    "element": "Trug og vandrender",
    "under_element": "Vandrende",
    "byrumstype": "Parker"
   },
   "geometry": {
    "type": "MultiLineString",
    "coordinates": [
     [
      [
       12.57737,
       55.68817
      ],
      [
       12.57738,
       55.68816
      ],
      [
       12.57801,
       55.68787
      ]
     ]
    ]
   }
  },
  {
   "type": "Feature",
   "properties": {
    "element": "Trug og vandrender",
    "under_element": "Vandrende",
    "byrumstype": "Parker"
   },
   "geometry": {
    "type": "MultiLineString",
    "coordinates": [
     [
      [
       12.57801,
       55.68787
      ],
      [
       12.57799,
       55.6879
      ],
      [
       12.57798,
       55.68792
      ],
      [
       12.57797,
       55.68795
      ],
      [
       12.57798,
       55.68796
      ],
      [
       12.57798,
       55.68797
      ],
      [
       12.57799,
       55.68798
      ],
      [
       12.57801,
       55.688
      ],
      [
       12.57804,
       55.68801
      ],
      [
       12.57806,
       55.68801
      ],
      [
       12.5781,
       55.68802
      ],
      [
       12.57814,
       55.68803
      ],
      [
       12.57818,
       55.68803
      ],
      [
       12.57821,
       55.68803
      ],
      [
       12.57825,
       55.68803
      ],
      [
       12.57828,
       55.68803
      ],
      [
       12.5783,
       55.68803
      ],
      [
       12.57833,
       55.68803
      ],
      [
       12.57837,
       55.68802
      ],
      [
       12.57839,
       55.68802
      ],
      [
       12.57841,
       55.688
      ],
      [
       12.57842,
       55.68799
      ],
      [
       12.57843,
       55.68798
      ],
      [
       12.57844,
       55.68797
      ],
      [
       12.57845,
       55.68795
      ],
      [
       12.57845,
       55.68793
      ],
      [
       12.57844,
       55.6879
      ],
      [
       12.57841,
       55.68787
      ],
      [
       12.57839,
       55.68785
      ],
      [
       12.57836,
       55.68783
      ],
      [
       12.57833,
       55.68782
      ],
      [
       12.57831,
       55.68781
      ],
      [
       12.57828,
       55.68781
      ],
      [
       12.57825,
       55.68781
      ],
      [
       12.5782,
       55.68781
      ],
      [
       12.57814,
       55.68782
      ]
     ]
    ]
   }
  },
  {
   "type": "Feature",
   "properties": {
    "element": "Trug og vandrender",
    "under_element": "Vandrende",
    "byrumstype": "Parker"
   },
   "geometry": {
    "type": "MultiLineString",
    "coordinates": [
     [
      [
       12.57801,
       55.68787
      ],
      [
       12.57822,
       55.68778
      ],
      [
       12.57835,
       55.68772
      ],
      [
       12.57838,
       55.68771
      ],
      [
       12.57843,
       55.68771
      ],
      [
       12.57849,
       55.6877
      ],
      [
       12.57855,
       55.6877
      ],
      [
       12.57862,
       55.68772
      ],
      [
       12.57865,
       55.68772
      ],
      [
       12.57868,
       55.68773
      ],
      [
       12.5787,
       55.68774
      ],
      [
       12.57887,
       55.68782
      ],
      [
       12.5791,
       55.68793
      ]
     ]
    ]
   }
  },
  {
   "type": "Feature",
   "properties": {
    "element": "Trug og vandrender",
    "under_element": "Vandrende",
    "byrumstype": "Parker"
   },
   "geometry": {
    "type": "MultiLineString",
    "coordinates": [
     [
      [
       12.57731,
       55.6882
      ],
      [
       12.57731,
       55.68821
      ],
      [
       12.5773,
       55.68822
      ],
      [
       12.5773,
       55.68824
      ],
      [
       12.5773,
       55.68825
      ],
      [
       12.57732,
       55.68826
      ],
      [
       12.57733,
       55.68827
      ],
      [
       12.57734,
       55.68827
      ],
      [
       12.57736,
       55.68828
      ],
      [
       12.57739,
       55.68827
      ],
      [
       12.57742,
       55.68827
      ],
      [
       12.57745,
       55.68826
      ],
      [
       12.57748,
       55.68825
      ],
      [
       12.5775,
       55.68824
      ],
      [
       12.57751,
       55.68823
      ],
      [
       12.57752,
       55.68822
      ],
      [
       12.57753,
       55.68821
      ],
      [
       12.57752,
       55.6882
      ],
      [
       12.57751,
       55.68819
      ],
      [
       12.5775,
       55.68818
      ],
      [
       12.57748,
       55.68818
      ],
      [
       12.57746,
       55.68817
      ],
      [
       12.57743,
       55.68817
      ],
      [
       12.57741,
       55.68817
      ],
      [
       12.57739,
       55.68817
      ],
      [
       12.57737,
       55.68817
      ],
      [
       12.57735,
       55.68818
      ],
      [
       12.57733,
       55.68818
      ],
      [
       12.57732,
       55.68819
      ],
      [
       12.57731,
       55.6882
      ]
     ]
    ]
   }
  },
  {
   "type": "Feature",
   "properties": {
    "element": "Trug og vandrender",
    "under_element": "Vandrende",
    "byrumstype": "Parker"
   },
   "geometry": {
    "type": "MultiLineString",
    "coordinates": [
     [
      [
       12.5791,
       55.68793
      ],
      [
       12.57902,
       55.68792
      ],
      [
       12.57898,
       55.6879
      ],
      [
       12.57889,
       55.68789
      ],
      [
       12.57883,
       55.68789
      ],
      [
       12.57875,
       55.68789
      ],
      [
       12.57873,
       55.68789
      ],
      [
       12.57869,
       55.68789
      ],
      [
       12.57865,
       55.6879
      ],
      [
       12.57861,
       55.68792
      ],
      [
       12.57859,
       55.68793
      ],
      [
       12.57857,
       55.68794
      ],
      [
       12.57855,
       55.68795
      ],
      [
       12.57854,
       55.68797
      ],
      [
       12.57852,
       55.688
      ],
      [
       12.57852,
       55.68801
      ],
      [
       12.57852,
       55.68805
      ],
      [
       12.57852,
       55.68807
      ],
      [
       12.57854,
       55.68812
      ],
      [
       12.57855,
       55.68814
      ],
      [
       12.57858,
       55.68818
      ],
      [
       12.57862,
       55.68823
      ],
      [
       12.57867,
       55.68828
      ],
      [
       12.5787,
       55.6883
      ],
      [
       12.57874,
       55.68833
      ],
      [
       12.57877,
       55.68834
      ],
      [
       12.5788,
       55.68836
      ],
      [
       12.57884,
       55.68837
      ],
      [
       12.57888,
       55.68838
      ],
      [
       12.57892,
       55.68838
      ],
      [
       12.57897,
       55.68838
      ],
      [
       12.57901,
       55.68838
      ],
      [
       12.57904,
       55.68837
      ],
      [
       12.57907,
       55.68837
      ],
      [
       12.57909,
       55.68836
      ],
      [
       12.57914,
       55.68835
      ],
      [
       12.57916,
       55.68834
      ],
      [
       12.57919,
       55.68832
      ],
      [
       12.57921,
       55.6883
      ],
      [
       12.57925,
       55.68827
      ],
      [
       12.57927,
       55.68825
      ],
      [
       12.57929,
       55.68822
      ],
      [
       12.5793,
       55.6882
      ],
      [
       12.57931,
       55.68817
      ],
      [
       12.57931,
       55.68815
      ],
      [
       12.57932,
       55.68812
      ],
      [
       12.57931,
       55.68809
      ],
      [
       12.5793,
       55.68805
      ],
      [
       12.57928,
       55.68802
      ],
      [
       12.57923,
       55.68798
      ],
      [
       12.57918,
       55.68796
      ],
      [
       12.57912,
       55.68794
      ],
      [
       12.5791,
       55.68793
      ]
     ]
    ]
   }
  },
  {
   "type": "Feature",
   "properties": {
    "element": "Trug og vandrender",
    "under_element": "Vandrende",
    "byrumstype": "Parker"
   },
   "geometry": {
    "type": "MultiLineString",
    "coordinates": [
     [
      [
       12.57928,
       55.68802
      ],
      [
       12.57933,
       55.68805
      ],
      [
       12.57947,
       55.68812
      ],
      [
       12.57957,
       55.68816
      ]
     ]
    ]
   }
  },
  {
   "type": "Feature",
   "properties": {
    "element": "Trug og vandrender",
    "under_element": "Vandrende",
    "byrumstype": "Parker"
   },
   "geometry": {
    "type": "MultiLineString",
    "coordinates": [
     [
      [
       12.57957,
       55.68816
      ],
      [
       12.57953,
       55.68815
      ],
      [
       12.57951,
       55.68815
      ],
      [
       12.57948,
       55.68815
      ],
      [
       12.57945,
       55.68816
      ],
      [
       12.57942,
       55.68817
      ],
      [
       12.57941,
       55.68818
      ],
      [
       12.57937,
       55.6882
      ],
      [
       12.57936,
       55.68822
      ],
      [
       12.57935,
       55.68824
      ],
      [
       12.57933,
       55.68826
      ],
      [
       12.57933,
       55.68829
      ],
      [
       12.57933,
       55.6883
      ],
      [
       12.57933,
       55.68832
      ],
      [
       12.57933,
       55.68833
      ],
      [
       12.57935,
       55.68835
      ],
      [
       12.57937,
       55.68837
      ],
      [
       12.57941,
       55.68839
      ],
      [
       12.57945,
       55.6884
      ],
      [
       12.57949,
       55.68841
      ],
      [
       12.57951,
       55.68841
      ],
      [
       12.57958,
       55.6884
      ],
      [
       12.5796,
       55.6884
      ],
      [
       12.57963,
       55.68839
      ],
      [
       12.57966,
       55.68838
      ],
      [
       12.57969,
       55.68836
      ],
      [
       12.57971,
       55.68833
      ],
      [
       12.57971,
       55.68829
      ],
      [
       12.57971,
       55.68827
      ],
      [
       12.57969,
       55.68824
      ],
      [
       12.57968,
       55.68823
      ],
      [
       12.57965,
       55.6882
      ],
      [
       12.57962,
       55.68818
      ],
      [
       12.57958,
       55.68816
      ],
      [
       12.57957,
       55.68816
      ]
     ]
    ]
   }
  },
  {
   "type": "Feature",
   "properties": {
    "element": "Trug og vandrender",
    "under_element": "Vandrende"
   },
   "geometry": {
    "type": "MultiLineString",
    "coordinates": [
     [
      [
       12.57966,
       55.68821
      ],
      [
       12.5797,
       55.68823
      ],
      [
       12.57984,
       55.68829
      ],
      [
       12.57981,
       55.6884
      ],
      [
       12.57978,
       55.68854
      ],
      [
       12.57975,
       55.68865
      ],
      [
       12.57973,
       55.68876
      ],
      [
       12.5797,
       55.68887
      ]
     ]
    ]
   }
  },
  {
   "type": "Feature",
   "properties": {
    "element": "Trug og vandrender",
    "under_element": "Vandrende",
    "byrumstype": "Parker"
   },
   "geometry": {
    "type": "MultiLineString",
    "coordinates": [
     [
      [
       12.5779,
       55.68808
      ],
      [
       12.5779,
       55.68808
      ],
      [
       12.57792,
       55.68808
      ],
      [
       12.57794,
       55.68807
      ],
      [
       12.57795,
       55.68806
      ],
      [
       12.57797,
       55.68805
      ],
      [
       12.57798,
       55.68805
      ],
      [
       12.57798,
       55.68804
      ],
      [
       12.57798,
       55.68803
      ],
      [
       12.57797,
       55.68803
      ],
      [
       12.57795,
       55.68802
      ],
      [
       12.57792,
       55.68802
      ],
      [
       12.5779,
       55.68801
      ],
      [
       12.57787,
       55.68802
      ],
      [
       12.57785,
       55.68802
      ],
      [
       12.57785,
       55.68803
      ],
      [
       12.57784,
       55.68804
      ],
      [
       12.57784,
       55.68805
      ],
      [
       12.57785,
       55.68806
      ],
      [
       12.57785,
       55.68807
      ],
      [
       12.57787,
       55.68808
      ],
      [
       12.57788,
       55.68808
      ],
      [
       12.57789,
       55.68808
      ],
      [
       12.5779,
       55.68808
      ]
     ]
    ]
   }
  },
  {
   "type": "Feature",
   "properties": {
    "element": "Trug og vandrender",
    "under_element": "Vandrende",
    "byrumstype": "Parker"
   },
   "geometry": {
    "type": "MultiLineString",
    "coordinates": [
     [
      [
       12.57782,
       55.68828
      ],
      [
       12.57785,
       55.68827
      ],
      [
       12.57787,
       55.68827
      ],
      [
       12.57788,
       55.68826
      ],
      [
       12.57789,
       55.68825
      ],
      [
       12.57791,
       55.68824
      ],
      [
       12.57792,
       55.68822
      ],
      [
       12.57792,
       55.68821
      ],
      [
       12.57792,
       55.68818
      ],
      [
       12.57792,
       55.68817
      ],
      [
       12.57791,
       55.68816
      ],
      [
       12.57789,
       55.68815
      ],
      [
       12.57787,
       55.68814
      ],
      [
       12.57787,
       55.68813
      ],
      [
       12.57782,
       55.68811
      ],
      [
       12.5778,
       55.68811
      ],
      [
       12.57778,
       55.6881
      ],
      [
       12.57775,
       55.6881
      ],
      [
       12.57773,
       55.68811
      ],
      [
       12.57772,
       55.68811
      ],
      [
       12.5777,
       55.68812
      ],
      [
       12.57769,
       55.68813
      ],
      [
       12.57767,
       55.68814
      ],
      [
       12.57766,
       55.68816
      ],
      [
       12.57765,
       55.68818
      ],
      [
       12.57765,
       55.68819
      ],
      [
       12.57765,
       55.68821
      ],
      [
       12.57766,
       55.68823
      ],
      [
       12.57767,
       55.68824
      ],
      [
       12.57769,
       55.68825
      ],
      [
       12.5777,
       55.68826
      ],
      [
       12.57771,
       55.68827
      ],
      [
       12.57773,
       55.68827
      ],
      [
       12.57775,
       55.68828
      ],
      [
       12.57776,
       55.68828
      ],
      [
       12.57778,
       55.68828
      ],
      [
       12.5778,
       55.68828
      ],
      [
       12.57782,
       55.68828
      ]
     ]
    ]
   }
  },
  {
   "type": "Feature",
   "properties": {
    "element": "Trug og vandrender",
    "under_element": "Vandrende",
    "byrumstype": "Parker"
   },
   "geometry": {
    "type": "MultiLineString",
    "coordinates": [
     [
      [
       12.54265,
       55.6991
      ],
      [
       12.54245,
       55.69912
      ]
     ]
    ]
   }
  },
  {
   "type": "Feature",
   "properties": {
    "element": "Trug og vandrender",
    "under_element": "Vandrende",
    "byrumstype": "Parker"
   },
   "geometry": {
    "type": "MultiLineString",
    "coordinates": [
     [
      [
       12.5435,
       55.6676
      ],
      [
       12.54285,
       55.66775
      ],
      [
       12.54283,
       55.66776
      ],
      [
       12.54229,
       55.66789
      ],
      [
       12.54222,
       55.6679
      ]
     ]
    ]
   }
  },
  {
   "type": "Feature",
   "properties": {
    "element": "Trug og vandrender",
    "under_element": "Vandrende",
    "byrumstype": "Parker"
   },
   "geometry": {
    "type": "MultiLineString",
    "coordinates": [
     [
      [
       12.57808,
       55.6883
      ],
      [
       12.57808,
       55.6883
      ],
      [
       12.57812,
       55.68832
      ],
      [
       12.57816,
       55.68833
      ],
      [
       12.5782,
       55.68833
      ],
      [
       12.57824,
       55.68834
      ],
      [
       12.57828,
       55.68834
      ],
      [
       12.57831,
       55.68834
      ],
      [
       12.57835,
       55.68834
      ],
      [
       12.57835,
       55.68834
      ],
      [
       12.57838,
       55.68833
      ],
      [
       12.57841,
       55.68833
      ],
      [
       12.57844,
       55.68832
      ],
      [
       12.57847,
       55.6883
      ],
      [
       12.57849,
       55.68829
      ],
      [
       12.5785,
       55.68827
      ],
      [
       12.57851,
       55.68825
      ],
      [
       12.57852,
       55.68823
      ],
      [
       12.57851,
       55.68821
      ],
      [
       12.57851,
       55.68819
      ],
      [
       12.57851,
       55.68817
      ],
      [
       12.5785,
       55.68817
      ],
      [
       12.57849,
       55.68815
      ],
      [
       12.57847,
       55.68813
      ],
      [
       12.57845,
       55.68811
      ],
      [
       12.57842,
       55.6881
      ],
      [
       12.57839,
       55.68808
      ],
      [
       12.57836,
       55.68807
      ],
      [
       12.57833,
       55.68807
      ],
      [
       12.57829,
       55.68806
      ],
      [
       12.57826,
       55.68806
      ],
      [
       12.57821,
       55.68807
      ],
      [
       12.57818,
       55.68807
      ],
      [
       12.57814,
       55.68808
      ],
      [
       12.57811,
       55.68809
      ],
      [
       12.57811,
       55.68809
      ],
      [
       12.57808,
       55.6881
      ],
      [
       12.57806,
       55.68811
      ],
      [
       12.57805,
       55.68812
      ],
      [
       12.57803,
       55.68813
      ],
      [
       12.57802,
       55.68814
      ],
      [
       12.578,
       55.68816
      ],
      [
       12.578,
       55.68817
      ],
      [
       12.57799,
       55.68819
      ],
      [
       12.57798,
       55.68822
      ],
      [
       12.57799,
       55.68824
      ],
      [
       12.57801,
       55.68826
      ],
      [
       12.57802,
       55.68828
      ],
      [
       12.57804,
       55.68829
      ],
      [
       12.57805,
       55.68829
      ],
      [
       12.57807,
       55.6883
      ],
      [
       12.57807,
       55.6883
      ],
      [
       12.57808,
       55.6883
      ]
     ]
    ]
   }
  },
  {
   "type": "Feature",
   "properties": {
    "element": "Trug og vandrender",
    "under_element": "Vandrende"
   },
   "geometry": {
    "type": "MultiLineString",
    "coordinates": [
     [
      [
       12.58014,
       55.69025
      ],
      [
       12.58018,
       55.69022
      ]
     ]
    ]
   }
  },
  {
   "type": "Feature",
   "properties": {
    "element": "Trug og vandrender",
    "under_element": "Vandrende",
    "byrumstype": "Parker"
   },
   "geometry": {
    "type": "MultiLineString",
    "coordinates": [
     [
      [
       12.57984,
       55.6897
      ],
      [
       12.58022,
       55.68944
      ],
      [
       12.58025,
       55.68943
      ],
      [
       12.58028,
       55.68943
      ],
      [
       12.58032,
       55.68943
      ],
      [
       12.58034,
       55.68944
      ],
      [
       12.58054,
       55.68954
      ]
     ]
    ]
   }
  },
  {
   "type": "Feature",
   "properties": {
    "element": "Trug og vandrender",
    "under_element": "Vandrende",
    "byrumstype": "Parker"
   },
   "geometry": {
    "type": "MultiLineString",
    "coordinates": [
     [
      [
       12.57972,
       55.68971
      ],
      [
       12.57976,
       55.6897
      ],
      [
       12.57979,
       55.68968
      ],
      [
       12.57982,
       55.68967
      ],
      [
       12.5799,
       55.68961
      ],
      [
       12.58027,
       55.68937
      ],
      [
       12.58047,
       55.68923
      ],
      [
       12.5805,
       55.68921
      ],
      [
       12.58051,
       55.68919
      ],
      [
       12.58051,
       55.68918
      ],
      [
       12.5805,
       55.68917
      ]
     ]
    ]
   }
  },
  {
   "type": "Feature",
   "properties": {
    "element": "Trug og vandrender",
    "under_element": "Vandrende",
    "byrumstype": "Parker"
   },
   "geometry": {
    "type": "MultiLineString",
    "coordinates": [
     [
      [
       12.58129,
       55.68955
      ],
      [
       12.58125,
       55.68957
      ],
      [
       12.58118,
       55.68961
      ],
      [
       12.5811,
       55.68966
      ],
      [
       12.58107,
       55.68967
      ],
      [
       12.58105,
       55.68968
      ],
      [
       12.58102,
       55.68968
      ],
      [
       12.58099,
       55.68967
      ],
      [
       12.58095,
       55.68964
      ],
      [
       12.58094,
       55.68963
      ],
      [
       12.58089,
       55.6896
      ],
      [
       12.58086,
       55.68958
      ],
      [
       12.5808,
       55.68958
      ],
      [
       12.58079,
       55.68958
      ],
      [
       12.58076,
       55.6896
      ],
      [
       12.58071,
       55.68962
      ]
     ]
    ]
   }
  },
  {
   "type": "Feature",
   "properties": {
    "element": "Trug og vandrender",
    "under_element": "Vandrende",
    "byrumstype": "Parker"
   },
   "geometry": {
    "type": "MultiLineString",
    "coordinates": [
     [
      [
       12.5813,
       55.68957
      ],
      [
       12.58127,
       55.68958
      ],
      [
       12.58122,
       55.68961
      ],
      [
       12.58116,
       55.68964
      ],
      [
       12.58113,
       55.68966
      ],
      [
       12.5811,
       55.68968
      ],
      [
       12.58106,
       55.68969
      ],
      [
       12.58103,
       55.6897
      ],
      [
       12.58101,
       55.6897
      ],
      [
       12.58101,
       55.6897
      ],
      [
       12.58098,
       55.68968
      ],
      [
       12.58095,
       55.68967
      ],
      [
       12.58094,
       55.68966
      ],
      [
       12.58086,
       55.68961
      ],
      [
       12.58085,
       55.6896
      ],
      [
       12.58082,
       55.6896
      ],
      [
       12.58079,
       55.68961
      ],
      [
       12.58074,
       55.68963
      ],
      [
       12.58073,
       55.68964
      ],
      [
       12.58073,
       55.68964
      ]
     ]
    ]
   }
  },
  {
   "type": "Feature",
   "properties": {
    "element": "Trug og vandrender",
    "under_element": "Vandrende",
    "byrumstype": "Parker"
   },
   "geometry": {
    "type": "MultiLineString",
    "coordinates": [
     [
      [
       12.58163,
       55.68958
      ],
      [
       12.58162,
       55.68958
      ],
      [
       12.5816,
       55.68957
      ],
      [
       12.58156,
       55.68956
      ],
      [
       12.58151,
       55.68955
      ],
      [
       12.58148,
       55.68955
      ],
      [
       12.58142,
       55.68956
      ],
      [
       12.58138,
       55.68957
      ],
      [
       12.58136,
       55.68958
      ]
     ]
    ]
   }
  },
  {
   "type": "Feature",
   "properties": {
    "element": "Trug og vandrender",
    "under_element": "Vandrende",
    "byrumstype": "Parker"
   },
   "geometry": {
    "type": "MultiLineString",
    "coordinates": [
     [
      [
       12.58269,
       55.69039
      ],
      [
       12.58275,
       55.69041
      ],
      [
       12.58277,
       55.69042
      ],
      [
       12.5828,
       55.69042
      ],
      [
       12.58283,
       55.69042
      ],
      [
       12.58297,
       55.69043
      ],
      [
       12.58302,
       55.69043
      ],
      [
       12.58306,
       55.69043
      ],
      [
       12.58309,
       55.69044
      ],
      [
       12.5831,
       55.69045
      ],
      [
       12.58309,
       55.69047
      ],
      [
       12.58308,
       55.69049
      ],
      [
       12.58308,
       55.6905
      ],
      [
       12.5831,
       55.69052
      ],
      [
       12.58312,
       55.69053
      ],
      [
       12.58319,
       55.69057
      ],
      [
       12.5833,
       55.69062
      ]
     ]
    ]
   }
  },
  {
   "type": "Feature",
   "properties": {
    "element": "Trug og vandrender",
    "under_element": "Vandrende",
    "byrumstype": "Parker"
   },
   "geometry": {
    "type": "MultiLineString",
    "coordinates": [
     [
      [
       12.5832,
       55.6906
      ],
      [
       12.58312,
       55.69055
      ],
      [
       12.58308,
       55.69054
      ],
      [
       12.58306,
       55.69052
      ],
      [
       12.58305,
       55.6905
      ],
      [
       12.58305,
       55.69048
      ],
      [
       12.58306,
       55.69046
      ]
     ]
    ]
   }
  },
  {
   "type": "Feature",
   "properties": {
    "element": "Trug og vandrender",
    "under_element": "Vandrende",
    "byrumstype": "Parker"
   },
   "geometry": {
    "type": "MultiLineString",
    "coordinates": [
     [
      [
       12.58273,
       55.69044
      ],
      [
       12.58277,
       55.69044
      ],
      [
       12.5828,
       55.69044
      ],
      [
       12.58283,
       55.69043
      ],
      [
       12.58285,
       55.69042
      ]
     ]
    ]
   }
  },
  {
   "type": "Feature",
   "properties": {
    "element": "Trug og vandrender",
    "under_element": "Vandrende",
    "byrumstype": "Parker"
   },
   "geometry": {
    "type": "MultiLineString",
    "coordinates": [
     [
      [
       12.57441,
       55.6994
      ],
      [
       12.57444,
       55.6994
      ],
      [
       12.57449,
       55.69939
      ],
      [
       12.57452,
       55.69939
      ],
      [
       12.57457,
       55.69938
      ],
      [
       12.5746,
       55.69937
      ],
      [
       12.57462,
       55.69936
      ],
      [
       12.57465,
       55.69934
      ],
      [
       12.57468,
       55.69933
      ],
      [
       12.57471,
       55.69931
      ],
      [
       12.57473,
       55.69929
      ],
      [
       12.57475,
       55.69928
      ],
      [
       12.57476,
       55.69927
      ]
     ]
    ]
   }
  },
  {
   "type": "Feature",
   "properties": {
    "element": "Trug og vandrender",
    "under_element": "Vandrende"
   },
   "geometry": {
    "type": "MultiLineString",
    "coordinates": [
     [
      [
       12.57442,
       55.69945
      ],
      [
       12.57444,
       55.69946
      ],
      [
       12.57451,
       55.69945
      ],
      [
       12.57455,
       55.69944
      ],
      [
       12.57459,
       55.69943
      ],
      [
       12.57463,
       55.69942
      ],
      [
       12.57467,
       55.69941
      ],
      [
       12.57471,
       55.69939
      ],
      [
       12.57473,
       55.69938
      ],
      [
       12.57476,
       55.69937
      ],
      [
       12.57479,
       55.69935
      ],
      [
       12.57481,
       55.69933
      ],
      [
       12.57483,
       55.6993
      ],
      [
       12.57485,
       55.69928
      ],
      [
       12.57486,
       55.69928
      ]
     ]
    ]
   }
  },
  {
   "type": "Feature",
   "properties": {
    "element": "Trug og vandrender",
    "under_element": "Vandrende",
    "byrumstype": "Parker"
   },
   "geometry": {
    "type": "MultiLineString",
    "coordinates": [
     [
      [
       12.56374,
       55.70092
      ],
      [
       12.56376,
       55.70092
      ],
      [
       12.56378,
       55.70092
      ],
      [
       12.56379,
       55.70092
      ],
      [
       12.56379,
       55.70092
      ],
      [
       12.5638,
       55.70092
      ],
      [
       12.5638,
       55.70092
      ],
      [
       12.5638,
       55.70092
      ],
      [
       12.5638,
       55.70091
      ],
      [
       12.56377,
       55.7009
      ],
      [
       12.56377,
       55.7009
      ],
      [
       12.56377,
       55.70089
      ],
      [
       12.56378,
       55.70089
      ],
      [
       12.56378,
       55.70089
      ],
      [
       12.56379,
       55.70089
      ],
      [
       12.56383,
       55.70091
      ],
      [
       12.56384,
       55.70091
      ],
      [
       12.56384,
       55.70091
      ],
      [
       12.56385,
       55.7009
      ],
      [
       12.56385,
       55.7009
      ],
      [
       12.56385,
       55.70089
      ],
      [
       12.5638,
       55.70087
      ],
      [
       12.5638,
       55.70087
      ],
      [
       12.5638,
       55.70086
      ],
      [
       12.56381,
       55.70085
      ],
      [
       12.56381,
       55.70085
      ],
      [
       12.56383,
       55.70084
      ],
      [
       12.56386,
       55.70083
      ],
      [
       12.56386,
       55.70083
      ],
      [
       12.56384,
       55.70081
      ],
      [
       12.56384,
       55.7008
      ]
     ]
    ]
   }
  },
  {
   "type": "Feature",
   "properties": {
    "element": "Trug og vandrender",
    "under_element": "Vandrende",
    "byrumstype": "Parker"
   },
   "geometry": {
    "type": "MultiLineString",
    "coordinates": [
     [
      [
       12.56383,
       55.7008
      ],
      [
       12.56377,
       55.70082
      ],
      [
       12.56369,
       55.70084
      ],
      [
       12.5636,
       55.70085
      ],
      [
       12.56353,
       55.70086
      ]
     ]
    ]
   }
  },
  {
   "type": "Feature",
   "properties": {
    "element": "Trug og vandrender",
    "under_element": "Vandrende",
    "byrumstype": "Parker"
   },
   "geometry": {
    "type": "MultiLineString",
    "coordinates": [
     [
      [
       12.56325,
       55.70083
      ],
      [
       12.56317,
       55.70081
      ],
      [
       12.56312,
       55.7008
      ],
      [
       12.56307,
       55.70077
      ],
      [
       12.56302,
       55.70071
      ],
      [
       12.563,
       55.70066
      ],
      [
       12.56299,
       55.70061
      ],
      [
       12.56302,
       55.70056
      ],
      [
       12.56306,
       55.70052
      ],
      [
       12.56309,
       55.7005
      ],
      [
       12.56315,
       55.70046
      ],
      [
       12.56324,
       55.70042
      ],
      [
       12.56334,
       55.70039
      ],
      [
       12.56343,
       55.70037
      ],
      [
       12.56355,
       55.70037
      ],
      [
       12.56364,
       55.70038
      ],
      [
       12.56378,
       55.70039
      ]
     ]
    ]
   }
  },
  {
   "type": "Feature",
   "properties": {
    "element": "Trug og vandrender",
    "under_element": "Vandrende",
    "byrumstype": "Parker"
   },
   "geometry": {
    "type": "MultiLineString",
    "coordinates": [
     [
      [
       12.56384,
       55.70041
      ],
      [
       12.56394,
       55.70043
      ],
      [
       12.564,
       55.70046
      ],
      [
       12.56407,
       55.70051
      ],
      [
       12.5641,
       55.70054
      ],
      [
       12.56413,
       55.70059
      ],
      [
       12.56415,
       55.70063
      ],
      [
       12.56415,
       55.70067
      ],
      [
       12.56412,
       55.7007
      ],
      [
       12.56409,
       55.70073
      ],
      [
       12.56404,
       55.70074
      ],
      [
       12.564,
       55.70075
      ],
      [
       12.56393,
       55.70075
      ],
      [
       12.56387,
       55.70075
      ],
      [
       12.56379,
       55.70073
      ],
      [
       12.56374,
       55.70072
      ],
      [
       12.56367,
       55.70071
      ],
      [
       12.56358,
       55.70071
      ],
      [
       12.56352,
       55.70071
      ],
      [
       12.56348,
       55.70072
      ]
     ]
    ]
   }
  },
  {
   "type": "Feature",
   "properties": {
    "element": "Trug og vandrender",
    "under_element": "Vandrende",
    "byrumstype": "Parker"
   },
   "geometry": {
    "type": "MultiLineString",
    "coordinates": [
     [
      [
       12.56454,
       55.70509
      ],
      [
       12.56454,
       55.70503
      ],
      [
       12.56457,
       55.70503
      ],
      [
       12.56464,
       55.70504
      ],
      [
       12.56472,
       55.70503
      ],
      [
       12.56475,
       55.70503
      ],
      [
       12.56476,
       55.70502
      ]
     ]
    ]
   }
  },
  {
   "type": "Feature",
   "properties": {
    "element": "Trug og vandrender",
    "under_element": "Vandrende",
    "byrumstype": "Parker"
   },
   "geometry": {
    "type": "MultiLineString",
    "coordinates": [
     [
      [
       12.58313,
       55.69114
      ],
      [
       12.58297,
       55.69114
      ],
      [
       12.58291,
       55.69114
      ]
     ]
    ]
   }
  },
  {
   "type": "Feature",
   "properties": {
    "element": "Trug og vandrender",
    "under_element": "Vandrende",
    "byrumstype": "Parker"
   },
   "geometry": {
    "type": "MultiLineString",
    "coordinates": [
     [
      [
       12.58325,
       55.69117
      ],
      [
       12.58325,
       55.69118
      ],
      [
       12.58326,
       55.69119
      ],
      [
       12.58328,
       55.69119
      ],
      [
       12.58331,
       55.69119
      ],
      [
       12.58332,
       55.69118
      ],
      [
       12.58335,
       55.69116
      ],
      [
       12.58338,
       55.69114
      ],
      [
       12.58344,
       55.6911
      ],
      [
       12.58349,
       55.69105
      ],
      [
       12.58355,
       55.691
      ],
      [
       12.58361,
       55.69093
      ],
      [
       12.58363,
       55.69091
      ],
      [
       12.58365,
       55.69088
      ],
      [
       12.58367,
       55.69087
      ],
      [
       12.58368,
       55.69087
      ],
      [
       12.5837,
       55.69087
      ],
      [
       12.58371,
       55.69087
      ]
     ]
    ]
   }
  },
  {
   "type": "Feature",
   "properties": {
    "element": "Trug og vandrender",
    "under_element": "Vandrende",
    "byrumstype": "Gader og pladser"
   },
   "geometry": {
    "type": "MultiLineString",
    "coordinates": [
     [
      [
       12.59766,
       55.66499
      ],
      [
       12.59795,
       55.66506
      ]
     ]
    ]
   }
  },
  {
   "type": "Feature",
   "properties": {
    "element": "Trug og vandrender",
    "under_element": "Vandrende",
    "byrumstype": "Gader og pladser"
   },
   "geometry": {
    "type": "MultiLineString",
    "coordinates": [
     [
      [
       12.59702,
       55.66484
      ],
      [
       12.59722,
       55.66489
      ]
     ]
    ]
   }
  },
  {
   "type": "Feature",
   "properties": {
    "element": "Trug og vandrender",
    "under_element": "Vandrende",
    "byrumstype": "Gader og pladser"
   },
   "geometry": {
    "type": "MultiLineString",
    "coordinates": [
     [
      [
       12.59726,
       55.6649
      ],
      [
       12.59745,
       55.66494
      ]
     ]
    ]
   }
  },
  {
   "type": "Feature",
   "properties": {
    "element": "Trug og vandrender",
    "under_element": "Vandrende",
    "byrumstype": "Gader og pladser"
   },
   "geometry": {
    "type": "MultiLineString",
    "coordinates": [
     [
      [
       12.59748,
       55.66495
      ],
      [
       12.59763,
       55.66498
      ]
     ]
    ]
   }
  },
  {
   "type": "Feature",
   "properties": {
    "element": "Trug og vandrender",
    "under_element": "Vandrende"
   },
   "geometry": {
    "type": "MultiLineString",
    "coordinates": [
     [
      [
       12.59798,
       55.66506
      ],
      [
       12.59805,
       55.66508
      ]
     ]
    ]
   }
  },
  {
   "type": "Feature",
   "properties": {
    "element": "Trug og vandrender",
    "under_element": "Vandrende"
   },
   "geometry": {
    "type": "MultiLineString",
    "coordinates": [
     [
      [
       12.59808,
       55.66509
      ],
      [
       12.59823,
       55.66512
      ]
     ]
    ]
   }
  },
  {
   "type": "Feature",
   "properties": {
    "element": "Trug og vandrender",
    "under_element": "Vandrende",
    "byrumstype": "Parker"
   },
   "geometry": {
    "type": "MultiLineString",
    "coordinates": [
     [
      [
       12.5422,
       55.69934
      ],
      [
       12.54253,
       55.69964
      ]
     ]
    ]
   }
  },
  {
   "type": "Feature",
   "properties": {
    "element": "Trug og vandrender",
    "under_element": "Vandrende"
   },
   "geometry": {
    "type": "MultiLineString",
    "coordinates": [
     [
      [
       12.58945,
       55.70764
      ],
      [
       12.58945,
       55.70764
      ],
      [
       12.58946,
       55.70763
      ],
      [
       12.58946,
       55.70763
      ],
      [
       12.58946,
       55.70763
      ],
      [
       12.58946,
       55.70762
      ],
      [
       12.58947,
       55.70762
      ],
      [
       12.58947,
       55.70761
      ],
      [
       12.58948,
       55.7076
      ],
      [
       12.58949,
       55.7076
      ],
      [
       12.58949,
       55.7076
      ],
      [
       12.5895,
       55.70759
      ],
      [
       12.5895,
       55.70759
      ],
      [
       12.5895,
       55.70759
      ],
      [
       12.5895,
       55.70758
      ],
      [
       12.5895,
       55.70758
      ],
      [
       12.58959,
       55.70738
      ],
      [
       12.58963,
       55.7073
      ],
      [
       12.58965,
       55.70725
      ],
      [
       12.58966,
       55.70722
      ]
     ]
    ]
   }
  },
  {
   "type": "Feature",
   "properties": {
    "element": "Trug og vandrender",
    "under_element": "Vandrende",
    "byrumstype": "Parker"
   },
   "geometry": {
    "type": "MultiLineString",
    "coordinates": [
     [
      [
       12.56263,
       55.69699
      ],
      [
       12.56224,
       55.69681
      ],
      [
       12.56219,
       55.69678
      ],
      [
       12.56216,
       55.69676
      ],
      [
       12.56209,
       55.69671
      ],
      [
       12.56204,
       55.69666
      ]
     ]
    ]
   }
  },
  {
   "type": "Feature",
   "properties": {
    "element": "Trug og vandrender",
    "under_element": "Vandrende",
    "byrumstype": "Gader og pladser"
   },
   "geometry": {
    "type": "MultiLineString",
    "coordinates": [
     [
      [
       12.59827,
       55.66513
      ],
      [
       12.59849,
       55.66518
      ]
     ]
    ]
   }
  },
  {
   "type": "Feature",
   "properties": {
    "element": "Trug og vandrender",
    "under_element": "Vandrende",
    "byrumstype": "Parker"
   },
   "geometry": {
    "type": "MultiLineString",
    "coordinates": [
     [
      [
       12.54198,
       55.69919
      ],
      [
       12.54236,
       55.69906
      ]
     ]
    ]
   }
  },
  {
   "type": "Feature",
   "properties": {
    "element": "Trug og vandrender",
    "under_element": "Vandrende",
    "byrumstype": "Parker"
   },
   "geometry": {
    "type": "MultiLineString",
    "coordinates": [
     [
      [
       12.54272,
       55.69957
      ],
      [
       12.54239,
       55.69928
      ]
     ]
    ]
   }
  },
  {
   "type": "Feature",
   "properties": {
    "element": "Trug og vandrender",
    "under_element": "Vandrende"
   },
   "geometry": {
    "type": "MultiLineString",
    "coordinates": [
     [
      [
       12.54187,
       55.69908
      ],
      [
       12.54198,
       55.69919
      ],
      [
       12.54214,
       55.69961
      ],
      [
       12.54216,
       55.69969
      ],
      [
       12.54243,
       55.69992
      ],
      [
       12.54255,
       55.70002
      ],
      [
       12.54263,
       55.70022
      ],
      [
       12.54271,
       55.70042
      ],
      [
       12.54279,
       55.70062
      ],
      [
       12.54279,
       55.70062
      ]
     ]
    ]
   }
  },
  {
   "type": "Feature",
   "properties": {
    "element": "Trug og vandrender",
    "under_element": "Vandrende",
    "byrumstype": "Parker"
   },
   "geometry": {
    "type": "MultiLineString",
    "coordinates": [
     [
      [
       12.54334,
       55.6668
      ],
      [
       12.54333,
       55.66679
      ],
      [
       12.54329,
       55.66674
      ],
      [
       12.54354,
       55.6667
      ],
      [
       12.54349,
       55.66661
      ],
      [
       12.54347,
       55.66657
      ],
      [
       12.54347,
       55.66656
      ],
      [
       12.54346,
       55.66654
      ],
      [
       12.54343,
       55.6665
      ],
      [
       12.54343,
       55.66649
      ],
      [
       12.54341,
       55.66646
      ],
      [
       12.5434,
       55.66645
      ],
      [
       12.54337,
       55.66639
      ],
      [
       12.54336,
       55.66637
      ],
      [
       12.54333,
       55.66632
      ],
      [
       12.54331,
       55.6663
      ],
      [
       12.54329,
       55.66626
      ],
      [
       12.54329,
       55.66626
      ],
      [
       12.54327,
       55.66622
      ],
      [
       12.54324,
       55.66617
      ],
      [
       12.54323,
       55.66616
      ],
      [
       12.54323,
       55.66616
      ],
      [
       12.54323,
       55.66616
      ],
      [
       12.54322,
       55.66616
      ],
      [
       12.54321,
       55.66616
      ],
      [
       12.5432,
       55.66615
      ],
      [
       12.54319,
       55.66615
      ],
      [
       12.54319,
       55.66615
      ],
      [
       12.54318,
       55.66615
      ],
      [
       12.54317,
       55.66615
      ],
      [
       12.54316,
       55.66615
      ],
      [
       12.54313,
       55.66615
      ],
      [
       12.54307,
       55.66616
      ],
      [
       12.54306,
       55.66616
      ],
      [
       12.54303,
       55.66616
      ],
      [
       12.54303,
       55.66616
      ],
      [
       12.54294,
       55.66617
      ],
      [
       12.54293,
       55.66617
      ],
      [
       12.54289,
       55.66618
      ],
      [
       12.54279,
       55.66619
      ],
      [
       12.54279,
       55.66619
      ],
      [
       12.54278,
       55.66619
      ],
      [
       12.54277,
       55.66619
      ]
     ]
    ]
   }
  },
  {
   "type": "Feature",
   "properties": {
    "element": "Trug og vandrender",
    "under_element": "Vandrende",
    "byrumstype": "Parker"
   },
   "geometry": {
    "type": "MultiLineString",
    "coordinates": [
     [
      [
       12.54273,
       55.6662
      ],
      [
       12.54186,
       55.66629
      ],
      [
       12.54186,
       55.66629
      ],
      [
       12.54181,
       55.66629
      ],
      [
       12.54182,
       55.6663
      ],
      [
       12.5414,
       55.66635
      ]
     ]
    ]
   }
  },
  {
   "type": "Feature",
   "properties": {
    "element": "Trug og vandrender",
    "under_element": "Vandrende",
    "byrumstype": "Parker"
   },
   "geometry": {
    "type": "MultiLineString",
    "coordinates": [
     [
      [
       12.54219,
       55.66706
      ],
      [
       12.54235,
       55.66703
      ]
     ]
    ]
   }
  },
  {
   "type": "Feature",
   "properties": {
    "element": "Trug og vandrender",
    "under_element": "Vandrende",
    "byrumstype": "Parker"
   },
   "geometry": {
    "type": "MultiLineString",
    "coordinates": [
     [
      [
       12.54223,
       55.66713
      ],
      [
       12.54197,
       55.66717
      ],
      [
       12.5419,
       55.66704
      ],
      [
       12.54216,
       55.66699
      ],
      [
       12.54219,
       55.66706
      ],
      [
       12.54223,
       55.66713
      ]
     ]
    ]
   }
  },
  {
   "type": "Feature",
   "properties": {
    "element": "Trug og vandrender",
    "under_element": "Vandrende",
    "byrumstype": "Parker"
   },
   "geometry": {
    "type": "MultiLineString",
    "coordinates": [
     [
      [
       12.54301,
       55.66686
      ],
      [
       12.54332,
       55.6668
      ]
     ]
    ]
   }
  },
  {
   "type": "Feature",
   "properties": {
    "element": "Trug og vandrender",
    "under_element": "Vandrende",
    "byrumstype": "Parker"
   },
   "geometry": {
    "type": "MultiLineString",
    "coordinates": [
     [
      [
       12.54306,
       55.66696
      ],
      [
       12.54338,
       55.66691
      ]
     ]
    ]
   }
  },
  {
   "type": "Feature",
   "properties": {
    "element": "Trug og vandrender",
    "under_element": "Vandrende"
   },
   "geometry": {
    "type": "MultiLineString",
    "coordinates": [
     [
      [
       12.54564,
       55.66948
      ],
      [
       12.54568,
       55.6693
      ],
      [
       12.54569,
       55.66925
      ],
      [
       12.54569,
       55.66925
      ],
      [
       12.54569,
       55.66923
      ],
      [
       12.54568,
       55.66922
      ],
      [
       12.54568,
       55.66921
      ],
      [
       12.54567,
       55.6692
      ],
      [
       12.54569,
       55.66918
      ],
      [
       12.54571,
       55.66916
      ],
      [
       12.54575,
       55.66916
      ]
     ]
    ]
   }
  },
  {
   "type": "Feature",
   "properties": {
    "element": "Trug og vandrender",
    "under_element": "Vandrende",
    "byrumstype": "Parker"
   },
   "geometry": {
    "type": "MultiLineString",
    "coordinates": [
     [
      [
       12.54088,
       55.66736
      ],
      [
       12.54102,
       55.66733
      ]
     ]
    ]
   }
  },
  {
   "type": "Feature",
   "properties": {
    "element": "Trug og vandrender",
    "under_element": "Vandrende",
    "byrumstype": "Parker"
   },
   "geometry": {
    "type": "MultiLineString",
    "coordinates": [
     [
      [
       12.54082,
       55.66724
      ],
      [
       12.54095,
       55.66721
      ]
     ]
    ]
   }
  },
  {
   "type": "Feature",
   "properties": {
    "element": "Trug og vandrender",
    "under_element": "Vandrende",
    "byrumstype": "Parker"
   },
   "geometry": {
    "type": "MultiLineString",
    "coordinates": [
     [
      [
       12.5434,
       55.6669
      ],
      [
       12.54339,
       55.66691
      ],
      [
       12.54342,
       55.66697
      ],
      [
       12.54367,
       55.66692
      ],
      [
       12.54372,
       55.66701
      ],
      [
       12.54372,
       55.66701
      ],
      [
       12.54373,
       55.66702
      ],
      [
       12.54373,
       55.66703
      ],
      [
       12.54382,
       55.66719
      ],
      [
       12.54388,
       55.66729
      ],
      [
       12.5439,
       55.66733
      ],
      [
       12.54397,
       55.66746
      ],
      [
       12.54399,
       55.66748
      ],
      [
       12.54393,
       55.6675
      ],
      [
       12.54378,
       55.66753
      ],
      [
       12.54378,
       55.66753
      ],
      [
       12.54378,
       55.66753
      ],
      [
       12.54366,
       55.66756
      ],
      [
       12.54354,
       55.66759
      ]
     ]
    ]
   }
  },
  {
   "type": "Feature",
   "properties": {
    "element": "Trug og vandrender",
    "under_element": "Vandrende",
    "byrumstype": "Parker"
   },
   "geometry": {
    "type": "MultiLineString",
    "coordinates": [
     [
      [
       12.54218,
       55.66791
      ],
      [
       12.54203,
       55.66795
      ],
      [
       12.54198,
       55.66796
      ],
      [
       12.54197,
       55.66796
      ],
      [
       12.54186,
       55.66799
      ],
      [
       12.54185,
       55.66799
      ],
      [
       12.54178,
       55.668
      ],
      [
       12.54174,
       55.66802
      ],
      [
       12.54173,
       55.66802
      ],
      [
       12.5416,
       55.66805
      ],
      [
       12.5416,
       55.66805
      ],
      [
       12.54157,
       55.66805
      ],
      [
       12.54148,
       55.66808
      ],
      [
       12.54147,
       55.66808
      ],
      [
       12.54146,
       55.66808
      ],
      [
       12.54135,
       55.66811
      ]
     ]
    ]
   }
  },
  {
   "type": "Feature",
   "properties": {
    "element": "Trug og vandrender",
    "under_element": "Vandrende",
    "byrumstype": "Parker"
   },
   "geometry": {
    "type": "MultiLineString",
    "coordinates": [
     [
      [
       12.58726,
       55.67584
      ],
      [
       12.58801,
       55.67608
      ],
      [
       12.5889,
       55.67637
      ],
      [
       12.58992,
       55.6767
      ],
      [
       12.5907,
       55.67704
      ],
      [
       12.59144,
       55.67742
      ],
      [
       12.59262,
       55.6781
      ],
      [
       12.59287,
       55.67824
      ],
      [
       12.59338,
       55.67866
      ]
     ]
    ]
   }
  },
  {
   "type": "Feature",
   "properties": {
    "element": "Trug og vandrender",
    "under_element": "Vandrende"
   },
   "geometry": {
    "type": "MultiLineString",
    "coordinates": [
     [
      [
       12.57756,
       55.67717
      ],
      [
       12.57771,
       55.67726
      ],
      [
       12.5779,
       55.67736
      ],
      [
       12.57812,
       55.67745
      ],
      [
       12.5784,
       55.67755
      ],
      [
       12.57863,
       55.67762
      ],
      [
       12.57893,
       55.67768
      ]
     ]
    ]
   }
  },
  {
   "type": "Feature",
   "properties": {
    "element": "Trug og vandrender",
    "under_element": "Vandrende",
    "byrumstype": "Parker"
   },
   "geometry": {
    "type": "MultiLineString",
    "coordinates": [
     [
      [
       12.57178,
       55.70611
      ],
      [
       12.57225,
       55.7064
      ]
     ]
    ]
   }
  },
  {
   "type": "Feature",
   "properties": {
    "element": "Trug og vandrender",
    "under_element": "Vandrende",
    "byrumstype": "Parker"
   },
   "geometry": {
    "type": "MultiLineString",
    "coordinates": [
     [
      [
       12.57159,
       55.70621
      ],
      [
       12.57207,
       55.7065
      ]
     ]
    ]
   }
  },
  {
   "type": "Feature",
   "properties": {
    "element": "Trug og vandrender",
    "under_element": "Vandrende"
   },
   "geometry": {
    "type": "MultiLineString",
    "coordinates": [
     [
      [
       12.54657,
       55.65521
      ],
      [
       12.54612,
       55.65457
      ]
     ]
    ]
   }
  },
  {
   "type": "Feature",
   "properties": {
    "element": "Trug og vandrender",
    "under_element": "Vandrende",
    "byrumstype": "Gader og pladser"
   },
   "geometry": {
    "type": "MultiLineString",
    "coordinates": [
     [
      [
       12.55738,
       55.65505
      ],
      [
       12.55734,
       55.65501
      ]
     ]
    ]
   }
  },
  {
   "type": "Feature",
   "properties": {
    "element": "Trug og vandrender",
    "under_element": "Vandrende",
    "byrumstype": "Gader og pladser"
   },
   "geometry": {
    "type": "MultiLineString",
    "coordinates": [
     [
      [
       12.55733,
       55.655
      ],
      [
       12.55678,
       55.65451
      ]
     ]
    ]
   }
  },
  {
   "type": "Feature",
   "properties": {
    "element": "Trug og vandrender",
    "under_element": "Vandrende",
    "byrumstype": "Gader og pladser"
   },
   "geometry": {
    "type": "MultiLineString",
    "coordinates": [
     [
      [
       12.55663,
       55.65438
      ],
      [
       12.55593,
       55.65372
      ]
     ]
    ]
   }
  },
  {
   "type": "Feature",
   "properties": {
    "element": "Trug og vandrender",
    "under_element": "Vandrende",
    "byrumstype": "Gader og pladser"
   },
   "geometry": {
    "type": "MultiLineString",
    "coordinates": [
     [
      [
       12.55895,
       55.66145
      ],
      [
       12.55894,
       55.66146
      ],
      [
       12.55885,
       55.66152
      ],
      [
       12.55876,
       55.66159
      ],
      [
       12.55875,
       55.66159
      ]
     ]
    ]
   }
  },
  {
   "type": "Feature",
   "properties": {
    "element": "Trug og vandrender",
    "under_element": "Vandrende",
    "byrumstype": "Gader og pladser"
   },
   "geometry": {
    "type": "MultiLineString",
    "coordinates": [
     [
      [
       12.55865,
       55.66142
      ],
      [
       12.55866,
       55.66142
      ],
      [
       12.55876,
       55.66145
      ],
      [
       12.55886,
       55.66148
      ],
      [
       12.55886,
       55.66148
      ]
     ]
    ]
   }
  },
  {
   "type": "Feature",
   "properties": {
    "element": "Trug og vandrender",
    "under_element": "Vandrende",
    "byrumstype": "Gader og pladser"
   },
   "geometry": {
    "type": "MultiLineString",
    "coordinates": [
     [
      [
       12.55931,
       55.66117
      ],
      [
       12.55931,
       55.66116
      ],
      [
       12.5594,
       55.6611
      ],
      [
       12.55949,
       55.66104
      ],
      [
       12.55958,
       55.66097
      ],
      [
       12.55959,
       55.66097
      ]
     ]
    ]
   }
  },
  {
   "type": "Feature",
   "properties": {
    "element": "Linjedræn",
    "under_element": "Linjedræn",
    "byrumstype": "Gader og pladser"
   },
   "geometry": {
    "type": "MultiLineString",
    "coordinates": [
     [
      [
       12.56786,
       55.68284
      ],
      [
       12.5682,
       55.68312
      ]
     ]
    ]
   }
  },
  {
   "type": "Feature",
   "properties": {
    "element": "Linjedræn",
    "under_element": "Linjedræn",
    "byrumstype": "Gader og pladser"
   },
   "geometry": {
    "type": "MultiLineString",
    "coordinates": [
     [
      [
       12.56799,
       55.6832
      ],
      [
       12.56786,
       55.6831
      ]
     ]
    ]
   }
  },
  {
   "type": "Feature",
   "properties": {
    "element": "Linjedræn",
    "under_element": "Linjedræn",
    "byrumstype": "Gader og pladser"
   },
   "geometry": {
    "type": "MultiLineString",
    "coordinates": [
     [
      [
       12.56787,
       55.68241
      ],
      [
       12.56802,
       55.68253
      ]
     ]
    ]
   }
  },
  {
   "type": "Feature",
   "properties": {
    "element": "Linjedræn",
    "under_element": "Linjedræn",
    "byrumstype": "Gader og pladser"
   },
   "geometry": {
    "type": "MultiLineString",
    "coordinates": [
     [
      [
       12.56808,
       55.68258
      ],
      [
       12.56834,
       55.68279
      ]
     ]
    ]
   }
  },
  {
   "type": "Feature",
   "properties": {
    "element": "Linjedræn",
    "under_element": "Linjedræn",
    "byrumstype": "Gader og pladser"
   },
   "geometry": {
    "type": "MultiLineString",
    "coordinates": [
     [
      [
       12.56855,
       55.6827
      ],
      [
       12.56838,
       55.68257
      ]
     ]
    ]
   }
  },
  {
   "type": "Feature",
   "properties": {
    "element": "Linjedræn",
    "under_element": "Linjedræn",
    "byrumstype": "Gader og pladser"
   },
   "geometry": {
    "type": "MultiLineString",
    "coordinates": [
     [
      [
       12.56826,
       55.68316
      ],
      [
       12.56864,
       55.68347
      ]
     ]
    ]
   }
  },
  {
   "type": "Feature",
   "properties": {
    "element": "Linjedræn",
    "under_element": "Linjedræn",
    "byrumstype": "Gader og pladser"
   },
   "geometry": {
    "type": "MultiLineString",
    "coordinates": [
     [
      [
       12.56825,
       55.68341
      ],
      [
       12.56804,
       55.68325
      ]
     ]
    ]
   }
  },
  {
   "type": "Feature",
   "properties": {
    "element": "Linjedræn",
    "under_element": "Linjedræn",
    "byrumstype": "Gader og pladser"
   },
   "geometry": {
    "type": "MultiLineString",
    "coordinates": [
     [
      [
       12.56878,
       55.68324
      ],
      [
       12.56893,
       55.68336
      ]
     ]
    ]
   }
  },
  {
   "type": "Feature",
   "properties": {
    "element": "Linjedræn",
    "under_element": "Linjedræn",
    "byrumstype": "Gader og pladser"
   },
   "geometry": {
    "type": "MultiLineString",
    "coordinates": [
     [
      [
       12.56916,
       55.6832
      ],
      [
       12.56905,
       55.68311
      ]
     ]
    ]
   }
  },
  {
   "type": "Feature",
   "properties": {
    "element": "Linjedræn",
    "under_element": "Linjedræn"
   },
   "geometry": {
    "type": "MultiLineString",
    "coordinates": [
     [
      [
       12.56837,
       55.68218
      ],
      [
       12.56958,
       55.68317
      ]
     ]
    ]
   }
  },
  {
   "type": "Feature",
   "properties": {
    "element": "Linjedræn",
    "under_element": "Linjedræn",
    "byrumstype": "Gader og pladser"
   },
   "geometry": {
    "type": "MultiLineString",
    "coordinates": [
     [
      [
       12.56848,
       55.6836
      ],
      [
       12.5683,
       55.68346
      ]
     ]
    ]
   }
  },
  {
   "type": "Feature",
   "properties": {
    "element": "Linjedræn",
    "under_element": "Linjedræn",
    "byrumstype": "Gader og pladser"
   },
   "geometry": {
    "type": "MultiLineString",
    "coordinates": [
     [
      [
       12.56817,
       55.68239
      ],
      [
       12.56807,
       55.68231
      ]
     ]
    ]
   }
  },
  {
   "type": "Feature",
   "properties": {
    "element": "Linjedræn",
    "under_element": "Linjedræn",
    "byrumstype": "Gader og pladser"
   },
   "geometry": {
    "type": "MultiLineString",
    "coordinates": [
     [
      [
       12.5677,
       55.70981
      ],
      [
       12.56799,
       55.70986
      ],
      [
       12.56813,
       55.70989
      ]
     ]
    ]
   }
  },
  {
   "type": "Feature",
   "properties": {
    "element": "Linjedræn",
    "under_element": "Linjedræn",
    "byrumstype": "Gader og pladser"
   },
   "geometry": {
    "type": "MultiLineString",
    "coordinates": [
     [
      [
       12.56815,
       55.7099
      ],
      [
       12.56851,
       55.70997
      ]
     ]
    ]
   }
  },
  {
   "type": "Feature",
   "properties": {
    "element": "Linjedræn",
    "under_element": "Linjedræn",
    "byrumstype": "Gader og pladser"
   },
   "geometry": {
    "type": "MultiLineString",
    "coordinates": [
     [
      [
       12.51635,
       55.65256
      ],
      [
       12.51623,
       55.65256
      ],
      [
       12.51597,
       55.65268
      ]
     ]
    ]
   }
  },
  {
   "type": "Feature",
   "properties": {
    "element": "Linjedræn",
    "under_element": "Linjedræn",
    "byrumstype": "Parker"
   },
   "geometry": {
    "type": "MultiLineString",
    "coordinates": [
     [
      [
       12.55599,
       55.67608
      ],
      [
       12.55607,
       55.6764
      ]
     ]
    ]
   }
  },
  {
   "type": "Feature",
   "properties": {
    "element": "Linjedræn",
    "under_element": "Linjedræn"
   },
   "geometry": {
    "type": "MultiLineString",
    "coordinates": [
     [
      [
       12.56719,
       55.68264
      ],
      [
       12.56756,
       55.68295
      ],
      [
       12.56786,
       55.68319
      ]
     ]
    ]
   }
  },
  {
   "type": "Feature",
   "properties": {
    "element": "Linjedræn",
    "under_element": "Linjedræn",
    "byrumstype": "Gader og pladser"
   },
   "geometry": {
    "type": "MultiLineString",
    "coordinates": [
     [
      [
       12.51601,
       55.65271
      ],
      [
       12.51622,
       55.65285
      ]
     ]
    ]
   }
  },
  {
   "type": "Feature",
   "properties": {
    "element": "Linjedræn",
    "under_element": "Linjedræn",
    "byrumstype": "Gader og pladser"
   },
   "geometry": {
    "type": "MultiLineString",
    "coordinates": [
     [
      [
       12.59363,
       55.68084
      ],
      [
       12.59373,
       55.68082
      ]
     ]
    ]
   }
  },
  {
   "type": "Feature",
   "properties": {
    "element": "Linjedræn",
    "under_element": "Linjedræn",
    "byrumstype": "Gader og pladser"
   },
   "geometry": {
    "type": "MultiLineString",
    "coordinates": [
     [
      [
       12.57371,
       55.68428
      ],
      [
       12.57387,
       55.68439
      ]
     ]
    ]
   }
  },
  {
   "type": "Feature",
   "properties": {
    "element": "Linjedræn",
    "under_element": "Linjedræn",
    "byrumstype": "Gader og pladser"
   },
   "geometry": {
    "type": "MultiLineString",
    "coordinates": [
     [
      [
       12.57261,
       55.68354
      ],
      [
       12.57349,
       55.68414
      ]
     ]
    ]
   }
  },
  {
   "type": "Feature",
   "properties": {
    "element": "Linjedræn",
    "under_element": "Linjedræn",
    "byrumstype": "Gader og pladser"
   },
   "geometry": {
    "type": "MultiLineString",
    "coordinates": [
     [
      [
       12.57245,
       55.68343
      ],
      [
       12.57131,
       55.68267
      ]
     ]
    ]
   }
  },
  {
   "type": "Feature",
   "properties": {
    "element": "Linjedræn",
    "under_element": "Linjedræn",
    "byrumstype": "Gader og pladser"
   },
   "geometry": {
    "type": "MultiLineString",
    "coordinates": [
     [
      [
       12.52218,
       55.70558
      ],
      [
       12.52241,
       55.70553
      ]
     ]
    ]
   }
  },
  {
   "type": "Feature",
   "properties": {
    "element": "Linjedræn",
    "under_element": "Linjedræn",
    "byrumstype": "Gader og pladser"
   },
   "geometry": {
    "type": "MultiLineString",
    "coordinates": [
     [
      [
       12.5936,
       55.67993
      ],
      [
       12.59363,
       55.67992
      ]
     ]
    ]
   }
  },
  {
   "type": "Feature",
   "properties": {
    "element": "Linjedræn",
    "under_element": "Linjedræn"
   },
   "geometry": {
    "type": "MultiLineString",
    "coordinates": [
     [
      [
       12.49876,
       55.7196
      ],
      [
       12.49833,
       55.71968
      ]
     ]
    ]
   }
  },
  {
   "type": "Feature",
   "properties": {
    "element": "Linjedræn",
    "under_element": "Linjedræn"
   },
   "geometry": {
    "type": "MultiLineString",
    "coordinates": [
     [
      [
       12.59144,
       55.68165
      ],
      [
       12.59115,
       55.68173
      ]
     ]
    ]
   }
  },
  {
   "type": "Feature",
   "properties": {
    "element": "Linjedræn",
    "under_element": "Linjedræn",
    "byrumstype": "Gader og pladser"
   },
   "geometry": {
    "type": "MultiLineString",
    "coordinates": [
     [
      [
       12.49801,
       55.68545
      ],
      [
       12.49943,
       55.6862
      ]
     ]
    ]
   }
  },
  {
   "type": "Feature",
   "properties": {
    "element": "Linjedræn",
    "under_element": "Linjedræn",
    "byrumstype": "Gader og pladser"
   },
   "geometry": {
    "type": "MultiLineString",
    "coordinates": [
     [
      [
       12.59102,
       55.68157
      ],
      [
       12.59131,
       55.6815
      ]
     ]
    ]
   }
  },
  {
   "type": "Feature",
   "properties": {
    "element": "Linjedræn",
    "under_element": "Linjedræn",
    "byrumstype": "Gader og pladser"
   },
   "geometry": {
    "type": "MultiLineString",
    "coordinates": [
     [
      [
       12.59329,
       55.67955
      ],
      [
       12.59332,
       55.67955
      ]
     ]
    ]
   }
  },
  {
   "type": "Feature",
   "properties": {
    "element": "Linjedræn",
    "under_element": "Linjedræn",
    "byrumstype": "Gader og pladser"
   },
   "geometry": {
    "type": "MultiLineString",
    "coordinates": [
     [
      [
       12.59346,
       55.67976
      ],
      [
       12.59349,
       55.67975
      ]
     ]
    ]
   }
  },
  {
   "type": "Feature",
   "properties": {
    "element": "Linjedræn",
    "under_element": "Linjedræn",
    "byrumstype": "Gader og pladser"
   },
   "geometry": {
    "type": "MultiLineString",
    "coordinates": [
     [
      [
       12.59376,
       55.68011
      ],
      [
       12.59378,
       55.6801
      ]
     ]
    ]
   }
  },
  {
   "type": "Feature",
   "properties": {
    "element": "Linjedræn",
    "under_element": "Linjedræn",
    "byrumstype": "Gader og pladser"
   },
   "geometry": {
    "type": "MultiLineString",
    "coordinates": [
     [
      [
       12.59392,
       55.68031
      ],
      [
       12.59395,
       55.6803
      ]
     ]
    ]
   }
  },
  {
   "type": "Feature",
   "properties": {
    "element": "Linjedræn",
    "under_element": "Linjedræn",
    "byrumstype": "Gader og pladser"
   },
   "geometry": {
    "type": "MultiLineString",
    "coordinates": [
     [
      [
       12.59405,
       55.68042
      ],
      [
       12.59402,
       55.68043
      ]
     ]
    ]
   }
  },
  {
   "type": "Feature",
   "properties": {
    "element": "Linjedræn",
    "under_element": "Linjedræn",
    "byrumstype": "Gader og pladser"
   },
   "geometry": {
    "type": "MultiLineString",
    "coordinates": [
     [
      [
       12.49857,
       55.68589
      ],
      [
       12.49826,
       55.68574
      ]
     ]
    ]
   }
  },
  {
   "type": "Feature",
   "properties": {
    "element": "Linjedræn",
    "under_element": "Linjedræn",
    "byrumstype": "Gader og pladser"
   },
   "geometry": {
    "type": "MultiLineString",
    "coordinates": [
     [
      [
       12.49881,
       55.68601
      ],
      [
       12.49904,
       55.68614
      ]
     ]
    ]
   }
  },
  {
   "type": "Feature",
   "properties": {
    "element": "Linjedræn",
    "under_element": "Linjedræn",
    "byrumstype": "Gader og pladser"
   },
   "geometry": {
    "type": "MultiLineString",
    "coordinates": [
     [
      [
       12.49808,
       55.68577
      ],
      [
       12.49861,
       55.68606
      ]
     ]
    ]
   }
  },
  {
   "type": "Feature",
   "properties": {
    "element": "Linjedræn",
    "under_element": "Linjedræn",
    "byrumstype": "Gader og pladser"
   },
   "geometry": {
    "type": "MultiLineString",
    "coordinates": [
     [
      [
       12.49871,
       55.68604
      ],
      [
       12.49817,
       55.68575
      ]
     ]
    ]
   }
  },
  {
   "type": "Feature",
   "properties": {
    "element": "Linjedræn",
    "under_element": "Linjedræn",
    "byrumstype": "Gader og pladser"
   },
   "geometry": {
    "type": "MultiLineString",
    "coordinates": [
     [
      [
       12.56815,
       55.7099
      ],
      [
       12.56851,
       55.70997
      ]
     ]
    ]
   }
  },
  {
   "type": "Feature",
   "properties": {
    "element": "Linjedræn",
    "under_element": "Linjedræn",
    "byrumstype": "Gader og pladser"
   },
   "geometry": {
    "type": "MultiLineString",
    "coordinates": [
     [
      [
       12.5677,
       55.70981
      ],
      [
       12.56799,
       55.70986
      ],
      [
       12.56813,
       55.70989
      ]
     ]
    ]
   }
  },
  {
   "type": "Feature",
   "properties": {
    "element": "Linjedræn",
    "under_element": "Linjedræn",
    "byrumstype": "Gader og pladser"
   },
   "geometry": {
    "type": "MultiLineString",
    "coordinates": [
     [
      [
       12.49217,
       55.65241
      ],
      [
       12.49216,
       55.65241
      ],
      [
       12.49184,
       55.65243
      ],
      [
       12.49169,
       55.65244
      ]
     ]
    ]
   }
  },
  {
   "type": "Feature",
   "properties": {
    "element": "Linjedræn",
    "under_element": "Linjedræn",
    "byrumstype": "Gader og pladser"
   },
   "geometry": {
    "type": "MultiLineString",
    "coordinates": [
     [
      [
       12.49215,
       55.65243
      ],
      [
       12.49213,
       55.65243
      ],
      [
       12.49208,
       55.65244
      ],
      [
       12.49181,
       55.65246
      ],
      [
       12.49178,
       55.65246
      ],
      [
       12.49176,
       55.65246
      ]
     ]
    ]
   }
  },
  {
   "type": "Feature",
   "properties": {
    "element": "Linjedræn",
    "under_element": "Linjedræn",
    "byrumstype": "Gader og pladser"
   },
   "geometry": {
    "type": "MultiLineString",
    "coordinates": [
     [
      [
       12.49047,
       55.65252
      ],
      [
       12.49048,
       55.65252
      ],
      [
       12.49064,
       55.65251
      ],
      [
       12.4907,
       55.65251
      ],
      [
       12.49095,
       55.6525
      ],
      [
       12.49099,
       55.6525
      ],
      [
       12.49101,
       55.6525
      ]
     ]
    ]
   }
  },
  {
   "type": "Feature",
   "properties": {
    "element": "Linjedræn",
    "under_element": "Linjedræn",
    "byrumstype": "Gader og pladser"
   },
   "geometry": {
    "type": "MultiLineString",
    "coordinates": [
     [
      [
       12.49043,
       55.6525
      ],
      [
       12.49044,
       55.6525
      ],
      [
       12.49052,
       55.65249
      ],
      [
       12.4906,
       55.65249
      ],
      [
       12.49067,
       55.65249
      ],
      [
       12.49075,
       55.65248
      ],
      [
       12.49088,
       55.65248
      ],
      [
       12.49088,
       55.65248
      ],
      [
       12.49091,
       55.65248
      ],
      [
       12.49109,
       55.65247
      ]
     ]
    ]
   }
  },
  {
   "type": "Feature",
   "properties": {
    "element": "Linjedræn",
    "under_element": "Linjedræn"
   },
   "geometry": {
    "type": "MultiLineString",
    "coordinates": [
     [
      [
       12.49683,
       55.71787
      ],
      [
       12.49643,
       55.71819
      ]
     ]
    ]
   }
  },
  {
   "type": "Feature",
   "properties": {
    "element": "Linjedræn",
    "under_element": "Linjedræn",
    "byrumstype": "Gader og pladser"
   },
   "geometry": {
    "type": "MultiLineString",
    "coordinates": [
     [
      [
       12.56385,
       55.70838
      ],
      [
       12.56428,
       55.70934
      ]
     ]
    ]
   }
  },
  {
   "type": "Feature",
   "properties": {
    "element": "Linjedræn",
    "under_element": "Linjedræn",
    "byrumstype": "Gader og pladser"
   },
   "geometry": {
    "type": "MultiLineString",
    "coordinates": [
     [
      [
       12.56414,
       55.70844
      ],
      [
       12.56443,
       55.70908
      ],
      [
       12.56442,
       55.70908
      ],
      [
       12.5645,
       55.70926
      ],
      [
       12.56453,
       55.70927
      ],
      [
       12.56499,
       55.71029
      ]
     ]
    ]
   }
  },
  {
   "type": "Feature",
   "properties": {
    "element": "Linjedræn",
    "under_element": "Linjedræn",
    "byrumstype": "Gader og pladser"
   },
   "geometry": {
    "type": "MultiLineString",
    "coordinates": [
     [
      [
       12.56471,
       55.71035
      ],
      [
       12.56454,
       55.71049
      ],
      [
       12.56455,
       55.71053
      ]
     ]
    ]
   }
  },
  {
   "type": "Feature",
   "properties": {
    "element": "Linjedræn",
    "under_element": "Linjedræn",
    "byrumstype": "Gader og pladser"
   },
   "geometry": {
    "type": "MultiLineString",
    "coordinates": [
     [
      [
       12.56509,
       55.71036
      ],
      [
       12.56538,
       55.71043
      ],
      [
       12.56595,
       55.71033
      ]
     ]
    ]
   }
  },
  {
   "type": "Feature",
   "properties": {
    "element": "Linjedræn",
    "under_element": "Linjedræn",
    "byrumstype": "Gader og pladser"
   },
   "geometry": {
    "type": "MultiLineString",
    "coordinates": [
     [
      [
       12.60058,
       55.66475
      ],
      [
       12.60099,
       55.66484
      ]
     ]
    ]
   }
  },
  {
   "type": "Feature",
   "properties": {
    "element": "Linjedræn",
    "under_element": "Linjedræn",
    "byrumstype": "Gader og pladser"
   },
   "geometry": {
    "type": "MultiLineString",
    "coordinates": [
     [
      [
       12.6006,
       55.66473
      ],
      [
       12.60101,
       55.66482
      ]
     ]
    ]
   }
  },
  {
   "type": "Feature",
   "properties": {
    "element": "Linjedræn",
    "under_element": "Linjedræn",
    "byrumstype": "Gader og pladser"
   },
   "geometry": {
    "type": "MultiLineString",
    "coordinates": [
     [
      [
       12.56447,
       55.71071
      ],
      [
       12.56456,
       55.71087
      ],
      [
       12.56466,
       55.71091
      ]
     ]
    ]
   }
  },
  {
   "type": "Feature",
   "properties": {
    "element": "Linjedræn",
    "under_element": "Linjedræn",
    "byrumstype": "Gader og pladser"
   },
   "geometry": {
    "type": "MultiLineString",
    "coordinates": [
     [
      [
       12.56474,
       55.71097
      ],
      [
       12.56511,
       55.71106
      ],
      [
       12.56524,
       55.71103
      ]
     ]
    ]
   }
  },
  {
   "type": "Feature",
   "properties": {
    "element": "Linjedræn",
    "under_element": "Linjedræn",
    "byrumstype": "Gader og pladser"
   },
   "geometry": {
    "type": "MultiLineString",
    "coordinates": [
     [
      [
       12.56529,
       55.71101
      ],
      [
       12.56541,
       55.71099
      ],
      [
       12.56557,
       55.71081
      ],
      [
       12.56554,
       55.71074
      ]
     ]
    ]
   }
  },
  {
   "type": "Feature",
   "properties": {
    "element": "Linjedræn",
    "under_element": "Linjedræn",
    "byrumstype": "Gader og pladser"
   },
   "geometry": {
    "type": "MultiLineString",
    "coordinates": [
     [
      [
       12.56562,
       55.7108
      ],
      [
       12.56599,
       55.71074
      ]
     ]
    ]
   }
  },
  {
   "type": "Feature",
   "properties": {
    "element": "Linjedræn",
    "under_element": "Linjedræn"
   },
   "geometry": {
    "type": "MultiLineString",
    "coordinates": [
     [
      [
       12.56534,
       55.71102
      ],
      [
       12.56545,
       55.71117
      ],
      [
       12.56544,
       55.71122
      ],
      [
       12.56576,
       55.71166
      ],
      [
       12.5659,
       55.71171
      ],
      [
       12.56607,
       55.71193
      ],
      [
       12.56648,
       55.7124
      ],
      [
       12.56675,
       55.71269
      ]
     ]
    ]
   }
  },
  {
   "type": "Feature",
   "properties": {
    "element": "Linjedræn",
    "under_element": "Linjedræn",
    "byrumstype": "Gader og pladser"
   },
   "geometry": {
    "type": "MultiLineString",
    "coordinates": [
     [
      [
       12.56711,
       55.71276
      ],
      [
       12.56706,
       55.713
      ],
      [
       12.56712,
       55.71306
      ]
     ]
    ]
   }
  },
  {
   "type": "Feature",
   "properties": {
    "element": "Linjedræn",
    "under_element": "Linjedræn",
    "byrumstype": "Kirkegårde"
   },
   "geometry": {
    "type": "MultiLineString",
    "coordinates": [
     [
      [
       12.61807,
       55.65664
      ],
      [
       12.61811,
       55.65658
      ]
     ]
    ]
   }
  },
  {
   "type": "Feature",
   "properties": {
    "element": "Linjedræn",
    "under_element": "Linjedræn",
    "byrumstype": "Kirkegårde"
   },
   "geometry": {
    "type": "MultiLineString",
    "coordinates": [
     [
      [
       12.61825,
       55.65668
      ],
      [
       12.61829,
       55.65661
      ]
     ]
    ]
   }
  },
  {
   "type": "Feature",
   "properties": {
    "element": "Linjedræn",
    "under_element": "Linjedræn",
    "byrumstype": "Kirkegårde"
   },
   "geometry": {
    "type": "MultiLineString",
    "coordinates": [
     [
      [
       12.61778,
       55.65658
      ],
      [
       12.61782,
       55.65652
      ]
     ]
    ]
   }
  },
  {
   "type": "Feature",
   "properties": {
    "element": "Linjedræn",
    "under_element": "Linjedræn",
    "byrumstype": "Kirkegårde"
   },
   "geometry": {
    "type": "MultiLineString",
    "coordinates": [
     [
      [
       12.61805,
       55.65687
      ],
      [
       12.61809,
       55.6568
      ]
     ]
    ]
   }
  },
  {
   "type": "Feature",
   "properties": {
    "element": "Linjedræn",
    "under_element": "Linjedræn",
    "byrumstype": "Kirkegårde"
   },
   "geometry": {
    "type": "MultiLineString",
    "coordinates": [
     [
      [
       12.61769,
       55.6568
      ],
      [
       12.61774,
       55.65673
      ]
     ]
    ]
   }
  },
  {
   "type": "Feature",
   "properties": {
    "element": "Linjedræn",
    "under_element": "Linjedræn"
   },
   "geometry": {
    "type": "MultiLineString",
    "coordinates": [
     [
      [
       12.56672,
       55.71262
      ],
      [
       12.5669,
       55.71263
      ]
     ]
    ]
   }
  },
  {
   "type": "Feature",
   "properties": {
    "element": "Linjedræn",
    "under_element": "Linjedræn"
   },
   "geometry": {
    "type": "MultiLineString",
    "coordinates": [
     [
      [
       12.56851,
       55.71391
      ],
      [
       12.56812,
       55.71388
      ]
     ]
    ]
   }
  },
  {
   "type": "Feature",
   "properties": {
    "element": "Linjedræn",
    "under_element": "Linjedræn",
    "byrumstype": "Gader og pladser"
   },
   "geometry": {
    "type": "MultiLineString",
    "coordinates": [
     [
      [
       12.4981,
       55.7043
      ],
      [
       12.49811,
       55.7043
      ],
      [
       12.49812,
       55.7043
      ],
      [
       12.49813,
       55.7043
      ],
      [
       12.49814,
       55.7043
      ],
      [
       12.49815,
       55.7043
      ],
      [
       12.49816,
       55.70429
      ],
      [
       12.49817,
       55.70429
      ],
      [
       12.49818,
       55.70428
      ],
      [
       12.49819,
       55.70428
      ],
      [
       12.49819,
       55.70427
      ],
      [
       12.49819,
       55.70427
      ],
      [
       12.49819,
       55.70426
      ],
      [
       12.49819,
       55.70425
      ],
      [
       12.49819,
       55.70424
      ],
      [
       12.49819,
       55.70424
      ],
      [
       12.49818,
       55.70424
      ],
      [
       12.49817,
       55.70423
      ],
      [
       12.49816,
       55.70423
      ],
      [
       12.49815,
       55.70423
      ],
      [
       12.49814,
       55.70423
      ],
      [
       12.49812,
       55.70423
      ],
      [
       12.49812,
       55.70424
      ],
      [
       12.49811,
       55.70424
      ],
      [
       12.4981,
       55.70425
      ],
      [
       12.49809,
       55.70425
      ],
      [
       12.49809,
       55.70426
      ],
      [
       12.49809,
       55.70427
      ],
      [
       12.49809,
       55.70427
      ],
      [
       12.49809,
       55.70428
      ],
      [
       12.49809,
       55.70429
      ],
      [
       12.49809,
       55.70429
      ],
      [
       12.49809,
       55.70429
      ],
      [
       12.4981,
       55.70429
      ],
      [
       12.4981,
       55.7043
      ]
     ]
    ]
   }
  },
  {
   "type": "Feature",
   "properties": {
    "element": "Linjedræn",
    "under_element": "Linjedræn",
    "byrumstype": "Parker"
   },
   "geometry": {
    "type": "MultiLineString",
    "coordinates": [
     [
      [
       12.47418,
       55.70624
      ],
      [
       12.47419,
       55.70626
      ]
     ]
    ]
   }
  },
  {
   "type": "Feature",
   "properties": {
    "element": "Linjedræn",
    "under_element": "Linjedræn",
    "byrumstype": "Parker"
   },
   "geometry": {
    "type": "MultiLineString",
    "coordinates": [
     [
      [
       12.47416,
       55.70624
      ],
      [
       12.47421,
       55.70624
      ]
     ]
    ]
   }
  },
  {
   "type": "Feature",
   "properties": {
    "element": "Linjedræn",
    "under_element": "Linjedræn"
   },
   "geometry": {
    "type": "MultiLineString",
    "coordinates": [
     [
      [
       12.56787,
       55.71389
      ],
      [
       12.5677,
       55.71401
      ]
     ]
    ]
   }
  },
  {
   "type": "Feature",
   "properties": {
    "element": "Linjedræn",
    "under_element": "Linjedræn",
    "byrumstype": "Gader og pladser"
   },
   "geometry": {
    "type": "MultiLineString",
    "coordinates": [
     [
      [
       12.53524,
       55.66362
      ],
      [
       12.53602,
       55.6636
      ],
      [
       12.53611,
       55.6636
      ],
      [
       12.53627,
       55.66362
      ]
     ]
    ]
   }
  },
  {
   "type": "Feature",
   "properties": {
    "element": "Linjedræn",
    "under_element": "Linjedræn"
   },
   "geometry": {
    "type": "MultiLineString",
    "coordinates": [
     [
      [
       12.53439,
       55.66362
      ],
      [
       12.53475,
       55.66363
      ]
     ]
    ]
   }
  },
  {
   "type": "Feature",
   "properties": {
    "element": "Linjedræn",
    "under_element": "Linjedræn",
    "byrumstype": "Gader og pladser"
   },
   "geometry": {
    "type": "MultiLineString",
    "coordinates": [
     [
      [
       12.56076,
       55.67028
      ],
      [
       12.56073,
       55.67027
      ]
     ]
    ]
   }
  },
  {
   "type": "Feature",
   "properties": {
    "element": "Linjedræn",
    "under_element": "Linjedræn",
    "byrumstype": "Gader og pladser"
   },
   "geometry": {
    "type": "MultiLineString",
    "coordinates": [
     [
      [
       12.5606,
       55.67026
      ],
      [
       12.5604,
       55.67019
      ]
     ]
    ]
   }
  },
  {
   "type": "Feature",
   "properties": {
    "element": "Linjedræn",
    "under_element": "Linjedræn",
    "byrumstype": "Gader og pladser"
   },
   "geometry": {
    "type": "MultiLineString",
    "coordinates": [
     [
      [
       12.53752,
       55.6638
      ],
      [
       12.53616,
       55.66382
      ],
      [
       12.53609,
       55.66363
      ]
     ]
    ]
   }
  },
  {
   "type": "Feature",
   "properties": {
    "element": "Linjedræn",
    "under_element": "Linjedræn",
    "byrumstype": "Gader og pladser"
   },
   "geometry": {
    "type": "MultiLineString",
    "coordinates": [
     [
      [
       12.53665,
       55.66357
      ],
      [
       12.53714,
       55.66354
      ]
     ]
    ]
   }
  },
  {
   "type": "Feature",
   "properties": {
    "element": "Linjedræn",
    "under_element": "Linjedræn",
    "byrumstype": "Parker"
   },
   "geometry": {
    "type": "MultiLineString",
    "coordinates": [
     [
      [
       12.54091,
       55.66359
      ],
      [
       12.54091,
       55.66363
      ]
     ]
    ]
   }
  },
  {
   "type": "Feature",
   "properties": {
    "element": "Linjedræn",
    "under_element": "Linjedræn"
   },
   "geometry": {
    "type": "MultiLineString",
    "coordinates": [
     [
      [
       12.57783,
       55.67099
      ],
      [
       12.57792,
       55.67105
      ]
     ]
    ]
   }
  },
  {
   "type": "Feature",
   "properties": {
    "element": "Linjedræn",
    "under_element": "Linjedræn",
    "byrumstype": "Gader og pladser"
   },
   "geometry": {
    "type": "MultiLineString",
    "coordinates": [
     [
      [
       12.57806,
       55.67096
      ],
      [
       12.57819,
       55.67102
      ]
     ]
    ]
   }
  },
  {
   "type": "Feature",
   "properties": {
    "element": "Linjedræn",
    "under_element": "Linjedræn",
    "byrumstype": "Gader og pladser"
   },
   "geometry": {
    "type": "MultiLineString",
    "coordinates": [
     [
      [
       12.57821,
       55.67104
      ],
      [
       12.57869,
       55.67131
      ]
     ]
    ]
   }
  },
  {
   "type": "Feature",
   "properties": {
    "element": "Linjedræn",
    "under_element": "Linjedræn",
    "byrumstype": "Parker"
   },
   "geometry": {
    "type": "MultiLineString",
    "coordinates": [
     [
      [
       12.54132,
       55.66683
      ],
      [
       12.54116,
       55.66655
      ]
     ]
    ]
   }
  },
  {
   "type": "Feature",
   "properties": {
    "element": "Linjedræn",
    "under_element": "Linjedræn",
    "byrumstype": "Gader og pladser"
   },
   "geometry": {
    "type": "MultiLineString",
    "coordinates": [
     [
      [
       12.57427,
       55.68253
      ],
      [
       12.57429,
       55.68252
      ],
      [
       12.57431,
       55.68251
      ],
      [
       12.57433,
       55.68249
      ],
      [
       12.57433,
       55.68247
      ],
      [
       12.57433,
       55.68245
      ],
      [
       12.57432,
       55.68243
      ],
      [
       12.5743,
       55.68241
      ],
      [
       12.57427,
       55.6824
      ],
      [
       12.57423,
       55.68239
      ],
      [
       12.57419,
       55.68238
      ],
      [
       12.57416,
       55.68239
      ],
      [
       12.57412,
       55.6824
      ],
      [
       12.57408,
       55.68241
      ],
      [
       12.57406,
       55.68243
      ],
      [
       12.57405,
       55.68246
      ],
      [
       12.57406,
       55.68248
      ],
      [
       12.57407,
       55.6825
      ],
      [
       12.5741,
       55.68252
      ],
      [
       12.57414,
       55.68254
      ],
      [
       12.57418,
       55.68254
      ],
      [
       12.57422,
       55.68254
      ],
      [
       12.57426,
       55.68253
      ]
     ]
    ]
   }
  },
  {
   "type": "Feature",
   "properties": {
    "element": "Linjedræn",
    "under_element": "Linjedræn",
    "byrumstype": "Gader og pladser"
   },
   "geometry": {
    "type": "MultiLineString",
    "coordinates": [
     [
      [
       12.59417,
       55.68056
      ],
      [
       12.59324,
       55.67944
      ]
     ]
    ]
   }
  },
  {
   "type": "Feature",
   "properties": {
    "element": "Linjedræn",
    "under_element": "Linjedræn",
    "byrumstype": "Gader og pladser"
   },
   "geometry": {
    "type": "MultiLineString",
    "coordinates": [
     [
      [
       12.5799,
       55.67855
      ],
      [
       12.58006,
       55.67806
      ]
     ]
    ]
   }
  },
  {
   "type": "Feature",
   "properties": {
    "element": "Linjedræn",
    "under_element": "Linjedræn",
    "byrumstype": "Gader og pladser"
   },
   "geometry": {
    "type": "MultiLineString",
    "coordinates": [
     [
      [
       12.59827,
       55.67772
      ],
      [
       12.59829,
       55.67778
      ]
     ]
    ]
   }
  },
  {
   "type": "Feature",
   "properties": {
    "element": "Linjedræn",
    "under_element": "Linjedræn",
    "byrumstype": "Gader og pladser"
   },
   "geometry": {
    "type": "MultiLineString",
    "coordinates": [
     [
      [
       12.59637,
       55.67817
      ],
      [
       12.59642,
       55.67826
      ]
     ]
    ]
   }
  },
  {
   "type": "Feature",
   "properties": {
    "element": "Linjedræn",
    "under_element": "Linjedræn",
    "byrumstype": "Gader og pladser"
   },
   "geometry": {
    "type": "MultiLineString",
    "coordinates": [
     [
      [
       12.59901,
       55.67741
      ],
      [
       12.59913,
       55.67742
      ]
     ]
    ]
   }
  },
  {
   "type": "Feature",
   "properties": {
    "element": "Linjedræn",
    "under_element": "Linjedræn"
   },
   "geometry": {
    "type": "MultiLineString",
    "coordinates": [
     [
      [
       12.59939,
       55.67792
      ],
      [
       12.59948,
       55.67788
      ]
     ]
    ]
   }
  },
  {
   "type": "Feature",
   "properties": {
    "element": "Linjedræn",
    "under_element": "Linjedræn",
    "byrumstype": "Gader og pladser"
   },
   "geometry": {
    "type": "MultiLineString",
    "coordinates": [
     [
      [
       12.58865,
       55.68518
      ],
      [
       12.58884,
       55.68513
      ]
     ]
    ]
   }
  },
  {
   "type": "Feature",
   "properties": {
    "element": "Linjedræn",
    "under_element": "Linjedræn",
    "byrumstype": "Gader og pladser"
   },
   "geometry": {
    "type": "MultiLineString",
    "coordinates": [
     [
      [
       12.5887,
       55.68525
      ],
      [
       12.58889,
       55.6852
      ]
     ]
    ]
   }
  },
  {
   "type": "Feature",
   "properties": {
    "element": "Linjedræn",
    "under_element": "Linjedræn",
    "byrumstype": "Kirkegårde"
   },
   "geometry": {
    "type": "MultiLineString",
    "coordinates": [
     [
      [
       12.50078,
       55.70523
      ],
      [
       12.50083,
       55.70523
      ]
     ]
    ]
   }
  },
  {
   "type": "Feature",
   "properties": {
    "element": "Linjedræn",
    "under_element": "Linjedræn",
    "byrumstype": "Parker"
   },
   "geometry": {
    "type": "MultiLineString",
    "coordinates": [
     [
      [
       12.59336,
       55.67868
      ],
      [
       12.59344,
       55.67877
      ]
     ]
    ]
   }
  },
  {
   "type": "Feature",
   "properties": {
    "element": "Linjedræn",
    "under_element": "Linjedræn",
    "byrumstype": "Parker"
   },
   "geometry": {
    "type": "MultiLineString",
    "coordinates": [
     [
      [
       12.50383,
       55.69868
      ],
      [
       12.50387,
       55.69871
      ]
     ]
    ]
   }
  },
  {
   "type": "Feature",
   "properties": {
    "element": "Linjedræn",
    "under_element": "Linjedræn"
   },
   "geometry": {
    "type": "MultiLineString",
    "coordinates": [
     [
      [
       12.5438,
       55.7035
      ],
      [
       12.54393,
       55.70364
      ],
      [
       12.54393,
       55.70364
      ],
      [
       12.54393,
       55.70364
      ],
      [
       12.54393,
       55.70364
      ],
      [
       12.54392,
       55.70365
      ],
      [
       12.54392,
       55.70365
      ],
      [
       12.54381,
       55.70368
      ],
      [
       12.54381,
       55.70368
      ],
      [
       12.54379,
       55.70368
      ],
      [
       12.54379,
       55.70368
      ],
      [
       12.54379,
       55.70367
      ],
      [
       12.54366,
       55.70354
      ],
      [
       12.54366,
       55.70353
      ],
      [
       12.54366,
       55.70353
      ],
      [
       12.54366,
       55.70352
      ],
      [
       12.54368,
       55.70352
      ],
      [
       12.54377,
       55.70349
      ],
      [
       12.54378,
       55.70349
      ],
      [
       12.54379,
       55.70349
      ],
      [
       12.5438,
       55.7035
      ]
     ]
    ]
   }
  },
  {
   "type": "Feature",
   "properties": {
    "element": "Linjedræn",
    "under_element": "Linjedræn",
    "byrumstype": "Parker"
   },
   "geometry": {
    "type": "MultiLineString",
    "coordinates": [
     [
      [
       12.53588,
       55.69523
      ],
      [
       12.53585,
       55.69518
      ]
     ]
    ]
   }
  },
  {
   "type": "Feature",
   "properties": {
    "element": "Linjedræn",
    "under_element": "Linjedræn",
    "byrumstype": "Parker"
   },
   "geometry": {
    "type": "MultiLineString",
    "coordinates": [
     [
      [
       12.54148,
       55.66792
      ],
      [
       12.54142,
       55.66778
      ],
      [
       12.54152,
       55.66777
      ],
      [
       12.54158,
       55.6679
      ]
     ]
    ]
   }
  },
  {
   "type": "Feature",
   "properties": {
    "element": "Linjedræn",
    "under_element": "Linjedræn",
    "byrumstype": "Parker"
   },
   "geometry": {
    "type": "MultiLineString",
    "coordinates": [
     [
      [
       12.57563,
       55.68292
      ],
      [
       12.57566,
       55.68293
      ]
     ]
    ]
   }
  },
  {
   "type": "Feature",
   "properties": {
    "element": "Linjedræn",
    "under_element": "Linjedræn",
    "byrumstype": "Parker"
   },
   "geometry": {
    "type": "MultiLineString",
    "coordinates": [
     [
      [
       12.57585,
       55.68262
      ],
      [
       12.57586,
       55.68265
      ]
     ]
    ]
   }
  },
  {
   "type": "Feature",
   "properties": {
    "element": "Linjedræn",
    "under_element": "Linjedræn",
    "byrumstype": "Parker"
   },
   "geometry": {
    "type": "MultiLineString",
    "coordinates": [
     [
      [
       12.49026,
       55.65626
      ],
      [
       12.4907,
       55.65646
      ]
     ]
    ]
   }
  },
  {
   "type": "Feature",
   "properties": {
    "element": "Linjedræn",
    "under_element": "Linjedræn",
    "byrumstype": "Parker"
   },
   "geometry": {
    "type": "MultiLineString",
    "coordinates": [
     [
      [
       12.54103,
       55.66689
      ],
      [
       12.54088,
       55.6666
      ]
     ]
    ]
   }
  },
  {
   "type": "Feature",
   "properties": {
    "element": "Linjedræn",
    "under_element": "Linjedræn",
    "byrumstype": "Parker"
   },
   "geometry": {
    "type": "MultiLineString",
    "coordinates": [
     [
      [
       12.57823,
       55.68838
      ],
      [
       12.57865,
       55.68842
      ]
     ]
    ]
   }
  },
  {
   "type": "Feature",
   "properties": {
    "element": "Linjedræn",
    "under_element": "Linjedræn",
    "byrumstype": "Parker"
   },
   "geometry": {
    "type": "MultiLineString",
    "coordinates": [
     [
      [
       12.54493,
       55.68704
      ],
      [
       12.54493,
       55.687
      ]
     ]
    ]
   }
  },
  {
   "type": "Feature",
   "properties": {
    "element": "Linjedræn",
    "under_element": "Linjedræn"
   },
   "geometry": {
    "type": "MultiLineString",
    "coordinates": [
     [
      [
       12.54248,
       55.69889
      ],
      [
       12.54223,
       55.6989
      ],
      [
       12.54213,
       55.6989
      ],
      [
       12.54213,
       55.6989
      ]
     ]
    ]
   }
  },
  {
   "type": "Feature",
   "properties": {
    "element": "Linjedræn",
    "under_element": "Linjedræn",
    "byrumstype": "Parker"
   },
   "geometry": {
    "type": "MultiLineString",
    "coordinates": [
     [
      [
       12.54212,
       55.69998
      ],
      [
       12.54207,
       55.69989
      ]
     ]
    ]
   }
  },
  {
   "type": "Feature",
   "properties": {
    "element": "Linjedræn",
    "under_element": "Linjedræn",
    "byrumstype": "Parker"
   },
   "geometry": {
    "type": "MultiLineString",
    "coordinates": [
     [
      [
       12.54267,
       55.70064
      ],
      [
       12.54334,
       55.70054
      ]
     ]
    ]
   }
  },
  {
   "type": "Feature",
   "properties": {
    "element": "Linjedræn",
    "under_element": "Linjedræn",
    "byrumstype": "Parker"
   },
   "geometry": {
    "type": "MultiLineString",
    "coordinates": [
     [
      [
       12.54245,
       55.70156
      ],
      [
       12.54218,
       55.70088
      ],
      [
       12.54291,
       55.70078
      ],
      [
       12.54318,
       55.70147
      ]
     ]
    ]
   }
  },
  {
   "type": "Feature",
   "properties": {
    "element": "Linjedræn",
    "under_element": "Linjedræn",
    "byrumstype": "Parker"
   },
   "geometry": {
    "type": "MultiLineString",
    "coordinates": [
     [
      [
       12.54275,
       55.70204
      ],
      [
       12.54278,
       55.70203
      ]
     ]
    ]
   }
  },
  {
   "type": "Feature",
   "properties": {
    "element": "Linjedræn",
    "under_element": "Linjedræn",
    "byrumstype": "Parker"
   },
   "geometry": {
    "type": "MultiLineString",
    "coordinates": [
     [
      [
       12.54263,
       55.70202
      ],
      [
       12.54259,
       55.70194
      ]
     ]
    ]
   }
  },
  {
   "type": "Feature",
   "properties": {
    "element": "Linjedræn",
    "under_element": "Linjedræn",
    "byrumstype": "Parker"
   },
   "geometry": {
    "type": "MultiLineString",
    "coordinates": [
     [
      [
       12.54544,
       55.68984
      ],
      [
       12.54539,
       55.68986
      ]
     ]
    ]
   }
  },
  {
   "type": "Feature",
   "properties": {
    "element": "Linjedræn",
    "under_element": "Linjedræn",
    "byrumstype": "Parker"
   },
   "geometry": {
    "type": "MultiLineString",
    "coordinates": [
     [
      [
       12.56315,
       55.68977
      ],
      [
       12.56296,
       55.68964
      ]
     ]
    ]
   }
  },
  {
   "type": "Feature",
   "properties": {
    "element": "Linjedræn",
    "under_element": "Linjedræn",
    "byrumstype": "Parker"
   },
   "geometry": {
    "type": "MultiLineString",
    "coordinates": [
     [
      [
       12.58381,
       55.70435
      ],
      [
       12.58379,
       55.7044
      ]
     ]
    ]
   }
  },
  {
   "type": "Feature",
   "properties": {
    "element": "Linjedræn",
    "under_element": "Linjedræn",
    "byrumstype": "Parker"
   },
   "geometry": {
    "type": "MultiLineString",
    "coordinates": [
     [
      [
       12.54091,
       55.66366
      ],
      [
       12.54092,
       55.66367
      ]
     ]
    ]
   }
  },
  {
   "type": "Feature",
   "properties": {
    "element": "Linjedræn",
    "under_element": "Linjedræn",
    "byrumstype": "Parker"
   },
   "geometry": {
    "type": "MultiLineString",
    "coordinates": [
     [
      [
       12.54214,
       55.6671
      ],
      [
       12.54202,
       55.66713
      ],
      [
       12.54199,
       55.66707
      ],
      [
       12.5421,
       55.66705
      ],
      [
       12.54214,
       55.66711
      ]
     ]
    ]
   }
  },
  {
   "type": "Feature",
   "properties": {
    "element": "Linjedræn",
    "under_element": "Linjedræn",
    "byrumstype": "Parker"
   },
   "geometry": {
    "type": "MultiLineString",
    "coordinates": [
     [
      [
       12.54108,
       55.66654
      ],
      [
       12.5409,
       55.66657
      ]
     ]
    ]
   }
  },
  {
   "type": "Feature",
   "properties": {
    "element": "Linjedræn",
    "under_element": "Linjedræn",
    "byrumstype": "Parker"
   },
   "geometry": {
    "type": "MultiLineString",
    "coordinates": [
     [
      [
       12.54086,
       55.66662
      ],
      [
       12.54101,
       55.66689
      ]
     ]
    ]
   }
  },
  {
   "type": "Feature",
   "properties": {
    "element": "Linjedræn",
    "under_element": "Linjedræn",
    "byrumstype": "Parker"
   },
   "geometry": {
    "type": "MultiLineString",
    "coordinates": [
     [
      [
       12.54108,
       55.66692
      ],
      [
       12.54127,
       55.66689
      ]
     ]
    ]
   }
  },
  {
   "type": "Feature",
   "properties": {
    "element": "Linjedræn",
    "under_element": "Linjedræn",
    "byrumstype": "Parker"
   },
   "geometry": {
    "type": "MultiLineString",
    "coordinates": [
     [
      [
       12.54131,
       55.66684
      ],
      [
       12.54116,
       55.66657
      ]
     ]
    ]
   }
  },
  {
   "type": "Feature",
   "properties": {
    "element": "Linjedræn",
    "under_element": "Linjedræn",
    "byrumstype": "Parker"
   },
   "geometry": {
    "type": "MultiLineString",
    "coordinates": [
     [
      [
       12.54366,
       55.66682
      ],
      [
       12.54365,
       55.66679
      ]
     ]
    ]
   }
  },
  {
   "type": "Feature",
   "properties": {
    "element": "Linjedræn",
    "under_element": "Linjedræn",
    "byrumstype": "Kirkegårde"
   },
   "geometry": {
    "type": "MultiLineString",
    "coordinates": [
     [
      [
       12.52685,
       55.71182
      ],
      [
       12.52702,
       55.71184
      ],
      [
       12.52715,
       55.71185
      ],
      [
       12.52737,
       55.71187
      ],
      [
       12.52749,
       55.71189
      ]
     ]
    ]
   }
  },
  {
   "type": "Feature",
   "properties": {
    "element": "Linjedræn",
    "under_element": "Linjedræn",
    "byrumstype": "Gader og pladser"
   },
   "geometry": {
    "type": "MultiLineString",
    "coordinates": [
     [
      [
       12.57952,
       55.71289
      ],
      [
       12.57952,
       55.7129
      ]
     ]
    ]
   }
  },
  {
   "type": "Feature",
   "properties": {
    "element": "Linjedræn",
    "under_element": "Linjedræn",
    "byrumstype": "Småarealer"
   },
   "geometry": {
    "type": "MultiLineString",
    "coordinates": [
     [
      [
       12.57952,
       55.71298
      ],
      [
       12.57952,
       55.71294
      ]
     ]
    ]
   }
  },
  {
   "type": "Feature",
   "properties": {
    "element": "Linjedræn",
    "under_element": "Linjedræn",
    "byrumstype": "Småarealer"
   },
   "geometry": {
    "type": "MultiLineString",
    "coordinates": [
     [
      [
       12.57952,
       55.71307
      ],
      [
       12.57953,
       55.71304
      ]
     ]
    ]
   }
  },
  {
   "type": "Feature",
   "properties": {
    "element": "Linjedræn",
    "under_element": "Linjedræn",
    "byrumstype": "Gader og pladser"
   },
   "geometry": {
    "type": "MultiLineString",
    "coordinates": [
     [
      [
       12.57834,
       55.713
      ],
      [
       12.57841,
       55.713
      ]
     ]
    ]
   }
  },
  {
   "type": "Feature",
   "properties": {
    "element": "Linjedræn",
    "under_element": "Linjedræn",
    "byrumstype": "Gader og pladser"
   },
   "geometry": {
    "type": "MultiLineString",
    "coordinates": [
     [
      [
       12.57791,
       55.71299
      ],
      [
       12.57795,
       55.713
      ]
     ]
    ]
   }
  },
  {
   "type": "Feature",
   "properties": {
    "element": "Linjedræn",
    "under_element": "Linjedræn"
   },
   "geometry": {
    "type": "MultiLineString",
    "coordinates": [
     [
      [
       12.57905,
       55.71312
      ],
      [
       12.57907,
       55.71311
      ]
     ]
    ]
   }
  },
  {
   "type": "Feature",
   "properties": {
    "element": "Linjedræn",
    "under_element": "Linjedræn"
   },
   "geometry": {
    "type": "MultiLineString",
    "coordinates": [
     [
      [
       12.57876,
       55.7131
      ],
      [
       12.57878,
       55.71312
      ]
     ]
    ]
   }
  }
 ]
}