{
 "type": "FeatureCollection",
 "features": [
  {
   "type": "Feature",
   "properties": {
    "kind": "river",
    "role": "interceptor",
    "typologi": "Skybrudsledning",
    "note": "planned as a pipe — retrofit candidate",
    "klima_id": "KV69"
   },
   "geometry": {
    "type": "LineString",
    "coordinates": [
     [
      12.534864,
      55.657365
     ],
     [
      12.534721,
      55.657302
     ],
     [
      12.534721,
      55.657302
     ]
    ]
   }
  },
  {
   "type": "Feature",
   "properties": {
    "kind": "river",
    "role": "interceptor",
    "typologi": "Skybrudsledning",
    "note": "planned as a pipe — retrofit candidate",
    "klima_id": "KV69"
   },
   "geometry": {
    "type": "LineString",
    "coordinates": [
     [
      12.534798,
      55.657336
     ],
     [
      12.534795,
      55.657334
     ],
     [
      12.534892,
      55.657261
     ],
     [
      12.53487,
      55.65715
     ],
     [
      12.534814,
      55.657119
     ],
     [
      12.534767,
      55.657094
     ],
     [
      12.534755,
      55.657083
     ],
     [
      12.534744,
      55.657072
     ],
     [
      12.534524,
      55.656689
     ],
     [
      12.534477,
      55.656637
     ],
     [
      12.534437,
      55.656608
     ],
     [
      12.534357,
      55.656581
     ],
     [
      12.534277,
      55.656561
     ],
     [
      12.534061,
      55.656524
     ]
    ]
   }
  },
  {
   "type": "Feature",
   "properties": {
    "kind": "river",
    "role": "open_channel",
    "typologi": "Grønne veje",
    "note": "planned surface route — could carry a river",
    "klima_id": "Frederiksberg"
   },
   "geometry": {
    "type": "LineString",
    "coordinates": [
     [
      12.534956,
      55.680177
     ],
     [
      12.535129,
      55.680767
     ]
    ]
   }
  },
  {
   "type": "Feature",
   "properties": {
    "kind": "river",
    "role": "open_channel",
    "typologi": "Grønne veje",
    "note": "planned surface route — could carry a river",
    "klima_id": "Frederiksberg"
   },
   "geometry": {
    "type": "LineString",
    "coordinates": [
     [
      12.544029,
      55.675994
     ],
     [
      12.545145,
      55.677589
     ]
    ]
   }
  },
  {
   "type": "Feature",
   "properties": {
    "kind": "river",
    "role": "open_channel",
    "typologi": "Grønne veje",
    "note": "planned surface route — could carry a river",
    "klima_id": "Frederiksberg"
   },
   "geometry": {
    "type": "LineString",
    "coordinates": [
     [
      12.516982,
      55.67109
     ],
     [
      12.516385,
      55.671218
     ],
     [
      12.512275,
      55.67128
     ],
     [
      12.512127,
      55.670801
     ]
    ]
   }
  },
  {
   "type": "Feature",
   "properties": {
    "kind": "river",
    "role": "open_channel",
    "typologi": "Grønne veje",
    "note": "planned surface route — could carry a river",
    "klima_id": "Frederiksberg"
   },
   "geometry": {
    "type": "LineString",
    "coordinates": [
     [
      12.536897,
      55.673192
     ],
     [
      12.537187,
      55.674035
     ]
    ]
   }
  },
  {
   "type": "Feature",
   "properties": {
    "kind": "river",
    "role": "open_channel",
    "typologi": "Forsinkelsesveje",
    "note": "planned surface route — could carry a river",
    "klima_id": "KV19"
   },
   "geometry": {
    "type": "LineString",
    "coordinates": [
     [
      12.48852,
      55.687635
     ],
     [
      12.48685,
      55.687357
     ],
     [
      12.485767,
      55.687171
     ],
     [
      12.484813,
      55.687008
     ],
     [
      12.482623,
      55.686632
     ],
     [
      12.482134,
      55.688014
     ]
    ]
   }
  },
  {
   "type": "Feature",
   "properties": {
    "kind": "river",
    "role": "open_channel",
    "typologi": "Skybrudsveje",
    "note": "planned surface route — could carry a river",
    "klima_id": "VEL34"
   },
   "geometry": {
    "type": "LineString",
    "coordinates": [
     [
      12.569067,
      55.685631
     ],
     [
      12.567483,
      55.684186
     ],
     [
      12.566662,
      55.683427
     ]
    ]
   }
  },
  {
   "type": "Feature",
   "properties": {
    "kind": "river",
    "role": "open_channel",
    "typologi": "Forsinkelsesveje",
    "note": "planned surface route — could carry a river",
    "klima_id": "KV19"
   },
   "geometry": {
    "type": "LineString",
    "coordinates": [
     [
      12.481779,
      55.688978
     ],
     [
      12.482134,
      55.688014
     ],
     [
      12.481204,
      55.687906
     ],
     [
      12.475772,
      55.687275
     ],
     [
      12.472669,
      55.686915
     ],
     [
      12.471742,
      55.686941
     ]
    ]
   }
  },
  {
   "type": "Feature",
   "properties": {
    "kind": "river",
    "role": "interceptor",
    "typologi": "Skybrudsledning",
    "note": "planned as a pipe — retrofit candidate",
    "klima_id": "KV63"
   },
   "geometry": {
    "type": "LineString",
    "coordinates": [
     [
      12.4927,
      55.660036
     ],
     [
      12.491221,
      55.66068
     ],
     [
      12.490513,
      55.660989
     ],
     [
      12.488713,
      55.661774
     ]
    ]
   }
  },
  {
   "type": "Feature",
   "properties": {
    "kind": "river",
    "role": "open_channel",
    "typologi": "Skybrudsveje",
    "note": "planned surface route — could carry a river",
    "klima_id": "Frederiksberg"
   },
   "geometry": {
    "type": "LineString",
    "coordinates": [
     [
      12.527449,
      55.689738
     ],
     [
      12.524558,
      55.690596
     ],
     [
      12.521954,
      55.691368
     ],
     [
      12.521809,
      55.691411
     ],
     [
      12.521477,
      55.690991
     ],
     [
      12.519461,
      55.691492
     ],
     [
      12.519077,
      55.691046
     ],
     [
      12.517986,
      55.691324
     ]
    ]
   }
  },
  {
   "type": "Feature",
   "properties": {
    "kind": "river",
    "role": "interceptor",
    "typologi": "Skybrudsledning",
    "note": "planned as a pipe — retrofit candidate",
    "klima_id": "AM57"
   },
   "geometry": {
    "type": "LineString",
    "coordinates": [
     [
      12.589729,
      55.653583
     ],
     [
      12.590224,
      55.65488
     ],
     [
      12.58811,
      55.654787
     ],
     [
      12.582589,
      55.654516
     ]
    ]
   }
  },
  {
   "type": "Feature",
   "properties": {
    "kind": "river",
    "role": "open_channel",
    "typologi": "Skybrudsveje",
    "note": "planned surface route — could carry a river",
    "klima_id": "BIR12.1&12.3"
   },
   "geometry": {
    "type": "LineString",
    "coordinates": [
     [
      12.482165,
      55.718314
     ],
     [
      12.481458,
      55.717371
     ]
    ]
   }
  },
  {
   "type": "Feature",
   "properties": {
    "kind": "river",
    "role": "interceptor",
    "typologi": "Skybrudsledning",
    "note": "planned as a pipe — retrofit candidate",
    "klima_id": "NO19"
   },
   "geometry": {
    "type": "LineString",
    "coordinates": [
     [
      12.571482,
      55.690709
     ],
     [
      12.570948,
      55.690381
     ],
     [
      12.570186,
      55.690456
     ]
    ]
   }
  },
  {
   "type": "Feature",
   "properties": {
    "kind": "river",
    "role": "open_channel",
    "typologi": "Grønne veje",
    "note": "planned surface route — could carry a river",
    "klima_id": "Frederiksberg"
   },
   "geometry": {
    "type": "LineString",
    "coordinates": [
     [
      12.54006,
      55.676576
     ],
     [
      12.539024,
      55.674318
     ]
    ]
   }
  },
  {
   "type": "Feature",
   "properties": {
    "kind": "river",
    "role": "open_channel",
    "typologi": "Grønne veje",
    "note": "planned surface route — could carry a river",
    "klima_id": "Frederiksberg"
   },
   "geometry": {
    "type": "LineString",
    "coordinates": [
     [
      12.542363,
      55.672609
     ],
     [
      12.542425,
      55.673469
     ]
    ]
   }
  },
  {
   "type": "Feature",
   "properties": {
    "kind": "river",
    "role": "interceptor",
    "typologi": "Skybrudsledning",
    "note": "planned as a pipe — retrofit candidate",
    "klima_id": "Frederiksberg"
   },
   "geometry": {
    "type": "LineString",
    "coordinates": [
     [
      12.521013,
      55.687612
     ],
     [
      12.518438,
      55.687169
     ],
     [
      12.514523,
      55.686495
     ]
    ]
   }
  },
  {
   "type": "Feature",
   "properties": {
    "kind": "river",
    "role": "open_channel",
    "typologi": "Grønne veje",
    "note": "planned surface route — could carry a river",
    "klima_id": "Frederiksberg"
   },
   "geometry": {
    "type": "LineString",
    "coordinates": [
     [
      12.524117,
      55.694143
     ],
     [
      12.524948,
      55.694501
     ],
     [
      12.526675,
      55.694866
     ],
     [
      12.527088,
      55.694748
     ],
     [
      12.527669,
      55.695295
     ]
    ]
   }
  },
  {
   "type": "Feature",
   "properties": {
    "kind": "river",
    "role": "open_channel",
    "typologi": "Skybrudsveje",
    "note": "planned surface route — could carry a river",
    "klima_id": "Frederiksberg"
   },
   "geometry": {
    "type": "LineString",
    "coordinates": [
     [
      12.51788,
      55.688303
     ],
     [
      12.51707,
      55.689655
     ],
     [
      12.515802,
      55.690526
     ]
    ]
   }
  },
  {
   "type": "Feature",
   "properties": {
    "kind": "river",
    "role": "open_channel",
    "typologi": "Skybrudsveje",
    "note": "planned surface route — could carry a river",
    "klima_id": "AM41"
   },
   "geometry": {
    "type": "LineString",
    "coordinates": [
     [
      12.611831,
      55.656721
     ],
     [
      12.612554,
      55.656864
     ]
    ]
   }
  },
  {
   "type": "Feature",
   "properties": {
    "kind": "river",
    "role": "open_channel",
    "typologi": "Grønne veje",
    "note": "planned surface route — could carry a river",
    "klima_id": "Frederiksberg"
   },
   "geometry": {
    "type": "LineString",
    "coordinates": [
     [
      12.517435,
      55.677676
     ],
     [
      12.515319,
      55.677574
     ],
     [
      12.514857,
      55.676418
     ]
    ]
   }
  },
  {
   "type": "Feature",
   "properties": {
    "kind": "river",
    "role": "open_channel",
    "typologi": "Grønne veje",
    "note": "planned surface route — could carry a river",
    "klima_id": "Frederiksberg"
   },
   "geometry": {
    "type": "LineString",
    "coordinates": [
     [
      12.507393,
      55.686147
     ],
     [
      12.512592,
      55.687239
     ],
     [
      12.513363,
      55.687389
     ]
    ]
   }
  },
  {
   "type": "Feature",
   "properties": {
    "kind": "river",
    "role": "open_channel",
    "typologi": "Grønne veje",
    "note": "planned surface route — could carry a river",
    "klima_id": "Frederiksberg"
   },
   "geometry": {
    "type": "LineString",
    "coordinates": [
     [
      12.52605,
      55.688189
     ],
     [
      12.529425,
      55.691719
     ],
     [
      12.531336,
      55.693869
     ]
    ]
   }
  },
  {
   "type": "Feature",
   "properties": {
    "kind": "river",
    "role": "open_channel",
    "typologi": "Grønne veje",
    "note": "planned surface route — could carry a river",
    "klima_id": "Frederiksberg"
   },
   "geometry": {
    "type": "LineString",
    "coordinates": [
     [
      12.526184,
      55.690457
     ],
     [
      12.527824,
      55.692216
     ],
     [
      12.528369,
      55.692712
     ],
     [
      12.530046,
      55.694257
     ]
    ]
   }
  },
  {
   "type": "Feature",
   "properties": {
    "kind": "river",
    "role": "open_channel",
    "typologi": "Grønne veje",
    "note": "planned surface route — could carry a river",
    "klima_id": "Frederiksberg"
   },
   "geometry": {
    "type": "LineString",
    "coordinates": [
     [
      12.546093,
      55.678765
     ],
     [
      12.547035,
      55.678551
     ]
    ]
   }
  },
  {
   "type": "Feature",
   "properties": {
    "kind": "river",
    "role": "open_channel",
    "typologi": "Grønne veje",
    "note": "planned surface route — could carry a river",
    "klima_id": "Frederiksberg"
   },
   "geometry": {
    "type": "LineString",
    "coordinates": [
     [
      12.534874,
      55.690074
     ],
     [
      12.537438,
      55.689309
     ],
     [
      12.539073,
      55.688468
     ]
    ]
   }
  },
  {
   "type": "Feature",
   "properties": {
    "kind": "river",
    "role": "open_channel",
    "typologi": "Grønne veje",
    "note": "planned surface route — could carry a river",
    "klima_id": "Frederiksberg"
   },
   "geometry": {
    "type": "LineString",
    "coordinates": [
     [
      12.540576,
      55.687346
     ],
     [
      12.538964,
      55.68782
     ]
    ]
   }
  },
  {
   "type": "Feature",
   "properties": {
    "kind": "river",
    "role": "open_channel",
    "typologi": "Grønne veje",
    "note": "planned surface route — could carry a river",
    "klima_id": "Frederiksberg"
   },
   "geometry": {
    "type": "LineString",
    "coordinates": [
     [
      12.531988,
      55.690928
     ],
     [
      12.531058,
      55.691225
     ]
    ]
   }
  },
  {
   "type": "Feature",
   "properties": {
    "kind": "river",
    "role": "open_channel",
    "typologi": "Grønne veje",
    "note": "planned surface route — could carry a river",
    "klima_id": "Frederiksberg"
   },
   "geometry": {
    "type": "LineString",
    "coordinates": [
     [
      12.532147,
      55.69087
     ],
     [
      12.532704,
      55.690708
     ]
    ]
   }
  },
  {
   "type": "Feature",
   "properties": {
    "kind": "river",
    "role": "open_channel",
    "typologi": "Grønne veje",
    "note": "planned surface route — could carry a river",
    "klima_id": "Frederiksberg"
   },
   "geometry": {
    "type": "LineString",
    "coordinates": [
     [
      12.531901,
      55.692434
     ],
     [
      12.535007,
      55.691545
     ],
     [
      12.534447,
      55.692637
     ],
     [
      12.534322,
      55.693042
     ]
    ]
   }
  },
  {
   "type": "Feature",
   "properties": {
    "kind": "river",
    "role": "open_channel",
    "typologi": "Forsinkelsesveje",
    "note": "planned surface route — could carry a river",
    "klima_id": "OS16"
   },
   "geometry": {
    "type": "LineString",
    "coordinates": [
     [
      12.568683,
      55.709894
     ],
     [
      12.568904,
      55.7092
     ]
    ]
   }
  },
  {
   "type": "Feature",
   "properties": {
    "kind": "river",
    "role": "open_channel",
    "typologi": "Forsinkelsesveje",
    "note": "planned surface route — could carry a river",
    "klima_id": "OS14"
   },
   "geometry": {
    "type": "LineString",
    "coordinates": [
     [
      12.575724,
      55.710034
     ],
     [
      12.575326,
      55.71036
     ]
    ]
   }
  },
  {
   "type": "Feature",
   "properties": {
    "kind": "river",
    "role": "open_channel",
    "typologi": "mix",
    "note": "planned surface route — could carry a river",
    "klima_id": "Frederiksberg"
   },
   "geometry": {
    "type": "LineString",
    "coordinates": [
     [
      12.504908,
      55.682183
     ],
     [
      12.500047,
      55.682481
     ]
    ]
   }
  },
  {
   "type": "Feature",
   "properties": {
    "kind": "river",
    "role": "interceptor",
    "typologi": "Skybrudsledning",
    "note": "planned as a pipe — retrofit candidate",
    "klima_id": "OS16"
   },
   "geometry": {
    "type": "LineString",
    "coordinates": [
     [
      12.571107,
      55.708136
     ],
     [
      12.571196,
      55.707955
     ]
    ]
   }
  },
  {
   "type": "Feature",
   "properties": {
    "kind": "river",
    "role": "open_channel",
    "typologi": "mix",
    "note": "planned surface route — could carry a river",
    "klima_id": "AM1A"
   },
   "geometry": {
    "type": "LineString",
    "coordinates": [
     [
      12.580411,
      55.666782
     ],
     [
      12.582386,
      55.666111
     ],
     [
      12.584965,
      55.665227
     ]
    ]
   }
  },
  {
   "type": "Feature",
   "properties": {
    "kind": "river",
    "role": "open_channel",
    "typologi": "Grønne veje",
    "note": "planned surface route — could carry a river",
    "klima_id": "KV65"
   },
   "geometry": {
    "type": "LineString",
    "coordinates": [
     [
      12.519789,
      55.664771
     ],
     [
      12.521271,
      55.664574
     ]
    ]
   }
  },
  {
   "type": "Feature",
   "properties": {
    "kind": "river",
    "role": "open_channel",
    "typologi": "Grønne veje",
    "note": "planned surface route — could carry a river",
    "klima_id": "Frederiksberg"
   },
   "geometry": {
    "type": "LineString",
    "coordinates": [
     [
      12.528968,
      55.683523
     ],
     [
      12.531648,
      55.686899
     ]
    ]
   }
  },
  {
   "type": "Feature",
   "properties": {
    "kind": "river",
    "role": "open_channel",
    "typologi": "Grønne veje",
    "note": "planned surface route — could carry a river",
    "klima_id": "Frederiksberg"
   },
   "geometry": {
    "type": "LineString",
    "coordinates": [
     [
      12.525664,
      55.684162
     ],
     [
      12.528284,
      55.687674
     ]
    ]
   }
  },
  {
   "type": "Feature",
   "properties": {
    "kind": "river",
    "role": "interceptor",
    "typologi": "Skybrudsledning",
    "note": "planned as a pipe — retrofit candidate",
    "klima_id": "OS16"
   },
   "geometry": {
    "type": "LineString",
    "coordinates": [
     [
      12.568517,
      55.707627
     ],
     [
      12.568611,
      55.70747
     ]
    ]
   }
  },
  {
   "type": "Feature",
   "properties": {
    "kind": "river",
    "role": "open_channel",
    "typologi": "Grønne veje",
    "note": "planned surface route — could carry a river",
    "klima_id": "Frederiksberg"
   },
   "geometry": {
    "type": "LineString",
    "coordinates": [
     [
      12.530569,
      55.691367
     ],
     [
      12.529659,
      55.691639
     ]
    ]
   }
  },
  {
   "type": "Feature",
   "properties": {
    "kind": "river",
    "role": "open_channel",
    "typologi": "Grønne veje",
    "note": "planned surface route — could carry a river",
    "klima_id": "Frederiksberg"
   },
   "geometry": {
    "type": "LineString",
    "coordinates": [
     [
      12.5289,
      55.685371
     ],
     [
      12.527935,
      55.685625
     ],
     [
      12.529182,
      55.687351
     ]
    ]
   }
  },
  {
   "type": "Feature",
   "properties": {
    "kind": "river",
    "role": "open_channel",
    "typologi": "Grønne veje",
    "note": "planned surface route — could carry a river",
    "klima_id": "Frederiksberg"
   },
   "geometry": {
    "type": "LineString",
    "coordinates": [
     [
      12.538969,
      55.684311
     ],
     [
      12.538169,
      55.684618
     ]
    ]
   }
  },
  {
   "type": "Feature",
   "properties": {
    "kind": "river",
    "role": "open_channel",
    "typologi": "Skybrudsveje",
    "note": "planned surface route — could carry a river",
    "klima_id": "Frederiksberg"
   },
   "geometry": {
    "type": "LineString",
    "coordinates": [
     [
      12.514441,
      55.68662
     ],
     [
      12.513906,
      55.687527
     ],
     [
      12.51342,
      55.68834
     ],
     [
      12.513289,
      55.68856
     ]
    ]
   }
  },
  {
   "type": "Feature",
   "properties": {
    "kind": "river",
    "role": "open_channel",
    "typologi": "Skybrudsveje",
    "note": "planned surface route — could carry a river",
    "klima_id": "Frederiksberg"
   },
   "geometry": {
    "type": "LineString",
    "coordinates": [
     [
      12.516539,
      55.68967
     ],
     [
      12.513487,
      55.689065
     ]
    ]
   }
  },
  {
   "type": "Feature",
   "properties": {
    "kind": "river",
    "role": "open_channel",
    "typologi": "mix",
    "note": "planned surface route — could carry a river",
    "klima_id": "AM20B"
   },
   "geometry": {
    "type": "LineString",
    "coordinates": [
     [
      12.598141,
      55.642514
     ],
     [
      12.591602,
      55.642492
     ],
     [
      12.591435,
      55.642308
     ],
     [
      12.591221,
      55.641667
     ],
     [
      12.590781,
      55.641584
     ],
     [
      12.589346,
      55.641119
     ],
     [
      12.589169,
      55.641203
     ],
     [
      12.588858,
      55.641194
     ],
     [
      12.588308,
      55.641054
     ],
     [
      12.585961,
      55.640457
     ],
     [
      12.584959,
      55.640486
     ]
    ]
   }
  },
  {
   "type": "Feature",
   "properties": {
    "kind": "river",
    "role": "open_channel",
    "typologi": "Grønne veje",
    "note": "planned surface route — could carry a river",
    "klima_id": "KV65"
   },
   "geometry": {
    "type": "LineString",
    "coordinates": [
     [
      12.497465,
      55.663414
     ],
     [
      12.497549,
      55.663315
     ],
     [
      12.497813,
      55.66306
     ],
     [
      12.498091,
      55.662846
     ],
     [
      12.498382,
      55.662656
     ],
     [
      12.498668,
      55.662505
     ],
     [
      12.499121,
      55.662332
     ],
     [
      12.500017,
      55.662009
     ],
     [
      12.501161,
      55.661658
     ],
     [
      12.502155,
      55.661406
     ],
     [
      12.50249,
      55.661324
     ],
     [
      12.502768,
      55.661246
     ],
     [
      12.502986,
      55.661176
     ],
     [
      12.503239,
      55.661061
     ]
    ]
   }
  },
  {
   "type": "Feature",
   "properties": {
    "kind": "river",
    "role": "open_channel",
    "typologi": "Grønne veje",
    "note": "planned surface route — could carry a river",
    "klima_id": "Frederiksberg"
   },
   "geometry": {
    "type": "LineString",
    "coordinates": [
     [
      12.53302,
      55.692114
     ],
     [
      12.533916,
      55.693103
     ]
    ]
   }
  },
  {
   "type": "Feature",
   "properties": {
    "kind": "river",
    "role": "open_channel",
    "typologi": "Grønne veje",
    "note": "planned surface route — could carry a river",
    "klima_id": "Frederiksberg"
   },
   "geometry": {
    "type": "LineString",
    "coordinates": [
     [
      12.540026,
      55.681139
     ],
     [
      12.540772,
      55.68104
     ]
    ]
   }
  },
  {
   "type": "Feature",
   "properties": {
    "kind": "river",
    "role": "open_channel",
    "typologi": "Skybrudsveje",
    "note": "planned surface route — could carry a river",
    "klima_id": "AM19A"
   },
   "geometry": {
    "type": "LineString",
    "coordinates": [
     [
      12.593343,
      55.652662
     ],
     [
      12.593553,
      55.653223
     ]
    ]
   }
  },
  {
   "type": "Feature",
   "properties": {
    "kind": "river",
    "role": "open_channel",
    "typologi": "mix",
    "note": "planned surface route — could carry a river",
    "klima_id": "Frederiksberg"
   },
   "geometry": {
    "type": "LineString",
    "coordinates": [
     [
      12.521813,
      55.680721
     ],
     [
      12.518476,
      55.681356
     ],
     [
      12.51348,
      55.681674
     ]
    ]
   }
  },
  {
   "type": "Feature",
   "properties": {
    "kind": "river",
    "role": "interceptor",
    "typologi": "Skybrudsledning",
    "note": "planned as a pipe — retrofit candidate",
    "klima_id": "VEL31"
   },
   "geometry": {
    "type": "LineString",
    "coordinates": [
     [
      12.562673,
      55.687311
     ],
     [
      12.563631,
      55.687436
     ]
    ]
   }
  },
  {
   "type": "Feature",
   "properties": {
    "kind": "river",
    "role": "open_channel",
    "typologi": "Grønne veje",
    "note": "planned surface route — could carry a river",
    "klima_id": "VEL22"
   },
   "geometry": {
    "type": "LineString",
    "coordinates": [
     [
      12.545409,
      55.689452
     ],
     [
      12.549457,
      55.687978
     ],
     [
      12.550027,
      55.687801
     ],
     [
      12.55193,
      55.687076
     ],
     [
      12.552316,
      55.687338
     ],
     [
      12.556934,
      55.685556
     ]
    ]
   }
  },
  {
   "type": "Feature",
   "properties": {
    "kind": "river",
    "role": "interceptor",
    "typologi": "Skybrudsledning",
    "note": "planned as a pipe — retrofit candidate",
    "klima_id": "OS9"
   },
   "geometry": {
    "type": "LineString",
    "coordinates": [
     [
      12.576458,
      55.712741
     ],
     [
      12.577248,
      55.712881
     ]
    ]
   }
  },
  {
   "type": "Feature",
   "properties": {
    "kind": "river",
    "role": "open_channel",
    "typologi": "Skybrudsveje",
    "note": "planned surface route — could carry a river",
    "klima_id": "Frederiksberg"
   },
   "geometry": {
    "type": "LineString",
    "coordinates": [
     [
      12.521157,
      55.679349
     ],
     [
      12.517756,
      55.67909
     ]
    ]
   }
  },
  {
   "type": "Feature",
   "properties": {
    "kind": "river",
    "role": "interceptor",
    "typologi": "Skybrudsledning",
    "note": "planned as a pipe — retrofit candidate",
    "klima_id": "KV89"
   },
   "geometry": {
    "type": "LineString",
    "coordinates": [
     [
      12.474681,
      55.673027
     ],
     [
      12.475084,
      55.67326
     ]
    ]
   }
  },
  {
   "type": "Feature",
   "properties": {
    "kind": "river",
    "role": "interceptor",
    "typologi": "Skybrudsledning",
    "note": "planned as a pipe — retrofit candidate",
    "klima_id": "KV89"
   },
   "geometry": {
    "type": "LineString",
    "coordinates": [
     [
      12.480304,
      55.672962
     ],
     [
      12.480179,
      55.672217
     ]
    ]
   }
  },
  {
   "type": "Feature",
   "properties": {
    "kind": "river",
    "role": "open_channel",
    "typologi": "Grønne veje",
    "note": "planned surface route — could carry a river",
    "klima_id": "Frederiksberg"
   },
   "geometry": {
    "type": "LineString",
    "coordinates": [
     [
      12.529105,
      55.68947
     ],
     [
      12.531901,
      55.692434
     ],
     [
      12.532821,
      55.693436
     ]
    ]
   }
  },
  {
   "type": "Feature",
   "properties": {
    "kind": "river",
    "role": "open_channel",
    "typologi": "Grønne veje",
    "note": "planned surface route — could carry a river",
    "klima_id": "KV65"
   },
   "geometry": {
    "type": "LineString",
    "coordinates": [
     [
      12.498866,
      55.6635
     ],
     [
      12.498846,
      55.663197
     ],
     [
      12.499088,
      55.663058
     ],
     [
      12.499317,
      55.662942
     ],
     [
      12.499538,
      55.662848
     ],
     [
      12.499924,
      55.662712
     ],
     [
      12.50048,
      55.662552
     ],
     [
      12.501135,
      55.662421
     ],
     [
      12.501798,
      55.662336
     ],
     [
      12.502061,
      55.662312
     ],
     [
      12.502225,
      55.662297
     ]
    ]
   }
  },
  {
   "type": "Feature",
   "properties": {
    "kind": "river",
    "role": "open_channel",
    "typologi": "Grønne veje",
    "note": "planned surface route — could carry a river",
    "klima_id": "KV65"
   },
   "geometry": {
    "type": "LineString",
    "coordinates": [
     [
      12.50256,
      55.663418
     ],
     [
      12.502543,
      55.662933
     ],
     [
      12.502525,
      55.662287
     ],
     [
      12.502493,
      55.661511
     ]
    ]
   }
  },
  {
   "type": "Feature",
   "properties": {
    "kind": "river",
    "role": "open_channel",
    "typologi": "Grønne veje",
    "note": "planned surface route — could carry a river",
    "klima_id": "Frederiksberg"
   },
   "geometry": {
    "type": "LineString",
    "coordinates": [
     [
      12.538043,
      55.687419
     ],
     [
      12.533634,
      55.688411
     ]
    ]
   }
  },
  {
   "type": "Feature",
   "properties": {
    "kind": "river",
    "role": "open_channel",
    "typologi": "Grønne veje",
    "note": "planned surface route — could carry a river",
    "klima_id": "Frederiksberg"
   },
   "geometry": {
    "type": "LineString",
    "coordinates": [
     [
      12.537949,
      55.682092
     ],
     [
      12.536172,
      55.682487
     ],
     [
      12.535965,
      55.682244
     ],
     [
      12.535566,
      55.682338
     ]
    ]
   }
  },
  {
   "type": "Feature",
   "properties": {
    "kind": "river",
    "role": "open_channel",
    "typologi": "Grønne veje",
    "note": "planned surface route — could carry a river",
    "klima_id": "KV65"
   },
   "geometry": {
    "type": "LineString",
    "coordinates": [
     [
      12.491166,
      55.661463
     ],
     [
      12.490669,
      55.661102
     ]
    ]
   }
  },
  {
   "type": "Feature",
   "properties": {
    "kind": "river",
    "role": "open_channel",
    "typologi": "Grønne veje",
    "note": "planned surface route — could carry a river",
    "klima_id": "Frederiksberg"
   },
   "geometry": {
    "type": "LineString",
    "coordinates": [
     [
      12.531957,
      55.68329
     ],
     [
      12.535058,
      55.682546
     ]
    ]
   }
  },
  {
   "type": "Feature",
   "properties": {
    "kind": "river",
    "role": "open_channel",
    "typologi": "Grønne veje",
    "note": "planned surface route — could carry a river",
    "klima_id": "Frederiksberg"
   },
   "geometry": {
    "type": "LineString",
    "coordinates": [
     [
      12.533189,
      55.684437
     ],
     [
      12.534359,
      55.684111
     ],
     [
      12.533946,
      55.683654
     ]
    ]
   }
  },
  {
   "type": "Feature",
   "properties": {
    "kind": "river",
    "role": "open_channel",
    "typologi": "Forsinkelsesveje",
    "note": "planned surface route — could carry a river",
    "klima_id": "AM27"
   },
   "geometry": {
    "type": "LineString",
    "coordinates": [
     [
      12.599983,
      55.658179
     ],
     [
      12.59899,
      55.658579
     ]
    ]
   }
  },
  {
   "type": "Feature",
   "properties": {
    "kind": "river",
    "role": "open_channel",
    "typologi": "Grønne veje",
    "note": "planned surface route — could carry a river",
    "klima_id": "Frederiksberg"
   },
   "geometry": {
    "type": "LineString",
    "coordinates": [
     [
      12.524047,
      55.682929
     ],
     [
      12.526469,
      55.682412
     ]
    ]
   }
  },
  {
   "type": "Feature",
   "properties": {
    "kind": "river",
    "role": "open_channel",
    "typologi": "Grønne veje",
    "note": "planned surface route — could carry a river",
    "klima_id": "Frederiksberg"
   },
   "geometry": {
    "type": "LineString",
    "coordinates": [
     [
      12.551274,
      55.677489
     ],
     [
      12.551497,
      55.677799
     ],
     [
      12.551623,
      55.677851
     ]
    ]
   }
  },
  {
   "type": "Feature",
   "properties": {
    "kind": "river",
    "role": "open_channel",
    "typologi": "Grønne veje",
    "note": "planned surface route — could carry a river",
    "klima_id": "Frederiksberg"
   },
   "geometry": {
    "type": "LineString",
    "coordinates": [
     [
      12.552556,
      55.678889
     ],
     [
      12.552656,
      55.679042
     ],
     [
      12.552956,
      55.679468
     ]
    ]
   }
  },
  {
   "type": "Feature",
   "properties": {
    "kind": "river",
    "role": "open_channel",
    "typologi": "Grønne veje",
    "note": "planned surface route — could carry a river",
    "klima_id": "Frederiksberg"
   },
   "geometry": {
    "type": "LineString",
    "coordinates": [
     [
      12.541248,
      55.684191
     ],
     [
      12.541987,
      55.684027
     ],
     [
      12.541101,
      55.683286
     ],
     [
      12.542016,
      55.683023
     ],
     [
      12.542453,
      55.683439
     ],
     [
      12.543017,
      55.683276
     ]
    ]
   }
  },
  {
   "type": "Feature",
   "properties": {
    "kind": "river",
    "role": "open_channel",
    "typologi": "Grønne veje",
    "note": "planned surface route — could carry a river",
    "klima_id": "Frederiksberg"
   },
   "geometry": {
    "type": "LineString",
    "coordinates": [
     [
      12.540731,
      55.682282
     ],
     [
      12.541454,
      55.682554
     ],
     [
      12.54181,
      55.682883
     ]
    ]
   }
  },
  {
   "type": "Feature",
   "properties": {
    "kind": "river",
    "role": "open_channel",
    "typologi": "Grønne veje",
    "note": "planned surface route — could carry a river",
    "klima_id": "Frederiksberg"
   },
   "geometry": {
    "type": "LineString",
    "coordinates": [
     [
      12.543228,
      55.679436
     ],
     [
      12.545564,
      55.678956
     ]
    ]
   }
  },
  {
   "type": "Feature",
   "properties": {
    "kind": "river",
    "role": "open_channel",
    "typologi": "Grønne veje",
    "note": "planned surface route — could carry a river",
    "klima_id": "Frederiksberg"
   },
   "geometry": {
    "type": "LineString",
    "coordinates": [
     [
      12.548941,
      55.678693
     ],
     [
      12.549433,
      55.679502
     ]
    ]
   }
  },
  {
   "type": "Feature",
   "properties": {
    "kind": "river",
    "role": "open_channel",
    "typologi": "Grønne veje",
    "note": "planned surface route — could carry a river",
    "klima_id": "Frederiksberg"
   },
   "geometry": {
    "type": "LineString",
    "coordinates": [
     [
      12.526257,
      55.688144
     ],
     [
      12.527047,
      55.687968
     ]
    ]
   }
  },
  {
   "type": "Feature",
   "properties": {
    "kind": "river",
    "role": "open_channel",
    "typologi": "Skybrudsveje",
    "note": "planned surface route — could carry a river",
    "klima_id": "IB1"
   },
   "geometry": {
    "type": "LineString",
    "coordinates": [
     [
      12.576492,
      55.672593
     ],
     [
      12.575839,
      55.672171
     ]
    ]
   }
  },
  {
   "type": "Feature",
   "properties": {
    "kind": "river",
    "role": "interceptor",
    "typologi": "Skybrudsledning",
    "note": "planned as a pipe — retrofit candidate",
    "klima_id": "IB17"
   },
   "geometry": {
    "type": "LineString",
    "coordinates": [
     [
      12.588178,
      55.684821
     ],
     [
      12.589007,
      55.685802
     ]
    ]
   }
  },
  {
   "type": "Feature",
   "properties": {
    "kind": "river",
    "role": "interceptor",
    "typologi": "Skybrudsledning",
    "note": "planned as a pipe — retrofit candidate",
    "klima_id": "KV70"
   },
   "geometry": {
    "type": "LineString",
    "coordinates": [
     [
      12.527397,
      55.652269
     ],
     [
      12.528085,
      55.649701
     ]
    ]
   }
  },
  {
   "type": "Feature",
   "properties": {
    "kind": "river",
    "role": "open_channel",
    "typologi": "Grønne veje",
    "note": "planned surface route — could carry a river",
    "klima_id": "Frederiksberg"
   },
   "geometry": {
    "type": "LineString",
    "coordinates": [
     [
      12.548023,
      55.675098
     ],
     [
      12.549853,
      55.67814
     ]
    ]
   }
  },
  {
   "type": "Feature",
   "properties": {
    "kind": "river",
    "role": "interceptor",
    "typologi": "Skybrudsledning",
    "note": "planned as a pipe — retrofit candidate",
    "klima_id": "AM18"
   },
   "geometry": {
    "type": "LineString",
    "coordinates": [
     [
      12.606529,
      55.645929
     ],
     [
      12.605476,
      55.645879
     ],
     [
      12.604342,
      55.645938
     ]
    ]
   }
  },
  {
   "type": "Feature",
   "properties": {
    "kind": "river",
    "role": "open_channel",
    "typologi": "Forsinkelsesveje",
    "note": "planned surface route — could carry a river",
    "klima_id": "BIR5.7"
   },
   "geometry": {
    "type": "LineString",
    "coordinates": [
     [
      12.538726,
      55.70734
     ],
     [
      12.5362,
      55.707351
     ]
    ]
   }
  },
  {
   "type": "Feature",
   "properties": {
    "kind": "river",
    "role": "interceptor",
    "typologi": "Skybrudsledning",
    "note": "planned as a pipe — retrofit candidate",
    "klima_id": "IB3"
   },
   "geometry": {
    "type": "LineString",
    "coordinates": [
     [
      12.578405,
      55.682615
     ],
     [
      12.579067,
      55.683139
     ]
    ]
   }
  },
  {
   "type": "Feature",
   "properties": {
    "kind": "river",
    "role": "open_channel",
    "typologi": "Skybrudsveje",
    "note": "planned surface route — could carry a river",
    "klima_id": "OS33"
   },
   "geometry": {
    "type": "LineString",
    "coordinates": [
     [
      12.564372,
      55.71192
     ],
     [
      12.565838,
      55.712247
     ],
     [
      12.56598,
      55.712225
     ]
    ]
   }
  },
  {
   "type": "Feature",
   "properties": {
    "kind": "river",
    "role": "interceptor",
    "typologi": "Skybrudsledning",
    "note": "planned as a pipe — retrofit candidate",
    "klima_id": "IB3"
   },
   "geometry": {
    "type": "LineString",
    "coordinates": [
     [
      12.583635,
      55.683946
     ],
     [
      12.582259,
      55.682272
     ]
    ]
   }
  },
  {
   "type": "Feature",
   "properties": {
    "kind": "river",
    "role": "open_channel",
    "typologi": "Grønne veje",
    "note": "planned surface route — could carry a river",
    "klima_id": "Frederiksberg"
   },
   "geometry": {
    "type": "LineString",
    "coordinates": [
     [
      12.54766,
      55.678821
     ],
     [
      12.550423,
      55.678203
     ]
    ]
   }
  },
  {
   "type": "Feature",
   "properties": {
    "kind": "river",
    "role": "interceptor",
    "typologi": "Skybrudsledning",
    "note": "planned as a pipe — retrofit candidate",
    "klima_id": "IB3"
   },
   "geometry": {
    "type": "LineString",
    "coordinates": [
     [
      12.579211,
      55.682283
     ],
     [
      12.580017,
      55.682878
     ]
    ]
   }
  },
  {
   "type": "Feature",
   "properties": {
    "kind": "river",
    "role": "open_channel",
    "typologi": "Grønne veje",
    "note": "planned surface route — could carry a river",
    "klima_id": "Frederiksberg"
   },
   "geometry": {
    "type": "LineString",
    "coordinates": [
     [
      12.524771,
      55.680954
     ],
     [
      12.527146,
      55.681159
     ],
     [
      12.529335,
      55.681153
     ],
     [
      12.531794,
      55.681186
     ],
     [
      12.53413,
      55.681147
     ],
     [
      12.534635,
      55.68182
     ]
    ]
   }
  },
  {
   "type": "Feature",
   "properties": {
    "kind": "river",
    "role": "open_channel",
    "typologi": "Grønne veje",
    "note": "planned surface route — could carry a river",
    "klima_id": "Frederiksberg"
   },
   "geometry": {
    "type": "LineString",
    "coordinates": [
     [
      12.550956,
      55.674384
     ],
     [
      12.552086,
      55.676009
     ]
    ]
   }
  },
  {
   "type": "Feature",
   "properties": {
    "kind": "river",
    "role": "open_channel",
    "typologi": "Grønne veje",
    "note": "planned surface route — could carry a river",
    "klima_id": "Frederiksberg"
   },
   "geometry": {
    "type": "LineString",
    "coordinates": [
     [
      12.553028,
      55.673867
     ],
     [
      12.553645,
      55.674732
     ],
     [
      12.553582,
      55.674835
     ],
     [
      12.553951,
      55.675342
     ],
     [
      12.554195,
      55.675387
     ]
    ]
   }
  },
  {
   "type": "Feature",
   "properties": {
    "kind": "river",
    "role": "open_channel",
    "typologi": "Grønne veje",
    "note": "planned surface route — could carry a river",
    "klima_id": "Frederiksberg"
   },
   "geometry": {
    "type": "LineString",
    "coordinates": [
     [
      12.544917,
      55.675492
     ],
     [
      12.544445,
      55.674643
     ],
     [
      12.544037,
      55.673863
     ]
    ]
   }
  },
  {
   "type": "Feature",
   "properties": {
    "kind": "river",
    "role": "open_channel",
    "typologi": "Grønne veje",
    "note": "planned surface route — could carry a river",
    "klima_id": "Frederiksberg"
   },
   "geometry": {
    "type": "LineString",
    "coordinates": [
     [
      12.543882,
      55.675755
     ],
     [
      12.542912,
      55.673971
     ]
    ]
   }
  },
  {
   "type": "Feature",
   "properties": {
    "kind": "river",
    "role": "open_channel",
    "typologi": "Grønne veje",
    "note": "planned surface route — could carry a river",
    "klima_id": "Frederiksberg"
   },
   "geometry": {
    "type": "LineString",
    "coordinates": [
     [
      12.547199,
      55.67432
     ],
     [
      12.547086,
      55.673633
     ]
    ]
   }
  },
  {
   "type": "Feature",
   "properties": {
    "kind": "river",
    "role": "open_channel",
    "typologi": "Grønne veje",
    "note": "planned surface route — could carry a river",
    "klima_id": "Frederiksberg"
   },
   "geometry": {
    "type": "LineString",
    "coordinates": [
     [
      12.510551,
      55.678562
     ],
     [
      12.50947,
      55.675911
     ],
     [
      12.508153,
      55.675855
     ]
    ]
   }
  },
  {
   "type": "Feature",
   "properties": {
    "kind": "river",
    "role": "open_channel",
    "typologi": "Grønne veje",
    "note": "planned surface route — could carry a river",
    "klima_id": "Frederiksberg"
   },
   "geometry": {
    "type": "LineString",
    "coordinates": [
     [
      12.545961,
      55.675127
     ],
     [
      12.545534,
      55.674368
     ],
     [
      12.545256,
      55.673705
     ]
    ]
   }
  },
  {
   "type": "Feature",
   "properties": {
    "kind": "river",
    "role": "interceptor",
    "typologi": "Skybrudsledning",
    "note": "planned as a pipe — retrofit candidate",
    "klima_id": "NO19"
   },
   "geometry": {
    "type": "LineString",
    "coordinates": [
     [
      12.572858,
      55.690053
     ],
     [
      12.571493,
      55.690707
     ]
    ]
   }
  },
  {
   "type": "Feature",
   "properties": {
    "kind": "river",
    "role": "interceptor",
    "typologi": "Skybrudsledning",
    "note": "planned as a pipe — retrofit candidate",
    "klima_id": "IB3"
   },
   "geometry": {
    "type": "LineString",
    "coordinates": [
     [
      12.579884,
      55.68206
     ],
     [
      12.580558,
      55.682581
     ],
     [
      12.58075,
      55.682677
     ]
    ]
   }
  },
  {
   "type": "Feature",
   "properties": {
    "kind": "river",
    "role": "open_channel",
    "typologi": "Grønne veje",
    "note": "planned surface route — could carry a river",
    "klima_id": "KV65"
   },
   "geometry": {
    "type": "LineString",
    "coordinates": [
     [
      12.501353,
      55.663015
     ],
     [
      12.502325,
      55.663005
     ]
    ]
   }
  },
  {
   "type": "Feature",
   "properties": {
    "kind": "river",
    "role": "open_channel",
    "typologi": "Grønne veje",
    "note": "planned surface route — could carry a river",
    "klima_id": "KV65"
   },
   "geometry": {
    "type": "LineString",
    "coordinates": [
     [
      12.507248,
      55.663317
     ],
     [
      12.507219,
      55.663116
     ],
     [
      12.507078,
      55.662972
     ],
     [
      12.506994,
      55.662892
     ],
     [
      12.505961,
      55.66217
     ],
     [
      12.505137,
      55.661607
     ],
     [
      12.504753,
      55.661304
     ]
    ]
   }
  },
  {
   "type": "Feature",
   "properties": {
    "kind": "river",
    "role": "open_channel",
    "typologi": "Grønne veje",
    "note": "planned surface route — could carry a river",
    "klima_id": "KV65"
   },
   "geometry": {
    "type": "LineString",
    "coordinates": [
     [
      12.496903,
      55.664561
     ],
     [
      12.501978,
      55.664515
     ],
     [
      12.506788,
      55.664472
     ]
    ]
   }
  },
  {
   "type": "Feature",
   "properties": {
    "kind": "river",
    "role": "open_channel",
    "typologi": "Grønne veje",
    "note": "planned surface route — could carry a river",
    "klima_id": "KV65"
   },
   "geometry": {
    "type": "LineString",
    "coordinates": [
     [
      12.486416,
      55.662776
     ],
     [
      12.4927,
      55.660036
     ]
    ]
   }
  },
  {
   "type": "Feature",
   "properties": {
    "kind": "river",
    "role": "open_channel",
    "typologi": "Grønne veje",
    "note": "planned surface route — could carry a river",
    "klima_id": "KV65"
   },
   "geometry": {
    "type": "LineString",
    "coordinates": [
     [
      12.486553,
      55.66299
     ],
     [
      12.48708,
      55.662948
     ],
     [
      12.487606,
      55.662884
     ],
     [
      12.48805,
      55.662799
     ],
     [
      12.48854,
      55.662676
     ],
     [
      12.489192,
      55.66246
     ],
     [
      12.49006,
      55.662081
     ],
     [
      12.491274,
      55.661542
     ],
     [
      12.492425,
      55.661029
     ],
     [
      12.493689,
      55.66047
     ],
     [
      12.494739,
      55.660436
     ],
     [
      12.4962,
      55.659873
     ]
    ]
   }
  },
  {
   "type": "Feature",
   "properties": {
    "kind": "river",
    "role": "open_channel",
    "typologi": "Grønne veje",
    "note": "planned surface route — could carry a river",
    "klima_id": "Frederiksberg"
   },
   "geometry": {
    "type": "LineString",
    "coordinates": [
     [
      12.539233,
      55.682463
     ],
     [
      12.53877,
      55.682407
     ],
     [
      12.536524,
      55.683093
     ]
    ]
   }
  },
  {
   "type": "Feature",
   "properties": {
    "kind": "river",
    "role": "interceptor",
    "typologi": "Skybrudsledning",
    "note": "planned as a pipe — retrofit candidate",
    "klima_id": "OS28"
   },
   "geometry": {
    "type": "LineString",
    "coordinates": [
     [
      12.581772,
      55.712136
     ],
     [
      12.581784,
      55.712218
     ],
     [
      12.581805,
      55.712383
     ]
    ]
   }
  },
  {
   "type": "Feature",
   "properties": {
    "kind": "river",
    "role": "open_channel",
    "typologi": "Grønne veje",
    "note": "planned surface route — could carry a river",
    "klima_id": "BIR22.1D"
   },
   "geometry": {
    "type": "LineString",
    "coordinates": [
     [
      12.531767,
      55.712193
     ],
     [
      12.525844,
      55.711652
     ]
    ]
   }
  },
  {
   "type": "Feature",
   "properties": {
    "kind": "river",
    "role": "interceptor",
    "typologi": "Skybrudsledning",
    "note": "planned as a pipe — retrofit candidate",
    "klima_id": "BIR7.8"
   },
   "geometry": {
    "type": "LineString",
    "coordinates": [
     [
      12.538288,
      55.716662
     ],
     [
      12.538474,
      55.716581
     ],
     [
      12.541793,
      55.713951
     ],
     [
      12.542986,
      55.713
     ],
     [
      12.543685,
      55.712448
     ],
     [
      12.543561,
      55.712151
     ]
    ]
   }
  },
  {
   "type": "Feature",
   "properties": {
    "kind": "river",
    "role": "open_channel",
    "typologi": "Skybrudsveje",
    "note": "planned surface route — could carry a river",
    "klima_id": "BIR7.3&10.1"
   },
   "geometry": {
    "type": "LineString",
    "coordinates": [
     [
      12.547476,
      55.712429
     ],
     [
      12.549331,
      55.713425
     ]
    ]
   }
  },
  {
   "type": "Feature",
   "properties": {
    "kind": "river",
    "role": "open_channel",
    "typologi": "Skybrudsveje",
    "note": "planned surface route — could carry a river",
    "klima_id": "BIR10.3"
   },
   "geometry": {
    "type": "LineString",
    "coordinates": [
     [
      12.54807,
      55.7185
     ],
     [
      12.547604,
      55.717758
     ],
     [
      12.547767,
      55.717568
     ]
    ]
   }
  },
  {
   "type": "Feature",
   "properties": {
    "kind": "river",
    "role": "open_channel",
    "typologi": "Skybrudsveje",
    "note": "planned surface route — could carry a river",
    "klima_id": "BIR7.8"
   },
   "geometry": {
    "type": "LineString",
    "coordinates": [
     [
      12.540959,
      55.719394
     ],
     [
      12.540534,
      55.719127
     ],
     [
      12.53841,
      55.716675
     ]
    ]
   }
  },
  {
   "type": "Feature",
   "properties": {
    "kind": "river",
    "role": "open_channel",
    "typologi": "Grønne veje",
    "note": "planned surface route — could carry a river",
    "klima_id": "Frederiksberg"
   },
   "geometry": {
    "type": "LineString",
    "coordinates": [
     [
      12.542684,
      55.678387
     ],
     [
      12.545269,
      55.677804
     ],
     [
      12.546267,
      55.677585
     ]
    ]
   }
  },
  {
   "type": "Feature",
   "properties": {
    "kind": "river",
    "role": "open_channel",
    "typologi": "Forsinkelsesveje",
    "note": "planned surface route — could carry a river",
    "klima_id": "AM28"
   },
   "geometry": {
    "type": "LineString",
    "coordinates": [
     [
      12.598253,
      55.661775
     ],
     [
      12.598238,
      55.661785
     ],
     [
      12.599446,
      55.660954
     ]
    ]
   }
  },
  {
   "type": "Feature",
   "properties": {
    "kind": "river",
    "role": "open_channel",
    "typologi": "Forsinkelsesveje",
    "note": "planned surface route — could carry a river",
    "klima_id": "AM28"
   },
   "geometry": {
    "type": "LineString",
    "coordinates": [
     [
      12.599212,
      55.662037
     ],
     [
      12.600096,
      55.661293
     ]
    ]
   }
  },
  {
   "type": "Feature",
   "properties": {
    "kind": "river",
    "role": "open_channel",
    "typologi": "Grønne veje",
    "note": "planned surface route — could carry a river",
    "klima_id": "Frederiksberg"
   },
   "geometry": {
    "type": "LineString",
    "coordinates": [
     [
      12.542729,
      55.676306
     ],
     [
      12.54385,
      55.677907
     ]
    ]
   }
  },
  {
   "type": "Feature",
   "properties": {
    "kind": "river",
    "role": "open_channel",
    "typologi": "Grønne veje",
    "note": "planned surface route — could carry a river",
    "klima_id": "Frederiksberg"
   },
   "geometry": {
    "type": "LineString",
    "coordinates": [
     [
      12.538086,
      55.681548
     ],
     [
      12.540266,
      55.682003
     ]
    ]
   }
  },
  {
   "type": "Feature",
   "properties": {
    "kind": "river",
    "role": "open_channel",
    "typologi": "Skybrudsveje",
    "note": "planned surface route — could carry a river",
    "klima_id": "IB4"
   },
   "geometry": {
    "type": "LineString",
    "coordinates": [
     [
      12.588839,
      55.68245
     ],
     [
      12.593676,
      55.68116
     ]
    ]
   }
  },
  {
   "type": "Feature",
   "properties": {
    "kind": "river",
    "role": "interceptor",
    "typologi": "Skybrudsledning",
    "note": "planned as a pipe — retrofit candidate",
    "klima_id": "BIR5.4"
   },
   "geometry": {
    "type": "LineString",
    "coordinates": [
     [
      12.528095,
      55.710312
     ],
     [
      12.528152,
      55.710257
     ],
     [
      12.528281,
      55.710207
     ],
     [
      12.528391,
      55.710173
     ],
     [
      12.528575,
      55.710148
     ],
     [
      12.52908,
      55.710159
     ]
    ]
   }
  },
  {
   "type": "Feature",
   "properties": {
    "kind": "river",
    "role": "open_channel",
    "typologi": "Grønne veje",
    "note": "planned surface route — could carry a river",
    "klima_id": "KV30"
   },
   "geometry": {
    "type": "LineString",
    "coordinates": [
     [
      12.481581,
      55.660306
     ],
     [
      12.481642,
      55.660041
     ],
     [
      12.481801,
      55.659497
     ],
     [
      12.48199,
      55.65893
     ],
     [
      12.482019,
      55.65884
     ]
    ]
   }
  },
  {
   "type": "Feature",
   "properties": {
    "kind": "river",
    "role": "open_channel",
    "typologi": "Grønne veje",
    "note": "planned surface route — could carry a river",
    "klima_id": "KV30"
   },
   "geometry": {
    "type": "LineString",
    "coordinates": [
     [
      12.479465,
      55.66021
     ],
     [
      12.479525,
      55.659743
     ],
     [
      12.479628,
      55.659311
     ],
     [
      12.479801,
      55.658446
     ]
    ]
   }
  },
  {
   "type": "Feature",
   "properties": {
    "kind": "river",
    "role": "open_channel",
    "typologi": "Forsinkelsesveje",
    "note": "planned surface route — could carry a river",
    "klima_id": "Frederiksberg"
   },
   "geometry": {
    "type": "LineString",
    "coordinates": [
     [
      12.514523,
      55.686495
     ],
     [
      12.518438,
      55.687169
     ],
     [
      12.521013,
      55.687612
     ],
     [
      12.524382,
      55.688568
     ]
    ]
   }
  },
  {
   "type": "Feature",
   "properties": {
    "kind": "river",
    "role": "open_channel",
    "typologi": "Grønne veje",
    "note": "planned surface route — could carry a river",
    "klima_id": "Frederiksberg"
   },
   "geometry": {
    "type": "LineString",
    "coordinates": [
     [
      12.519513,
      55.676363
     ],
     [
      12.515349,
      55.676167
     ],
     [
      12.512562,
      55.676058
     ]
    ]
   }
  },
  {
   "type": "Feature",
   "properties": {
    "kind": "river",
    "role": "open_channel",
    "typologi": "Grønne veje",
    "note": "planned surface route — could carry a river",
    "klima_id": "Frederiksberg"
   },
   "geometry": {
    "type": "LineString",
    "coordinates": [
     [
      12.513901,
      55.680309
     ],
     [
      12.513363,
      55.679497
     ],
     [
      12.513196,
      55.679113
     ]
    ]
   }
  },
  {
   "type": "Feature",
   "properties": {
    "kind": "river",
    "role": "open_channel",
    "typologi": "Grønne veje",
    "note": "planned surface route — could carry a river",
    "klima_id": "Frederiksberg"
   },
   "geometry": {
    "type": "LineString",
    "coordinates": [
     [
      12.504835,
      55.680618
     ],
     [
      12.503887,
      55.678901
     ]
    ]
   }
  },
  {
   "type": "Feature",
   "properties": {
    "kind": "river",
    "role": "open_channel",
    "typologi": "Grønne veje",
    "note": "planned surface route — could carry a river",
    "klima_id": "Frederiksberg"
   },
   "geometry": {
    "type": "LineString",
    "coordinates": [
     [
      12.507811,
      55.68116
     ],
     [
      12.50694,
      55.679606
     ],
     [
      12.506962,
      55.678963
     ]
    ]
   }
  },
  {
   "type": "Feature",
   "properties": {
    "kind": "river",
    "role": "open_channel",
    "typologi": "Grønne veje",
    "note": "planned surface route — could carry a river",
    "klima_id": "Frederiksberg"
   },
   "geometry": {
    "type": "LineString",
    "coordinates": [
     [
      12.495252,
      55.680757
     ],
     [
      12.495628,
      55.680515
     ],
     [
      12.49598,
      55.68014
     ],
     [
      12.496176,
      55.679659
     ],
     [
      12.496274,
      55.679344
     ]
    ]
   }
  },
  {
   "type": "Feature",
   "properties": {
    "kind": "river",
    "role": "open_channel",
    "typologi": "Grønne veje",
    "note": "planned surface route — could carry a river",
    "klima_id": "Frederiksberg"
   },
   "geometry": {
    "type": "LineString",
    "coordinates": [
     [
      12.49499,
      55.680617
     ],
     [
      12.494657,
      55.680197
     ],
     [
      12.494538,
      55.679751
     ],
     [
      12.49453,
      55.67928
     ]
    ]
   }
  },
  {
   "type": "Feature",
   "properties": {
    "kind": "river",
    "role": "open_channel",
    "typologi": "Grønne veje",
    "note": "planned surface route — could carry a river",
    "klima_id": "Frederiksberg"
   },
   "geometry": {
    "type": "LineString",
    "coordinates": [
     [
      12.503541,
      55.684252
     ],
     [
      12.505376,
      55.682946
     ],
     [
      12.505407,
      55.682417
     ]
    ]
   }
  },
  {
   "type": "Feature",
   "properties": {
    "kind": "river",
    "role": "open_channel",
    "typologi": "Grønne veje",
    "note": "planned surface route — could carry a river",
    "klima_id": "Frederiksberg"
   },
   "geometry": {
    "type": "LineString",
    "coordinates": [
     [
      12.509095,
      55.684845
     ],
     [
      12.512296,
      55.68432
     ]
    ]
   }
  },
  {
   "type": "Feature",
   "properties": {
    "kind": "river",
    "role": "open_channel",
    "typologi": "Grønne veje",
    "note": "planned surface route — could carry a river",
    "klima_id": "Frederiksberg"
   },
   "geometry": {
    "type": "LineString",
    "coordinates": [
     [
      12.497927,
      55.683485
     ],
     [
      12.498287,
      55.683049
     ],
     [
      12.498319,
      55.682728
     ]
    ]
   }
  },
  {
   "type": "Feature",
   "properties": {
    "kind": "river",
    "role": "open_channel",
    "typologi": "Skybrudsveje",
    "note": "planned surface route — could carry a river",
    "klima_id": "AM41"
   },
   "geometry": {
    "type": "LineString",
    "coordinates": [
     [
      12.612226,
      55.656142
     ],
     [
      12.612924,
      55.656277
     ]
    ]
   }
  },
  {
   "type": "Feature",
   "properties": {
    "kind": "river",
    "role": "open_channel",
    "typologi": "Skybrudsveje",
    "note": "planned surface route — could carry a river",
    "klima_id": "AM41"
   },
   "geometry": {
    "type": "LineString",
    "coordinates": [
     [
      12.611333,
      55.657292
     ],
     [
      12.61197,
      55.657422
     ],
     [
      12.612194,
      55.657433
     ]
    ]
   }
  },
  {
   "type": "Feature",
   "properties": {
    "kind": "river",
    "role": "interceptor",
    "typologi": "Skybrudsledning",
    "note": "planned as a pipe — retrofit candidate",
    "klima_id": "AM34"
   },
   "geometry": {
    "type": "LineString",
    "coordinates": [
     [
      12.605366,
      55.663595
     ],
     [
      12.605121,
      55.663795
     ],
     [
      12.604324,
      55.66458
     ],
     [
      12.604189,
      55.664642
     ],
     [
      12.604062,
      55.664706
     ]
    ]
   }
  },
  {
   "type": "Feature",
   "properties": {
    "kind": "river",
    "role": "open_channel",
    "typologi": "Skybrudsveje",
    "note": "planned surface route — could carry a river",
    "klima_id": "VEL35"
   },
   "geometry": {
    "type": "LineString",
    "coordinates": [
     [
      12.544038,
      55.697346
     ],
     [
      12.543116,
      55.696921
     ],
     [
      12.543101,
      55.696205
     ]
    ]
   }
  },
  {
   "type": "Feature",
   "properties": {
    "kind": "river",
    "role": "open_channel",
    "typologi": "Skybrudsveje",
    "note": "planned surface route — could carry a river",
    "klima_id": "BIR7.3&10.1"
   },
   "geometry": {
    "type": "LineString",
    "coordinates": [
     [
      12.549889,
      55.713672
     ],
     [
      12.551368,
      55.714349
     ],
     [
      12.552614,
      55.714893
     ],
     [
      12.553204,
      55.715447
     ],
     [
      12.553819,
      55.716095
     ],
     [
      12.554363,
      55.716517
     ],
     [
      12.554905,
      55.716911
     ],
     [
      12.55516,
      55.716941
     ]
    ]
   }
  },
  {
   "type": "Feature",
   "properties": {
    "kind": "river",
    "role": "open_channel",
    "typologi": "mix",
    "note": "planned surface route — could carry a river",
    "klima_id": "KV1"
   },
   "geometry": {
    "type": "LineString",
    "coordinates": [
     [
      12.477211,
      55.710558
     ],
     [
      12.47609,
      55.710883
     ]
    ]
   }
  },
  {
   "type": "Feature",
   "properties": {
    "kind": "river",
    "role": "interceptor",
    "typologi": "Skybrudsledning",
    "note": "planned as a pipe — retrofit candidate",
    "klima_id": "BIR7.2"
   },
   "geometry": {
    "type": "LineString",
    "coordinates": [
     [
      12.537805,
      55.710399
     ],
     [
      12.537745,
      55.710367
     ],
     [
      12.538074,
      55.710018
     ],
     [
      12.539073,
      55.708878
     ],
     [
      12.540095,
      55.707861
     ],
     [
      12.540556,
      55.708014
     ],
     [
      12.540846,
      55.707975
     ],
     [
      12.541072,
      55.707999
     ],
     [
      12.541717,
      55.708197
     ],
     [
      12.542335,
      55.708182
     ]
    ]
   }
  },
  {
   "type": "Feature",
   "properties": {
    "kind": "river",
    "role": "interceptor",
    "typologi": "Skybrudsledning",
    "note": "planned as a pipe — retrofit candidate",
    "klima_id": "BIR31"
   },
   "geometry": {
    "type": "LineString",
    "coordinates": [
     [
      12.521482,
      55.709436
     ],
     [
      12.521748,
      55.70992
     ],
     [
      12.521782,
      55.709933
     ],
     [
      12.521814,
      55.709939
     ],
     [
      12.521871,
      55.709936
     ],
     [
      12.522062,
      55.709906
     ],
     [
      12.52432,
      55.709466
     ],
     [
      12.526278,
      55.709077
     ]
    ]
   }
  },
  {
   "type": "Feature",
   "properties": {
    "kind": "river",
    "role": "open_channel",
    "typologi": "Skybrudsveje",
    "note": "planned surface route — could carry a river",
    "klima_id": "AM22"
   },
   "geometry": {
    "type": "LineString",
    "coordinates": [
     [
      12.592106,
      55.654939
     ],
     [
      12.592675,
      55.654923
     ],
     [
      12.593381,
      55.654922
     ],
     [
      12.593925,
      55.654932
     ]
    ]
   }
  },
  {
   "type": "Feature",
   "properties": {
    "kind": "river",
    "role": "interceptor",
    "typologi": "Skybrudsledning",
    "note": "planned as a pipe — retrofit candidate",
    "klima_id": "IB19"
   },
   "geometry": {
    "type": "LineString",
    "coordinates": [
     [
      12.579944,
      55.680886
     ],
     [
      12.578575,
      55.680508
     ]
    ]
   }
  },
  {
   "type": "Feature",
   "properties": {
    "kind": "river",
    "role": "interceptor",
    "typologi": "Skybrudsledning",
    "note": "planned as a pipe — retrofit candidate",
    "klima_id": "IB19"
   },
   "geometry": {
    "type": "LineString",
    "coordinates": [
     [
      12.577621,
      55.680743
     ],
     [
      12.578417,
      55.680443
     ],
     [
      12.578886,
      55.680125
     ],
     [
      12.579284,
      55.679628
     ],
     [
      12.579672,
      55.679026
     ],
     [
      12.579602,
      55.678949
     ],
     [
      12.579412,
      55.678861
     ],
     [
      12.579801,
      55.67771
     ],
     [
      12.579724,
      55.677644
     ]
    ]
   }
  },
  {
   "type": "Feature",
   "properties": {
    "kind": "river",
    "role": "open_channel",
    "typologi": "Forsinkelsesveje",
    "note": "planned surface route — could carry a river",
    "klima_id": "NO7"
   },
   "geometry": {
    "type": "LineString",
    "coordinates": [
     [
      12.564824,
      55.705572
     ],
     [
      12.565152,
      55.705397
     ],
     [
      12.567064,
      55.704378
     ],
     [
      12.567791,
      55.703991
     ],
     [
      12.570759,
      55.70241
     ],
     [
      12.57091,
      55.702331
     ],
     [
      12.571062,
      55.702253
     ],
     [
      12.572475,
      55.701495
     ],
     [
      12.573887,
      55.700738
     ],
     [
      12.57563,
      55.699804
     ],
     [
      12.576144,
      55.699542
     ]
    ]
   }
  },
  {
   "type": "Feature",
   "properties": {
    "kind": "river",
    "role": "open_channel",
    "typologi": "Grønne veje",
    "note": "planned surface route — could carry a river",
    "klima_id": "Frederiksberg"
   },
   "geometry": {
    "type": "LineString",
    "coordinates": [
     [
      12.524804,
      55.671222
     ],
     [
      12.518949,
      55.671833
     ]
    ]
   }
  },
  {
   "type": "Feature",
   "properties": {
    "kind": "river",
    "role": "interceptor",
    "typologi": "Skybrudsledning",
    "note": "planned as a pipe — retrofit candidate",
    "klima_id": "IB6"
   },
   "geometry": {
    "type": "LineString",
    "coordinates": [
     [
      12.593743,
      55.684948
     ],
     [
      12.59129,
      55.68559
     ]
    ]
   }
  },
  {
   "type": "Feature",
   "properties": {
    "kind": "river",
    "role": "open_channel",
    "typologi": "Grønne veje",
    "note": "planned surface route — could carry a river",
    "klima_id": "Frederiksberg"
   },
   "geometry": {
    "type": "LineString",
    "coordinates": [
     [
      12.541564,
      55.676522
     ],
     [
      12.542018,
      55.677614
     ]
    ]
   }
  },
  {
   "type": "Feature",
   "properties": {
    "kind": "river",
    "role": "open_channel",
    "typologi": "Forsinkelsesveje",
    "note": "planned surface route — could carry a river",
    "klima_id": "AM27"
   },
   "geometry": {
    "type": "LineString",
    "coordinates": [
     [
      12.600024,
      55.657001
     ],
     [
      12.599134,
      55.657348
     ],
     [
      12.601213,
      55.658828
     ]
    ]
   }
  },
  {
   "type": "Feature",
   "properties": {
    "kind": "river",
    "role": "open_channel",
    "typologi": "Forsinkelsesveje",
    "note": "planned surface route — could carry a river",
    "klima_id": "AM26"
   },
   "geometry": {
    "type": "LineString",
    "coordinates": [
     [
      12.604936,
      55.65891
     ],
     [
      12.604165,
      55.659262
     ]
    ]
   }
  },
  {
   "type": "Feature",
   "properties": {
    "kind": "river",
    "role": "interceptor",
    "typologi": "Skybrudsledning",
    "note": "planned as a pipe — retrofit candidate",
    "klima_id": "NO21"
   },
   "geometry": {
    "type": "LineString",
    "coordinates": [
     [
      12.583538,
      55.69084
     ],
     [
      12.583698,
      55.690898
     ]
    ]
   }
  },
  {
   "type": "Feature",
   "properties": {
    "kind": "river",
    "role": "open_channel",
    "typologi": "Skybrudsveje",
    "note": "planned surface route — could carry a river",
    "klima_id": "BIR12.1&12.3"
   },
   "geometry": {
    "type": "LineString",
    "coordinates": [
     [
      12.488845,
      55.721689
     ],
     [
      12.489887,
      55.721442
     ],
     [
      12.489936,
      55.720287
     ],
     [
      12.489938,
      55.719882
     ],
     [
      12.489928,
      55.719586
     ],
     [
      12.489905,
      55.719373
     ],
     [
      12.489821,
      55.718851
     ],
     [
      12.489688,
      55.718469
     ],
     [
      12.489505,
      55.718002
     ],
     [
      12.489158,
      55.717428
     ]
    ]
   }
  },
  {
   "type": "Feature",
   "properties": {
    "kind": "river",
    "role": "open_channel",
    "typologi": "Skybrudsveje",
    "note": "planned surface route — could carry a river",
    "klima_id": "BIR12.1&12.3"
   },
   "geometry": {
    "type": "LineString",
    "coordinates": [
     [
      12.489904,
      55.721024
     ],
     [
      12.490785,
      55.720838
     ]
    ]
   }
  },
  {
   "type": "Feature",
   "properties": {
    "kind": "river",
    "role": "open_channel",
    "typologi": "Grønne veje",
    "note": "planned surface route — could carry a river",
    "klima_id": "NO19"
   },
   "geometry": {
    "type": "LineString",
    "coordinates": [
     [
      12.568599,
      55.687821
     ],
     [
      12.568022,
      55.688076
     ]
    ]
   }
  },
  {
   "type": "Feature",
   "properties": {
    "kind": "river",
    "role": "open_channel",
    "typologi": "Grønne veje",
    "note": "planned surface route — could carry a river",
    "klima_id": "NO19"
   },
   "geometry": {
    "type": "LineString",
    "coordinates": [
     [
      12.57045,
      55.688607
     ],
     [
      12.569879,
      55.688225
     ],
     [
      12.568832,
      55.688641
     ]
    ]
   }
  },
  {
   "type": "Feature",
   "properties": {
    "kind": "river",
    "role": "interceptor",
    "typologi": "Skybrudsledning",
    "note": "planned as a pipe — retrofit candidate",
    "klima_id": "NO19"
   },
   "geometry": {
    "type": "LineString",
    "coordinates": [
     [
      12.574223,
      55.691048
     ],
     [
      12.572463,
      55.691802
     ]
    ]
   }
  },
  {
   "type": "Feature",
   "properties": {
    "kind": "river",
    "role": "interceptor",
    "typologi": "Skybrudsledning",
    "note": "planned as a pipe — retrofit candidate",
    "klima_id": "NO24"
   },
   "geometry": {
    "type": "LineString",
    "coordinates": [
     [
      12.572069,
      55.695096
     ],
     [
      12.573079,
      55.69456
     ]
    ]
   }
  },
  {
   "type": "Feature",
   "properties": {
    "kind": "river",
    "role": "interceptor",
    "typologi": "Skybrudsledning",
    "note": "planned as a pipe — retrofit candidate",
    "klima_id": "NO19"
   },
   "geometry": {
    "type": "LineString",
    "coordinates": [
     [
      12.572251,
      55.689798
     ],
     [
      12.570948,
      55.690381
     ]
    ]
   }
  },
  {
   "type": "Feature",
   "properties": {
    "kind": "river",
    "role": "open_channel",
    "typologi": "Grønne veje",
    "note": "planned surface route — could carry a river",
    "klima_id": "KV65"
   },
   "geometry": {
    "type": "LineString",
    "coordinates": [
     [
      12.496642,
      55.666604
     ],
     [
      12.495696,
      55.668514
     ]
    ]
   }
  },
  {
   "type": "Feature",
   "properties": {
    "kind": "river",
    "role": "open_channel",
    "typologi": "Grønne veje",
    "note": "planned surface route — could carry a river",
    "klima_id": "Frederiksberg"
   },
   "geometry": {
    "type": "LineString",
    "coordinates": [
     [
      12.547519,
      55.678845
     ],
     [
      12.548278,
      55.679938
     ],
     [
      12.548546,
      55.680004
     ]
    ]
   }
  },
  {
   "type": "Feature",
   "properties": {
    "kind": "river",
    "role": "open_channel",
    "typologi": "Grønne veje",
    "note": "planned surface route — could carry a river",
    "klima_id": "Frederiksberg"
   },
   "geometry": {
    "type": "LineString",
    "coordinates": [
     [
      12.532957,
      55.689425
     ],
     [
      12.532397,
      55.688684
     ],
     [
      12.533075,
      55.68854
     ]
    ]
   }
  },
  {
   "type": "Feature",
   "properties": {
    "kind": "river",
    "role": "open_channel",
    "typologi": "Grønne veje",
    "note": "planned surface route — could carry a river",
    "klima_id": "Frederiksberg"
   },
   "geometry": {
    "type": "LineString",
    "coordinates": [
     [
      12.532967,
      55.687711
     ],
     [
      12.535269,
      55.687201
     ],
     [
      12.539203,
      55.686317
     ],
     [
      12.539599,
      55.686178
     ]
    ]
   }
  },
  {
   "type": "Feature",
   "properties": {
    "kind": "river",
    "role": "open_channel",
    "typologi": "Grønne veje",
    "note": "planned surface route — could carry a river",
    "klima_id": "Frederiksberg"
   },
   "geometry": {
    "type": "LineString",
    "coordinates": [
     [
      12.534184,
      55.689204
     ],
     [
      12.538723,
      55.687917
     ],
     [
      12.539304,
      55.688352
     ],
     [
      12.539759,
      55.688667
     ]
    ]
   }
  },
  {
   "type": "Feature",
   "properties": {
    "kind": "river",
    "role": "open_channel",
    "typologi": "Grønne veje",
    "note": "planned surface route — could carry a river",
    "klima_id": "Frederiksberg"
   },
   "geometry": {
    "type": "LineString",
    "coordinates": [
     [
      12.540736,
      55.687554
     ],
     [
      12.539915,
      55.688096
     ],
     [
      12.539574,
      55.688235
     ]
    ]
   }
  },
  {
   "type": "Feature",
   "properties": {
    "kind": "river",
    "role": "open_channel",
    "typologi": "Grønne veje",
    "note": "planned surface route — could carry a river",
    "klima_id": "Frederiksberg"
   },
   "geometry": {
    "type": "LineString",
    "coordinates": [
     [
      12.534656,
      55.671406
     ],
     [
      12.534779,
      55.671874
     ]
    ]
   }
  },
  {
   "type": "Feature",
   "properties": {
    "kind": "river",
    "role": "interceptor",
    "typologi": "Skybrudsledning",
    "note": "planned as a pipe — retrofit candidate",
    "klima_id": "VEL35"
   },
   "geometry": {
    "type": "LineString",
    "coordinates": [
     [
      12.543104,
      55.696175
     ],
     [
      12.542559,
      55.696159
     ]
    ]
   }
  },
  {
   "type": "Feature",
   "properties": {
    "kind": "river",
    "role": "open_channel",
    "typologi": "Grønne veje",
    "note": "planned surface route — could carry a river",
    "klima_id": "Frederiksberg"
   },
   "geometry": {
    "type": "LineString",
    "coordinates": [
     [
      12.525135,
      55.68025
     ],
     [
      12.52768,
      55.680161
     ],
     [
      12.528468,
      55.679766
     ],
     [
      12.52823,
      55.679229
     ]
    ]
   }
  },
  {
   "type": "Feature",
   "properties": {
    "kind": "river",
    "role": "open_channel",
    "typologi": "Grønne veje",
    "note": "planned surface route — could carry a river",
    "klima_id": "Frederiksberg"
   },
   "geometry": {
    "type": "LineString",
    "coordinates": [
     [
      12.52309,
      55.682217
     ],
     [
      12.524551,
      55.684106
     ]
    ]
   }
  },
  {
   "type": "Feature",
   "properties": {
    "kind": "river",
    "role": "interceptor",
    "typologi": "Skybrudsledning",
    "note": "planned as a pipe — retrofit candidate",
    "klima_id": "OS16"
   },
   "geometry": {
    "type": "LineString",
    "coordinates": [
     [
      12.572471,
      55.708373
     ],
     [
      12.572479,
      55.70836
     ],
     [
      12.572368,
      55.708177
     ]
    ]
   }
  },
  {
   "type": "Feature",
   "properties": {
    "kind": "river",
    "role": "interceptor",
    "typologi": "Skybrudsledning",
    "note": "planned as a pipe — retrofit candidate",
    "klima_id": "NO21"
   },
   "geometry": {
    "type": "LineString",
    "coordinates": [
     [
      12.585825,
      55.692251
     ],
     [
      12.585896,
      55.692261
     ],
     [
      12.586188,
      55.692733
     ],
     [
      12.586451,
      55.692683
     ],
     [
      12.586463,
      55.692681
     ],
     [
      12.58648,
      55.69268
     ],
     [
      12.586492,
      55.692681
     ],
     [
      12.586504,
      55.692682
     ],
     [
      12.586515,
      55.692685
     ],
     [
      12.586525,
      55.692688
     ],
     [
      12.586542,
      55.692694
     ],
     [
      12.58659,
      55.692721
     ],
     [
      12.586929,
      55.692931
     ],
     [
      12.586937,
      55.692934
     ],
     [
      12.586946,
      55.692937
     ],
     [
      12.586954,
      55.692938
     ],
     [
      12.586961,
      55.692939
     ],
     [
      12.586969,
      55.692939
     ],
     [
      12.586977,
      55.692938
     ],
     [
      12.586986,
      55.692937
     ],
     [
      12.587131,
      55.692896
     ],
     [
      12.588,
      55.692651
     ],
     [
      12.588302,
      55.692657
     ],
     [
      12.588466,
      55.692436
     ],
     [
      12.58858,
      55.692283
     ],
     [
      12.588787,
      55.692171
     ],
     [
      12.589111,
      55.692369
     ],
     [
      12.589278,
      55.692435
     ],
     [
      12.589398,
      55.692483
     ],
     [
      12.589646,
      55.692636
     ],
     [
      12.5897,
      55.692669
     ],
     [
      12.589748,
      55.692686
     ],
     [
      12.589901,
      55.692688
     ],
     [
      12.589946,
      55.692682
     ],
     [
      12.590374,
      55.692583
     ],
     [
      12.590445,
      55.692611
     ]
    ]
   }
  },
  {
   "type": "Feature",
   "properties": {
    "kind": "river",
    "role": "interceptor",
    "typologi": "Skybrudsledning",
    "note": "planned as a pipe — retrofit candidate",
    "klima_id": "NO21"
   },
   "geometry": {
    "type": "LineString",
    "coordinates": [
     [
      12.571589,
      55.691349
     ],
     [
      12.571425,
      55.691127
     ],
     [
      12.571433,
      55.691117
     ],
     [
      12.571485,
      55.691045
     ],
     [
      12.5715,
      55.691019
     ],
     [
      12.571507,
      55.691007
     ],
     [
      12.571538,
      55.690952
     ],
     [
      12.571543,
      55.690943
     ],
     [
      12.571684,
      55.690724
     ],
     [
      12.574031,
      55.689643
     ],
     [
      12.574675,
      55.689308
     ],
     [
      12.574735,
      55.689281
     ],
     [
      12.575892,
      55.688746
     ],
     [
      12.576759,
      55.688944
     ],
     [
      12.577712,
      55.689579
     ],
     [
      12.577748,
      55.689567
     ],
     [
      12.577881,
      55.689512
     ]
    ]
   }
  },
  {
   "type": "Feature",
   "properties": {
    "kind": "river",
    "role": "interceptor",
    "typologi": "Skybrudsledning",
    "note": "planned as a pipe — retrofit candidate",
    "klima_id": "NO21"
   },
   "geometry": {
    "type": "LineString",
    "coordinates": [
     [
      12.563971,
      55.686907
     ],
     [
      12.563552,
      55.686616
     ]
    ]
   }
  },
  {
   "type": "Feature",
   "properties": {
    "kind": "river",
    "role": "interceptor",
    "typologi": "Skybrudsledning",
    "note": "planned as a pipe — retrofit candidate",
    "klima_id": "AM32"
   },
   "geometry": {
    "type": "LineString",
    "coordinates": [
     [
      12.600581,
      55.663819
     ],
     [
      12.599705,
      55.663517
     ],
     [
      12.599065,
      55.663359
     ],
     [
      12.5979,
      55.663086
     ]
    ]
   }
  },
  {
   "type": "Feature",
   "properties": {
    "kind": "river",
    "role": "open_channel",
    "typologi": "Skybrudsveje",
    "note": "planned surface route — could carry a river",
    "klima_id": "AM22"
   },
   "geometry": {
    "type": "LineString",
    "coordinates": [
     [
      12.593887,
      55.654054
     ],
     [
      12.594132,
      55.654729
     ]
    ]
   }
  },
  {
   "type": "Feature",
   "properties": {
    "kind": "river",
    "role": "open_channel",
    "typologi": "Forsinkelsesveje",
    "note": "planned surface route — could carry a river",
    "klima_id": "AM26"
   },
   "geometry": {
    "type": "LineString",
    "coordinates": [
     [
      12.604878,
      55.660164
     ],
     [
      12.604021,
      55.659341
     ],
     [
      12.603362,
      55.658678
     ]
    ]
   }
  },
  {
   "type": "Feature",
   "properties": {
    "kind": "river",
    "role": "open_channel",
    "typologi": "Grønne veje",
    "note": "planned surface route — could carry a river",
    "klima_id": "Frederiksberg"
   },
   "geometry": {
    "type": "LineString",
    "coordinates": [
     [
      12.537853,
      55.67738
     ],
     [
      12.538573,
      55.678587
     ],
     [
      12.539786,
      55.678308
     ],
     [
      12.540018,
      55.678802
     ]
    ]
   }
  },
  {
   "type": "Feature",
   "properties": {
    "kind": "river",
    "role": "interceptor",
    "typologi": "Skybrudsledning",
    "note": "planned as a pipe — retrofit candidate",
    "klima_id": "BIR6.3&6.4"
   },
   "geometry": {
    "type": "LineString",
    "coordinates": [
     [
      12.529975,
      55.710516
     ],
     [
      12.530048,
      55.710454
     ],
     [
      12.530092,
      55.710382
     ],
     [
      12.530108,
      55.710265
     ],
     [
      12.530113,
      55.710162
     ]
    ]
   }
  },
  {
   "type": "Feature",
   "properties": {
    "kind": "river",
    "role": "open_channel",
    "typologi": "Forsinkelsesveje",
    "note": "planned surface route — could carry a river",
    "klima_id": "OS16"
   },
   "geometry": {
    "type": "LineString",
    "coordinates": [
     [
      12.569686,
      55.709258
     ],
     [
      12.567161,
      55.708704
     ]
    ]
   }
  },
  {
   "type": "Feature",
   "properties": {
    "kind": "river",
    "role": "open_channel",
    "typologi": "Grønne veje",
    "note": "planned surface route — could carry a river",
    "klima_id": "Frederiksberg"
   },
   "geometry": {
    "type": "LineString",
    "coordinates": [
     [
      12.541614,
      55.676287
     ],
     [
      12.540539,
      55.674166
     ]
    ]
   }
  },
  {
   "type": "Feature",
   "properties": {
    "kind": "river",
    "role": "open_channel",
    "typologi": "Grønne veje",
    "note": "planned surface route — could carry a river",
    "klima_id": "Frederiksberg"
   },
   "geometry": {
    "type": "LineString",
    "coordinates": [
     [
      12.535245,
      55.677904
     ],
     [
      12.53566,
      55.678773
     ]
    ]
   }
  },
  {
   "type": "Feature",
   "properties": {
    "kind": "river",
    "role": "open_channel",
    "typologi": "Grønne veje",
    "note": "planned surface route — could carry a river",
    "klima_id": "Frederiksberg"
   },
   "geometry": {
    "type": "LineString",
    "coordinates": [
     [
      12.529855,
      55.679618
     ],
     [
      12.533572,
      55.679139
     ],
     [
      12.535721,
      55.678921
     ],
     [
      12.536984,
      55.678769
     ],
     [
      12.538189,
      55.678616
     ]
    ]
   }
  },
  {
   "type": "Feature",
   "properties": {
    "kind": "river",
    "role": "open_channel",
    "typologi": "Grønne veje",
    "note": "planned surface route — could carry a river",
    "klima_id": "Frederiksberg"
   },
   "geometry": {
    "type": "LineString",
    "coordinates": [
     [
      12.537898,
      55.680836
     ],
     [
      12.537057,
      55.678948
     ]
    ]
   }
  },
  {
   "type": "Feature",
   "properties": {
    "kind": "river",
    "role": "open_channel",
    "typologi": "mix",
    "note": "planned surface route — could carry a river",
    "klima_id": "AM12B"
   },
   "geometry": {
    "type": "LineString",
    "coordinates": [
     [
      12.636579,
      55.644757
     ],
     [
      12.63631,
      55.645116
     ]
    ]
   }
  },
  {
   "type": "Feature",
   "properties": {
    "kind": "river",
    "role": "open_channel",
    "typologi": "Forsinkelsesveje",
    "note": "planned surface route — could carry a river",
    "klima_id": "OS16"
   },
   "geometry": {
    "type": "LineString",
    "coordinates": [
     [
      12.564189,
      55.708369
     ],
     [
      12.566644,
      55.708887
     ]
    ]
   }
  },
  {
   "type": "Feature",
   "properties": {
    "kind": "river",
    "role": "open_channel",
    "typologi": "Grønne veje",
    "note": "planned surface route — could carry a river",
    "klima_id": "Frederiksberg"
   },
   "geometry": {
    "type": "LineString",
    "coordinates": [
     [
      12.529662,
      55.679608
     ],
     [
      12.529398,
      55.679042
     ]
    ]
   }
  },
  {
   "type": "Feature",
   "properties": {
    "kind": "river",
    "role": "open_channel",
    "typologi": "Forsinkelsesveje",
    "note": "planned surface route — could carry a river",
    "klima_id": "OS16"
   },
   "geometry": {
    "type": "LineString",
    "coordinates": [
     [
      12.564762,
      55.709214
     ],
     [
      12.566296,
      55.709537
     ]
    ]
   }
  },
  {
   "type": "Feature",
   "properties": {
    "kind": "river",
    "role": "open_channel",
    "typologi": "Grønne veje",
    "note": "planned surface route — could carry a river",
    "klima_id": "Frederiksberg"
   },
   "geometry": {
    "type": "LineString",
    "coordinates": [
     [
      12.53002,
      55.677193
     ],
     [
      12.530316,
      55.678038
     ],
     [
      12.532406,
      55.677776
     ]
    ]
   }
  },
  {
   "type": "Feature",
   "properties": {
    "kind": "river",
    "role": "open_channel",
    "typologi": "Forsinkelsesveje",
    "note": "planned surface route — could carry a river",
    "klima_id": "OS16"
   },
   "geometry": {
    "type": "LineString",
    "coordinates": [
     [
      12.567486,
      55.70977
     ],
     [
      12.566656,
      55.709613
     ]
    ]
   }
  },
  {
   "type": "Feature",
   "properties": {
    "kind": "river",
    "role": "open_channel",
    "typologi": "Grønne veje",
    "note": "planned surface route — could carry a river",
    "klima_id": "Frederiksberg"
   },
   "geometry": {
    "type": "LineString",
    "coordinates": [
     [
      12.532337,
      55.674878
     ],
     [
      12.532858,
      55.676693
     ]
    ]
   }
  },
  {
   "type": "Feature",
   "properties": {
    "kind": "river",
    "role": "open_channel",
    "typologi": "Grønne veje",
    "note": "planned surface route — could carry a river",
    "klima_id": "Frederiksberg"
   },
   "geometry": {
    "type": "LineString",
    "coordinates": [
     [
      12.524606,
      55.677721
     ],
     [
      12.525639,
      55.677614
     ],
     [
      12.525819,
      55.678188
     ]
    ]
   }
  },
  {
   "type": "Feature",
   "properties": {
    "kind": "river",
    "role": "interceptor",
    "typologi": "Skybrudsledning",
    "note": "planned as a pipe — retrofit candidate",
    "klima_id": "AM32"
   },
   "geometry": {
    "type": "LineString",
    "coordinates": [
     [
      12.596752,
      55.663084
     ],
     [
      12.597715,
      55.66305
     ],
     [
      12.5979,
      55.663086
     ]
    ]
   }
  },
  {
   "type": "Feature",
   "properties": {
    "kind": "river",
    "role": "open_channel",
    "typologi": "Grønne veje",
    "note": "planned surface route — could carry a river",
    "klima_id": "Frederiksberg"
   },
   "geometry": {
    "type": "LineString",
    "coordinates": [
     [
      12.529842,
      55.677043
     ],
     [
      12.532097,
      55.676777
     ]
    ]
   }
  },
  {
   "type": "Feature",
   "properties": {
    "kind": "river",
    "role": "open_channel",
    "typologi": "Grønne veje",
    "note": "planned surface route — could carry a river",
    "klima_id": "Frederiksberg"
   },
   "geometry": {
    "type": "LineString",
    "coordinates": [
     [
      12.538775,
      55.679299
     ],
     [
      12.540096,
      55.678958
     ],
     [
      12.541986,
      55.678553
     ]
    ]
   }
  },
  {
   "type": "Feature",
   "properties": {
    "kind": "river",
    "role": "open_channel",
    "typologi": "Grønne veje",
    "note": "planned surface route — could carry a river",
    "klima_id": "Frederiksberg"
   },
   "geometry": {
    "type": "LineString",
    "coordinates": [
     [
      12.52362,
      55.67958
     ],
     [
      12.5281,
      55.679032
     ],
     [
      12.532339,
      55.678554
     ],
     [
      12.53266,
      55.678157
     ]
    ]
   }
  },
  {
   "type": "Feature",
   "properties": {
    "kind": "river",
    "role": "open_channel",
    "typologi": "Grønne veje",
    "note": "planned surface route — could carry a river",
    "klima_id": "Frederiksberg"
   },
   "geometry": {
    "type": "LineString",
    "coordinates": [
     [
      12.536891,
      55.670592
     ],
     [
      12.536987,
      55.670923
     ],
     [
      12.538067,
      55.673941
     ]
    ]
   }
  },
  {
   "type": "Feature",
   "properties": {
    "kind": "river",
    "role": "open_channel",
    "typologi": "Grønne veje",
    "note": "planned surface route — could carry a river",
    "klima_id": "Frederiksberg"
   },
   "geometry": {
    "type": "LineString",
    "coordinates": [
     [
      12.539938,
      55.672411
     ],
     [
      12.540276,
      55.673747
     ]
    ]
   }
  },
  {
   "type": "Feature",
   "properties": {
    "kind": "river",
    "role": "open_channel",
    "typologi": "Grønne veje",
    "note": "planned surface route — could carry a river",
    "klima_id": "Frederiksberg"
   },
   "geometry": {
    "type": "LineString",
    "coordinates": [
     [
      12.541221,
      55.67266
     ],
     [
      12.541381,
      55.673633
     ]
    ]
   }
  },
  {
   "type": "Feature",
   "properties": {
    "kind": "river",
    "role": "open_channel",
    "typologi": "Grønne veje",
    "note": "planned surface route — could carry a river",
    "klima_id": "Frederiksberg"
   },
   "geometry": {
    "type": "LineString",
    "coordinates": [
     [
      12.527638,
      55.683458
     ],
     [
      12.526767,
      55.682331
     ],
     [
      12.528108,
      55.682052
     ]
    ]
   }
  },
  {
   "type": "Feature",
   "properties": {
    "kind": "river",
    "role": "open_channel",
    "typologi": "mix",
    "note": "planned surface route — could carry a river",
    "klima_id": "AM21"
   },
   "geometry": {
    "type": "LineString",
    "coordinates": [
     [
      12.59247,
      55.649178
     ],
     [
      12.593303,
      55.649077
     ]
    ]
   }
  },
  {
   "type": "Feature",
   "properties": {
    "kind": "river",
    "role": "interceptor",
    "typologi": "Skybrudsledning",
    "note": "planned as a pipe — retrofit candidate",
    "klima_id": "OS16"
   },
   "geometry": {
    "type": "LineString",
    "coordinates": [
     [
      12.567633,
      55.707462
     ],
     [
      12.567663,
      55.707409
     ],
     [
      12.567484,
      55.70726
     ]
    ]
   }
  },
  {
   "type": "Feature",
   "properties": {
    "kind": "river",
    "role": "open_channel",
    "typologi": "Skybrudsveje",
    "note": "planned surface route — could carry a river",
    "klima_id": "NO5"
   },
   "geometry": {
    "type": "LineString",
    "coordinates": [
     [
      12.565564,
      55.699146
     ],
     [
      12.566811,
      55.699217
     ]
    ]
   }
  },
  {
   "type": "Feature",
   "properties": {
    "kind": "river",
    "role": "open_channel",
    "typologi": "Grønne veje",
    "note": "planned surface route — could carry a river",
    "klima_id": "Frederiksberg"
   },
   "geometry": {
    "type": "LineString",
    "coordinates": [
     [
      12.526197,
      55.679265
     ],
     [
      12.525903,
      55.678413
     ],
     [
      12.527569,
      55.678482
     ]
    ]
   }
  },
  {
   "type": "Feature",
   "properties": {
    "kind": "river",
    "role": "open_channel",
    "typologi": "Grønne veje",
    "note": "planned surface route — could carry a river",
    "klima_id": "Frederiksberg"
   },
   "geometry": {
    "type": "LineString",
    "coordinates": [
     [
      12.530987,
      55.687131
     ],
     [
      12.531516,
      55.687858
     ]
    ]
   }
  },
  {
   "type": "Feature",
   "properties": {
    "kind": "river",
    "role": "open_channel",
    "typologi": "Grønne veje",
    "note": "planned surface route — could carry a river",
    "klima_id": "Frederiksberg"
   },
   "geometry": {
    "type": "LineString",
    "coordinates": [
     [
      12.55121,
      55.677379
     ],
     [
      12.550963,
      55.677022
     ]
    ]
   }
  },
  {
   "type": "Feature",
   "properties": {
    "kind": "river",
    "role": "open_channel",
    "typologi": "Forsinkelsesveje",
    "note": "planned surface route — could carry a river",
    "klima_id": "NO3A"
   },
   "geometry": {
    "type": "LineString",
    "coordinates": [
     [
      12.571739,
      55.695204
     ],
     [
      12.571477,
      55.695051
     ],
     [
      12.570182,
      55.694175
     ],
     [
      12.568944,
      55.693365
     ],
     [
      12.568811,
      55.693338
     ]
    ]
   }
  },
  {
   "type": "Feature",
   "properties": {
    "kind": "river",
    "role": "open_channel",
    "typologi": "Forsinkelsesveje",
    "note": "planned surface route — could carry a river",
    "klima_id": "NO4"
   },
   "geometry": {
    "type": "LineString",
    "coordinates": [
     [
      12.57637,
      55.699054
     ],
     [
      12.573434,
      55.697483
     ],
     [
      12.571252,
      55.696325
     ],
     [
      12.571013,
      55.696199
     ],
     [
      12.570776,
      55.696074
     ],
     [
      12.57052,
      55.69594
     ],
     [
      12.567626,
      55.694389
     ]
    ]
   }
  },
  {
   "type": "Feature",
   "properties": {
    "kind": "river",
    "role": "open_channel",
    "typologi": "Skybrudsveje",
    "note": "planned surface route — could carry a river",
    "klima_id": "BIR7.5"
   },
   "geometry": {
    "type": "LineString",
    "coordinates": [
     [
      12.542262,
      55.711855
     ],
     [
      12.54108,
      55.71133
     ]
    ]
   }
  },
  {
   "type": "Feature",
   "properties": {
    "kind": "river",
    "role": "open_channel",
    "typologi": "Skybrudsveje",
    "note": "planned surface route — could carry a river",
    "klima_id": "BIR6.2"
   },
   "geometry": {
    "type": "LineString",
    "coordinates": [
     [
      12.532086,
      55.711022
     ],
     [
      12.532081,
      55.710708
     ]
    ]
   }
  },
  {
   "type": "Feature",
   "properties": {
    "kind": "river",
    "role": "open_channel",
    "typologi": "Skybrudsveje",
    "note": "planned surface route — could carry a river",
    "klima_id": "BIR6.2"
   },
   "geometry": {
    "type": "LineString",
    "coordinates": [
     [
      12.533799,
      55.711144
     ],
     [
      12.533876,
      55.711066
     ]
    ]
   }
  },
  {
   "type": "Feature",
   "properties": {
    "kind": "river",
    "role": "open_channel",
    "typologi": "Skybrudsveje",
    "note": "planned surface route — could carry a river",
    "klima_id": "BIR6.2"
   },
   "geometry": {
    "type": "LineString",
    "coordinates": [
     [
      12.534597,
      55.711464
     ],
     [
      12.534238,
      55.711446
     ],
     [
      12.534015,
      55.711361
     ]
    ]
   }
  },
  {
   "type": "Feature",
   "properties": {
    "kind": "river",
    "role": "open_channel",
    "typologi": "Skybrudsveje",
    "note": "planned surface route — could carry a river",
    "klima_id": "BIR6.2"
   },
   "geometry": {
    "type": "LineString",
    "coordinates": [
     [
      12.533344,
      55.711496
     ],
     [
      12.53369,
      55.711493
     ],
     [
      12.533785,
      55.711543
     ]
    ]
   }
  },
  {
   "type": "Feature",
   "properties": {
    "kind": "river",
    "role": "interceptor",
    "typologi": "Skybrudsledning",
    "note": "planned as a pipe — retrofit candidate",
    "klima_id": "BIR6.3&6.4"
   },
   "geometry": {
    "type": "LineString",
    "coordinates": [
     [
      12.534062,
      55.710349
     ],
     [
      12.534075,
      55.710197
     ]
    ]
   }
  },
  {
   "type": "Feature",
   "properties": {
    "kind": "river",
    "role": "open_channel",
    "typologi": "Skybrudsveje",
    "note": "planned surface route — could carry a river",
    "klima_id": "BIR6.2"
   },
   "geometry": {
    "type": "LineString",
    "coordinates": [
     [
      12.533342,
      55.710771
     ],
     [
      12.533766,
      55.710775
     ],
     [
      12.533964,
      55.710724
     ]
    ]
   }
  },
  {
   "type": "Feature",
   "properties": {
    "kind": "river",
    "role": "open_channel",
    "typologi": "Skybrudsveje",
    "note": "planned surface route — could carry a river",
    "klima_id": "Frederiksberg"
   },
   "geometry": {
    "type": "LineString",
    "coordinates": [
     [
      12.534751,
      55.681948
     ],
     [
      12.537911,
      55.684698
     ],
     [
      12.538232,
      55.684995
     ]
    ]
   }
  },
  {
   "type": "Feature",
   "properties": {
    "kind": "river",
    "role": "interceptor",
    "typologi": "Skybrudsledning",
    "note": "planned as a pipe — retrofit candidate",
    "klima_id": "OS9"
   },
   "geometry": {
    "type": "LineString",
    "coordinates": [
     [
      12.576149,
      55.714657
     ],
     [
      12.577466,
      55.714748
     ],
     [
      12.577366,
      55.712876
     ]
    ]
   }
  },
  {
   "type": "Feature",
   "properties": {
    "kind": "river",
    "role": "open_channel",
    "typologi": "Forsinkelsesveje",
    "note": "planned surface route — could carry a river",
    "klima_id": "AM1D"
   },
   "geometry": {
    "type": "LineString",
    "coordinates": [
     [
      12.60425,
      55.668282
     ],
     [
      12.604409,
      55.668358
     ],
     [
      12.604756,
      55.668492
     ],
     [
      12.605379,
      55.668696
     ],
     [
      12.606102,
      55.668922
     ],
     [
      12.607062,
      55.669191
     ],
     [
      12.608321,
      55.669399
     ],
     [
      12.609543,
      55.669526
     ],
     [
      12.610645,
      55.669555
     ],
     [
      12.611269,
      55.669552
     ],
     [
      12.611864,
      55.669516
     ],
     [
      12.615918,
      55.669122
     ],
     [
      12.618381,
      55.668876
     ],
     [
      12.618851,
      55.66884
     ]
    ]
   }
  },
  {
   "type": "Feature",
   "properties": {
    "kind": "river",
    "role": "interceptor",
    "typologi": "Skybrudsledning",
    "note": "planned as a pipe — retrofit candidate",
    "klima_id": "OS42"
   },
   "geometry": {
    "type": "LineString",
    "coordinates": [
     [
      12.566025,
      55.716346
     ],
     [
      12.566784,
      55.71586
     ]
    ]
   }
  },
  {
   "type": "Feature",
   "properties": {
    "kind": "river",
    "role": "interceptor",
    "typologi": "Skybrudsledning",
    "note": "planned as a pipe — retrofit candidate",
    "klima_id": "OS42"
   },
   "geometry": {
    "type": "LineString",
    "coordinates": [
     [
      12.567121,
      55.715572
     ],
     [
      12.567463,
      55.715203
     ]
    ]
   }
  },
  {
   "type": "Feature",
   "properties": {
    "kind": "river",
    "role": "open_channel",
    "typologi": "Forsinkelsesveje",
    "note": "planned surface route — could carry a river",
    "klima_id": "OS16"
   },
   "geometry": {
    "type": "LineString",
    "coordinates": [
     [
      12.564079,
      55.708209
     ],
     [
      12.564778,
      55.707
     ]
    ]
   }
  },
  {
   "type": "Feature",
   "properties": {
    "kind": "river",
    "role": "open_channel",
    "typologi": "Forsinkelsesveje",
    "note": "planned surface route — could carry a river",
    "klima_id": "OS16"
   },
   "geometry": {
    "type": "LineString",
    "coordinates": [
     [
      12.57066,
      55.709842
     ],
     [
      12.571107,
      55.708136
     ]
    ]
   }
  },
  {
   "type": "Feature",
   "properties": {
    "kind": "river",
    "role": "open_channel",
    "typologi": "Forsinkelsesveje",
    "note": "planned surface route — could carry a river",
    "klima_id": "OS16"
   },
   "geometry": {
    "type": "LineString",
    "coordinates": [
     [
      12.566326,
      55.709786
     ],
     [
      12.567633,
      55.707462
     ]
    ]
   }
  },
  {
   "type": "Feature",
   "properties": {
    "kind": "river",
    "role": "open_channel",
    "typologi": "Forsinkelsesveje",
    "note": "planned surface route — could carry a river",
    "klima_id": "OS14"
   },
   "geometry": {
    "type": "LineString",
    "coordinates": [
     [
      12.574612,
      55.709982
     ],
     [
      12.574592,
      55.710754
     ]
    ]
   }
  },
  {
   "type": "Feature",
   "properties": {
    "kind": "river",
    "role": "open_channel",
    "typologi": "Grønne veje",
    "note": "planned surface route — could carry a river",
    "klima_id": "KV32"
   },
   "geometry": {
    "type": "LineString",
    "coordinates": [
     [
      12.488875,
      55.658885
     ],
     [
      12.488883,
      55.658727
     ],
     [
      12.488414,
      55.6583
     ],
     [
      12.487004,
      55.65828
     ],
     [
      12.485007,
      55.65825
     ],
     [
      12.48483,
      55.658236
     ]
    ]
   }
  },
  {
   "type": "Feature",
   "properties": {
    "kind": "river",
    "role": "interceptor",
    "typologi": "Skybrudsledning",
    "note": "planned as a pipe — retrofit candidate",
    "klima_id": "IB6"
   },
   "geometry": {
    "type": "LineString",
    "coordinates": [
     [
      12.570888,
      55.682365
     ],
     [
      12.571031,
      55.681953
     ],
     [
      12.571088,
      55.68164
     ],
     [
      12.571164,
      55.681319
     ],
     [
      12.571164,
      55.681012
     ],
     [
      12.571181,
      55.680732
     ],
     [
      12.571167,
      55.680418
     ],
     [
      12.571322,
      55.68011
     ],
     [
      12.571545,
      55.679852
     ],
     [
      12.571815,
      55.679482
     ],
     [
      12.571985,
      55.679174
     ],
     [
      12.572107,
      55.678811
     ],
     [
      12.572253,
      55.678476
     ],
     [
      12.572402,
      55.678336
     ],
     [
      12.572917,
      55.677942
     ],
     [
      12.573632,
      55.677351
     ],
     [
      12.573818,
      55.677226
     ],
     [
      12.574143,
      55.676918
     ],
     [
      12.574454,
      55.676538
     ],
     [
      12.574766,
      55.676174
     ],
     [
      12.575214,
      55.675826
     ],
     [
      12.57585,
      55.675907
     ]
    ]
   }
  },
  {
   "type": "Feature",
   "properties": {
    "kind": "river",
    "role": "open_channel",
    "typologi": "Skybrudsveje",
    "note": "planned surface route — could carry a river",
    "klima_id": "Frederiksberg"
   },
   "geometry": {
    "type": "LineString",
    "coordinates": [
     [
      12.527261,
      55.695779
     ],
     [
      12.528476,
      55.695128
     ],
     [
      12.529878,
      55.694553
     ],
     [
      12.531682,
      55.693988
     ],
     [
      12.53349,
      55.693463
     ],
     [
      12.53501,
      55.692988
     ],
     [
      12.535317,
      55.692871
     ]
    ]
   }
  },
  {
   "type": "Feature",
   "properties": {
    "kind": "river",
    "role": "interceptor",
    "typologi": "Skybrudsledning",
    "note": "planned as a pipe — retrofit candidate",
    "klima_id": "IB19"
   },
   "geometry": {
    "type": "LineString",
    "coordinates": [
     [
      12.573996,
      55.678517
     ],
     [
      12.574407,
      55.678609
     ],
     [
      12.574755,
      55.678642
     ],
     [
      12.57501,
      55.678647
     ],
     [
      12.575319,
      55.67863
     ],
     [
      12.575775,
      55.678601
     ],
     [
      12.576149,
      55.678606
     ],
     [
      12.57656,
      55.678626
     ],
     [
      12.577071,
      55.678655
     ],
     [
      12.577679,
      55.678661
     ],
     [
      12.578006,
      55.678695
     ],
     [
      12.578264,
      55.678731
     ],
     [
      12.57879,
      55.678776
     ],
     [
      12.579182,
      55.678812
     ],
     [
      12.579296,
      55.678825
     ]
    ]
   }
  },
  {
   "type": "Feature",
   "properties": {
    "kind": "river",
    "role": "open_channel",
    "typologi": "mix",
    "note": "planned surface route — could carry a river",
    "klima_id": "OS6"
   },
   "geometry": {
    "type": "LineString",
    "coordinates": [
     [
      12.575139,
      55.689408
     ],
     [
      12.575161,
      55.689434
     ],
     [
      12.575261,
      55.689497
     ],
     [
      12.580132,
      55.691251
     ],
     [
      12.584541,
      55.692894
     ]
    ]
   }
  },
  {
   "type": "Feature",
   "properties": {
    "kind": "river",
    "role": "open_channel",
    "typologi": "Skybrudsveje",
    "note": "planned surface route — could carry a river",
    "klima_id": "Frederiksberg"
   },
   "geometry": {
    "type": "LineString",
    "coordinates": [
     [
      12.544021,
      55.681245
     ],
     [
      12.547035,
      55.680537
     ],
     [
      12.548218,
      55.680277
     ],
     [
      12.548322,
      55.68025
     ],
     [
      12.548368,
      55.68023
     ],
     [
      12.548403,
      55.6802
     ],
     [
      12.548434,
      55.680158
     ],
     [
      12.548546,
      55.680004
     ],
     [
      12.548637,
      55.679897
     ],
     [
      12.548679,
      55.679868
     ],
     [
      12.548727,
      55.679843
     ],
     [
      12.54878,
      55.679823
     ],
     [
      12.54884,
      55.679805
     ],
     [
      12.549037,
      55.679756
     ],
     [
      12.549511,
      55.679645
     ],
     [
      12.550634,
      55.679381
     ],
     [
      12.551505,
      55.679171
     ],
     [
      12.551791,
      55.679096
     ],
     [
      12.552011,
      55.679044
     ],
     [
      12.552376,
      55.678961
     ],
     [
      12.55243,
      55.678947
     ],
     [
      12.552459,
      55.678936
     ],
     [
      12.552488,
      55.678924
     ],
     [
      12.552512,
      55.678913
     ],
     [
      12.552527,
      55.678905
     ],
     [
      12.552556,
      55.678889
     ],
     [
      12.55179,
      55.677919
     ],
     [
      12.554182,
      55.677439
     ],
     [
      12.554456,
      55.677657
     ],
     [
      12.556329,
      55.677459
     ]
    ]
   }
  },
  {
   "type": "Feature",
   "properties": {
    "kind": "river",
    "role": "open_channel",
    "typologi": "Skybrudsveje",
    "note": "planned surface route — could carry a river",
    "klima_id": "Frederiksberg"
   },
   "geometry": {
    "type": "LineString",
    "coordinates": [
     [
      12.530292,
      55.668428
     ],
     [
      12.53226,
      55.674562
     ]
    ]
   }
  },
  {
   "type": "Feature",
   "properties": {
    "kind": "river",
    "role": "open_channel",
    "typologi": "Skybrudsveje",
    "note": "planned surface route — could carry a river",
    "klima_id": "Frederiksberg"
   },
   "geometry": {
    "type": "LineString",
    "coordinates": [
     [
      12.529267,
      55.688518
     ],
     [
      12.529888,
      55.689288
     ],
     [
      12.531407,
      55.688925
     ],
     [
      12.532627,
      55.690375
     ]
    ]
   }
  },
  {
   "type": "Feature",
   "properties": {
    "kind": "river",
    "role": "open_channel",
    "typologi": "Skybrudsveje",
    "note": "planned surface route — could carry a river",
    "klima_id": "Frederiksberg"
   },
   "geometry": {
    "type": "LineString",
    "coordinates": [
     [
      12.524662,
      55.684271
     ],
     [
      12.527432,
      55.687871
     ],
     [
      12.527625,
      55.687918
     ],
     [
      12.528405,
      55.688746
     ],
     [
      12.528739,
      55.688654
     ]
    ]
   }
  },
  {
   "type": "Feature",
   "properties": {
    "kind": "river",
    "role": "open_channel",
    "typologi": "Grønne veje",
    "note": "planned surface route — could carry a river",
    "klima_id": "Frederiksberg"
   },
   "geometry": {
    "type": "LineString",
    "coordinates": [
     [
      12.550069,
      55.678457
     ],
     [
      12.550539,
      55.67922
     ]
    ]
   }
  },
  {
   "type": "Feature",
   "properties": {
    "kind": "river",
    "role": "interceptor",
    "typologi": "Skybrudsledning",
    "note": "planned as a pipe — retrofit candidate",
    "klima_id": "BIR11.1"
   },
   "geometry": {
    "type": "LineString",
    "coordinates": [
     [
      12.559088,
      55.715437
     ],
     [
      12.558257,
      55.717005
     ],
     [
      12.558595,
      55.717053
     ]
    ]
   }
  },
  {
   "type": "Feature",
   "properties": {
    "kind": "river",
    "role": "open_channel",
    "typologi": "mix",
    "note": "planned surface route — could carry a river",
    "klima_id": "OS5"
   },
   "geometry": {
    "type": "LineString",
    "coordinates": [
     [
      12.583961,
      55.704769
     ],
     [
      12.584929,
      55.704863
     ],
     [
      12.585085,
      55.704394
     ]
    ]
   }
  },
  {
   "type": "Feature",
   "properties": {
    "kind": "river",
    "role": "open_channel",
    "typologi": "Skybrudsveje",
    "note": "planned surface route — could carry a river",
    "klima_id": "OS19"
   },
   "geometry": {
    "type": "LineString",
    "coordinates": [
     [
      12.579881,
      55.703425
     ],
     [
      12.580302,
      55.701996
     ]
    ]
   }
  },
  {
   "type": "Feature",
   "properties": {
    "kind": "river",
    "role": "open_channel",
    "typologi": "Skybrudsveje",
    "note": "planned surface route — could carry a river",
    "klima_id": "OS19"
   },
   "geometry": {
    "type": "LineString",
    "coordinates": [
     [
      12.577664,
      55.701574
     ],
     [
      12.580388,
      55.701635
     ],
     [
      12.581161,
      55.701593
     ],
     [
      12.582118,
      55.702023
     ],
     [
      12.585554,
      55.703204
     ],
     [
      12.587123,
      55.70335
     ]
    ]
   }
  },
  {
   "type": "Feature",
   "properties": {
    "kind": "river",
    "role": "open_channel",
    "typologi": "mix",
    "note": "planned surface route — could carry a river",
    "klima_id": "OS13"
   },
   "geometry": {
    "type": "LineString",
    "coordinates": [
     [
      12.564064,
      55.708473
     ],
     [
      12.564893,
      55.710288
     ]
    ]
   }
  },
  {
   "type": "Feature",
   "properties": {
    "kind": "river",
    "role": "interceptor",
    "typologi": "Skybrudsledning",
    "note": "planned as a pipe — retrofit candidate",
    "klima_id": "VEL47"
   },
   "geometry": {
    "type": "LineString",
    "coordinates": [
     [
      12.544754,
      55.686133
     ],
     [
      12.547249,
      55.685178
     ],
     [
      12.550221,
      55.685072
     ],
     [
      12.556905,
      55.679804
     ],
     [
      12.55644,
      55.677887
     ],
     [
      12.556773,
      55.677548
     ]
    ]
   }
  },
  {
   "type": "Feature",
   "properties": {
    "kind": "river",
    "role": "open_channel",
    "typologi": "Forsinkelsesveje",
    "note": "planned surface route — could carry a river",
    "klima_id": "OS12"
   },
   "geometry": {
    "type": "LineString",
    "coordinates": [
     [
      12.572732,
      55.71005
     ],
     [
      12.572668,
      55.710912
     ],
     [
      12.572269,
      55.711896
     ]
    ]
   }
  },
  {
   "type": "Feature",
   "properties": {
    "kind": "river",
    "role": "open_channel",
    "typologi": "Forsinkelsesveje",
    "note": "planned surface route — could carry a river",
    "klima_id": "OS12"
   },
   "geometry": {
    "type": "LineString",
    "coordinates": [
     [
      12.571782,
      55.71014
     ],
     [
      12.571568,
      55.711353
     ],
     [
      12.571354,
      55.711703
     ]
    ]
   }
  },
  {
   "type": "Feature",
   "properties": {
    "kind": "river",
    "role": "open_channel",
    "typologi": "Forsinkelsesveje",
    "note": "planned surface route — could carry a river",
    "klima_id": "OS18"
   },
   "geometry": {
    "type": "LineString",
    "coordinates": [
     [
      12.566286,
      55.71036
     ],
     [
      12.569714,
      55.710156
     ]
    ]
   }
  },
  {
   "type": "Feature",
   "properties": {
    "kind": "river",
    "role": "interceptor",
    "typologi": "Skybrudsledning",
    "note": "planned as a pipe — retrofit candidate",
    "klima_id": "OS28"
   },
   "geometry": {
    "type": "LineString",
    "coordinates": [
     [
      12.581115,
      55.713196
     ],
     [
      12.581816,
      55.713148
     ],
     [
      12.581781,
      55.71283
     ],
     [
      12.581805,
      55.712383
     ]
    ]
   }
  },
  {
   "type": "Feature",
   "properties": {
    "kind": "river",
    "role": "open_channel",
    "typologi": "Forsinkelsesveje",
    "note": "planned surface route — could carry a river",
    "klima_id": "OS18"
   },
   "geometry": {
    "type": "LineString",
    "coordinates": [
     [
      12.567541,
      55.710261
     ],
     [
      12.567597,
      55.709838
     ]
    ]
   }
  },
  {
   "type": "Feature",
   "properties": {
    "kind": "river",
    "role": "open_channel",
    "typologi": "Forsinkelsesveje",
    "note": "planned surface route — could carry a river",
    "klima_id": "OS12"
   },
   "geometry": {
    "type": "LineString",
    "coordinates": [
     [
      12.573667,
      55.711092
     ],
     [
      12.573261,
      55.712123
     ]
    ]
   }
  },
  {
   "type": "Feature",
   "properties": {
    "kind": "river",
    "role": "interceptor",
    "typologi": "Skybrudsledning",
    "note": "planned as a pipe — retrofit candidate",
    "klima_id": "OS30"
   },
   "geometry": {
    "type": "LineString",
    "coordinates": [
     [
      12.567039,
      55.712695
     ],
     [
      12.568065,
      55.712744
     ],
     [
      12.56897,
      55.712819
     ],
     [
      12.569865,
      55.712894
     ],
     [
      12.571759,
      55.713054
     ],
     [
      12.57324,
      55.713177
     ],
     [
      12.57524,
      55.713357
     ],
     [
      12.576644,
      55.713483
     ],
     [
      12.577271,
      55.713535
     ]
    ]
   }
  },
  {
   "type": "Feature",
   "properties": {
    "kind": "river",
    "role": "open_channel",
    "typologi": "mix",
    "note": "planned surface route — could carry a river",
    "klima_id": "AM46"
   },
   "geometry": {
    "type": "LineString",
    "coordinates": [
     [
      12.630464,
      55.659243
     ],
     [
      12.630758,
      55.658567
     ],
     [
      12.631052,
      55.657892
     ],
     [
      12.631628,
      55.656894
     ]
    ]
   }
  },
  {
   "type": "Feature",
   "properties": {
    "kind": "river",
    "role": "open_channel",
    "typologi": "mix",
    "note": "planned surface route — could carry a river",
    "klima_id": "AM20A"
   },
   "geometry": {
    "type": "LineString",
    "coordinates": [
     [
      12.603625,
      55.642747
     ],
     [
      12.60087,
      55.642611
     ],
     [
      12.599407,
      55.642539
     ],
     [
      12.598711,
      55.642521
     ]
    ]
   }
  },
  {
   "type": "Feature",
   "properties": {
    "kind": "river",
    "role": "open_channel",
    "typologi": "Grønne veje",
    "note": "planned surface route — could carry a river",
    "klima_id": "Frederiksberg"
   },
   "geometry": {
    "type": "LineString",
    "coordinates": [
     [
      12.534145,
      55.669737
     ],
     [
      12.534395,
      55.669438
     ]
    ]
   }
  },
  {
   "type": "Feature",
   "properties": {
    "kind": "river",
    "role": "open_channel",
    "typologi": "Grønne veje",
    "note": "planned surface route — could carry a river",
    "klima_id": "Frederiksberg"
   },
   "geometry": {
    "type": "LineString",
    "coordinates": [
     [
      12.553202,
      55.680162
     ],
     [
      12.553168,
      55.680033
     ],
     [
      12.553068,
      55.679871
     ],
     [
      12.553056,
      55.679849
     ],
     [
      12.553055,
      55.679804
     ],
     [
      12.553029,
      55.679724
     ]
    ]
   }
  },
  {
   "type": "Feature",
   "properties": {
    "kind": "river",
    "role": "open_channel",
    "typologi": "Grønne veje",
    "note": "planned surface route — could carry a river",
    "klima_id": "Frederiksberg"
   },
   "geometry": {
    "type": "LineString",
    "coordinates": [
     [
      12.544857,
      55.679785
     ],
     [
      12.543346,
      55.680123
     ]
    ]
   }
  },
  {
   "type": "Feature",
   "properties": {
    "kind": "river",
    "role": "open_channel",
    "typologi": "Skybrudsveje",
    "note": "planned surface route — could carry a river",
    "klima_id": "Frederiksberg"
   },
   "geometry": {
    "type": "LineString",
    "coordinates": [
     [
      12.529951,
      55.687475
     ],
     [
      12.530501,
      55.688261
     ],
     [
      12.529848,
      55.6884
     ]
    ]
   }
  },
  {
   "type": "Feature",
   "properties": {
    "kind": "river",
    "role": "open_channel",
    "typologi": "Forsinkelsesveje",
    "note": "planned surface route — could carry a river",
    "klima_id": "Frederiksberg"
   },
   "geometry": {
    "type": "LineString",
    "coordinates": [
     [
      12.538593,
      55.685337
     ],
     [
      12.541491,
      55.68466
     ]
    ]
   }
  },
  {
   "type": "Feature",
   "properties": {
    "kind": "river",
    "role": "open_channel",
    "typologi": "Skybrudsveje",
    "note": "planned surface route — could carry a river",
    "klima_id": "BIR9.1"
   },
   "geometry": {
    "type": "LineString",
    "coordinates": [
     [
      12.562388,
      55.715049
     ],
     [
      12.563273,
      55.715229
     ],
     [
      12.563486,
      55.715296
     ],
     [
      12.563972,
      55.71539
     ],
     [
      12.564434,
      55.715476
     ],
     [
      12.564555,
      55.715464
     ]
    ]
   }
  },
  {
   "type": "Feature",
   "properties": {
    "kind": "river",
    "role": "open_channel",
    "typologi": "Forsinkelsesveje",
    "note": "planned surface route — could carry a river",
    "klima_id": "OS14"
   },
   "geometry": {
    "type": "LineString",
    "coordinates": [
     [
      12.573669,
      55.710904
     ],
     [
      12.573696,
      55.71
     ]
    ]
   }
  },
  {
   "type": "Feature",
   "properties": {
    "kind": "river",
    "role": "open_channel",
    "typologi": "mix",
    "note": "planned surface route — could carry a river",
    "klima_id": "AM17"
   },
   "geometry": {
    "type": "LineString",
    "coordinates": [
     [
      12.612656,
      55.649577
     ],
     [
      12.611496,
      55.649412
     ],
     [
      12.612005,
      55.648352
     ],
     [
      12.612111,
      55.648063
     ],
     [
      12.611897,
      55.648042
     ],
     [
      12.611984,
      55.646462
     ]
    ]
   }
  },
  {
   "type": "Feature",
   "properties": {
    "kind": "river",
    "role": "open_channel",
    "typologi": "Skybrudsveje",
    "note": "planned surface route — could carry a river",
    "klima_id": "VEL6"
   },
   "geometry": {
    "type": "LineString",
    "coordinates": [
     [
      12.540134,
      55.666424
     ],
     [
      12.540522,
      55.667146
     ],
     [
      12.540612,
      55.667131
     ]
    ]
   }
  },
  {
   "type": "Feature",
   "properties": {
    "kind": "river",
    "role": "open_channel",
    "typologi": "mix",
    "note": "planned surface route — could carry a river",
    "klima_id": "AM19B"
   },
   "geometry": {
    "type": "LineString",
    "coordinates": [
     [
      12.599404,
      55.639733
     ],
     [
      12.599959,
      55.638074
     ],
     [
      12.599052,
      55.63792
     ],
     [
      12.592436,
      55.637997
     ],
     [
      12.592341,
      55.637998
     ],
     [
      12.592332,
      55.638029
     ],
     [
      12.591848,
      55.63978
     ],
     [
      12.59164,
      55.640719
     ],
     [
      12.591451,
      55.641299
     ]
    ]
   }
  },
  {
   "type": "Feature",
   "properties": {
    "kind": "river",
    "role": "open_channel",
    "typologi": "Grønne veje",
    "note": "planned surface route — could carry a river",
    "klima_id": "Frederiksberg"
   },
   "geometry": {
    "type": "LineString",
    "coordinates": [
     [
      12.524404,
      55.680054
     ],
     [
      12.524461,
      55.679655
     ]
    ]
   }
  },
  {
   "type": "Feature",
   "properties": {
    "kind": "river",
    "role": "open_channel",
    "typologi": "Skybrudsveje",
    "note": "planned surface route — could carry a river",
    "klima_id": "AM1E"
   },
   "geometry": {
    "type": "LineString",
    "coordinates": [
     [
      12.626767,
      55.66465
     ],
     [
      12.625307,
      55.666251
     ],
     [
      12.624748,
      55.666869
     ],
     [
      12.624189,
      55.667487
     ],
     [
      12.624016,
      55.667609
     ]
    ]
   }
  },
  {
   "type": "Feature",
   "properties": {
    "kind": "river",
    "role": "interceptor",
    "typologi": "Skybrudsledning",
    "note": "planned as a pipe — retrofit candidate",
    "klima_id": "AM1B"
   },
   "geometry": {
    "type": "LineString",
    "coordinates": [
     [
      12.593977,
      55.664102
     ],
     [
      12.593679,
      55.664222
     ],
     [
      12.591939,
      55.664396
     ],
     [
      12.589831,
      55.664608
     ],
     [
      12.587722,
      55.664819
     ],
     [
      12.586905,
      55.665086
     ],
     [
      12.586376,
      55.665644
     ]
    ]
   }
  },
  {
   "type": "Feature",
   "properties": {
    "kind": "river",
    "role": "open_channel",
    "typologi": "mix",
    "note": "planned surface route — could carry a river",
    "klima_id": "AM9"
   },
   "geometry": {
    "type": "LineString",
    "coordinates": [
     [
      12.629676,
      55.656226
     ],
     [
      12.630862,
      55.656436
     ],
     [
      12.631798,
      55.656553
     ],
     [
      12.632747,
      55.656692
     ],
     [
      12.633848,
      55.656843
     ],
     [
      12.63393,
      55.656855
     ],
     [
      12.634825,
      55.656963
     ],
     [
      12.635559,
      55.657065
     ],
     [
      12.636166,
      55.657126
     ]
    ]
   }
  },
  {
   "type": "Feature",
   "properties": {
    "kind": "river",
    "role": "open_channel",
    "typologi": "mix",
    "note": "planned surface route — could carry a river",
    "klima_id": "AM15"
   },
   "geometry": {
    "type": "LineString",
    "coordinates": [
     [
      12.611003,
      55.640756
     ],
     [
      12.613229,
      55.641018
     ],
     [
      12.615232,
      55.641229
     ],
     [
      12.615145,
      55.641438
     ]
    ]
   }
  },
  {
   "type": "Feature",
   "properties": {
    "kind": "river",
    "role": "interceptor",
    "typologi": "Skybrudsledning",
    "note": "planned as a pipe — retrofit candidate",
    "klima_id": "OS24"
   },
   "geometry": {
    "type": "LineString",
    "coordinates": [
     [
      12.58034,
      55.706796
     ],
     [
      12.580328,
      55.706796
     ],
     [
      12.579945,
      55.707982
     ],
     [
      12.579943,
      55.707987
     ]
    ]
   }
  },
  {
   "type": "Feature",
   "properties": {
    "kind": "river",
    "role": "open_channel",
    "typologi": "mix",
    "note": "planned surface route — could carry a river",
    "klima_id": "AM16"
   },
   "geometry": {
    "type": "LineString",
    "coordinates": [
     [
      12.607495,
      55.641304
     ],
     [
      12.609085,
      55.641492
     ],
     [
      12.610538,
      55.641664
     ],
     [
      12.61034,
      55.642219
     ],
     [
      12.610176,
      55.642678
     ],
     [
      12.612161,
      55.642899
     ],
     [
      12.615683,
      55.643313
     ],
     [
      12.615425,
      55.643766
     ],
     [
      12.615552,
      55.643797
     ]
    ]
   }
  },
  {
   "type": "Feature",
   "properties": {
    "kind": "river",
    "role": "open_channel",
    "typologi": "mix",
    "note": "planned surface route — could carry a river",
    "klima_id": "AM2"
   },
   "geometry": {
    "type": "LineString",
    "coordinates": [
     [
      12.61127,
      55.667221
     ],
     [
      12.613651,
      55.667735
     ],
     [
      12.614906,
      55.668005
     ],
     [
      12.616893,
      55.668434
     ],
     [
      12.618867,
      55.668856
     ],
     [
      12.621429,
      55.669411
     ],
     [
      12.624845,
      55.670147
     ]
    ]
   }
  },
  {
   "type": "Feature",
   "properties": {
    "kind": "river",
    "role": "open_channel",
    "typologi": "Skybrudsveje",
    "note": "planned surface route — could carry a river",
    "klima_id": "AM8A"
   },
   "geometry": {
    "type": "LineString",
    "coordinates": [
     [
      12.627309,
      55.66044
     ],
     [
      12.628125,
      55.658881
     ],
     [
      12.629268,
      55.656741
     ],
     [
      12.62938,
      55.656495
     ]
    ]
   }
  },
  {
   "type": "Feature",
   "properties": {
    "kind": "river",
    "role": "interceptor",
    "typologi": "Skybrudsledning",
    "note": "planned as a pipe — retrofit candidate",
    "klima_id": "AM3"
   },
   "geometry": {
    "type": "LineString",
    "coordinates": [
     [
      12.615832,
      55.662333
     ],
     [
      12.617582,
      55.662533
     ],
     [
      12.620676,
      55.663365
     ],
     [
      12.623246,
      55.663876
     ],
     [
      12.625248,
      55.664124
     ],
     [
      12.627242,
      55.664289
     ],
     [
      12.630335,
      55.664561
     ],
     [
      12.634224,
      55.665424
     ]
    ]
   }
  },
  {
   "type": "Feature",
   "properties": {
    "kind": "river",
    "role": "open_channel",
    "typologi": "mix",
    "note": "planned surface route — could carry a river",
    "klima_id": "AM12B"
   },
   "geometry": {
    "type": "LineString",
    "coordinates": [
     [
      12.634276,
      55.648064
     ],
     [
      12.63455,
      55.64774
     ],
     [
      12.636086,
      55.645423
     ],
     [
      12.638415,
      55.645735
     ],
     [
      12.643127,
      55.646334
     ]
    ]
   }
  },
  {
   "type": "Feature",
   "properties": {
    "kind": "river",
    "role": "open_channel",
    "typologi": "Forsinkelsesveje",
    "note": "planned surface route — could carry a river",
    "klima_id": "OS11"
   },
   "geometry": {
    "type": "LineString",
    "coordinates": [
     [
      12.570177,
      55.711707
     ],
     [
      12.569873,
      55.712792
     ]
    ]
   }
  },
  {
   "type": "Feature",
   "properties": {
    "kind": "river",
    "role": "open_channel",
    "typologi": "mix",
    "note": "planned surface route — could carry a river",
    "klima_id": "OS11"
   },
   "geometry": {
    "type": "LineString",
    "coordinates": [
     [
      12.570445,
      55.714721
     ],
     [
      12.570575,
      55.714261
     ]
    ]
   }
  },
  {
   "type": "Feature",
   "properties": {
    "kind": "river",
    "role": "open_channel",
    "typologi": "Forsinkelsesveje",
    "note": "planned surface route — could carry a river",
    "klima_id": "OS11"
   },
   "geometry": {
    "type": "LineString",
    "coordinates": [
     [
      12.573011,
      55.712769
     ],
     [
      12.572904,
      55.713055
     ]
    ]
   }
  },
  {
   "type": "Feature",
   "properties": {
    "kind": "river",
    "role": "open_channel",
    "typologi": "Forsinkelsesveje",
    "note": "planned surface route — could carry a river",
    "klima_id": "OS11"
   },
   "geometry": {
    "type": "LineString",
    "coordinates": [
     [
      12.569318,
      55.711488
     ],
     [
      12.569008,
      55.712703
     ]
    ]
   }
  },
  {
   "type": "Feature",
   "properties": {
    "kind": "river",
    "role": "open_channel",
    "typologi": "Forsinkelsesveje",
    "note": "planned surface route — could carry a river",
    "klima_id": "OS11"
   },
   "geometry": {
    "type": "LineString",
    "coordinates": [
     [
      12.568676,
      55.713877
     ],
     [
      12.568925,
      55.712905
     ]
    ]
   }
  },
  {
   "type": "Feature",
   "properties": {
    "kind": "river",
    "role": "interceptor",
    "typologi": "Skybrudsledning",
    "note": "planned as a pipe — retrofit candidate",
    "klima_id": "BIR5.4"
   },
   "geometry": {
    "type": "LineString",
    "coordinates": [
     [
      12.524914,
      55.710076
     ],
     [
      12.524746,
      55.710058
     ],
     [
      12.524886,
      55.709353
     ]
    ]
   }
  },
  {
   "type": "Feature",
   "properties": {
    "kind": "river",
    "role": "open_channel",
    "typologi": "Forsinkelsesveje",
    "note": "planned surface route — could carry a river",
    "klima_id": "BIR5.3"
   },
   "geometry": {
    "type": "LineString",
    "coordinates": [
     [
      12.524647,
      55.708633
     ],
     [
      12.522397,
      55.70917
     ],
     [
      12.521426,
      55.709366
     ],
     [
      12.521426,
      55.709366
     ]
    ]
   }
  },
  {
   "type": "Feature",
   "properties": {
    "kind": "river",
    "role": "interceptor",
    "typologi": "Skybrudsledning",
    "note": "planned as a pipe — retrofit candidate",
    "klima_id": "AM32"
   },
   "geometry": {
    "type": "LineString",
    "coordinates": [
     [
      12.601659,
      55.662896
     ],
     [
      12.598972,
      55.662135
     ],
     [
      12.598066,
      55.662362
     ],
     [
      12.598236,
      55.662598
     ],
     [
      12.597874,
      55.663123
     ],
     [
      12.59758,
      55.663564
     ]
    ]
   }
  },
  {
   "type": "Feature",
   "properties": {
    "kind": "river",
    "role": "open_channel",
    "typologi": "Skybrudsveje",
    "note": "planned surface route — could carry a river",
    "klima_id": "BIR7.3&10.1"
   },
   "geometry": {
    "type": "LineString",
    "coordinates": [
     [
      12.556138,
      55.718502
     ],
     [
      12.556017,
      55.718023
     ],
     [
      12.555421,
      55.717508
     ],
     [
      12.554753,
      55.717063
     ],
     [
      12.55516,
      55.716941
     ]
    ]
   }
  },
  {
   "type": "Feature",
   "properties": {
    "kind": "river",
    "role": "open_channel",
    "typologi": "Forsinkelsesveje",
    "note": "planned surface route — could carry a river",
    "klima_id": "BIR10.2"
   },
   "geometry": {
    "type": "LineString",
    "coordinates": [
     [
      12.54403,
      55.718707
     ],
     [
      12.545454,
      55.719002
     ],
     [
      12.549795,
      55.718168
     ],
     [
      12.548713,
      55.716375
     ]
    ]
   }
  },
  {
   "type": "Feature",
   "properties": {
    "kind": "river",
    "role": "open_channel",
    "typologi": "Forsinkelsesveje",
    "note": "planned surface route — could carry a river",
    "klima_id": "AM27"
   },
   "geometry": {
    "type": "LineString",
    "coordinates": [
     [
      12.599324,
      55.657753
     ],
     [
      12.598251,
      55.658186
     ]
    ]
   }
  },
  {
   "type": "Feature",
   "properties": {
    "kind": "river",
    "role": "open_channel",
    "typologi": "Forsinkelsesveje",
    "note": "planned surface route — could carry a river",
    "klima_id": "AM27"
   },
   "geometry": {
    "type": "LineString",
    "coordinates": [
     [
      12.600545,
      55.658586
     ],
     [
      12.599714,
      55.658919
     ]
    ]
   }
  },
  {
   "type": "Feature",
   "properties": {
    "kind": "river",
    "role": "open_channel",
    "typologi": "mix",
    "note": "planned surface route — could carry a river",
    "klima_id": "VEL2"
   },
   "geometry": {
    "type": "LineString",
    "coordinates": [
     [
      12.561639,
      55.670735
     ],
     [
      12.560744,
      55.670449
     ],
     [
      12.559834,
      55.670043
     ],
     [
      12.559025,
      55.66969
     ]
    ]
   }
  },
  {
   "type": "Feature",
   "properties": {
    "kind": "river",
    "role": "interceptor",
    "typologi": "Skybrudsledning",
    "note": "planned as a pipe — retrofit candidate",
    "klima_id": "OS20"
   },
   "geometry": {
    "type": "LineString",
    "coordinates": [
     [
      12.591456,
      55.699876
     ],
     [
      12.59005,
      55.699578
     ]
    ]
   }
  },
  {
   "type": "Feature",
   "properties": {
    "kind": "river",
    "role": "interceptor",
    "typologi": "Skybrudsledning",
    "note": "planned as a pipe — retrofit candidate",
    "klima_id": "OS20"
   },
   "geometry": {
    "type": "LineString",
    "coordinates": [
     [
      12.591239,
      55.701214
     ],
     [
      12.591456,
      55.699876
     ],
     [
      12.59159,
      55.699044
     ],
     [
      12.585472,
      55.697588
     ],
     [
      12.584559,
      55.698866
     ]
    ]
   }
  },
  {
   "type": "Feature",
   "properties": {
    "kind": "river",
    "role": "open_channel",
    "typologi": "Forsinkelsesveje",
    "note": "planned surface route — could carry a river",
    "klima_id": "Frederiksberg"
   },
   "geometry": {
    "type": "LineString",
    "coordinates": [
     [
      12.534279,
      55.69496
     ],
     [
      12.533005,
      55.693604
     ]
    ]
   }
  },
  {
   "type": "Feature",
   "properties": {
    "kind": "river",
    "role": "open_channel",
    "typologi": "Skybrudsveje",
    "note": "planned surface route — could carry a river",
    "klima_id": "BIR10.3"
   },
   "geometry": {
    "type": "LineString",
    "coordinates": [
     [
      12.544497,
      55.717624
     ],
     [
      12.544984,
      55.716983
     ],
     [
      12.545781,
      55.71685
     ]
    ]
   }
  },
  {
   "type": "Feature",
   "properties": {
    "kind": "river",
    "role": "interceptor",
    "typologi": "Skybrudsledning",
    "note": "planned as a pipe — retrofit candidate",
    "klima_id": "NO19"
   },
   "geometry": {
    "type": "LineString",
    "coordinates": [
     [
      12.571486,
      55.690711
     ],
     [
      12.571991,
      55.691072
     ],
     [
      12.571769,
      55.691473
     ]
    ]
   }
  },
  {
   "type": "Feature",
   "properties": {
    "kind": "river",
    "role": "open_channel",
    "typologi": "Grønne veje",
    "note": "planned surface route — could carry a river",
    "klima_id": "Frederiksberg"
   },
   "geometry": {
    "type": "LineString",
    "coordinates": [
     [
      12.552002,
      55.68199
     ],
     [
      12.55112,
      55.680628
     ],
     [
      12.552568,
      55.680304
     ]
    ]
   }
  },
  {
   "type": "Feature",
   "properties": {
    "kind": "river",
    "role": "open_channel",
    "typologi": "Skybrudsveje",
    "note": "planned surface route — could carry a river",
    "klima_id": "KV69"
   },
   "geometry": {
    "type": "LineString",
    "coordinates": [
     [
      12.528586,
      55.652822
     ],
     [
      12.528356,
      55.652779
     ]
    ]
   }
  },
  {
   "type": "Feature",
   "properties": {
    "kind": "river",
    "role": "open_channel",
    "typologi": "mix",
    "note": "planned surface route — could carry a river",
    "klima_id": "OS6"
   },
   "geometry": {
    "type": "LineString",
    "coordinates": [
     [
      12.580326,
      55.695622
     ],
     [
      12.584851,
      55.693224
     ]
    ]
   }
  },
  {
   "type": "Feature",
   "properties": {
    "kind": "river",
    "role": "interceptor",
    "typologi": "Skybrudsledning",
    "note": "planned as a pipe — retrofit candidate",
    "klima_id": "OS20"
   },
   "geometry": {
    "type": "LineString",
    "coordinates": [
     [
      12.589642,
      55.700177
     ],
     [
      12.591323,
      55.700558
     ]
    ]
   }
  },
  {
   "type": "Feature",
   "properties": {
    "kind": "river",
    "role": "open_channel",
    "typologi": "Forsinkelsesveje",
    "note": "planned surface route — could carry a river",
    "klima_id": "Frederiksberg"
   },
   "geometry": {
    "type": "LineString",
    "coordinates": [
     [
      12.51316,
      55.681684
     ],
     [
      12.510946,
      55.681832
     ],
     [
      12.505432,
      55.682152
     ],
     [
      12.504908,
      55.682183
     ]
    ]
   }
  },
  {
   "type": "Feature",
   "properties": {
    "kind": "river",
    "role": "open_channel",
    "typologi": "Grønne veje",
    "note": "planned surface route — could carry a river",
    "klima_id": "Frederiksberg"
   },
   "geometry": {
    "type": "LineString",
    "coordinates": [
     [
      12.549586,
      55.681315
     ],
     [
      12.551031,
      55.680978
     ]
    ]
   }
  },
  {
   "type": "Feature",
   "properties": {
    "kind": "river",
    "role": "open_channel",
    "typologi": "mix",
    "note": "planned surface route — could carry a river",
    "klima_id": "OS5"
   },
   "geometry": {
    "type": "LineString",
    "coordinates": [
     [
      12.57971,
      55.704149
     ],
     [
      12.579754,
      55.703903
     ]
    ]
   }
  },
  {
   "type": "Feature",
   "properties": {
    "kind": "river",
    "role": "interceptor",
    "typologi": "Skybrudsledning",
    "note": "planned as a pipe — retrofit candidate",
    "klima_id": "OS5"
   },
   "geometry": {
    "type": "LineString",
    "coordinates": [
     [
      12.5873,
      55.704271
     ],
     [
      12.585162,
      55.704078
     ],
     [
      12.58121,
      55.703693
     ],
     [
      12.577353,
      55.703309
     ]
    ]
   }
  },
  {
   "type": "Feature",
   "properties": {
    "kind": "river",
    "role": "interceptor",
    "typologi": "Skybrudsledning",
    "note": "planned as a pipe — retrofit candidate",
    "klima_id": "OS5"
   },
   "geometry": {
    "type": "LineString",
    "coordinates": [
     [
      12.579708,
      55.704153
     ],
     [
      12.579758,
      55.703937
     ]
    ]
   }
  },
  {
   "type": "Feature",
   "properties": {
    "kind": "river",
    "role": "interceptor",
    "typologi": "Skybrudsledning",
    "note": "planned as a pipe — retrofit candidate",
    "klima_id": "NO25"
   },
   "geometry": {
    "type": "LineString",
    "coordinates": [
     [
      12.564749,
      55.690621
     ],
     [
      12.566225,
      55.689906
     ]
    ]
   }
  },
  {
   "type": "Feature",
   "properties": {
    "kind": "river",
    "role": "open_channel",
    "typologi": "Grønne veje",
    "note": "planned surface route — could carry a river",
    "klima_id": "KV65"
   },
   "geometry": {
    "type": "LineString",
    "coordinates": [
     [
      12.491554,
      55.666259
     ],
     [
      12.490602,
      55.666693
     ]
    ]
   }
  },
  {
   "type": "Feature",
   "properties": {
    "kind": "river",
    "role": "open_channel",
    "typologi": "Grønne veje",
    "note": "planned surface route — could carry a river",
    "klima_id": "KV65"
   },
   "geometry": {
    "type": "LineString",
    "coordinates": [
     [
      12.488282,
      55.667605
     ],
     [
      12.489858,
      55.666995
     ]
    ]
   }
  },
  {
   "type": "Feature",
   "properties": {
    "kind": "river",
    "role": "open_channel",
    "typologi": "mix",
    "note": "planned surface route — could carry a river",
    "klima_id": "OS6"
   },
   "geometry": {
    "type": "LineString",
    "coordinates": [
     [
      12.577803,
      55.691439
     ],
     [
      12.578883,
      55.691036
     ]
    ]
   }
  },
  {
   "type": "Feature",
   "properties": {
    "kind": "river",
    "role": "interceptor",
    "typologi": "Skybrudsledning",
    "note": "planned as a pipe — retrofit candidate",
    "klima_id": "OS40"
   },
   "geometry": {
    "type": "LineString",
    "coordinates": [
     [
      12.591239,
      55.701214
     ],
     [
      12.592664,
      55.702742
     ]
    ]
   }
  },
  {
   "type": "Feature",
   "properties": {
    "kind": "river",
    "role": "open_channel",
    "typologi": "Skybrudsveje",
    "note": "planned surface route — could carry a river",
    "klima_id": "KV27"
   },
   "geometry": {
    "type": "LineString",
    "coordinates": [
     [
      12.482809,
      55.663535
     ],
     [
      12.482889,
      55.663813
     ],
     [
      12.482972,
      55.664003
     ]
    ]
   }
  },
  {
   "type": "Feature",
   "properties": {
    "kind": "river",
    "role": "open_channel",
    "typologi": "mix",
    "note": "planned surface route — could carry a river",
    "klima_id": "OS6"
   },
   "geometry": {
    "type": "LineString",
    "coordinates": [
     [
      12.582243,
      55.693494
     ],
     [
      12.583663,
      55.692724
     ]
    ]
   }
  },
  {
   "type": "Feature",
   "properties": {
    "kind": "river",
    "role": "open_channel",
    "typologi": "mix",
    "note": "planned surface route — could carry a river",
    "klima_id": "OS6"
   },
   "geometry": {
    "type": "LineString",
    "coordinates": [
     [
      12.578971,
      55.692514
     ],
     [
      12.580754,
      55.692338
     ],
     [
      12.58089,
      55.692313
     ],
     [
      12.581036,
      55.692268
     ],
     [
      12.581444,
      55.692044
     ]
    ]
   }
  },
  {
   "type": "Feature",
   "properties": {
    "kind": "river",
    "role": "open_channel",
    "typologi": "mix",
    "note": "planned surface route — could carry a river",
    "klima_id": "OS5"
   },
   "geometry": {
    "type": "LineString",
    "coordinates": [
     [
      12.581769,
      55.704552
     ],
     [
      12.580983,
      55.704475
     ],
     [
      12.581099,
      55.704059
     ]
    ]
   }
  },
  {
   "type": "Feature",
   "properties": {
    "kind": "river",
    "role": "open_channel",
    "typologi": "Skybrudsveje",
    "note": "planned surface route — could carry a river",
    "klima_id": "OS7"
   },
   "geometry": {
    "type": "LineString",
    "coordinates": [
     [
      12.583803,
      55.707939
     ],
     [
      12.584749,
      55.707955
     ]
    ]
   }
  },
  {
   "type": "Feature",
   "properties": {
    "kind": "river",
    "role": "open_channel",
    "typologi": "Forsinkelsesveje",
    "note": "planned surface route — could carry a river",
    "klima_id": "OS20"
   },
   "geometry": {
    "type": "LineString",
    "coordinates": [
     [
      12.579579,
      55.697172
     ],
     [
      12.58812,
      55.699001
     ]
    ]
   }
  },
  {
   "type": "Feature",
   "properties": {
    "kind": "river",
    "role": "open_channel",
    "typologi": "Forsinkelsesveje",
    "note": "planned surface route — could carry a river",
    "klima_id": "OS20"
   },
   "geometry": {
    "type": "LineString",
    "coordinates": [
     [
      12.582568,
      55.697901
     ],
     [
      12.582031,
      55.698596
     ]
    ]
   }
  },
  {
   "type": "Feature",
   "properties": {
    "kind": "river",
    "role": "open_channel",
    "typologi": "Forsinkelsesveje",
    "note": "planned surface route — could carry a river",
    "klima_id": "OS38"
   },
   "geometry": {
    "type": "LineString",
    "coordinates": [
     [
      12.576585,
      55.705462
     ],
     [
      12.575117,
      55.706211
     ]
    ]
   }
  },
  {
   "type": "Feature",
   "properties": {
    "kind": "river",
    "role": "interceptor",
    "typologi": "Skybrudsledning",
    "note": "planned as a pipe — retrofit candidate",
    "klima_id": "KV71"
   },
   "geometry": {
    "type": "LineString",
    "coordinates": [
     [
      12.524825,
      55.65058
     ],
     [
      12.524755,
      55.650315
     ],
     [
      12.524789,
      55.650261
     ],
     [
      12.524849,
      55.650245
     ],
     [
      12.527219,
      55.650208
     ],
     [
      12.527935,
      55.65026
     ]
    ]
   }
  },
  {
   "type": "Feature",
   "properties": {
    "kind": "river",
    "role": "open_channel",
    "typologi": "Forsinkelsesveje",
    "note": "planned surface route — could carry a river",
    "klima_id": "KV60"
   },
   "geometry": {
    "type": "LineString",
    "coordinates": [
     [
      12.506075,
      55.662114
     ],
     [
      12.506655,
      55.66183
     ],
     [
      12.506743,
      55.661317
     ]
    ]
   }
  },
  {
   "type": "Feature",
   "properties": {
    "kind": "river",
    "role": "open_channel",
    "typologi": "Forsinkelsesveje",
    "note": "planned surface route — could carry a river",
    "klima_id": "OS38"
   },
   "geometry": {
    "type": "LineString",
    "coordinates": [
     [
      12.574082,
      55.70564
     ],
     [
      12.576145,
      55.706778
     ]
    ]
   }
  },
  {
   "type": "Feature",
   "properties": {
    "kind": "river",
    "role": "open_channel",
    "typologi": "mix",
    "note": "planned surface route — could carry a river",
    "klima_id": "OS6"
   },
   "geometry": {
    "type": "LineString",
    "coordinates": [
     [
      12.578525,
      55.692073
     ],
     [
      12.580032,
      55.691469
     ]
    ]
   }
  },
  {
   "type": "Feature",
   "properties": {
    "kind": "river",
    "role": "interceptor",
    "typologi": "Skybrudsledning",
    "note": "planned as a pipe — retrofit candidate",
    "klima_id": "KV71"
   },
   "geometry": {
    "type": "LineString",
    "coordinates": [
     [
      12.527952,
      55.650682
     ],
     [
      12.528069,
      55.650295
     ],
     [
      12.527935,
      55.65026
     ]
    ]
   }
  },
  {
   "type": "Feature",
   "properties": {
    "kind": "river",
    "role": "open_channel",
    "typologi": "Skybrudsveje",
    "note": "planned surface route — could carry a river",
    "klima_id": "VEL43"
   },
   "geometry": {
    "type": "LineString",
    "coordinates": [
     [
      12.532282,
      55.700753
     ],
     [
      12.53363,
      55.700259
     ],
     [
      12.535042,
      55.699913
     ],
     [
      12.536435,
      55.69954
     ],
     [
      12.535668,
      55.698106
     ]
    ]
   }
  },
  {
   "type": "Feature",
   "properties": {
    "kind": "river",
    "role": "open_channel",
    "typologi": "mix",
    "note": "planned surface route — could carry a river",
    "klima_id": "VEL2"
   },
   "geometry": {
    "type": "LineString",
    "coordinates": [
     [
      12.54233,
      55.66374
     ],
     [
      12.544836,
      55.664152
     ],
     [
      12.547877,
      55.664824
     ],
     [
      12.550315,
      55.665657
     ],
     [
      12.552346,
      55.66642
     ],
     [
      12.554812,
      55.66756
     ],
     [
      12.555843,
      55.668086
     ],
     [
      12.557893,
      55.669145
     ],
     [
      12.558231,
      55.669321
     ]
    ]
   }
  },
  {
   "type": "Feature",
   "properties": {
    "kind": "river",
    "role": "open_channel",
    "typologi": "Grønne veje",
    "note": "planned surface route — could carry a river",
    "klima_id": "Frederiksberg"
   },
   "geometry": {
    "type": "LineString",
    "coordinates": [
     [
      12.525627,
      55.693156
     ],
     [
      12.526341,
      55.692724
     ],
     [
      12.526716,
      55.692713
     ],
     [
      12.528784,
      55.694748
     ]
    ]
   }
  },
  {
   "type": "Feature",
   "properties": {
    "kind": "river",
    "role": "open_channel",
    "typologi": "mix",
    "note": "planned surface route — could carry a river",
    "klima_id": "KV78"
   },
   "geometry": {
    "type": "LineString",
    "coordinates": [
     [
      12.536748,
      55.648413
     ],
     [
      12.539773,
      55.651456
     ],
     [
      12.541877,
      55.653475
     ]
    ]
   }
  },
  {
   "type": "Feature",
   "properties": {
    "kind": "river",
    "role": "open_channel",
    "typologi": "Skybrudsveje",
    "note": "planned surface route — could carry a river",
    "klima_id": "KV21"
   },
   "geometry": {
    "type": "LineString",
    "coordinates": [
     [
      12.485748,
      55.685172
     ],
     [
      12.48487,
      55.685043
     ],
     [
      12.483993,
      55.684913
     ],
     [
      12.482337,
      55.684754
     ],
     [
      12.481307,
      55.684649
     ],
     [
      12.480138,
      55.684639
     ],
     [
      12.47992,
      55.684637
     ],
     [
      12.478876,
      55.684822
     ]
    ]
   }
  },
  {
   "type": "Feature",
   "properties": {
    "kind": "river",
    "role": "open_channel",
    "typologi": "Skybrudsveje",
    "note": "planned surface route — could carry a river",
    "klima_id": "KV8"
   },
   "geometry": {
    "type": "LineString",
    "coordinates": [
     [
      12.489814,
      55.701718
     ],
     [
      12.489705,
      55.701819
     ],
     [
      12.487764,
      55.703344
     ],
     [
      12.485808,
      55.705013
     ],
     [
      12.483894,
      55.706581
     ],
     [
      12.481131,
      55.708786
     ],
     [
      12.481146,
      55.7089
     ]
    ]
   }
  },
  {
   "type": "Feature",
   "properties": {
    "kind": "river",
    "role": "open_channel",
    "typologi": "Skybrudsveje",
    "note": "planned surface route — could carry a river",
    "klima_id": "KV18"
   },
   "geometry": {
    "type": "LineString",
    "coordinates": [
     [
      12.481152,
      55.688692
     ],
     [
      12.478621,
      55.688412
     ],
     [
      12.477195,
      55.688253
     ],
     [
      12.477013,
      55.688233
     ],
     [
      12.476158,
      55.688302
     ],
     [
      12.475983,
      55.688348
     ],
     [
      12.475354,
      55.68851
     ],
     [
      12.474725,
      55.688673
     ],
     [
      12.474007,
      55.688859
     ],
     [
      12.473432,
      55.689005
     ],
     [
      12.47226,
      55.689305
     ],
     [
      12.472092,
      55.689391
     ],
     [
      12.470833,
      55.689212
     ]
    ]
   }
  },
  {
   "type": "Feature",
   "properties": {
    "kind": "river",
    "role": "open_channel",
    "typologi": "Skybrudsveje",
    "note": "planned surface route — could carry a river",
    "klima_id": "VEL15"
   },
   "geometry": {
    "type": "LineString",
    "coordinates": [
     [
      12.537963,
      55.670311
     ],
     [
      12.539556,
      55.670182
     ],
     [
      12.540022,
      55.669363
     ],
     [
      12.540058,
      55.668493
     ],
     [
      12.540433,
      55.668472
     ],
     [
      12.541186,
      55.668284
     ],
     [
      12.541372,
      55.66806
     ]
    ]
   }
  },
  {
   "type": "Feature",
   "properties": {
    "kind": "river",
    "role": "open_channel",
    "typologi": "Skybrudsveje",
    "note": "planned surface route — could carry a river",
    "klima_id": "VEL4"
   },
   "geometry": {
    "type": "LineString",
    "coordinates": [
     [
      12.545808,
      55.667168
     ],
     [
      12.546922,
      55.667171
     ]
    ]
   }
  },
  {
   "type": "Feature",
   "properties": {
    "kind": "river",
    "role": "interceptor",
    "typologi": "Skybrudsledning",
    "note": "planned as a pipe — retrofit candidate",
    "klima_id": "KV85"
   },
   "geometry": {
    "type": "LineString",
    "coordinates": [
     [
      12.529365,
      55.644758
     ],
     [
      12.531246,
      55.642194
     ]
    ]
   }
  },
  {
   "type": "Feature",
   "properties": {
    "kind": "river",
    "role": "open_channel",
    "typologi": "Grønne veje",
    "note": "planned surface route — could carry a river",
    "klima_id": "Frederiksberg"
   },
   "geometry": {
    "type": "LineString",
    "coordinates": [
     [
      12.516503,
      55.669549
     ],
     [
      12.514513,
      55.669654
     ],
     [
      12.511947,
      55.66979
     ],
     [
      12.511796,
      55.669497
     ]
    ]
   }
  },
  {
   "type": "Feature",
   "properties": {
    "kind": "river",
    "role": "interceptor",
    "typologi": "Skybrudsledning",
    "note": "planned as a pipe — retrofit candidate",
    "klima_id": "Frederiksberg"
   },
   "geometry": {
    "type": "LineString",
    "coordinates": [
     [
      12.512289,
      55.683583
     ],
     [
      12.512401,
      55.683728
     ],
     [
      12.512768,
      55.684207
     ],
     [
      12.51313,
      55.684679
     ],
     [
      12.513492,
      55.68515
     ],
     [
      12.513632,
      55.685333
     ],
     [
      12.514523,
      55.686495
     ],
     [
      12.513906,
      55.687527
     ],
     [
      12.51342,
      55.68834
     ],
     [
      12.513289,
      55.68856
     ],
     [
      12.512457,
      55.689852
     ]
    ]
   }
  },
  {
   "type": "Feature",
   "properties": {
    "kind": "river",
    "role": "open_channel",
    "typologi": "Skybrudsveje",
    "note": "planned surface route — could carry a river",
    "klima_id": "VEL13"
   },
   "geometry": {
    "type": "LineString",
    "coordinates": [
     [
      12.54508,
      55.672216
     ],
     [
      12.545124,
      55.672155
     ],
     [
      12.54548,
      55.671672
     ],
     [
      12.545756,
      55.6715
     ],
     [
      12.546057,
      55.670813
     ],
     [
      12.545613,
      55.669914
     ]
    ]
   }
  },
  {
   "type": "Feature",
   "properties": {
    "kind": "river",
    "role": "open_channel",
    "typologi": "Skybrudsveje",
    "note": "planned surface route — could carry a river",
    "klima_id": "KV26A"
   },
   "geometry": {
    "type": "LineString",
    "coordinates": [
     [
      12.480905,
      55.672524
     ],
     [
      12.478602,
      55.664439
     ]
    ]
   }
  },
  {
   "type": "Feature",
   "properties": {
    "kind": "river",
    "role": "open_channel",
    "typologi": "mix",
    "note": "planned surface route — could carry a river",
    "klima_id": "KV7"
   },
   "geometry": {
    "type": "LineString",
    "coordinates": [
     [
      12.492473,
      55.705419
     ],
     [
      12.491612,
      55.705577
     ],
     [
      12.490642,
      55.705804
     ],
     [
      12.489989,
      55.705967
     ],
     [
      12.484724,
      55.707994
     ],
     [
      12.481197,
      55.709256
     ],
     [
      12.479813,
      55.709731
     ],
     [
      12.477905,
      55.710346
     ],
     [
      12.477785,
      55.710383
     ]
    ]
   }
  },
  {
   "type": "Feature",
   "properties": {
    "kind": "river",
    "role": "open_channel",
    "typologi": "Skybrudsveje",
    "note": "planned surface route — could carry a river",
    "klima_id": "KV10"
   },
   "geometry": {
    "type": "LineString",
    "coordinates": [
     [
      12.479169,
      55.703179
     ],
     [
      12.478528,
      55.705454
     ],
     [
      12.47759,
      55.708637
     ],
     [
      12.477285,
      55.708565
     ],
     [
      12.476025,
      55.708271
     ],
     [
      12.475048,
      55.708038
     ]
    ]
   }
  },
  {
   "type": "Feature",
   "properties": {
    "kind": "river",
    "role": "open_channel",
    "typologi": "mix",
    "note": "planned surface route — could carry a river",
    "klima_id": "Frederiksberg"
   },
   "geometry": {
    "type": "LineString",
    "coordinates": [
     [
      12.520345,
      55.686603
     ],
     [
      12.519476,
      55.685325
     ],
     [
      12.515051,
      55.68637
     ]
    ]
   }
  },
  {
   "type": "Feature",
   "properties": {
    "kind": "river",
    "role": "open_channel",
    "typologi": "Skybrudsveje",
    "note": "planned surface route — could carry a river",
    "klima_id": "KV76"
   },
   "geometry": {
    "type": "LineString",
    "coordinates": [
     [
      12.541595,
      55.662606
     ],
     [
      12.540591,
      55.660725
     ],
     [
      12.539355,
      55.658566
     ],
     [
      12.53899,
      55.657888
     ],
     [
      12.53885,
      55.657629
     ],
     [
      12.538711,
      55.657435
     ],
     [
      12.538403,
      55.656706
     ],
     [
      12.537917,
      55.655701
     ],
     [
      12.53804,
      55.654887
     ],
     [
      12.538585,
      55.653737
     ]
    ]
   }
  },
  {
   "type": "Feature",
   "properties": {
    "kind": "river",
    "role": "open_channel",
    "typologi": "Skybrudsveje",
    "note": "planned surface route — could carry a river",
    "klima_id": "VEL43"
   },
   "geometry": {
    "type": "LineString",
    "coordinates": [
     [
      12.538308,
      55.697985
     ],
     [
      12.537351,
      55.698009
     ],
     [
      12.536748,
      55.697853
     ]
    ]
   }
  },
  {
   "type": "Feature",
   "properties": {
    "kind": "river",
    "role": "interceptor",
    "typologi": "Skybrudsledning",
    "note": "planned as a pipe — retrofit candidate",
    "klima_id": "OS3"
   },
   "geometry": {
    "type": "LineString",
    "coordinates": [
     [
      12.584973,
      55.700091
     ],
     [
      12.584473,
      55.700798
     ],
     [
      12.584303,
      55.700998
     ],
     [
      12.584941,
      55.701173
     ],
     [
      12.587271,
      55.701743
     ],
     [
      12.588234,
      55.701989
     ],
     [
      12.588331,
      55.701978
     ],
     [
      12.588428,
      55.701967
     ]
    ]
   }
  },
  {
   "type": "Feature",
   "properties": {
    "kind": "river",
    "role": "open_channel",
    "typologi": "mix",
    "note": "planned surface route — could carry a river",
    "klima_id": "KV77"
   },
   "geometry": {
    "type": "LineString",
    "coordinates": [
     [
      12.534412,
      55.652238
     ],
     [
      12.538771,
      55.653386
     ],
     [
      12.539617,
      55.653611
     ]
    ]
   }
  },
  {
   "type": "Feature",
   "properties": {
    "kind": "river",
    "role": "interceptor",
    "typologi": "Skybrudsledning",
    "note": "planned as a pipe — retrofit candidate",
    "klima_id": "KV58"
   },
   "geometry": {
    "type": "LineString",
    "coordinates": [
     [
      12.500924,
      55.664526
     ],
     [
      12.503248,
      55.664503
     ],
     [
      12.506301,
      55.664472
     ]
    ]
   }
  },
  {
   "type": "Feature",
   "properties": {
    "kind": "river",
    "role": "interceptor",
    "typologi": "Skybrudsledning",
    "note": "planned as a pipe — retrofit candidate",
    "klima_id": "Frederiksberg"
   },
   "geometry": {
    "type": "LineString",
    "coordinates": [
     [
      12.514824,
      55.684907
     ],
     [
      12.513492,
      55.68515
     ]
    ]
   }
  },
  {
   "type": "Feature",
   "properties": {
    "kind": "river",
    "role": "interceptor",
    "typologi": "Skybrudsledning",
    "note": "planned as a pipe — retrofit candidate",
    "klima_id": "OS23"
   },
   "geometry": {
    "type": "LineString",
    "coordinates": [
     [
      12.585363,
      55.707967
     ],
     [
      12.586733,
      55.708028
     ],
     [
      12.588658,
      55.708781
     ],
     [
      12.589403,
      55.709082
     ],
     [
      12.589507,
      55.709125
     ]
    ]
   }
  },
  {
   "type": "Feature",
   "properties": {
    "kind": "river",
    "role": "interceptor",
    "typologi": "Skybrudsledning",
    "note": "planned as a pipe — retrofit candidate",
    "klima_id": "OS23"
   },
   "geometry": {
    "type": "LineString",
    "coordinates": [
     [
      12.583813,
      55.707973
     ],
     [
      12.577701,
      55.707971
     ]
    ]
   }
  },
  {
   "type": "Feature",
   "properties": {
    "kind": "river",
    "role": "interceptor",
    "typologi": "Skybrudsledning",
    "note": "planned as a pipe — retrofit candidate",
    "klima_id": "OS27"
   },
   "geometry": {
    "type": "LineString",
    "coordinates": [
     [
      12.592529,
      55.70468
     ],
     [
      12.590799,
      55.704569
     ]
    ]
   }
  },
  {
   "type": "Feature",
   "properties": {
    "kind": "river",
    "role": "open_channel",
    "typologi": "Skybrudsveje",
    "note": "planned surface route — could carry a river",
    "klima_id": "KV11"
   },
   "geometry": {
    "type": "LineString",
    "coordinates": [
     [
      12.474837,
      55.702515
     ],
     [
      12.474256,
      55.702438
     ],
     [
      12.472647,
      55.702292
     ],
     [
      12.47229,
      55.702256
     ],
     [
      12.471933,
      55.702221
     ],
     [
      12.470361,
      55.702
     ],
     [
      12.469196,
      55.701836
     ],
     [
      12.469959,
      55.699903
     ]
    ]
   }
  },
  {
   "type": "Feature",
   "properties": {
    "kind": "river",
    "role": "open_channel",
    "typologi": "Grønne veje",
    "note": "planned surface route — could carry a river",
    "klima_id": "Frederiksberg"
   },
   "geometry": {
    "type": "LineString",
    "coordinates": [
     [
      12.52049,
      55.689564
     ],
     [
      12.521413,
      55.690823
     ]
    ]
   }
  },
  {
   "type": "Feature",
   "properties": {
    "kind": "river",
    "role": "open_channel",
    "typologi": "Grønne veje",
    "note": "planned surface route — could carry a river",
    "klima_id": "Frederiksberg"
   },
   "geometry": {
    "type": "LineString",
    "coordinates": [
     [
      12.522821,
      55.667114
     ],
     [
      12.51943,
      55.668254
     ],
     [
      12.518906,
      55.668654
     ],
     [
      12.51773,
      55.669115
     ],
     [
      12.517403,
      55.669113
     ]
    ]
   }
  },
  {
   "type": "Feature",
   "properties": {
    "kind": "river",
    "role": "open_channel",
    "typologi": "Skybrudsveje",
    "note": "planned surface route — could carry a river",
    "klima_id": "Frederiksberg"
   },
   "geometry": {
    "type": "LineString",
    "coordinates": [
     [
      12.49924,
      55.68249
     ],
     [
      12.499114,
      55.681634
     ],
     [
      12.499267,
      55.681354
     ],
     [
      12.499908,
      55.681085
     ],
     [
      12.500008,
      55.680719
     ],
     [
      12.500694,
      55.680448
     ],
     [
      12.500617,
      55.680087
     ],
     [
      12.500141,
      55.679725
     ],
     [
      12.500036,
      55.679289
     ],
     [
      12.498986,
      55.679206
     ],
     [
      12.49798,
      55.67916
     ],
     [
      12.49765,
      55.679144
     ],
     [
      12.496285,
      55.679108
     ],
     [
      12.494543,
      55.679061
     ],
     [
      12.49447,
      55.679059
     ],
     [
      12.494181,
      55.679049
     ],
     [
      12.493135,
      55.67901
     ],
     [
      12.49219,
      55.679112
     ]
    ]
   }
  },
  {
   "type": "Feature",
   "properties": {
    "kind": "river",
    "role": "open_channel",
    "typologi": "Grønne veje",
    "note": "planned surface route — could carry a river",
    "klima_id": "Frederiksberg"
   },
   "geometry": {
    "type": "LineString",
    "coordinates": [
     [
      12.518123,
      55.671856
     ],
     [
      12.5171,
      55.669683
     ],
     [
      12.517132,
      55.669048
     ],
     [
      12.517183,
      55.668121
     ]
    ]
   }
  },
  {
   "type": "Feature",
   "properties": {
    "kind": "river",
    "role": "open_channel",
    "typologi": "Skybrudsveje",
    "note": "planned surface route — could carry a river",
    "klima_id": "KV10"
   },
   "geometry": {
    "type": "LineString",
    "coordinates": [
     [
      12.480483,
      55.698057
     ],
     [
      12.480451,
      55.69875
     ],
     [
      12.479956,
      55.700527
     ],
     [
      12.479746,
      55.70128
     ],
     [
      12.479609,
      55.701772
     ],
     [
      12.479529,
      55.702058
     ],
     [
      12.47944,
      55.702446
     ],
     [
      12.479358,
      55.702661
     ]
    ]
   }
  },
  {
   "type": "Feature",
   "properties": {
    "kind": "river",
    "role": "interceptor",
    "typologi": "Skybrudsledning",
    "note": "planned as a pipe — retrofit candidate",
    "klima_id": "OS24"
   },
   "geometry": {
    "type": "LineString",
    "coordinates": [
     [
      12.580159,
      55.707289
     ],
     [
      12.583137,
      55.707289
     ]
    ]
   }
  },
  {
   "type": "Feature",
   "properties": {
    "kind": "river",
    "role": "open_channel",
    "typologi": "Skybrudsveje",
    "note": "planned surface route — could carry a river",
    "klima_id": "KV50"
   },
   "geometry": {
    "type": "LineString",
    "coordinates": [
     [
      12.454392,
      55.706397
     ],
     [
      12.454472,
      55.706321
     ],
     [
      12.454518,
      55.706277
     ],
     [
      12.454565,
      55.706233
     ],
     [
      12.454664,
      55.706139
     ],
     [
      12.454713,
      55.706092
     ],
     [
      12.455379,
      55.705244
     ],
     [
      12.455532,
      55.705083
     ],
     [
      12.455649,
      55.704969
     ],
     [
      12.455744,
      55.704886
     ],
     [
      12.455872,
      55.704808
     ],
     [
      12.456003,
      55.704737
     ],
     [
      12.456079,
      55.704704
     ],
     [
      12.45621,
      55.704645
     ],
     [
      12.456429,
      55.704556
     ],
     [
      12.456695,
      55.704452
     ],
     [
      12.456969,
      55.704361
     ],
     [
      12.457086,
      55.704328
     ],
     [
      12.457885,
      55.704098
     ],
     [
      12.458155,
      55.704027
     ],
     [
      12.458331,
      55.703994
     ],
     [
      12.458552,
      55.703948
     ],
     [
      12.458722,
      55.703905
     ],
     [
      12.459448,
      55.703675
     ],
     [
      12.459822,
      55.703552
     ],
     [
      12.460499,
      55.703328
     ],
     [
      12.460708,
      55.703271
     ],
     [
      12.460951,
      55.703226
     ],
     [
      12.461182,
      55.703197
     ],
     [
      12.461444,
      55.703174
     ],
     [
      12.46278,
      55.703096
     ],
     [
      12.463029,
      55.703077
     ],
     [
      12.46319,
      55.703058
     ],
     [
      12.46327,
      55.703039
     ],
     [
      12.463416,
      55.703005
     ],
     [
      12.46353,
      55.702966
     ],
     [
      12.463664,
      55.702908
     ],
     [
      12.463774,
      55.702844
     ],
     [
      12.463843,
      55.702797
     ],
     [
      12.46389,
      55.702763
     ],
     [
      12.464137,
      55.70254
     ],
     [
      12.464193,
      55.702471
     ],
     [
      12.464228,
      55.702392
     ],
     [
      12.464239,
      55.702317
     ],
     [
      12.464235,
      55.702258
     ],
     [
      12.464225,
      55.702219
     ],
     [
      12.464184,
      55.702151
     ],
     [
      12.464132,
      55.702098
     ],
     [
      12.464093,
      55.702045
     ],
     [
      12.46406,
      55.701974
     ],
     [
      12.464027,
      55.701883
     ],
     [
      12.463949,
      55.701402
     ],
     [
      12.463936,
      55.701234
     ],
     [
      12.46395,
      55.701095
     ],
     [
      12.46391,
      55.700977
     ]
    ]
   }
  },
  {
   "type": "Feature",
   "properties": {
    "kind": "river",
    "role": "open_channel",
    "typologi": "Skybrudsveje",
    "note": "planned surface route — could carry a river",
    "klima_id": "KV36"
   },
   "geometry": {
    "type": "LineString",
    "coordinates": [
     [
      12.488753,
      55.648951
     ],
     [
      12.488761,
      55.648943
     ],
     [
      12.48881,
      55.648904
     ],
     [
      12.488866,
      55.64886
     ],
     [
      12.489161,
      55.648686
     ],
     [
      12.489252,
      55.64862
     ],
     [
      12.489344,
      55.648512
     ],
     [
      12.489479,
      55.648351
     ],
     [
      12.489584,
      55.648218
     ],
     [
      12.489622,
      55.648179
     ],
     [
      12.48967,
      55.64813
     ],
     [
      12.489858,
      55.647895
     ],
     [
      12.490063,
      55.647657
     ],
     [
      12.490129,
      55.647564
     ],
     [
      12.490164,
      55.647453
     ],
     [
      12.490183,
      55.647404
     ],
     [
      12.490219,
      55.647365
     ],
     [
      12.490267,
      55.64724
     ],
     [
      12.490281,
      55.647197
     ],
     [
      12.490296,
      55.647154
     ],
     [
      12.49031,
      55.647067
     ],
     [
      12.490311,
      55.646952
     ],
     [
      12.490383,
      55.646663
     ],
     [
      12.490407,
      55.646629
     ],
     [
      12.490436,
      55.646576
     ],
     [
      12.490476,
      55.646471
     ],
     [
      12.490601,
      55.646401
     ],
     [
      12.490736,
      55.64636
     ],
     [
      12.491221,
      55.646073
     ],
     [
      12.492235,
      55.645831
     ],
     [
      12.492876,
      55.64578
     ],
     [
      12.493028,
      55.645745
     ],
     [
      12.494099,
      55.645502
     ],
     [
      12.494114,
      55.645498
     ],
     [
      12.494308,
      55.64541
     ],
     [
      12.494674,
      55.645186
     ],
     [
      12.494958,
      55.644974
     ],
     [
      12.495089,
      55.644859
     ],
     [
      12.495112,
      55.644839
     ],
     [
      12.495568,
      55.64445
     ],
     [
      12.495813,
      55.644265
     ],
     [
      12.496323,
      55.643881
     ],
     [
      12.496774,
      55.643541
     ],
     [
      12.496952,
      55.643421
     ],
     [
      12.49711,
      55.643316
     ],
     [
      12.497218,
      55.643207
     ],
     [
      12.497247,
      55.643028
     ],
     [
      12.497401,
      55.642954
     ],
     [
      12.497791,
      55.642776
     ],
     [
      12.498218,
      55.642686
     ],
     [
      12.498648,
      55.642588
     ],
     [
      12.498739,
      55.642562
     ],
     [
      12.498872,
      55.642491
     ],
     [
      12.49919,
      55.642319
     ],
     [
      12.499427,
      55.642204
     ],
     [
      12.499694,
      55.642039
     ],
     [
      12.499862,
      55.641939
     ],
     [
      12.500015,
      55.641848
     ],
     [
      12.500116,
      55.641799
     ],
     [
      12.500314,
      55.641705
     ],
     [
      12.500486,
      55.641619
     ],
     [
      12.500531,
      55.641576
     ],
     [
      12.500585,
      55.641535
     ],
     [
      12.500667,
      55.641498
     ],
     [
      12.500791,
      55.641467
     ],
     [
      12.500899,
      55.641434
     ],
     [
      12.501005,
      55.641379
     ],
     [
      12.501088,
      55.641298
     ],
     [
      12.501171,
      55.64122
     ],
     [
      12.501228,
      55.641144
     ],
     [
      12.50129,
      55.641067
     ],
     [
      12.501336,
      55.641026
     ],
     [
      12.501357,
      55.640994
     ],
     [
      12.501434,
      55.640931
     ],
     [
      12.501502,
      55.640876
     ],
     [
      12.501652,
      55.640602
     ],
     [
      12.501669,
      55.640572
     ],
     [
      12.501784,
      55.640409
     ],
     [
      12.501806,
      55.640369
     ],
     [
      12.501803,
      55.640326
     ],
     [
      12.501784,
      55.640274
     ],
     [
      12.501774,
      55.640221
     ],
     [
      12.502065,
      55.639784
     ],
     [
      12.502171,
      55.6396
     ],
     [
      12.502338,
      55.639346
     ],
     [
      12.502451,
      55.639187
     ],
     [
      12.502579,
      55.639046
     ],
     [
      12.502989,
      55.638721
     ],
     [
      12.503455,
      55.638328
     ],
     [
      12.504011,
      55.637889
     ],
     [
      12.504495,
      55.637504
     ],
     [
      12.505406,
      55.636776
     ],
     [
      12.506461,
      55.635947
     ],
     [
      12.506568,
      55.635903
     ],
     [
      12.506597,
      55.635892
     ],
     [
      12.506597,
      55.635892
     ],
     [
      12.506645,
      55.63583
     ],
     [
      12.506645,
      55.63583
     ],
     [
      12.506618,
      55.635775
     ]
    ]
   }
  },
  {
   "type": "Feature",
   "properties": {
    "kind": "river",
    "role": "open_channel",
    "typologi": "Skybrudsveje",
    "note": "planned surface route — could carry a river",
    "klima_id": "KV26B"
   },
   "geometry": {
    "type": "LineString",
    "coordinates": [
     [
      12.478612,
      55.664439
     ],
     [
      12.478546,
      55.663996
     ],
     [
      12.478259,
      55.663747
     ],
     [
      12.478172,
      55.663134
     ],
     [
      12.478168,
      55.663066
     ],
     [
      12.47813,
      55.662396
     ],
     [
      12.478123,
      55.662279
     ],
     [
      12.478099,
      55.661664
     ],
     [
      12.478082,
      55.661562
     ],
     [
      12.478023,
      55.661428
     ],
     [
      12.4779,
      55.6612
     ],
     [
      12.477727,
      55.660875
     ],
     [
      12.477704,
      55.660818
     ],
     [
      12.477579,
      55.660515
     ],
     [
      12.477548,
      55.660429
     ],
     [
      12.477512,
      55.660332
     ],
     [
      12.477405,
      55.660018
     ],
     [
      12.477352,
      55.659545
     ],
     [
      12.477317,
      55.659186
     ],
     [
      12.477315,
      55.65895
     ],
     [
      12.477327,
      55.65872
     ],
     [
      12.477347,
      55.658521
     ],
     [
      12.47736,
      55.658444
     ],
     [
      12.477405,
      55.658232
     ],
     [
      12.477455,
      55.657999
     ],
     [
      12.477525,
      55.657778
     ],
     [
      12.477724,
      55.657346
     ],
     [
      12.477815,
      55.657173
     ],
     [
      12.47782,
      55.657119
     ],
     [
      12.477825,
      55.657065
     ],
     [
      12.477893,
      55.656983
     ],
     [
      12.477896,
      55.656981
     ],
     [
      12.478025,
      55.65689
     ],
     [
      12.478117,
      55.656777
     ],
     [
      12.47818,
      55.656699
     ],
     [
      12.478418,
      55.656459
     ],
     [
      12.478996,
      55.655983
     ],
     [
      12.478998,
      55.655981
     ],
     [
      12.479487,
      55.655634
     ],
     [
      12.479882,
      55.655327
     ],
     [
      12.480197,
      55.655124
     ],
     [
      12.480837,
      55.654664
     ],
     [
      12.481268,
      55.654362
     ],
     [
      12.481548,
      55.654164
     ],
     [
      12.481625,
      55.654112
     ],
     [
      12.481737,
      55.654101
     ],
     [
      12.482196,
      55.654118
     ],
     [
      12.482352,
      55.654101
     ],
     [
      12.482458,
      55.654081
     ],
     [
      12.482829,
      55.653991
     ],
     [
      12.483084,
      55.653899
     ],
     [
      12.483537,
      55.653693
     ],
     [
      12.48378,
      55.653527
     ],
     [
      12.483855,
      55.653467
     ],
     [
      12.483937,
      55.653402
     ],
     [
      12.483983,
      55.653365
     ],
     [
      12.484065,
      55.653299
     ],
     [
      12.484178,
      55.653208
     ],
     [
      12.484382,
      55.653076
     ],
     [
      12.484389,
      55.653072
     ],
     [
      12.484587,
      55.652929
     ],
     [
      12.484957,
      55.652667
     ],
     [
      12.485045,
      55.652599
     ],
     [
      12.485151,
      55.652523
     ],
     [
      12.485251,
      55.652468
     ],
     [
      12.485521,
      55.65232
     ],
     [
      12.485866,
      55.652123
     ],
     [
      12.486062,
      55.652008
     ],
     [
      12.486171,
      55.651948
     ],
     [
      12.486281,
      55.651888
     ],
     [
      12.486484,
      55.651782
     ],
     [
      12.486808,
      55.651622
     ],
     [
      12.486936,
      55.651551
     ],
     [
      12.487063,
      55.651479
     ],
     [
      12.487215,
      55.651392
     ],
     [
      12.487334,
      55.651311
     ],
     [
      12.487463,
      55.651199
     ],
     [
      12.487568,
      55.651081
     ],
     [
      12.487681,
      55.650941
     ],
     [
      12.487771,
      55.650772
     ],
     [
      12.487871,
      55.650605
     ],
     [
      12.487974,
      55.650435
     ],
     [
      12.488072,
      55.65025
     ],
     [
      12.488134,
      55.650113
     ],
     [
      12.488184,
      55.649972
     ],
     [
      12.48826,
      55.64991
     ],
     [
      12.488364,
      55.64984
     ],
     [
      12.488422,
      55.649728
     ],
     [
      12.488424,
      55.649682
     ],
     [
      12.488456,
      55.649661
     ],
     [
      12.488649,
      55.649379
     ],
     [
      12.488551,
      55.649168
     ],
     [
      12.488753,
      55.648951
     ]
    ]
   }
  },
  {
   "type": "Feature",
   "properties": {
    "kind": "river",
    "role": "open_channel",
    "typologi": "Forsinkelsesveje",
    "note": "planned surface route — could carry a river",
    "klima_id": "Frederiksberg"
   },
   "geometry": {
    "type": "LineString",
    "coordinates": [
     [
      12.521013,
      55.687612
     ],
     [
      12.520345,
      55.686603
     ]
    ]
   }
  },
  {
   "type": "Feature",
   "properties": {
    "kind": "river",
    "role": "open_channel",
    "typologi": "Skybrudsveje",
    "note": "planned surface route — could carry a river",
    "klima_id": "KV20"
   },
   "geometry": {
    "type": "LineString",
    "coordinates": [
     [
      12.467032,
      55.691322
     ],
     [
      12.467728,
      55.690765
     ],
     [
      12.470101,
      55.688905
     ],
     [
      12.471509,
      55.687597
     ],
     [
      12.471346,
      55.686829
     ],
     [
      12.471409,
      55.685797
     ],
     [
      12.471514,
      55.684833
     ],
     [
      12.471839,
      55.684275
     ],
     [
      12.473009,
      55.682868
     ],
     [
      12.471763,
      55.681427
     ],
     [
      12.46978,
      55.680839
     ],
     [
      12.46953,
      55.68039
     ],
     [
      12.470438,
      55.679042
     ],
     [
      12.471073,
      55.678521
     ],
     [
      12.472181,
      55.677537
     ],
     [
      12.472329,
      55.676762
     ],
     [
      12.473071,
      55.675835
     ],
     [
      12.473323,
      55.674201
     ],
     [
      12.474293,
      55.673695
     ],
     [
      12.475252,
      55.67357
     ],
     [
      12.476771,
      55.673263
     ],
     [
      12.478473,
      55.67319
     ],
     [
      12.479576,
      55.673108
     ],
     [
      12.479917,
      55.672871
     ],
     [
      12.479405,
      55.671704
     ]
    ]
   }
  },
  {
   "type": "Feature",
   "properties": {
    "kind": "river",
    "role": "open_channel",
    "typologi": "Skybrudsveje",
    "note": "planned surface route — could carry a river",
    "klima_id": "KV1"
   },
   "geometry": {
    "type": "LineString",
    "coordinates": [
     [
      12.476774,
      55.714945
     ],
     [
      12.476384,
      55.71407
     ],
     [
      12.47627,
      55.713469
     ],
     [
      12.476283,
      55.713199
     ],
     [
      12.476374,
      55.712838
     ],
     [
      12.477194,
      55.712826
     ],
     [
      12.478009,
      55.712607
     ],
     [
      12.478725,
      55.712383
     ],
     [
      12.477505,
      55.710882
     ]
    ]
   }
  },
  {
   "type": "Feature",
   "properties": {
    "kind": "river",
    "role": "open_channel",
    "typologi": "Skybrudsveje",
    "note": "planned surface route — could carry a river",
    "klima_id": "KV75"
   },
   "geometry": {
    "type": "LineString",
    "coordinates": [
     [
      12.557887,
      55.661466
     ],
     [
      12.557824,
      55.661421
     ],
     [
      12.557578,
      55.661151
     ],
     [
      12.557502,
      55.661016
     ],
     [
      12.557433,
      55.660881
     ],
     [
      12.557384,
      55.66077
     ],
     [
      12.557339,
      55.660676
     ],
     [
      12.557293,
      55.660553
     ],
     [
      12.557261,
      55.660427
     ],
     [
      12.557194,
      55.659941
     ],
     [
      12.557174,
      55.65951
     ],
     [
      12.557156,
      55.659112
     ],
     [
      12.55711,
      55.658853
     ]
    ]
   }
  },
  {
   "type": "Feature",
   "properties": {
    "kind": "river",
    "role": "open_channel",
    "typologi": "Grønne veje",
    "note": "planned surface route — could carry a river",
    "klima_id": "Frederiksberg"
   },
   "geometry": {
    "type": "LineString",
    "coordinates": [
     [
      12.494256,
      55.680413
     ],
     [
      12.49412,
      55.679776
     ],
     [
      12.494133,
      55.67941
     ],
     [
      12.494177,
      55.679185
     ]
    ]
   }
  },
  {
   "type": "Feature",
   "properties": {
    "kind": "river",
    "role": "open_channel",
    "typologi": "Grønne veje",
    "note": "planned surface route — could carry a river",
    "klima_id": "Frederiksberg"
   },
   "geometry": {
    "type": "LineString",
    "coordinates": [
     [
      12.495718,
      55.683097
     ],
     [
      12.496805,
      55.683843
     ],
     [
      12.497633,
      55.68417
     ],
     [
      12.498345,
      55.6842
     ],
     [
      12.49894,
      55.683907
     ],
     [
      12.49975,
      55.682674
     ]
    ]
   }
  },
  {
   "type": "Feature",
   "properties": {
    "kind": "river",
    "role": "open_channel",
    "typologi": "mix",
    "note": "planned surface route — could carry a river",
    "klima_id": "KV75"
   },
   "geometry": {
    "type": "LineString",
    "coordinates": [
     [
      12.55711,
      55.658853
     ],
     [
      12.556999,
      55.658641
     ],
     [
      12.556805,
      55.658354
     ],
     [
      12.556587,
      55.658147
     ],
     [
      12.556335,
      55.657943
     ],
     [
      12.555976,
      55.657759
     ],
     [
      12.555614,
      55.657603
     ],
     [
      12.555007,
      55.657424
     ],
     [
      12.5546,
      55.657338
     ],
     [
      12.554176,
      55.657274
     ],
     [
      12.55083,
      55.65679
     ],
     [
      12.550275,
      55.656711
     ],
     [
      12.547454,
      55.656311
     ],
     [
      12.546177,
      55.656131
     ],
     [
      12.545662,
      55.656057
     ],
     [
      12.54531,
      55.65599
     ],
     [
      12.543812,
      55.655537
     ],
     [
      12.542888,
      55.654536
     ]
    ]
   }
  },
  {
   "type": "Feature",
   "properties": {
    "kind": "river",
    "role": "open_channel",
    "typologi": "Forsinkelsesveje",
    "note": "planned surface route — could carry a river",
    "klima_id": "Frederiksberg"
   },
   "geometry": {
    "type": "LineString",
    "coordinates": [
     [
      12.514523,
      55.686495
     ],
     [
      12.513632,
      55.685333
     ],
     [
      12.513492,
      55.68515
     ],
     [
      12.51313,
      55.684679
     ],
     [
      12.512768,
      55.684207
     ],
     [
      12.512401,
      55.683728
     ],
     [
      12.512289,
      55.683583
     ],
     [
      12.511618,
      55.682707
     ],
     [
      12.510946,
      55.681832
     ]
    ]
   }
  },
  {
   "type": "Feature",
   "properties": {
    "kind": "river",
    "role": "interceptor",
    "typologi": "Skybrudsledning",
    "note": "planned as a pipe — retrofit candidate",
    "klima_id": "KV84"
   },
   "geometry": {
    "type": "LineString",
    "coordinates": [
     [
      12.508185,
      55.656742
     ],
     [
      12.508015,
      55.653126
     ],
     [
      12.509054,
      55.649405
     ],
     [
      12.526575,
      55.643092
     ],
     [
      12.531246,
      55.642194
     ]
    ]
   }
  },
  {
   "type": "Feature",
   "properties": {
    "kind": "river",
    "role": "open_channel",
    "typologi": "Forsinkelsesveje",
    "note": "planned surface route — could carry a river",
    "klima_id": "KV42"
   },
   "geometry": {
    "type": "LineString",
    "coordinates": [
     [
      12.481494,
      55.697815
     ],
     [
      12.482275,
      55.697825
     ]
    ]
   }
  },
  {
   "type": "Feature",
   "properties": {
    "kind": "river",
    "role": "open_channel",
    "typologi": "Forsinkelsesveje",
    "note": "planned surface route — could carry a river",
    "klima_id": "AM7"
   },
   "geometry": {
    "type": "LineString",
    "coordinates": [
     [
      12.624568,
      55.657749
     ],
     [
      12.622234,
      55.658321
     ],
     [
      12.620495,
      55.658795
     ]
    ]
   }
  },
  {
   "type": "Feature",
   "properties": {
    "kind": "river",
    "role": "open_channel",
    "typologi": "Forsinkelsesveje",
    "note": "planned surface route — could carry a river",
    "klima_id": "AM7"
   },
   "geometry": {
    "type": "LineString",
    "coordinates": [
     [
      12.620495,
      55.658795
     ],
     [
      12.621312,
      55.658977
     ],
     [
      12.622129,
      55.659159
     ]
    ]
   }
  },
  {
   "type": "Feature",
   "properties": {
    "kind": "river",
    "role": "open_channel",
    "typologi": "Forsinkelsesveje",
    "note": "planned surface route — could carry a river",
    "klima_id": "AM7"
   },
   "geometry": {
    "type": "LineString",
    "coordinates": [
     [
      12.622234,
      55.658321
     ],
     [
      12.622562,
      55.658756
     ],
     [
      12.622129,
      55.659159
     ],
     [
      12.621683,
      55.659619
     ],
     [
      12.621237,
      55.660079
     ],
     [
      12.620641,
      55.661159
     ],
     [
      12.62062,
      55.661208
     ]
    ]
   }
  },
  {
   "type": "Feature",
   "properties": {
    "kind": "river",
    "role": "open_channel",
    "typologi": "Forsinkelsesveje",
    "note": "planned surface route — could carry a river",
    "klima_id": "KV38"
   },
   "geometry": {
    "type": "LineString",
    "coordinates": [
     [
      12.512117,
      55.650438
     ],
     [
      12.512085,
      55.650438
     ],
     [
      12.510745,
      55.650477
     ],
     [
      12.507905,
      55.650666
     ],
     [
      12.507389,
      55.650708
     ],
     [
      12.506962,
      55.650728
     ],
     [
      12.5065,
      55.650742
     ],
     [
      12.506063,
      55.650772
     ]
    ]
   }
  },
  {
   "type": "Feature",
   "properties": {
    "kind": "river",
    "role": "open_channel",
    "typologi": "mix",
    "note": "planned surface route — could carry a river",
    "klima_id": "AM3"
   },
   "geometry": {
    "type": "LineString",
    "coordinates": [
     [
      12.615916,
      55.6623
     ],
     [
      12.61759,
      55.662637
     ],
     [
      12.618265,
      55.662774
     ],
     [
      12.618577,
      55.662899
     ],
     [
      12.620177,
      55.66325
     ],
     [
      12.622837,
      55.663775
     ],
     [
      12.623188,
      55.663837
     ],
     [
      12.625159,
      55.664044
     ],
     [
      12.62713,
      55.664251
     ],
     [
      12.629723,
      55.664551
     ],
     [
      12.63021,
      55.664574
     ],
     [
      12.630453,
      55.664586
     ],
     [
      12.630617,
      55.664599
     ]
    ]
   }
  },
  {
   "type": "Feature",
   "properties": {
    "kind": "river",
    "role": "open_channel",
    "typologi": "mix",
    "note": "planned surface route — could carry a river",
    "klima_id": "AM48"
   },
   "geometry": {
    "type": "LineString",
    "coordinates": [
     [
      12.593069,
      55.671552
     ],
     [
      12.592051,
      55.672085
     ],
     [
      12.591665,
      55.671812
     ],
     [
      12.590709,
      55.67223
     ]
    ]
   }
  },
  {
   "type": "Feature",
   "properties": {
    "kind": "river",
    "role": "open_channel",
    "typologi": "mix",
    "note": "planned surface route — could carry a river",
    "klima_id": "AM4"
   },
   "geometry": {
    "type": "LineString",
    "coordinates": [
     [
      12.62212,
      55.664742
     ],
     [
      12.621228,
      55.665864
     ],
     [
      12.621122,
      55.665996
     ],
     [
      12.620334,
      55.667018
     ],
     [
      12.61916,
      55.668536
     ]
    ]
   }
  },
  {
   "type": "Feature",
   "properties": {
    "kind": "river",
    "role": "open_channel",
    "typologi": "Forsinkelsesveje",
    "note": "planned surface route — could carry a river",
    "klima_id": "AM39"
   },
   "geometry": {
    "type": "LineString",
    "coordinates": [
     [
      12.611906,
      55.667359
     ],
     [
      12.611635,
      55.667999
     ],
     [
      12.611275,
      55.669543
     ]
    ]
   }
  },
  {
   "type": "Feature",
   "properties": {
    "kind": "river",
    "role": "open_channel",
    "typologi": "mix",
    "note": "planned surface route — could carry a river",
    "klima_id": "AM4"
   },
   "geometry": {
    "type": "LineString",
    "coordinates": [
     [
      12.6225,
      55.664215
     ],
     [
      12.622622,
      55.664089
     ]
    ]
   }
  },
  {
   "type": "Feature",
   "properties": {
    "kind": "river",
    "role": "open_channel",
    "typologi": "Skybrudsveje",
    "note": "planned surface route — could carry a river",
    "klima_id": "AM37"
   },
   "geometry": {
    "type": "LineString",
    "coordinates": [
     [
      12.576856,
      55.662431
     ],
     [
      12.57488,
      55.663257
     ],
     [
      12.572905,
      55.664083
     ],
     [
      12.572098,
      55.664172
     ]
    ]
   }
  },
  {
   "type": "Feature",
   "properties": {
    "kind": "river",
    "role": "open_channel",
    "typologi": "Forsinkelsesveje",
    "note": "planned surface route — could carry a river",
    "klima_id": "AM39"
   },
   "geometry": {
    "type": "LineString",
    "coordinates": [
     [
      12.604247,
      55.668283
     ],
     [
      12.606673,
      55.668091
     ],
     [
      12.608256,
      55.66787
     ],
     [
      12.611906,
      55.667359
     ]
    ]
   }
  },
  {
   "type": "Feature",
   "properties": {
    "kind": "river",
    "role": "open_channel",
    "typologi": "Forsinkelsesveje",
    "note": "planned surface route — could carry a river",
    "klima_id": "AM11"
   },
   "geometry": {
    "type": "LineString",
    "coordinates": [
     [
      12.616046,
      55.652223
     ],
     [
      12.616381,
      55.651689
     ],
     [
      12.616822,
      55.650589
     ],
     [
      12.617568,
      55.649776
     ],
     [
      12.61784,
      55.649219
     ],
     [
      12.618112,
      55.648662
     ],
     [
      12.618622,
      55.647741
     ],
     [
      12.619688,
      55.646305
     ],
     [
      12.620396,
      55.645157
     ]
    ]
   }
  },
  {
   "type": "Feature",
   "properties": {
    "kind": "river",
    "role": "open_channel",
    "typologi": "Skybrudsveje",
    "note": "planned surface route — could carry a river",
    "klima_id": "AM38"
   },
   "geometry": {
    "type": "LineString",
    "coordinates": [
     [
      12.581304,
      55.667689
     ],
     [
      12.585913,
      55.665728
     ]
    ]
   }
  },
  {
   "type": "Feature",
   "properties": {
    "kind": "river",
    "role": "open_channel",
    "typologi": "Forsinkelsesveje",
    "note": "planned surface route — could carry a river",
    "klima_id": "AM39"
   },
   "geometry": {
    "type": "LineString",
    "coordinates": [
     [
      12.606673,
      55.668091
     ],
     [
      12.607707,
      55.666524
     ]
    ]
   }
  },
  {
   "type": "Feature",
   "properties": {
    "kind": "river",
    "role": "open_channel",
    "typologi": "Skybrudsveje",
    "note": "planned surface route — could carry a river",
    "klima_id": "AM14"
   },
   "geometry": {
    "type": "LineString",
    "coordinates": [
     [
      12.638154,
      55.650927
     ],
     [
      12.637305,
      55.65088
     ],
     [
      12.636096,
      55.649634
     ],
     [
      12.636072,
      55.649497
     ],
     [
      12.636107,
      55.649329
     ]
    ]
   }
  },
  {
   "type": "Feature",
   "properties": {
    "kind": "river",
    "role": "open_channel",
    "typologi": "Grønne veje",
    "note": "planned surface route — could carry a river",
    "klima_id": "Frederiksberg"
   },
   "geometry": {
    "type": "LineString",
    "coordinates": [
     [
      12.535116,
      55.684687
     ],
     [
      12.536964,
      55.684197
     ]
    ]
   }
  },
  {
   "type": "Feature",
   "properties": {
    "kind": "river",
    "role": "open_channel",
    "typologi": "mix",
    "note": "planned surface route — could carry a river",
    "klima_id": "AM4"
   },
   "geometry": {
    "type": "LineString",
    "coordinates": [
     [
      12.617824,
      55.663837
     ],
     [
      12.616188,
      55.666031
     ],
     [
      12.615895,
      55.666494
     ],
     [
      12.615567,
      55.666956
     ],
     [
      12.615116,
      55.667663
     ]
    ]
   }
  },
  {
   "type": "Feature",
   "properties": {
    "kind": "river",
    "role": "open_channel",
    "typologi": "mix",
    "note": "planned surface route — could carry a river",
    "klima_id": "AM4"
   },
   "geometry": {
    "type": "LineString",
    "coordinates": [
     [
      12.617824,
      55.663837
     ],
     [
      12.618289,
      55.663232
     ]
    ]
   }
  },
  {
   "type": "Feature",
   "properties": {
    "kind": "river",
    "role": "open_channel",
    "typologi": "mix",
    "note": "planned surface route — could carry a river",
    "klima_id": "AM4"
   },
   "geometry": {
    "type": "LineString",
    "coordinates": [
     [
      12.61941,
      55.664225
     ],
     [
      12.6199,
      55.663565
     ]
    ]
   }
  },
  {
   "type": "Feature",
   "properties": {
    "kind": "river",
    "role": "open_channel",
    "typologi": "Skybrudsveje",
    "note": "planned surface route — could carry a river",
    "klima_id": "AM4"
   },
   "geometry": {
    "type": "LineString",
    "coordinates": [
     [
      12.612334,
      55.666363
     ],
     [
      12.611876,
      55.666967
     ]
    ]
   }
  },
  {
   "type": "Feature",
   "properties": {
    "kind": "river",
    "role": "open_channel",
    "typologi": "mix",
    "note": "planned surface route — could carry a river",
    "klima_id": "AM12A"
   },
   "geometry": {
    "type": "LineString",
    "coordinates": [
     [
      12.616109,
      55.643927
     ],
     [
      12.617405,
      55.644258
     ],
     [
      12.617981,
      55.644396
     ],
     [
      12.61852,
      55.644734
     ],
     [
      12.619031,
      55.644831
     ],
     [
      12.62027,
      55.645055
     ]
    ]
   }
  },
  {
   "type": "Feature",
   "properties": {
    "kind": "river",
    "role": "open_channel",
    "typologi": "Forsinkelsesveje",
    "note": "planned surface route — could carry a river",
    "klima_id": "KV38"
   },
   "geometry": {
    "type": "LineString",
    "coordinates": [
     [
      12.487036,
      55.652702
     ],
     [
      12.486656,
      55.652696
     ],
     [
      12.485828,
      55.652681
     ],
     [
      12.485644,
      55.652678
     ],
     [
      12.484987,
      55.652667
     ],
     [
      12.484972,
      55.652666
     ]
    ]
   }
  },
  {
   "type": "Feature",
   "properties": {
    "kind": "river",
    "role": "interceptor",
    "typologi": "Skybrudsledning",
    "note": "planned as a pipe — retrofit candidate",
    "klima_id": "BIR15.1"
   },
   "geometry": {
    "type": "LineString",
    "coordinates": [
     [
      12.506162,
      55.704504
     ],
     [
      12.506167,
      55.704783
     ],
     [
      12.505914,
      55.705356
     ]
    ]
   }
  },
  {
   "type": "Feature",
   "properties": {
    "kind": "river",
    "role": "interceptor",
    "typologi": "Skybrudsledning",
    "note": "planned as a pipe — retrofit candidate",
    "klima_id": "BIR15.1"
   },
   "geometry": {
    "type": "LineString",
    "coordinates": [
     [
      12.506141,
      55.704279
     ],
     [
      12.506162,
      55.704504
     ]
    ]
   }
  },
  {
   "type": "Feature",
   "properties": {
    "kind": "river",
    "role": "interceptor",
    "typologi": "Skybrudsledning",
    "note": "planned as a pipe — retrofit candidate",
    "klima_id": "BIR19.1,19.2&19.5"
   },
   "geometry": {
    "type": "LineString",
    "coordinates": [
     [
      12.530968,
      55.724964
     ],
     [
      12.531299,
      55.724953
     ],
     [
      12.532697,
      55.724908
     ],
     [
      12.532734,
      55.725209
     ]
    ]
   }
  },
  {
   "type": "Feature",
   "properties": {
    "kind": "river",
    "role": "interceptor",
    "typologi": "Skybrudsledning",
    "note": "planned as a pipe — retrofit candidate",
    "klima_id": "BIR20.2"
   },
   "geometry": {
    "type": "LineString",
    "coordinates": [
     [
      12.545843,
      55.722892
     ],
     [
      12.546176,
      55.722763
     ]
    ]
   }
  },
  {
   "type": "Feature",
   "properties": {
    "kind": "river",
    "role": "interceptor",
    "typologi": "Skybrudsledning",
    "note": "planned as a pipe — retrofit candidate",
    "klima_id": "BIR18.2"
   },
   "geometry": {
    "type": "LineString",
    "coordinates": [
     [
      12.531815,
      55.722013
     ],
     [
      12.531709,
      55.721034
     ],
     [
      12.531109,
      55.721025
     ],
     [
      12.530938,
      55.720959
     ],
     [
      12.531231,
      55.720715
     ],
     [
      12.531333,
      55.720586
     ],
     [
      12.531392,
      55.720463
     ],
     [
      12.531451,
      55.720264
     ],
     [
      12.5315,
      55.720063
     ],
     [
      12.528561,
      55.719891
     ]
    ]
   }
  },
  {
   "type": "Feature",
   "properties": {
    "kind": "river",
    "role": "open_channel",
    "typologi": "Skybrudsveje",
    "note": "planned surface route — could carry a river",
    "klima_id": "BIR11.5"
   },
   "geometry": {
    "type": "LineString",
    "coordinates": [
     [
      12.563801,
      55.729737
     ],
     [
      12.563322,
      55.728118
     ]
    ]
   }
  },
  {
   "type": "Feature",
   "properties": {
    "kind": "river",
    "role": "open_channel",
    "typologi": "Skybrudsveje",
    "note": "planned surface route — could carry a river",
    "klima_id": "BIR16.4"
   },
   "geometry": {
    "type": "LineString",
    "coordinates": [
     [
      12.517252,
      55.715603
     ],
     [
      12.517375,
      55.715455
     ],
     [
      12.517529,
      55.715332
     ],
     [
      12.517877,
      55.715203
     ],
     [
      12.51856,
      55.715024
     ]
    ]
   }
  },
  {
   "type": "Feature",
   "properties": {
    "kind": "river",
    "role": "interceptor",
    "typologi": "Skybrudsledning",
    "note": "planned as a pipe — retrofit candidate",
    "klima_id": "BIR5.7"
   },
   "geometry": {
    "type": "LineString",
    "coordinates": [
     [
      12.532107,
      55.706875
     ],
     [
      12.532107,
      55.706418
     ],
     [
      12.532287,
      55.706431
     ],
     [
      12.53666,
      55.706432
     ],
     [
      12.53677,
      55.706411
     ],
     [
      12.538235,
      55.70614
     ],
     [
      12.540389,
      55.705737
     ]
    ]
   }
  },
  {
   "type": "Feature",
   "properties": {
    "kind": "river",
    "role": "interceptor",
    "typologi": "Skybrudsledning",
    "note": "planned as a pipe — retrofit candidate",
    "klima_id": "BIR5.8"
   },
   "geometry": {
    "type": "LineString",
    "coordinates": [
     [
      12.536752,
      55.702351
     ],
     [
      12.537477,
      55.702252
     ],
     [
      12.537719,
      55.70329
     ]
    ]
   }
  },
  {
   "type": "Feature",
   "properties": {
    "kind": "river",
    "role": "open_channel",
    "typologi": "mix",
    "note": "planned surface route — could carry a river",
    "klima_id": "KV7"
   },
   "geometry": {
    "type": "LineString",
    "coordinates": [
     [
      12.464808,
      55.714214
     ],
     [
      12.468133,
      55.71304
     ],
     [
      12.470769,
      55.712331
     ],
     [
      12.474972,
      55.711187
     ]
    ]
   }
  },
  {
   "type": "Feature",
   "properties": {
    "kind": "river",
    "role": "open_channel",
    "typologi": "Skybrudsveje",
    "note": "planned surface route — could carry a river",
    "klima_id": "BIR7.9"
   },
   "geometry": {
    "type": "LineString",
    "coordinates": [
     [
      12.538633,
      55.719098
     ],
     [
      12.538229,
      55.71854
     ]
    ]
   }
  },
  {
   "type": "Feature",
   "properties": {
    "kind": "river",
    "role": "open_channel",
    "typologi": "Skybrudsveje",
    "note": "planned surface route — could carry a river",
    "klima_id": "BIR18.5"
   },
   "geometry": {
    "type": "LineString",
    "coordinates": [
     [
      12.525186,
      55.725297
     ],
     [
      12.525123,
      55.725151
     ],
     [
      12.525051,
      55.724976
     ],
     [
      12.525007,
      55.724828
     ],
     [
      12.524989,
      55.7247
     ],
     [
      12.524955,
      55.724451
     ],
     [
      12.524951,
      55.724387
     ],
     [
      12.524938,
      55.724229
     ],
     [
      12.524957,
      55.723789
     ],
     [
      12.525001,
      55.723549
     ],
     [
      12.525063,
      55.723284
     ],
     [
      12.525198,
      55.722787
     ],
     [
      12.523852,
      55.722671
     ],
     [
      12.522741,
      55.722576
     ],
     [
      12.522606,
      55.722565
     ],
     [
      12.522535,
      55.722469
     ]
    ]
   }
  },
  {
   "type": "Feature",
   "properties": {
    "kind": "river",
    "role": "open_channel",
    "typologi": "Skybrudsveje",
    "note": "planned surface route — could carry a river",
    "klima_id": "BIR7.9"
   },
   "geometry": {
    "type": "LineString",
    "coordinates": [
     [
      12.537548,
      55.717332
     ],
     [
      12.537922,
      55.718062
     ]
    ]
   }
  },
  {
   "type": "Feature",
   "properties": {
    "kind": "river",
    "role": "interceptor",
    "typologi": "Skybrudsledning",
    "note": "planned as a pipe — retrofit candidate",
    "klima_id": "BIR12.2"
   },
   "geometry": {
    "type": "LineString",
    "coordinates": [
     [
      12.483693,
      55.717947
     ],
     [
      12.483283,
      55.71719
     ],
     [
      12.483604,
      55.71711
     ],
     [
      12.483008,
      55.716359
     ]
    ]
   }
  },
  {
   "type": "Feature",
   "properties": {
    "kind": "river",
    "role": "interceptor",
    "typologi": "Skybrudsledning",
    "note": "planned as a pipe — retrofit candidate",
    "klima_id": "BIR12.1&12.3"
   },
   "geometry": {
    "type": "LineString",
    "coordinates": [
     [
      12.489158,
      55.717428
     ],
     [
      12.489357,
      55.717403
     ],
     [
      12.489113,
      55.717025
     ],
     [
      12.489451,
      55.716665
     ]
    ]
   }
  },
  {
   "type": "Feature",
   "properties": {
    "kind": "river",
    "role": "open_channel",
    "typologi": "Forsinkelsesveje",
    "note": "planned surface route — could carry a river",
    "klima_id": "BIR5.3"
   },
   "geometry": {
    "type": "LineString",
    "coordinates": [
     [
      12.519411,
      55.709733
     ],
     [
      12.521426,
      55.709366
     ]
    ]
   }
  },
  {
   "type": "Feature",
   "properties": {
    "kind": "river",
    "role": "open_channel",
    "typologi": "Forsinkelsesveje",
    "note": "planned surface route — could carry a river",
    "klima_id": "AM33"
   },
   "geometry": {
    "type": "LineString",
    "coordinates": [
     [
      12.607128,
      55.661333
     ],
     [
      12.605279,
      55.660477
     ]
    ]
   }
  },
  {
   "type": "Feature",
   "properties": {
    "kind": "river",
    "role": "open_channel",
    "typologi": "Skybrudsveje",
    "note": "planned surface route — could carry a river",
    "klima_id": "Frederiksberg"
   },
   "geometry": {
    "type": "LineString",
    "coordinates": [
     [
      12.51316,
      55.681684
     ],
     [
      12.511428,
      55.68142
     ]
    ]
   }
  },
  {
   "type": "Feature",
   "properties": {
    "kind": "river",
    "role": "open_channel",
    "typologi": "mix",
    "note": "planned surface route — could carry a river",
    "klima_id": "Frederiksberg"
   },
   "geometry": {
    "type": "LineString",
    "coordinates": [
     [
      12.517698,
      55.682819
     ],
     [
      12.512953,
      55.683613
     ]
    ]
   }
  },
  {
   "type": "Feature",
   "properties": {
    "kind": "river",
    "role": "interceptor",
    "typologi": "Skybrudsledning",
    "note": "planned as a pipe — retrofit candidate",
    "klima_id": "BIR15.1"
   },
   "geometry": {
    "type": "LineString",
    "coordinates": [
     [
      12.505914,
      55.705356
     ],
     [
      12.507227,
      55.705546
     ]
    ]
   }
  },
  {
   "type": "Feature",
   "properties": {
    "kind": "river",
    "role": "open_channel",
    "typologi": "mix",
    "note": "planned surface route — could carry a river",
    "klima_id": "AM4"
   },
   "geometry": {
    "type": "LineString",
    "coordinates": [
     [
      12.616192,
      55.666459
     ],
     [
      12.620602,
      55.665951
     ]
    ]
   }
  },
  {
   "type": "Feature",
   "properties": {
    "kind": "river",
    "role": "open_channel",
    "typologi": "Skybrudsveje",
    "note": "planned surface route — could carry a river",
    "klima_id": "KV22"
   },
   "geometry": {
    "type": "LineString",
    "coordinates": [
     [
      12.47967,
      55.685653
     ],
     [
      12.478932,
      55.685417
     ],
     [
      12.478103,
      55.684916
     ],
     [
      12.477478,
      55.684449
     ],
     [
      12.477187,
      55.684045
     ],
     [
      12.477037,
      55.683596
     ],
     [
      12.476931,
      55.683017
     ],
     [
      12.476825,
      55.682438
     ],
     [
      12.475948,
      55.682275
     ],
     [
      12.474701,
      55.682043
     ],
     [
      12.473897,
      55.681864
     ]
    ]
   }
  },
  {
   "type": "Feature",
   "properties": {
    "kind": "river",
    "role": "open_channel",
    "typologi": "Skybrudsveje",
    "note": "planned surface route — could carry a river",
    "klima_id": "BIR5.8"
   },
   "geometry": {
    "type": "LineString",
    "coordinates": [
     [
      12.537921,
      55.704002
     ],
     [
      12.538247,
      55.705709
     ],
     [
      12.53829,
      55.705809
     ]
    ]
   }
  },
  {
   "type": "Feature",
   "properties": {
    "kind": "river",
    "role": "open_channel",
    "typologi": "Skybrudsveje",
    "note": "planned surface route — could carry a river",
    "klima_id": "BIR5.5"
   },
   "geometry": {
    "type": "LineString",
    "coordinates": [
     [
      12.525748,
      55.704868
     ],
     [
      12.526492,
      55.704567
     ],
     [
      12.527059,
      55.704336
     ]
    ]
   }
  },
  {
   "type": "Feature",
   "properties": {
    "kind": "river",
    "role": "open_channel",
    "typologi": "Skybrudsveje",
    "note": "planned surface route — could carry a river",
    "klima_id": "BIR5.6"
   },
   "geometry": {
    "type": "LineString",
    "coordinates": [
     [
      12.527628,
      55.707931
     ],
     [
      12.528172,
      55.707811
     ],
     [
      12.528123,
      55.707689
     ],
     [
      12.528157,
      55.707554
     ],
     [
      12.52832,
      55.707484
     ],
     [
      12.528526,
      55.707419
     ],
     [
      12.528994,
      55.707294
     ],
     [
      12.529487,
      55.707153
     ],
     [
      12.529107,
      55.706731
     ]
    ]
   }
  },
  {
   "type": "Feature",
   "properties": {
    "kind": "river",
    "role": "open_channel",
    "typologi": "Skybrudsveje",
    "note": "planned surface route — could carry a river",
    "klima_id": "BIR7.9"
   },
   "geometry": {
    "type": "LineString",
    "coordinates": [
     [
      12.539694,
      55.719089
     ],
     [
      12.539075,
      55.718381
     ]
    ]
   }
  },
  {
   "type": "Feature",
   "properties": {
    "kind": "river",
    "role": "open_channel",
    "typologi": "Skybrudsveje",
    "note": "planned surface route — could carry a river",
    "klima_id": "BIR5.5"
   },
   "geometry": {
    "type": "LineString",
    "coordinates": [
     [
      12.526169,
      55.703108
     ],
     [
      12.52514,
      55.703484
     ],
     [
      12.52487,
      55.703312
     ]
    ]
   }
  },
  {
   "type": "Feature",
   "properties": {
    "kind": "river",
    "role": "interceptor",
    "typologi": "Skybrudsledning",
    "note": "planned as a pipe — retrofit candidate",
    "klima_id": "BIR11.4"
   },
   "geometry": {
    "type": "LineString",
    "coordinates": [
     [
      12.561798,
      55.723963
     ],
     [
      12.561606,
      55.722484
     ]
    ]
   }
  },
  {
   "type": "Feature",
   "properties": {
    "kind": "river",
    "role": "interceptor",
    "typologi": "Skybrudsledning",
    "note": "planned as a pipe — retrofit candidate",
    "klima_id": "BIR11.4"
   },
   "geometry": {
    "type": "LineString",
    "coordinates": [
     [
      12.558625,
      55.722409
     ],
     [
      12.561606,
      55.722484
     ]
    ]
   }
  },
  {
   "type": "Feature",
   "properties": {
    "kind": "river",
    "role": "open_channel",
    "typologi": "Skybrudsveje",
    "note": "planned surface route — could carry a river",
    "klima_id": "BIR3.1"
   },
   "geometry": {
    "type": "LineString",
    "coordinates": [
     [
      12.58055,
      55.720326
     ],
     [
      12.580489,
      55.71995
     ],
     [
      12.580683,
      55.719393
     ],
     [
      12.580761,
      55.719148
     ],
     [
      12.580757,
      55.719148
     ],
     [
      12.580864,
      55.718721
     ]
    ]
   }
  },
  {
   "type": "Feature",
   "properties": {
    "kind": "river",
    "role": "open_channel",
    "typologi": "Skybrudsveje",
    "note": "planned surface route — could carry a river",
    "klima_id": "BIR3.1"
   },
   "geometry": {
    "type": "LineString",
    "coordinates": [
     [
      12.581402,
      55.716905
     ],
     [
      12.581178,
      55.717684
     ],
     [
      12.581037,
      55.718134
     ]
    ]
   }
  },
  {
   "type": "Feature",
   "properties": {
    "kind": "river",
    "role": "interceptor",
    "typologi": "Skybrudsledning",
    "note": "planned as a pipe — retrofit candidate",
    "klima_id": "BIR11.4"
   },
   "geometry": {
    "type": "LineString",
    "coordinates": [
     [
      12.561606,
      55.722484
     ],
     [
      12.562806,
      55.7221
     ],
     [
      12.563259,
      55.721982
     ]
    ]
   }
  },
  {
   "type": "Feature",
   "properties": {
    "kind": "river",
    "role": "open_channel",
    "typologi": "Skybrudsveje",
    "note": "planned surface route — could carry a river",
    "klima_id": "BIR3.1"
   },
   "geometry": {
    "type": "LineString",
    "coordinates": [
     [
      12.578399,
      55.718877
     ],
     [
      12.580151,
      55.719087
     ]
    ]
   }
  },
  {
   "type": "Feature",
   "properties": {
    "kind": "river",
    "role": "open_channel",
    "typologi": "Skybrudsveje",
    "note": "planned surface route — could carry a river",
    "klima_id": "BIR13.3"
   },
   "geometry": {
    "type": "LineString",
    "coordinates": [
     [
      12.500187,
      55.701606
     ],
     [
      12.499972,
      55.702374
     ],
     [
      12.499848,
      55.702572
     ],
     [
      12.499547,
      55.702838
     ],
     [
      12.499226,
      55.703105
     ],
     [
      12.499088,
      55.703149
     ]
    ]
   }
  },
  {
   "type": "Feature",
   "properties": {
    "kind": "river",
    "role": "interceptor",
    "typologi": "Skybrudsledning",
    "note": "planned as a pipe — retrofit candidate",
    "klima_id": "BIR14.1"
   },
   "geometry": {
    "type": "LineString",
    "coordinates": [
     [
      12.49386,
      55.705174
     ],
     [
      12.494539,
      55.705093
     ],
     [
      12.494729,
      55.705831
     ],
     [
      12.494349,
      55.706496
     ],
     [
      12.494402,
      55.707024
     ]
    ]
   }
  },
  {
   "type": "Feature",
   "properties": {
    "kind": "river",
    "role": "open_channel",
    "typologi": "mix",
    "note": "planned surface route — could carry a river",
    "klima_id": "BIR16.1"
   },
   "geometry": {
    "type": "LineString",
    "coordinates": [
     [
      12.512025,
      55.708699
     ],
     [
      12.512219,
      55.708905
     ],
     [
      12.51241,
      55.709127
     ],
     [
      12.512492,
      55.709253
     ],
     [
      12.512623,
      55.709513
     ],
     [
      12.512682,
      55.709705
     ],
     [
      12.512719,
      55.709971
     ],
     [
      12.512728,
      55.710106
     ],
     [
      12.512712,
      55.710371
     ],
     [
      12.512586,
      55.710777
     ],
     [
      12.51252,
      55.710941
     ],
     [
      12.512192,
      55.711678
     ],
     [
      12.512502,
      55.711964
     ]
    ]
   }
  },
  {
   "type": "Feature",
   "properties": {
    "kind": "river",
    "role": "open_channel",
    "typologi": "Skybrudsveje",
    "note": "planned surface route — could carry a river",
    "klima_id": "BIR7.9"
   },
   "geometry": {
    "type": "LineString",
    "coordinates": [
     [
      12.538047,
      55.717179
     ],
     [
      12.5387,
      55.717915
     ]
    ]
   }
  },
  {
   "type": "Feature",
   "properties": {
    "kind": "river",
    "role": "open_channel",
    "typologi": "Skybrudsveje",
    "note": "planned surface route — could carry a river",
    "klima_id": "BIR12.1&12.3"
   },
   "geometry": {
    "type": "LineString",
    "coordinates": [
     [
      12.47979,
      55.718813
     ],
     [
      12.479228,
      55.718144
     ]
    ]
   }
  },
  {
   "type": "Feature",
   "properties": {
    "kind": "river",
    "role": "open_channel",
    "typologi": "Forsinkelsesveje",
    "note": "planned surface route — could carry a river",
    "klima_id": "BIR5.3"
   },
   "geometry": {
    "type": "LineString",
    "coordinates": [
     [
      12.521199,
      55.708613
     ],
     [
      12.521432,
      55.709386
     ],
     [
      12.521447,
      55.709445
     ],
     [
      12.521701,
      55.709926
     ]
    ]
   }
  },
  {
   "type": "Feature",
   "properties": {
    "kind": "river",
    "role": "open_channel",
    "typologi": "Skybrudsveje",
    "note": "planned surface route — could carry a river",
    "klima_id": "KV27"
   },
   "geometry": {
    "type": "LineString",
    "coordinates": [
     [
      12.483791,
      55.665005
     ],
     [
      12.483446,
      55.664704
     ],
     [
      12.483172,
      55.664379
     ],
     [
      12.48308,
      55.664205
     ]
    ]
   }
  },
  {
   "type": "Feature",
   "properties": {
    "kind": "river",
    "role": "open_channel",
    "typologi": "Skybrudsveje",
    "note": "planned surface route — could carry a river",
    "klima_id": "BIR5.5"
   },
   "geometry": {
    "type": "LineString",
    "coordinates": [
     [
      12.523403,
      55.707039
     ],
     [
      12.525402,
      55.706386
     ],
     [
      12.525308,
      55.7063
     ],
     [
      12.525119,
      55.706143
     ],
     [
      12.527397,
      55.705242
     ],
     [
      12.529191,
      55.704541
     ]
    ]
   }
  },
  {
   "type": "Feature",
   "properties": {
    "kind": "river",
    "role": "open_channel",
    "typologi": "Skybrudsveje",
    "note": "planned surface route — could carry a river",
    "klima_id": "BIR15.1"
   },
   "geometry": {
    "type": "LineString",
    "coordinates": [
     [
      12.504986,
      55.704858
     ],
     [
      12.504997,
      55.705219
     ],
     [
      12.505733,
      55.70533
     ]
    ]
   }
  },
  {
   "type": "Feature",
   "properties": {
    "kind": "river",
    "role": "open_channel",
    "typologi": "Forsinkelsesveje",
    "note": "planned surface route — could carry a river",
    "klima_id": "BIR2.3"
   },
   "geometry": {
    "type": "LineString",
    "coordinates": [
     [
      12.572784,
      55.724441
     ],
     [
      12.574408,
      55.724401
     ]
    ]
   }
  },
  {
   "type": "Feature",
   "properties": {
    "kind": "river",
    "role": "open_channel",
    "typologi": "Skybrudsveje",
    "note": "planned surface route — could carry a river",
    "klima_id": "BIR3.1"
   },
   "geometry": {
    "type": "LineString",
    "coordinates": [
     [
      12.582931,
      55.717818
     ],
     [
      12.5818,
      55.717736
     ]
    ]
   }
  },
  {
   "type": "Feature",
   "properties": {
    "kind": "river",
    "role": "interceptor",
    "typologi": "Skybrudsledning",
    "note": "planned as a pipe — retrofit candidate",
    "klima_id": "BIR20.1"
   },
   "geometry": {
    "type": "LineString",
    "coordinates": [
     [
      12.546053,
      55.72125
     ],
     [
      12.54725,
      55.721921
     ]
    ]
   }
  },
  {
   "type": "Feature",
   "properties": {
    "kind": "river",
    "role": "open_channel",
    "typologi": "Grønne veje",
    "note": "planned surface route — could carry a river",
    "klima_id": "Frederiksberg"
   },
   "geometry": {
    "type": "LineString",
    "coordinates": [
     [
      12.516165,
      55.681059
     ],
     [
      12.515338,
      55.680004
     ],
     [
      12.514921,
      55.680054
     ],
     [
      12.514397,
      55.679165
     ]
    ]
   }
  },
  {
   "type": "Feature",
   "properties": {
    "kind": "river",
    "role": "open_channel",
    "typologi": "Grønne veje",
    "note": "planned surface route — could carry a river",
    "klima_id": "Frederiksberg"
   },
   "geometry": {
    "type": "LineString",
    "coordinates": [
     [
      12.514601,
      55.670333
     ],
     [
      12.514514,
      55.669836
     ]
    ]
   }
  },
  {
   "type": "Feature",
   "properties": {
    "kind": "river",
    "role": "open_channel",
    "typologi": "Grønne veje",
    "note": "planned surface route — could carry a river",
    "klima_id": "Frederiksberg"
   },
   "geometry": {
    "type": "LineString",
    "coordinates": [
     [
      12.525496,
      55.693241
     ],
     [
      12.526958,
      55.694648
     ]
    ]
   }
  },
  {
   "type": "Feature",
   "properties": {
    "kind": "river",
    "role": "open_channel",
    "typologi": "mix",
    "note": "planned surface route — could carry a river",
    "klima_id": "BIR2.3"
   },
   "geometry": {
    "type": "LineString",
    "coordinates": [
     [
      12.574337,
      55.725283
     ],
     [
      12.574408,
      55.724401
     ],
     [
      12.574511,
      55.723565
     ],
     [
      12.574607,
      55.722859
     ]
    ]
   }
  },
  {
   "type": "Feature",
   "properties": {
    "kind": "river",
    "role": "interceptor",
    "typologi": "Skybrudsledning",
    "note": "planned as a pipe — retrofit candidate",
    "klima_id": "BIR5.8"
   },
   "geometry": {
    "type": "LineString",
    "coordinates": [
     [
      12.536479,
      55.703514
     ],
     [
      12.536508,
      55.703237
     ],
     [
      12.53715,
      55.703271
     ],
     [
      12.537719,
      55.70329
     ],
     [
      12.537916,
      55.704
     ],
     [
      12.538111,
      55.70493
     ],
     [
      12.538326,
      55.706115
     ],
     [
      12.538326,
      55.706114
     ]
    ]
   }
  },
  {
   "type": "Feature",
   "properties": {
    "kind": "river",
    "role": "open_channel",
    "typologi": "Grønne veje",
    "note": "planned surface route — could carry a river",
    "klima_id": "BIR18.3"
   },
   "geometry": {
    "type": "LineString",
    "coordinates": [
     [
      12.528907,
      55.719622
     ],
     [
      12.528442,
      55.719309
     ],
     [
      12.528099,
      55.719163
     ],
     [
      12.527763,
      55.719075
     ]
    ]
   }
  },
  {
   "type": "Feature",
   "properties": {
    "kind": "river",
    "role": "open_channel",
    "typologi": "mix",
    "note": "planned surface route — could carry a river",
    "klima_id": "AM9"
   },
   "geometry": {
    "type": "LineString",
    "coordinates": [
     [
      12.619047,
      55.654173
     ],
     [
      12.622766,
      55.65494
     ],
     [
      12.625328,
      55.655478
     ],
     [
      12.626713,
      55.655758
     ],
     [
      12.629061,
      55.656132
     ]
    ]
   }
  },
  {
   "type": "Feature",
   "properties": {
    "kind": "river",
    "role": "open_channel",
    "typologi": "Skybrudsveje",
    "note": "planned surface route — could carry a river",
    "klima_id": "AM49"
   },
   "geometry": {
    "type": "LineString",
    "coordinates": [
     [
      12.585525,
      55.637986
     ],
     [
      12.586744,
      55.638068
     ],
     [
      12.588085,
      55.638126
     ],
     [
      12.58871,
      55.638117
     ],
     [
      12.588695,
      55.637388
     ]
    ]
   }
  },
  {
   "type": "Feature",
   "properties": {
    "kind": "river",
    "role": "interceptor",
    "typologi": "Skybrudsledning",
    "note": "planned as a pipe — retrofit candidate",
    "klima_id": "OS24"
   },
   "geometry": {
    "type": "LineString",
    "coordinates": [
     [
      12.583787,
      55.707943
     ],
     [
      12.583137,
      55.707289
     ],
     [
      12.582646,
      55.706801
     ],
     [
      12.580328,
      55.706796
     ],
     [
      12.57768,
      55.706799
     ]
    ]
   }
  },
  {
   "type": "Feature",
   "properties": {
    "kind": "river",
    "role": "open_channel",
    "typologi": "Grønne veje",
    "note": "planned surface route — could carry a river",
    "klima_id": "Frederiksberg"
   },
   "geometry": {
    "type": "LineString",
    "coordinates": [
     [
      12.51816,
      55.680801
     ],
     [
      12.517386,
      55.679413
     ]
    ]
   }
  },
  {
   "type": "Feature",
   "properties": {
    "kind": "river",
    "role": "open_channel",
    "typologi": "Grønne veje",
    "note": "planned surface route — could carry a river",
    "klima_id": "BIR14.4"
   },
   "geometry": {
    "type": "LineString",
    "coordinates": [
     [
      12.486649,
      55.708696
     ],
     [
      12.487217,
      55.708788
     ],
     [
      12.487509,
      55.708849
     ],
     [
      12.487789,
      55.708926
     ],
     [
      12.488001,
      55.709012
     ],
     [
      12.488205,
      55.709153
     ],
     [
      12.488309,
      55.70925
     ],
     [
      12.488449,
      55.709439
     ],
     [
      12.488557,
      55.709582
     ]
    ]
   }
  },
  {
   "type": "Feature",
   "properties": {
    "kind": "river",
    "role": "open_channel",
    "typologi": "Grønne veje",
    "note": "planned surface route — could carry a river",
    "klima_id": "BIR14.4"
   },
   "geometry": {
    "type": "LineString",
    "coordinates": [
     [
      12.491985,
      55.711127
     ],
     [
      12.492481,
      55.711028
     ],
     [
      12.49316,
      55.710985
     ],
     [
      12.493633,
      55.71108
     ],
     [
      12.493898,
      55.711188
     ],
     [
      12.494096,
      55.711287
     ]
    ]
   }
  },
  {
   "type": "Feature",
   "properties": {
    "kind": "river",
    "role": "open_channel",
    "typologi": "Skybrudsveje",
    "note": "planned surface route — could carry a river",
    "klima_id": "BIR14.2"
   },
   "geometry": {
    "type": "LineString",
    "coordinates": [
     [
      12.499156,
      55.706664
     ],
     [
      12.498413,
      55.706673
     ],
     [
      12.498334,
      55.706672
     ],
     [
      12.498942,
      55.709865
     ],
     [
      12.499048,
      55.710395
     ],
     [
      12.499088,
      55.710532
     ],
     [
      12.499455,
      55.711414
     ],
     [
      12.499697,
      55.712652
     ]
    ]
   }
  },
  {
   "type": "Feature",
   "properties": {
    "kind": "river",
    "role": "interceptor",
    "typologi": "Skybrudsledning",
    "note": "planned as a pipe — retrofit candidate",
    "klima_id": "BIR14.2"
   },
   "geometry": {
    "type": "LineString",
    "coordinates": [
     [
      12.49932,
      55.707232
     ],
     [
      12.498708,
      55.7072
     ],
     [
      12.498439,
      55.707221
     ],
     [
      12.498487,
      55.707474
     ]
    ]
   }
  },
  {
   "type": "Feature",
   "properties": {
    "kind": "river",
    "role": "open_channel",
    "typologi": "Skybrudsveje",
    "note": "planned surface route — could carry a river",
    "klima_id": "BIR13.2"
   },
   "geometry": {
    "type": "LineString",
    "coordinates": [
     [
      12.492814,
      55.704637
     ],
     [
      12.493611,
      55.704588
     ],
     [
      12.494327,
      55.704542
     ]
    ]
   }
  },
  {
   "type": "Feature",
   "properties": {
    "kind": "river",
    "role": "open_channel",
    "typologi": "Skybrudsveje",
    "note": "planned surface route — could carry a river",
    "klima_id": "BIR14.1"
   },
   "geometry": {
    "type": "LineString",
    "coordinates": [
     [
      12.49447,
      55.708439
     ],
     [
      12.4945,
      55.709218
     ],
     [
      12.494755,
      55.709987
     ],
     [
      12.494512,
      55.710741
     ],
     [
      12.494274,
      55.711548
     ]
    ]
   }
  },
  {
   "type": "Feature",
   "properties": {
    "kind": "river",
    "role": "open_channel",
    "typologi": "Skybrudsveje",
    "note": "planned surface route — could carry a river",
    "klima_id": "BIR11.5"
   },
   "geometry": {
    "type": "LineString",
    "coordinates": [
     [
      12.565664,
      55.728628
     ],
     [
      12.565652,
      55.728607
     ],
     [
      12.56566,
      55.728561
     ],
     [
      12.565736,
      55.72857
     ],
     [
      12.56575,
      55.728541
     ],
     [
      12.565689,
      55.72852
     ],
     [
      12.56577,
      55.728427
     ],
     [
      12.565679,
      55.728389
     ],
     [
      12.565757,
      55.728276
     ],
     [
      12.565923,
      55.728078
     ],
     [
      12.565876,
      55.727932
     ],
     [
      12.565763,
      55.727835
     ]
    ]
   }
  },
  {
   "type": "Feature",
   "properties": {
    "kind": "river",
    "role": "open_channel",
    "typologi": "Grønne veje",
    "note": "planned surface route — could carry a river",
    "klima_id": "BIR20.3"
   },
   "geometry": {
    "type": "LineString",
    "coordinates": [
     [
      12.549964,
      55.721606
     ],
     [
      12.54963,
      55.721527
     ],
     [
      12.549076,
      55.721452
     ],
     [
      12.548474,
      55.721451
     ],
     [
      12.547129,
      55.721488
     ],
     [
      12.546784,
      55.721501
     ],
     [
      12.546555,
      55.721513
     ],
     [
      12.546076,
      55.721751
     ],
     [
      12.54566,
      55.721964
     ],
     [
      12.545573,
      55.722029
     ]
    ]
   }
  },
  {
   "type": "Feature",
   "properties": {
    "kind": "river",
    "role": "interceptor",
    "typologi": "Skybrudsledning",
    "note": "planned as a pipe — retrofit candidate",
    "klima_id": "AM53"
   },
   "geometry": {
    "type": "LineString",
    "coordinates": [
     [
      12.58636,
      55.665663
     ],
     [
      12.586312,
      55.665923
     ],
     [
      12.58714,
      55.666626
     ],
     [
      12.587424,
      55.667115
     ],
     [
      12.587509,
      55.667609
     ],
     [
      12.587526,
      55.667791
     ]
    ]
   }
  },
  {
   "type": "Feature",
   "properties": {
    "kind": "river",
    "role": "open_channel",
    "typologi": "Grønne veje",
    "note": "planned surface route — could carry a river",
    "klima_id": "BIR18.3"
   },
   "geometry": {
    "type": "LineString",
    "coordinates": [
     [
      12.527112,
      55.720568
     ],
     [
      12.527374,
      55.72069
     ],
     [
      12.52767,
      55.720728
     ],
     [
      12.527909,
      55.720655
     ]
    ]
   }
  },
  {
   "type": "Feature",
   "properties": {
    "kind": "river",
    "role": "open_channel",
    "typologi": "Grønne veje",
    "note": "planned surface route — could carry a river",
    "klima_id": "BIR16.5"
   },
   "geometry": {
    "type": "LineString",
    "coordinates": [
     [
      12.505689,
      55.713444
     ],
     [
      12.505952,
      55.713789
     ],
     [
      12.506246,
      55.714142
     ],
     [
      12.506536,
      55.71433
     ],
     [
      12.507036,
      55.714534
     ]
    ]
   }
  },
  {
   "type": "Feature",
   "properties": {
    "kind": "river",
    "role": "open_channel",
    "typologi": "mix",
    "note": "planned surface route — could carry a river",
    "klima_id": "BIR16.1"
   },
   "geometry": {
    "type": "LineString",
    "coordinates": [
     [
      12.514192,
      55.713006
     ],
     [
      12.515055,
      55.713458
     ]
    ]
   }
  },
  {
   "type": "Feature",
   "properties": {
    "kind": "river",
    "role": "open_channel",
    "typologi": "Grønne veje",
    "note": "planned surface route — could carry a river",
    "klima_id": "BIR16.5"
   },
   "geometry": {
    "type": "LineString",
    "coordinates": [
     [
      12.513998,
      55.716728
     ],
     [
      12.513995,
      55.71699
     ],
     [
      12.513854,
      55.717216
     ],
     [
      12.513655,
      55.717383
     ]
    ]
   }
  },
  {
   "type": "Feature",
   "properties": {
    "kind": "river",
    "role": "open_channel",
    "typologi": "Grønne veje",
    "note": "planned surface route — could carry a river",
    "klima_id": "Frederiksberg"
   },
   "geometry": {
    "type": "LineString",
    "coordinates": [
     [
      12.534681,
      55.684036
     ],
     [
      12.53629,
      55.683637
     ]
    ]
   }
  },
  {
   "type": "Feature",
   "properties": {
    "kind": "river",
    "role": "open_channel",
    "typologi": "Skybrudsveje",
    "note": "planned surface route — could carry a river",
    "klima_id": "BIR11.3"
   },
   "geometry": {
    "type": "LineString",
    "coordinates": [
     [
      12.561368,
      55.720043
     ],
     [
      12.56265,
      55.721178
     ]
    ]
   }
  },
  {
   "type": "Feature",
   "properties": {
    "kind": "river",
    "role": "interceptor",
    "typologi": "Skybrudsledning",
    "note": "planned as a pipe — retrofit candidate",
    "klima_id": "BIR19.3"
   },
   "geometry": {
    "type": "LineString",
    "coordinates": [
     [
      12.537606,
      55.724391
     ],
     [
      12.537751,
      55.725377
     ],
     [
      12.540157,
      55.725795
     ]
    ]
   }
  },
  {
   "type": "Feature",
   "properties": {
    "kind": "river",
    "role": "interceptor",
    "typologi": "Skybrudsledning",
    "note": "planned as a pipe — retrofit candidate",
    "klima_id": "OS40"
   },
   "geometry": {
    "type": "LineString",
    "coordinates": [
     [
      12.591032,
      55.702748
     ],
     [
      12.594973,
      55.702733
     ]
    ]
   }
  },
  {
   "type": "Feature",
   "properties": {
    "kind": "river",
    "role": "open_channel",
    "typologi": "mix",
    "note": "planned surface route — could carry a river",
    "klima_id": "BIR5.7"
   },
   "geometry": {
    "type": "LineString",
    "coordinates": [
     [
      12.532351,
      55.706431
     ],
     [
      12.53666,
      55.706432
     ],
     [
      12.537952,
      55.706183
     ]
    ]
   }
  },
  {
   "type": "Feature",
   "properties": {
    "kind": "river",
    "role": "open_channel",
    "typologi": "mix",
    "note": "planned surface route — could carry a river",
    "klima_id": "BIR5.7"
   },
   "geometry": {
    "type": "LineString",
    "coordinates": [
     [
      12.536864,
      55.707344
     ],
     [
      12.536802,
      55.706743
     ]
    ]
   }
  },
  {
   "type": "Feature",
   "properties": {
    "kind": "river",
    "role": "open_channel",
    "typologi": "Skybrudsveje",
    "note": "planned surface route — could carry a river",
    "klima_id": "BIR15.1"
   },
   "geometry": {
    "type": "LineString",
    "coordinates": [
     [
      12.508391,
      55.70462
     ],
     [
      12.506315,
      55.704295
     ]
    ]
   }
  },
  {
   "type": "Feature",
   "properties": {
    "kind": "river",
    "role": "interceptor",
    "typologi": "Skybrudsledning",
    "note": "planned as a pipe — retrofit candidate",
    "klima_id": "AM59"
   },
   "geometry": {
    "type": "LineString",
    "coordinates": [
     [
      12.596873,
      55.661722
     ],
     [
      12.593935,
      55.663154
     ],
     [
      12.594231,
      55.663995
     ],
     [
      12.593971,
      55.664094
     ]
    ]
   }
  },
  {
   "type": "Feature",
   "properties": {
    "kind": "river",
    "role": "open_channel",
    "typologi": "mix",
    "note": "planned surface route — could carry a river",
    "klima_id": "BIR5.6"
   },
   "geometry": {
    "type": "LineString",
    "coordinates": [
     [
      12.52911,
      55.706413
     ],
     [
      12.531622,
      55.705737
     ]
    ]
   }
  },
  {
   "type": "Feature",
   "properties": {
    "kind": "river",
    "role": "open_channel",
    "typologi": "Skybrudsveje",
    "note": "planned surface route — could carry a river",
    "klima_id": "BIR5.5"
   },
   "geometry": {
    "type": "LineString",
    "coordinates": [
     [
      12.527505,
      55.704156
     ],
     [
      12.528095,
      55.703916
     ],
     [
      12.528604,
      55.704326
     ]
    ]
   }
  },
  {
   "type": "Feature",
   "properties": {
    "kind": "river",
    "role": "open_channel",
    "typologi": "Forsinkelsesveje",
    "note": "planned surface route — could carry a river",
    "klima_id": "BIR2.3"
   },
   "geometry": {
    "type": "LineString",
    "coordinates": [
     [
      12.570665,
      55.726377
     ],
     [
      12.57103,
      55.725169
     ],
     [
      12.570916,
      55.724682
     ],
     [
      12.572237,
      55.724488
     ],
     [
      12.572254,
      55.724487
     ]
    ]
   }
  },
  {
   "type": "Feature",
   "properties": {
    "kind": "river",
    "role": "open_channel",
    "typologi": "mix",
    "note": "planned surface route — could carry a river",
    "klima_id": "BIR5.5"
   },
   "geometry": {
    "type": "LineString",
    "coordinates": [
     [
      12.526212,
      55.703097
     ],
     [
      12.527146,
      55.703886
     ]
    ]
   }
  },
  {
   "type": "Feature",
   "properties": {
    "kind": "river",
    "role": "open_channel",
    "typologi": "Forsinkelsesveje",
    "note": "planned surface route — could carry a river",
    "klima_id": "VEL10"
   },
   "geometry": {
    "type": "LineString",
    "coordinates": [
     [
      12.547705,
      55.667476
     ],
     [
      12.554016,
      55.669404
     ]
    ]
   }
  },
  {
   "type": "Feature",
   "properties": {
    "kind": "river",
    "role": "open_channel",
    "typologi": "Skybrudsveje",
    "note": "planned surface route — could carry a river",
    "klima_id": "VEL10"
   },
   "geometry": {
    "type": "LineString",
    "coordinates": [
     [
      12.555304,
      55.669791
     ],
     [
      12.556234,
      55.670077
     ],
     [
      12.556993,
      55.670298
     ]
    ]
   }
  },
  {
   "type": "Feature",
   "properties": {
    "kind": "river",
    "role": "open_channel",
    "typologi": "Skybrudsveje",
    "note": "planned surface route — could carry a river",
    "klima_id": "VEL30"
   },
   "geometry": {
    "type": "LineString",
    "coordinates": [
     [
      12.548521,
      55.694079
     ],
     [
      12.543678,
      55.689839
     ]
    ]
   }
  },
  {
   "type": "Feature",
   "properties": {
    "kind": "river",
    "role": "open_channel",
    "typologi": "mix",
    "note": "planned surface route — could carry a river",
    "klima_id": "VEL6"
   },
   "geometry": {
    "type": "LineString",
    "coordinates": [
     [
      12.539097,
      55.666488
     ],
     [
      12.539394,
      55.666466
     ],
     [
      12.540009,
      55.666402
     ]
    ]
   }
  },
  {
   "type": "Feature",
   "properties": {
    "kind": "river",
    "role": "open_channel",
    "typologi": "Skybrudsveje",
    "note": "planned surface route — could carry a river",
    "klima_id": "BIR13.3"
   },
   "geometry": {
    "type": "LineString",
    "coordinates": [
     [
      12.499012,
      55.701057
     ],
     [
      12.498851,
      55.702314
     ],
     [
      12.499303,
      55.702599
     ],
     [
      12.498841,
      55.702948
     ]
    ]
   }
  },
  {
   "type": "Feature",
   "properties": {
    "kind": "river",
    "role": "open_channel",
    "typologi": "Skybrudsveje",
    "note": "planned surface route — could carry a river",
    "klima_id": "BIR2.2"
   },
   "geometry": {
    "type": "LineString",
    "coordinates": [
     [
      12.576344,
      55.726503
     ],
     [
      12.576957,
      55.725168
     ],
     [
      12.577596,
      55.723351
     ],
     [
      12.577683,
      55.722769
     ],
     [
      12.577323,
      55.721771
     ]
    ]
   }
  },
  {
   "type": "Feature",
   "properties": {
    "kind": "river",
    "role": "open_channel",
    "typologi": "Skybrudsveje",
    "note": "planned surface route — could carry a river",
    "klima_id": "BIR5.8"
   },
   "geometry": {
    "type": "LineString",
    "coordinates": [
     [
      12.533361,
      55.70418
     ],
     [
      12.533859,
      55.704267
     ],
     [
      12.534703,
      55.703969
     ],
     [
      12.535915,
      55.703769
     ],
     [
      12.535905,
      55.703616
     ],
     [
      12.536237,
      55.703554
     ]
    ]
   }
  },
  {
   "type": "Feature",
   "properties": {
    "kind": "river",
    "role": "interceptor",
    "typologi": "Skybrudsledning",
    "note": "planned as a pipe — retrofit candidate",
    "klima_id": "BIR5.6"
   },
   "geometry": {
    "type": "LineString",
    "coordinates": [
     [
      12.529154,
      55.704546
     ],
     [
      12.530444,
      55.704051
     ],
     [
      12.531049,
      55.704506
     ],
     [
      12.53111,
      55.704566
     ],
     [
      12.53177,
      55.705214
     ]
    ]
   }
  },
  {
   "type": "Feature",
   "properties": {
    "kind": "river",
    "role": "open_channel",
    "typologi": "Grønne veje",
    "note": "planned surface route — could carry a river",
    "klima_id": "BIR18.4"
   },
   "geometry": {
    "type": "LineString",
    "coordinates": [
     [
      12.524111,
      55.722618
     ],
     [
      12.524305,
      55.722314
     ],
     [
      12.524454,
      55.722089
     ]
    ]
   }
  },
  {
   "type": "Feature",
   "properties": {
    "kind": "river",
    "role": "open_channel",
    "typologi": "Grønne veje",
    "note": "planned surface route — could carry a river",
    "klima_id": "BIR14.4"
   },
   "geometry": {
    "type": "LineString",
    "coordinates": [
     [
      12.497357,
      55.712276
     ],
     [
      12.496821,
      55.712395
     ],
     [
      12.496417,
      55.712442
     ],
     [
      12.496049,
      55.712452
     ],
     [
      12.495617,
      55.712402
     ]
    ]
   }
  },
  {
   "type": "Feature",
   "properties": {
    "kind": "river",
    "role": "interceptor",
    "typologi": "Skybrudsledning",
    "note": "planned as a pipe — retrofit candidate",
    "klima_id": "BIR11.1"
   },
   "geometry": {
    "type": "LineString",
    "coordinates": [
     [
      12.556394,
      55.718323
     ],
     [
      12.557903,
      55.718643
     ],
     [
      12.558614,
      55.717396
     ],
     [
      12.559003,
      55.717269
     ]
    ]
   }
  },
  {
   "type": "Feature",
   "properties": {
    "kind": "river",
    "role": "open_channel",
    "typologi": "Grønne veje",
    "note": "planned surface route — could carry a river",
    "klima_id": "Frederiksberg"
   },
   "geometry": {
    "type": "LineString",
    "coordinates": [
     [
      12.526068,
      55.681804
     ],
     [
      12.528478,
      55.681964
     ],
     [
      12.529649,
      55.68204
     ],
     [
      12.531468,
      55.682196
     ],
     [
      12.53186,
      55.682279
     ],
     [
      12.532007,
      55.68244
     ]
    ]
   }
  },
  {
   "type": "Feature",
   "properties": {
    "kind": "river",
    "role": "open_channel",
    "typologi": "Grønne veje",
    "note": "planned surface route — could carry a river",
    "klima_id": "Frederiksberg"
   },
   "geometry": {
    "type": "LineString",
    "coordinates": [
     [
      12.550002,
      55.674553
     ],
     [
      12.550361,
      55.675142
     ],
     [
      12.550722,
      55.675364
     ],
     [
      12.551274,
      55.676161
     ]
    ]
   }
  },
  {
   "type": "Feature",
   "properties": {
    "kind": "river",
    "role": "open_channel",
    "typologi": "Grønne veje",
    "note": "planned surface route — could carry a river",
    "klima_id": "Frederiksberg"
   },
   "geometry": {
    "type": "LineString",
    "coordinates": [
     [
      12.522448,
      55.684746
     ],
     [
      12.524323,
      55.684344
     ]
    ]
   }
  },
  {
   "type": "Feature",
   "properties": {
    "kind": "river",
    "role": "open_channel",
    "typologi": "Skybrudsveje",
    "note": "planned surface route — could carry a river",
    "klima_id": "Frederiksberg"
   },
   "geometry": {
    "type": "LineString",
    "coordinates": [
     [
      12.554394,
      55.67777
     ],
     [
      12.554746,
      55.678358
     ],
     [
      12.554869,
      55.678614
     ],
     [
      12.554827,
      55.679021
     ],
     [
      12.554831,
      55.679506
     ],
     [
      12.55574,
      55.679412
     ],
     [
      12.556395,
      55.67937
     ]
    ]
   }
  },
  {
   "type": "Feature",
   "properties": {
    "kind": "river",
    "role": "open_channel",
    "typologi": "Skybrudsveje",
    "note": "planned surface route — could carry a river",
    "klima_id": "Frederiksberg"
   },
   "geometry": {
    "type": "LineString",
    "coordinates": [
     [
      12.553202,
      55.680162
     ],
     [
      12.553394,
      55.680111
     ],
     [
      12.554006,
      55.679967
     ],
     [
      12.554289,
      55.679902
     ]
    ]
   }
  },
  {
   "type": "Feature",
   "properties": {
    "kind": "river",
    "role": "open_channel",
    "typologi": "Skybrudsveje",
    "note": "planned surface route — could carry a river",
    "klima_id": "Frederiksberg"
   },
   "geometry": {
    "type": "LineString",
    "coordinates": [
     [
      12.556684,
      55.681674
     ],
     [
      12.556285,
      55.681234
     ],
     [
      12.555596,
      55.680679
     ],
     [
      12.555172,
      55.680184
     ],
     [
      12.555055,
      55.680014
     ]
    ]
   }
  },
  {
   "type": "Feature",
   "properties": {
    "kind": "river",
    "role": "open_channel",
    "typologi": "mix",
    "note": "planned surface route — could carry a river",
    "klima_id": "NO17"
   },
   "geometry": {
    "type": "LineString",
    "coordinates": [
     [
      12.556089,
      55.695301
     ],
     [
      12.555181,
      55.694851
     ],
     [
      12.554207,
      55.694399
     ],
     [
      12.55308,
      55.69374
     ],
     [
      12.552676,
      55.693228
     ]
    ]
   }
  },
  {
   "type": "Feature",
   "properties": {
    "kind": "river",
    "role": "open_channel",
    "typologi": "Skybrudsveje",
    "note": "planned surface route — could carry a river",
    "klima_id": "Frederiksberg"
   },
   "geometry": {
    "type": "LineString",
    "coordinates": [
     [
      12.532158,
      55.686847
     ],
     [
      12.532097,
      55.686926
     ],
     [
      12.533379,
      55.688629
     ],
     [
      12.533943,
      55.689259
     ],
     [
      12.534421,
      55.689804
     ]
    ]
   }
  },
  {
   "type": "Feature",
   "properties": {
    "kind": "river",
    "role": "open_channel",
    "typologi": "mix",
    "note": "planned surface route — could carry a river",
    "klima_id": "VEL10"
   },
   "geometry": {
    "type": "LineString",
    "coordinates": [
     [
      12.554016,
      55.669404
     ],
     [
      12.554357,
      55.669508
     ],
     [
      12.554802,
      55.669648
     ]
    ]
   }
  },
  {
   "type": "Feature",
   "properties": {
    "kind": "river",
    "role": "open_channel",
    "typologi": "mix",
    "note": "planned surface route — could carry a river",
    "klima_id": "BIR5.6"
   },
   "geometry": {
    "type": "LineString",
    "coordinates": [
     [
      12.527687,
      55.706816
     ],
     [
      12.528365,
      55.706636
     ]
    ]
   }
  },
  {
   "type": "Feature",
   "properties": {
    "kind": "river",
    "role": "open_channel",
    "typologi": "Skybrudsveje",
    "note": "planned surface route — could carry a river",
    "klima_id": "OS4"
   },
   "geometry": {
    "type": "LineString",
    "coordinates": [
     [
      12.588126,
      55.709769
     ],
     [
      12.588282,
      55.709371
     ],
     [
      12.58847,
      55.709221
     ]
    ]
   }
  },
  {
   "type": "Feature",
   "properties": {
    "kind": "river",
    "role": "open_channel",
    "typologi": "mix",
    "note": "planned surface route — could carry a river",
    "klima_id": "VEL15"
   },
   "geometry": {
    "type": "LineString",
    "coordinates": [
     [
      12.547589,
      55.673223
     ],
     [
      12.548335,
      55.673178
     ],
     [
      12.550006,
      55.672706
     ]
    ]
   }
  },
  {
   "type": "Feature",
   "properties": {
    "kind": "river",
    "role": "open_channel",
    "typologi": "Skybrudsveje",
    "note": "planned surface route — could carry a river",
    "klima_id": "VEL1"
   },
   "geometry": {
    "type": "LineString",
    "coordinates": [
     [
      12.56089,
      55.667522
     ],
     [
      12.558694,
      55.668924
     ]
    ]
   }
  },
  {
   "type": "Feature",
   "properties": {
    "kind": "river",
    "role": "interceptor",
    "typologi": "Skybrudsledning",
    "note": "planned as a pipe — retrofit candidate",
    "klima_id": "OS21"
   },
   "geometry": {
    "type": "LineString",
    "coordinates": [
     [
      12.590939,
      55.701158
     ],
     [
      12.591239,
      55.701214
     ],
     [
      12.591032,
      55.702748
     ],
     [
      12.59095,
      55.703197
     ],
     [
      12.591028,
      55.703683
     ],
     [
      12.590889,
      55.704218
     ],
     [
      12.590799,
      55.704569
     ],
     [
      12.590013,
      55.704509
     ],
     [
      12.588087,
      55.70431
     ],
     [
      12.587366,
      55.704182
     ]
    ]
   }
  },
  {
   "type": "Feature",
   "properties": {
    "kind": "river",
    "role": "interceptor",
    "typologi": "Skybrudsledning",
    "note": "planned as a pipe — retrofit candidate",
    "klima_id": "OS21"
   },
   "geometry": {
    "type": "LineString",
    "coordinates": [
     [
      12.590232,
      55.704086
     ],
     [
      12.59064,
      55.704131
     ],
     [
      12.590889,
      55.704218
     ]
    ]
   }
  },
  {
   "type": "Feature",
   "properties": {
    "kind": "river",
    "role": "interceptor",
    "typologi": "Skybrudsledning",
    "note": "planned as a pipe — retrofit candidate",
    "klima_id": "OS21"
   },
   "geometry": {
    "type": "LineString",
    "coordinates": [
     [
      12.590793,
      55.703184
     ],
     [
      12.59095,
      55.703197
     ]
    ]
   }
  },
  {
   "type": "Feature",
   "properties": {
    "kind": "river",
    "role": "interceptor",
    "typologi": "Skybrudsledning",
    "note": "planned as a pipe — retrofit candidate",
    "klima_id": "OS21"
   },
   "geometry": {
    "type": "LineString",
    "coordinates": [
     [
      12.590779,
      55.702694
     ],
     [
      12.591032,
      55.702748
     ]
    ]
   }
  },
  {
   "type": "Feature",
   "properties": {
    "kind": "river",
    "role": "interceptor",
    "typologi": "Skybrudsledning",
    "note": "planned as a pipe — retrofit candidate",
    "klima_id": "OS21"
   },
   "geometry": {
    "type": "LineString",
    "coordinates": [
     [
      12.587804,
      55.703353
     ],
     [
      12.588134,
      55.703407
     ],
     [
      12.590593,
      55.703646
     ],
     [
      12.591028,
      55.703683
     ]
    ]
   }
  },
  {
   "type": "Feature",
   "properties": {
    "kind": "river",
    "role": "interceptor",
    "typologi": "Skybrudsledning",
    "note": "planned as a pipe — retrofit candidate",
    "klima_id": "OS22"
   },
   "geometry": {
    "type": "LineString",
    "coordinates": [
     [
      12.586424,
      55.70589
     ],
     [
      12.586625,
      55.705966
     ],
     [
      12.587454,
      55.706088
     ],
     [
      12.588487,
      55.706198
     ],
     [
      12.588837,
      55.706227
     ],
     [
      12.590003,
      55.706358
     ],
     [
      12.592146,
      55.70592
     ]
    ]
   }
  },
  {
   "type": "Feature",
   "properties": {
    "kind": "river",
    "role": "open_channel",
    "typologi": "Skybrudsveje",
    "note": "planned surface route — could carry a river",
    "klima_id": "OS4"
   },
   "geometry": {
    "type": "LineString",
    "coordinates": [
     [
      12.586009,
      55.709217
     ],
     [
      12.586069,
      55.709106
     ],
     [
      12.586414,
      55.708377
     ]
    ]
   }
  },
  {
   "type": "Feature",
   "properties": {
    "kind": "river",
    "role": "open_channel",
    "typologi": "Forsinkelsesveje",
    "note": "planned surface route — could carry a river",
    "klima_id": "OS8"
   },
   "geometry": {
    "type": "LineString",
    "coordinates": [
     [
      12.575087,
      55.700275
     ],
     [
      12.577295,
      55.701355
     ],
     [
      12.577327,
      55.699702
     ],
     [
      12.576455,
      55.699104
     ]
    ]
   }
  },
  {
   "type": "Feature",
   "properties": {
    "kind": "river",
    "role": "open_channel",
    "typologi": "Forsinkelsesveje",
    "note": "planned surface route — could carry a river",
    "klima_id": "OS8"
   },
   "geometry": {
    "type": "LineString",
    "coordinates": [
     [
      12.575214,
      55.700127
     ],
     [
      12.57696,
      55.70094
     ]
    ]
   }
  },
  {
   "type": "Feature",
   "properties": {
    "kind": "river",
    "role": "interceptor",
    "typologi": "Skybrudsledning",
    "note": "planned as a pipe — retrofit candidate",
    "klima_id": "OS26"
   },
   "geometry": {
    "type": "LineString",
    "coordinates": [
     [
      12.581433,
      55.705409
     ],
     [
      12.580855,
      55.704829
     ],
     [
      12.577705,
      55.704511
     ]
    ]
   }
  },
  {
   "type": "Feature",
   "properties": {
    "kind": "river",
    "role": "interceptor",
    "typologi": "Skybrudsledning",
    "note": "planned as a pipe — retrofit candidate",
    "klima_id": "OS26"
   },
   "geometry": {
    "type": "LineString",
    "coordinates": [
     [
      12.577671,
      55.705013
     ],
     [
      12.581433,
      55.705409
     ],
     [
      12.586279,
      55.705896
     ],
     [
      12.586438,
      55.705885
     ]
    ]
   }
  },
  {
   "type": "Feature",
   "properties": {
    "kind": "river",
    "role": "interceptor",
    "typologi": "Skybrudsledning",
    "note": "planned as a pipe — retrofit candidate",
    "klima_id": "OS26"
   },
   "geometry": {
    "type": "LineString",
    "coordinates": [
     [
      12.578287,
      55.705517
     ],
     [
      12.580611,
      55.705755
     ],
     [
      12.58077,
      55.705342
     ]
    ]
   }
  },
  {
   "type": "Feature",
   "properties": {
    "kind": "river",
    "role": "open_channel",
    "typologi": "mix",
    "note": "planned surface route — could carry a river",
    "klima_id": "OS7"
   },
   "geometry": {
    "type": "LineString",
    "coordinates": [
     [
      12.583787,
      55.707943
     ],
     [
      12.58418,
      55.708398
     ],
     [
      12.584526,
      55.708832
     ]
    ]
   }
  },
  {
   "type": "Feature",
   "properties": {
    "kind": "river",
    "role": "open_channel",
    "typologi": "mix",
    "note": "planned surface route — could carry a river",
    "klima_id": "OS1"
   },
   "geometry": {
    "type": "LineString",
    "coordinates": [
     [
      12.580614,
      55.709153
     ],
     [
      12.580615,
      55.709153
     ],
     [
      12.584148,
      55.709135
     ]
    ]
   }
  },
  {
   "type": "Feature",
   "properties": {
    "kind": "river",
    "role": "open_channel",
    "typologi": "Skybrudsveje",
    "note": "planned surface route — could carry a river",
    "klima_id": "OS4"
   },
   "geometry": {
    "type": "LineString",
    "coordinates": [
     [
      12.585867,
      55.707988
     ],
     [
      12.586591,
      55.708021
     ],
     [
      12.586733,
      55.708028
     ],
     [
      12.587528,
      55.708339
     ],
     [
      12.588658,
      55.708781
     ]
    ]
   }
  },
  {
   "type": "Feature",
   "properties": {
    "kind": "river",
    "role": "open_channel",
    "typologi": "mix",
    "note": "planned surface route — could carry a river",
    "klima_id": "Frederiksberg"
   },
   "geometry": {
    "type": "LineString",
    "coordinates": [
     [
      12.518786,
      55.684376
     ],
     [
      12.514171,
      55.685245
     ]
    ]
   }
  },
  {
   "type": "Feature",
   "properties": {
    "kind": "river",
    "role": "open_channel",
    "typologi": "Forsinkelsesveje",
    "note": "planned surface route — could carry a river",
    "klima_id": "AM1A"
   },
   "geometry": {
    "type": "LineString",
    "coordinates": [
     [
      12.580234,
      55.666824
     ],
     [
      12.581304,
      55.667689
     ]
    ]
   }
  },
  {
   "type": "Feature",
   "properties": {
    "kind": "river",
    "role": "open_channel",
    "typologi": "mix",
    "note": "planned surface route — could carry a river",
    "klima_id": "OS1"
   },
   "geometry": {
    "type": "LineString",
    "coordinates": [
     [
      12.586936,
      55.705127
     ],
     [
      12.587361,
      55.704372
     ]
    ]
   }
  },
  {
   "type": "Feature",
   "properties": {
    "kind": "river",
    "role": "open_channel",
    "typologi": "Skybrudsveje",
    "note": "planned surface route — could carry a river",
    "klima_id": "KV9"
   },
   "geometry": {
    "type": "LineString",
    "coordinates": [
     [
      12.48335,
      55.706662
     ],
     [
      12.480993,
      55.705965
     ],
     [
      12.480316,
      55.705764
     ],
     [
      12.479937,
      55.705667
     ],
     [
      12.479477,
      55.705573
     ],
     [
      12.479103,
      55.705527
     ]
    ]
   }
  },
  {
   "type": "Feature",
   "properties": {
    "kind": "river",
    "role": "open_channel",
    "typologi": "Skybrudsveje",
    "note": "planned surface route — could carry a river",
    "klima_id": "AM57"
   },
   "geometry": {
    "type": "LineString",
    "coordinates": [
     [
      12.576798,
      55.64115
     ],
     [
      12.570741,
      55.64142
     ],
     [
      12.564915,
      55.641694
     ]
    ]
   }
  },
  {
   "type": "Feature",
   "properties": {
    "kind": "river",
    "role": "open_channel",
    "typologi": "mix",
    "note": "planned surface route — could carry a river",
    "klima_id": "AM8B"
   },
   "geometry": {
    "type": "LineString",
    "coordinates": [
     [
      12.632957,
      55.650655
     ],
     [
      12.633449,
      55.649701
     ],
     [
      12.633814,
      55.648963
     ],
     [
      12.634019,
      55.648548
     ],
     [
      12.634071,
      55.648436
     ]
    ]
   }
  },
  {
   "type": "Feature",
   "properties": {
    "kind": "river",
    "role": "open_channel",
    "typologi": "mix",
    "note": "planned surface route — could carry a river",
    "klima_id": "AM8B"
   },
   "geometry": {
    "type": "LineString",
    "coordinates": [
     [
      12.632957,
      55.650655
     ],
     [
      12.632669,
      55.651248
     ],
     [
      12.632333,
      55.651784
     ],
     [
      12.632006,
      55.652303
     ],
     [
      12.631346,
      55.653319
     ],
     [
      12.630971,
      55.653882
     ],
     [
      12.630655,
      55.654357
     ],
     [
      12.630097,
      55.655204
     ],
     [
      12.629777,
      55.655791
     ],
     [
      12.629707,
      55.655901
     ]
    ]
   }
  },
  {
   "type": "Feature",
   "properties": {
    "kind": "river",
    "role": "open_channel",
    "typologi": "mix",
    "note": "planned surface route — could carry a river",
    "klima_id": "AM6"
   },
   "geometry": {
    "type": "LineString",
    "coordinates": [
     [
      12.618515,
      55.661107
     ],
     [
      12.619797,
      55.661229
     ],
     [
      12.62213,
      55.661403
     ],
     [
      12.62324,
      55.661436
     ],
     [
      12.624642,
      55.661507
     ]
    ]
   }
  },
  {
   "type": "Feature",
   "properties": {
    "kind": "river",
    "role": "open_channel",
    "typologi": "mix",
    "note": "planned surface route — could carry a river",
    "klima_id": "AM12B"
   },
   "geometry": {
    "type": "LineString",
    "coordinates": [
     [
      12.620586,
      55.645216
     ],
     [
      12.625697,
      55.646293
     ],
     [
      12.62774,
      55.646632
     ],
     [
      12.628447,
      55.646942
     ],
     [
      12.629877,
      55.647182
     ],
     [
      12.632396,
      55.647581
     ],
     [
      12.633612,
      55.647932
     ]
    ]
   }
  },
  {
   "type": "Feature",
   "properties": {
    "kind": "river",
    "role": "open_channel",
    "typologi": "Skybrudsveje",
    "note": "planned surface route — could carry a river",
    "klima_id": "KV81"
   },
   "geometry": {
    "type": "LineString",
    "coordinates": [
     [
      12.542799,
      55.653752
     ],
     [
      12.543207,
      55.653506
     ],
     [
      12.543782,
      55.653255
     ],
     [
      12.54471,
      55.652994
     ],
     [
      12.545698,
      55.652549
     ],
     [
      12.545838,
      55.651547
     ]
    ]
   }
  },
  {
   "type": "Feature",
   "properties": {
    "kind": "river",
    "role": "interceptor",
    "typologi": "Skybrudsledning",
    "note": "planned as a pipe — retrofit candidate",
    "klima_id": "OS5"
   },
   "geometry": {
    "type": "LineString",
    "coordinates": [
     [
      12.578539,
      55.704518
     ],
     [
      12.578881,
      55.703457
     ]
    ]
   }
  },
  {
   "type": "Feature",
   "properties": {
    "kind": "river",
    "role": "open_channel",
    "typologi": "Grønne veje",
    "note": "planned surface route — could carry a river",
    "klima_id": "KV65"
   },
   "geometry": {
    "type": "LineString",
    "coordinates": [
     [
      12.485579,
      55.668709
     ],
     [
      12.487043,
      55.66813
     ]
    ]
   }
  },
  {
   "type": "Feature",
   "properties": {
    "kind": "river",
    "role": "open_channel",
    "typologi": "Grønne veje",
    "note": "planned surface route — could carry a river",
    "klima_id": "KV65"
   },
   "geometry": {
    "type": "LineString",
    "coordinates": [
     [
      12.487273,
      55.665742
     ],
     [
      12.487061,
      55.665347
     ],
     [
      12.487062,
      55.66499
     ]
    ]
   }
  },
  {
   "type": "Feature",
   "properties": {
    "kind": "river",
    "role": "open_channel",
    "typologi": "Grønne veje",
    "note": "planned surface route — could carry a river",
    "klima_id": "AM4"
   },
   "geometry": {
    "type": "LineString",
    "coordinates": [
     [
      12.625129,
      55.668309
     ],
     [
      12.62415,
      55.66803
     ]
    ]
   }
  },
  {
   "type": "Feature",
   "properties": {
    "kind": "river",
    "role": "open_channel",
    "typologi": "Grønne veje",
    "note": "planned surface route — could carry a river",
    "klima_id": "AM1A"
   },
   "geometry": {
    "type": "LineString",
    "coordinates": [
     [
      12.589019,
      55.643294
     ],
     [
      12.589056,
      55.642654
     ],
     [
      12.589101,
      55.642354
     ]
    ]
   }
  },
  {
   "type": "Feature",
   "properties": {
    "kind": "river",
    "role": "open_channel",
    "typologi": "Skybrudsveje",
    "note": "planned surface route — could carry a river",
    "klima_id": "VEL43"
   },
   "geometry": {
    "type": "LineString",
    "coordinates": [
     [
      12.534155,
      55.698782
     ],
     [
      12.53474,
      55.699564
     ]
    ]
   }
  },
  {
   "type": "Feature",
   "properties": {
    "kind": "river",
    "role": "open_channel",
    "typologi": "Skybrudsveje",
    "note": "planned surface route — could carry a river",
    "klima_id": "VEL11"
   },
   "geometry": {
    "type": "LineString",
    "coordinates": [
     [
      12.545879,
      55.669621
     ],
     [
      12.547046,
      55.669696
     ],
     [
      12.549383,
      55.669813
     ],
     [
      12.550657,
      55.669838
     ],
     [
      12.552847,
      55.669939
     ],
     [
      12.553863,
      55.670002
     ],
     [
      12.553937,
      55.669749
     ]
    ]
   }
  },
  {
   "type": "Feature",
   "properties": {
    "kind": "river",
    "role": "open_channel",
    "typologi": "Grønne veje",
    "note": "planned surface route — could carry a river",
    "klima_id": "Frederiksberg"
   },
   "geometry": {
    "type": "LineString",
    "coordinates": [
     [
      12.549918,
      55.682332
     ],
     [
      12.549649,
      55.681944
     ],
     [
      12.548571,
      55.68034
     ]
    ]
   }
  },
  {
   "type": "Feature",
   "properties": {
    "kind": "river",
    "role": "open_channel",
    "typologi": "Grønne veje",
    "note": "planned surface route — could carry a river",
    "klima_id": "Frederiksberg"
   },
   "geometry": {
    "type": "LineString",
    "coordinates": [
     [
      12.545614,
      55.682863
     ],
     [
      12.549361,
      55.682039
     ]
    ]
   }
  },
  {
   "type": "Feature",
   "properties": {
    "kind": "river",
    "role": "open_channel",
    "typologi": "Forsinkelsesveje",
    "note": "planned surface route — could carry a river",
    "klima_id": "Frederiksberg"
   },
   "geometry": {
    "type": "LineString",
    "coordinates": [
     [
      12.531475,
      55.695781
     ],
     [
      12.530263,
      55.694432
     ]
    ]
   }
  },
  {
   "type": "Feature",
   "properties": {
    "kind": "river",
    "role": "open_channel",
    "typologi": "Forsinkelsesveje",
    "note": "planned surface route — could carry a river",
    "klima_id": "Frederiksberg"
   },
   "geometry": {
    "type": "LineString",
    "coordinates": [
     [
      12.533232,
      55.686587
     ],
     [
      12.534327,
      55.686332
     ]
    ]
   }
  },
  {
   "type": "Feature",
   "properties": {
    "kind": "river",
    "role": "open_channel",
    "typologi": "Skybrudsveje",
    "note": "planned surface route — could carry a river",
    "klima_id": "Frederiksberg"
   },
   "geometry": {
    "type": "LineString",
    "coordinates": [
     [
      12.544345,
      55.67341
     ],
     [
      12.544607,
      55.672868
     ],
     [
      12.544681,
      55.672767
     ],
     [
      12.544849,
      55.672505
     ]
    ]
   }
  },
  {
   "type": "Feature",
   "properties": {
    "kind": "river",
    "role": "open_channel",
    "typologi": "Forsinkelsesveje",
    "note": "planned surface route — could carry a river",
    "klima_id": "VEL18"
   },
   "geometry": {
    "type": "LineString",
    "coordinates": [
     [
      12.55915,
      55.675982
     ],
     [
      12.559218,
      55.67622
     ],
     [
      12.559633,
      55.677807
     ],
     [
      12.556489,
      55.678087
     ]
    ]
   }
  },
  {
   "type": "Feature",
   "properties": {
    "kind": "river",
    "role": "interceptor",
    "typologi": "Skybrudsledning",
    "note": "planned as a pipe — retrofit candidate",
    "klima_id": "BIR2.1"
   },
   "geometry": {
    "type": "LineString",
    "coordinates": [
     [
      12.566652,
      55.727632
     ],
     [
      12.567644,
      55.727512
     ],
     [
      12.568786,
      55.727384
     ],
     [
      12.569449,
      55.725065
     ],
     [
      12.570072,
      55.723974
     ],
     [
      12.568959,
      55.722681
     ]
    ]
   }
  },
  {
   "type": "Feature",
   "properties": {
    "kind": "river",
    "role": "open_channel",
    "typologi": "Skybrudsveje",
    "note": "planned surface route — could carry a river",
    "klima_id": "VEL1"
   },
   "geometry": {
    "type": "LineString",
    "coordinates": [
     [
      12.559245,
      55.667076
     ],
     [
      12.558264,
      55.667791
     ],
     [
      12.559054,
      55.668141
     ]
    ]
   }
  },
  {
   "type": "Feature",
   "properties": {
    "kind": "river",
    "role": "open_channel",
    "typologi": "Skybrudsveje",
    "note": "planned surface route — could carry a river",
    "klima_id": "VEL3"
   },
   "geometry": {
    "type": "LineString",
    "coordinates": [
     [
      12.547464,
      55.667157
     ],
     [
      12.547829,
      55.667105
     ],
     [
      12.551519,
      55.666545
     ],
     [
      12.551725,
      55.666528
     ]
    ]
   }
  },
  {
   "type": "Feature",
   "properties": {
    "kind": "river",
    "role": "open_channel",
    "typologi": "Skybrudsveje",
    "note": "planned surface route — could carry a river",
    "klima_id": "VEL31"
   },
   "geometry": {
    "type": "LineString",
    "coordinates": [
     [
      12.5602,
      55.688059
     ],
     [
      12.562301,
      55.687287
     ],
     [
      12.562673,
      55.687311
     ]
    ]
   }
  },
  {
   "type": "Feature",
   "properties": {
    "kind": "river",
    "role": "open_channel",
    "typologi": "Grønne veje",
    "note": "planned surface route — could carry a river",
    "klima_id": "BIR18.4"
   },
   "geometry": {
    "type": "LineString",
    "coordinates": [
     [
      12.525368,
      55.722115
     ],
     [
      12.525286,
      55.722428
     ],
     [
      12.525232,
      55.722666
     ]
    ]
   }
  },
  {
   "type": "Feature",
   "properties": {
    "kind": "river",
    "role": "open_channel",
    "typologi": "Grønne veje",
    "note": "planned surface route — could carry a river",
    "klima_id": "Frederiksberg"
   },
   "geometry": {
    "type": "LineString",
    "coordinates": [
     [
      12.545702,
      55.68339
     ],
     [
      12.544176,
      55.681454
     ]
    ]
   }
  },
  {
   "type": "Feature",
   "properties": {
    "kind": "river",
    "role": "open_channel",
    "typologi": "Grønne veje",
    "note": "planned surface route — could carry a river",
    "klima_id": "Frederiksberg"
   },
   "geometry": {
    "type": "LineString",
    "coordinates": [
     [
      12.499689,
      55.674913
     ],
     [
      12.500298,
      55.67304
     ]
    ]
   }
  },
  {
   "type": "Feature",
   "properties": {
    "kind": "river",
    "role": "open_channel",
    "typologi": "Grønne veje",
    "note": "planned surface route — could carry a river",
    "klima_id": "Frederiksberg"
   },
   "geometry": {
    "type": "LineString",
    "coordinates": [
     [
      12.506566,
      55.681371
     ],
     [
      12.505287,
      55.678939
     ]
    ]
   }
  },
  {
   "type": "Feature",
   "properties": {
    "kind": "river",
    "role": "open_channel",
    "typologi": "Grønne veje",
    "note": "planned surface route — could carry a river",
    "klima_id": "Frederiksberg"
   },
   "geometry": {
    "type": "LineString",
    "coordinates": [
     [
      12.52805,
      55.692117
     ],
     [
      12.529096,
      55.691819
     ]
    ]
   }
  },
  {
   "type": "Feature",
   "properties": {
    "kind": "river",
    "role": "open_channel",
    "typologi": "Grønne veje",
    "note": "planned surface route — could carry a river",
    "klima_id": "Frederiksberg"
   },
   "geometry": {
    "type": "LineString",
    "coordinates": [
     [
      12.529595,
      55.692298
     ],
     [
      12.528587,
      55.692624
     ]
    ]
   }
  },
  {
   "type": "Feature",
   "properties": {
    "kind": "river",
    "role": "open_channel",
    "typologi": "Forsinkelsesveje",
    "note": "planned surface route — could carry a river",
    "klima_id": "BIR2.3"
   },
   "geometry": {
    "type": "LineString",
    "coordinates": [
     [
      12.570914,
      55.725577
     ],
     [
      12.5728,
      55.725367
     ],
     [
      12.574337,
      55.725283
     ]
    ]
   }
  },
  {
   "type": "Feature",
   "properties": {
    "kind": "river",
    "role": "open_channel",
    "typologi": "Grønne veje",
    "note": "planned surface route — could carry a river",
    "klima_id": "Frederiksberg"
   },
   "geometry": {
    "type": "LineString",
    "coordinates": [
     [
      12.505824,
      55.678046
     ],
     [
      12.508306,
      55.678119
     ]
    ]
   }
  },
  {
   "type": "Feature",
   "properties": {
    "kind": "river",
    "role": "open_channel",
    "typologi": "Grønne veje",
    "note": "planned surface route — could carry a river",
    "klima_id": "Frederiksberg"
   },
   "geometry": {
    "type": "LineString",
    "coordinates": [
     [
      12.546341,
      55.684039
     ],
     [
      12.547004,
      55.684746
     ],
     [
      12.547263,
      55.685137
     ],
     [
      12.547232,
      55.685059
     ]
    ]
   }
  },
  {
   "type": "Feature",
   "properties": {
    "kind": "river",
    "role": "open_channel",
    "typologi": "Grønne veje",
    "note": "planned surface route — could carry a river",
    "klima_id": "Frederiksberg"
   },
   "geometry": {
    "type": "LineString",
    "coordinates": [
     [
      12.501071,
      55.683922
     ],
     [
      12.502185,
      55.682523
     ]
    ]
   }
  },
  {
   "type": "Feature",
   "properties": {
    "kind": "river",
    "role": "open_channel",
    "typologi": "Grønne veje",
    "note": "planned surface route — could carry a river",
    "klima_id": "Frederiksberg"
   },
   "geometry": {
    "type": "LineString",
    "coordinates": [
     [
      12.540567,
      55.684871
     ],
     [
      12.540849,
      55.685434
     ],
     [
      12.541263,
      55.685776
     ],
     [
      12.541677,
      55.686304
     ],
     [
      12.542387,
      55.686184
     ],
     [
      12.542562,
      55.686523
     ],
     [
      12.542782,
      55.68648
     ]
    ]
   }
  },
  {
   "type": "Feature",
   "properties": {
    "kind": "river",
    "role": "interceptor",
    "typologi": "Skybrudsledning",
    "note": "planned as a pipe — retrofit candidate",
    "klima_id": "VEL46"
   },
   "geometry": {
    "type": "LineString",
    "coordinates": [
     [
      12.535294,
      55.69411
     ],
     [
      12.535481,
      55.693691
     ],
     [
      12.535642,
      55.692623
     ],
     [
      12.535627,
      55.692169
     ],
     [
      12.537043,
      55.690526
     ]
    ]
   }
  },
  {
   "type": "Feature",
   "properties": {
    "kind": "river",
    "role": "open_channel",
    "typologi": "Forsinkelsesveje",
    "note": "planned surface route — could carry a river",
    "klima_id": "OS14"
   },
   "geometry": {
    "type": "LineString",
    "coordinates": [
     [
      12.576369,
      55.710934
     ],
     [
      12.576348,
      55.711405
     ]
    ]
   }
  },
  {
   "type": "Feature",
   "properties": {
    "kind": "river",
    "role": "open_channel",
    "typologi": "Grønne veje",
    "note": "planned surface route — could carry a river",
    "klima_id": "Frederiksberg"
   },
   "geometry": {
    "type": "LineString",
    "coordinates": [
     [
      12.500298,
      55.67304
     ],
     [
      12.498276,
      55.672998
     ],
     [
      12.497921,
      55.673074
     ]
    ]
   }
  },
  {
   "type": "Feature",
   "properties": {
    "kind": "river",
    "role": "interceptor",
    "typologi": "Skybrudsledning",
    "note": "planned as a pipe — retrofit candidate",
    "klima_id": "OS28"
   },
   "geometry": {
    "type": "LineString",
    "coordinates": [
     [
      12.577451,
      55.713552
     ],
     [
      12.577436,
      55.713071
     ],
     [
      12.578628,
      55.713053
     ],
     [
      12.578631,
      55.712927
     ],
     [
      12.578507,
      55.712793
     ],
     [
      12.578522,
      55.712227
     ],
     [
      12.581623,
      55.712377
     ],
     [
      12.584215,
      55.712452
     ],
     [
      12.58597,
      55.712371
     ],
     [
      12.588619,
      55.7123
     ]
    ]
   }
  },
  {
   "type": "Feature",
   "properties": {
    "kind": "river",
    "role": "open_channel",
    "typologi": "Grønne veje",
    "note": "planned surface route — could carry a river",
    "klima_id": "Frederiksberg"
   },
   "geometry": {
    "type": "LineString",
    "coordinates": [
     [
      12.531446,
      55.684142
     ],
     [
      12.533869,
      55.68351
     ],
     [
      12.535584,
      55.683065
     ]
    ]
   }
  },
  {
   "type": "Feature",
   "properties": {
    "kind": "river",
    "role": "open_channel",
    "typologi": "Forsinkelsesveje",
    "note": "planned surface route — could carry a river",
    "klima_id": "OS14"
   },
   "geometry": {
    "type": "LineString",
    "coordinates": [
     [
      12.574127,
      55.710947
     ],
     [
      12.574811,
      55.710672
     ],
     [
      12.575414,
      55.710668
     ],
     [
      12.576342,
      55.710809
     ],
     [
      12.577298,
      55.710878
     ]
    ]
   }
  },
  {
   "type": "Feature",
   "properties": {
    "kind": "river",
    "role": "open_channel",
    "typologi": "Forsinkelsesveje",
    "note": "planned surface route — could carry a river",
    "klima_id": "OS11"
   },
   "geometry": {
    "type": "LineString",
    "coordinates": [
     [
      12.568696,
      55.714003
     ],
     [
      12.569741,
      55.71408
     ],
     [
      12.571881,
      55.714263
     ]
    ]
   }
  },
  {
   "type": "Feature",
   "properties": {
    "kind": "river",
    "role": "open_channel",
    "typologi": "Forsinkelsesveje",
    "note": "planned surface route — could carry a river",
    "klima_id": "OS15"
   },
   "geometry": {
    "type": "LineString",
    "coordinates": [
     [
      12.569717,
      55.710155
     ],
     [
      12.569868,
      55.710115
     ],
     [
      12.570605,
      55.710071
     ],
     [
      12.572696,
      55.709925
     ],
     [
      12.573656,
      55.709879
     ],
     [
      12.573811,
      55.709881
     ],
     [
      12.574607,
      55.709894
     ],
     [
      12.575402,
      55.709906
     ],
     [
      12.575694,
      55.709944
     ],
     [
      12.576977,
      55.710124
     ]
    ]
   }
  },
  {
   "type": "Feature",
   "properties": {
    "kind": "river",
    "role": "open_channel",
    "typologi": "mix",
    "note": "planned surface route — could carry a river",
    "klima_id": "OS11"
   },
   "geometry": {
    "type": "LineString",
    "coordinates": [
     [
      12.571893,
      55.714191
     ],
     [
      12.57219,
      55.71317
     ]
    ]
   }
  },
  {
   "type": "Feature",
   "properties": {
    "kind": "river",
    "role": "open_channel",
    "typologi": "mix",
    "note": "planned surface route — could carry a river",
    "klima_id": "OS11"
   },
   "geometry": {
    "type": "LineString",
    "coordinates": [
     [
      12.570627,
      55.714077
     ],
     [
      12.570912,
      55.713066
     ]
    ]
   }
  },
  {
   "type": "Feature",
   "properties": {
    "kind": "river",
    "role": "open_channel",
    "typologi": "Forsinkelsesveje",
    "note": "planned surface route — could carry a river",
    "klima_id": "OS11"
   },
   "geometry": {
    "type": "LineString",
    "coordinates": [
     [
      12.567039,
      55.712695
     ],
     [
      12.568065,
      55.712744
     ],
     [
      12.56897,
      55.712819
     ],
     [
      12.569865,
      55.712894
     ],
     [
      12.571759,
      55.713054
     ],
     [
      12.57324,
      55.713177
     ],
     [
      12.57524,
      55.713357
     ],
     [
      12.576644,
      55.713483
     ],
     [
      12.577271,
      55.713535
     ]
    ]
   }
  },
  {
   "type": "Feature",
   "properties": {
    "kind": "river",
    "role": "open_channel",
    "typologi": "Forsinkelsesveje",
    "note": "planned surface route — could carry a river",
    "klima_id": "OS12"
   },
   "geometry": {
    "type": "LineString",
    "coordinates": [
     [
      12.569506,
      55.711423
     ],
     [
      12.570312,
      55.711646
     ],
     [
      12.57241,
      55.712053
     ],
     [
      12.574922,
      55.712482
     ]
    ]
   }
  },
  {
   "type": "Feature",
   "properties": {
    "kind": "river",
    "role": "open_channel",
    "typologi": "Forsinkelsesveje",
    "note": "planned surface route — could carry a river",
    "klima_id": "OS12"
   },
   "geometry": {
    "type": "LineString",
    "coordinates": [
     [
      12.570554,
      55.710176
     ],
     [
      12.570256,
      55.711457
     ]
    ]
   }
  },
  {
   "type": "Feature",
   "properties": {
    "kind": "river",
    "role": "open_channel",
    "typologi": "Skybrudsveje",
    "note": "planned surface route — could carry a river",
    "klima_id": "BIR12.1&12.3"
   },
   "geometry": {
    "type": "LineString",
    "coordinates": [
     [
      12.489451,
      55.716665
     ],
     [
      12.490683,
      55.715387
     ]
    ]
   }
  },
  {
   "type": "Feature",
   "properties": {
    "kind": "river",
    "role": "open_channel",
    "typologi": "Grønne veje",
    "note": "planned surface route — could carry a river",
    "klima_id": "KV30"
   },
   "geometry": {
    "type": "LineString",
    "coordinates": [
     [
      12.481702,
      55.659529
     ],
     [
      12.479734,
      55.659341
     ]
    ]
   }
  },
  {
   "type": "Feature",
   "properties": {
    "kind": "river",
    "role": "open_channel",
    "typologi": "mix",
    "note": "planned surface route — could carry a river",
    "klima_id": "KV57"
   },
   "geometry": {
    "type": "LineString",
    "coordinates": [
     [
      12.495442,
      55.672278
     ],
     [
      12.496036,
      55.670244
     ]
    ]
   }
  },
  {
   "type": "Feature",
   "properties": {
    "kind": "river",
    "role": "open_channel",
    "typologi": "mix",
    "note": "planned surface route — could carry a river",
    "klima_id": "KV57"
   },
   "geometry": {
    "type": "LineString",
    "coordinates": [
     [
      12.49653,
      55.668769
     ],
     [
      12.496213,
      55.669765
     ]
    ]
   }
  },
  {
   "type": "Feature",
   "properties": {
    "kind": "river",
    "role": "open_channel",
    "typologi": "Skybrudsveje",
    "note": "planned surface route — could carry a river",
    "klima_id": "KV57"
   },
   "geometry": {
    "type": "LineString",
    "coordinates": [
     [
      12.494196,
      55.669291
     ],
     [
      12.494722,
      55.669446
     ],
     [
      12.495062,
      55.669557
     ],
     [
      12.495535,
      55.669729
     ],
     [
      12.49572,
      55.669817
     ]
    ]
   }
  },
  {
   "type": "Feature",
   "properties": {
    "kind": "river",
    "role": "open_channel",
    "typologi": "Grønne veje",
    "note": "planned surface route — could carry a river",
    "klima_id": "Frederiksberg"
   },
   "geometry": {
    "type": "LineString",
    "coordinates": [
     [
      12.547579,
      55.676338
     ],
     [
      12.548731,
      55.678377
     ]
    ]
   }
  },
  {
   "type": "Feature",
   "properties": {
    "kind": "river",
    "role": "interceptor",
    "typologi": "Skybrudsledning",
    "note": "planned as a pipe — retrofit candidate",
    "klima_id": "BIR7.11"
   },
   "geometry": {
    "type": "LineString",
    "coordinates": [
     [
      12.552888,
      55.711666
     ],
     [
      12.552534,
      55.712201
     ]
    ]
   }
  },
  {
   "type": "Feature",
   "properties": {
    "kind": "river",
    "role": "open_channel",
    "typologi": "Grønne veje",
    "note": "planned surface route — could carry a river",
    "klima_id": "KV30"
   },
   "geometry": {
    "type": "LineString",
    "coordinates": [
     [
      12.481933,
      55.65882
     ],
     [
      12.479853,
      55.658651
     ]
    ]
   }
  },
  {
   "type": "Feature",
   "properties": {
    "kind": "river",
    "role": "open_channel",
    "typologi": "Skybrudsveje",
    "note": "planned surface route — could carry a river",
    "klima_id": "IB22"
   },
   "geometry": {
    "type": "LineString",
    "coordinates": [
     [
      12.582846,
      55.67934
     ],
     [
      12.583793,
      55.679527
     ],
     [
      12.584341,
      55.679625
     ],
     [
      12.584789,
      55.679698
     ],
     [
      12.584865,
      55.679706
     ]
    ]
   }
  },
  {
   "type": "Feature",
   "properties": {
    "kind": "river",
    "role": "open_channel",
    "typologi": "mix",
    "note": "planned surface route — could carry a river",
    "klima_id": "KV59"
   },
   "geometry": {
    "type": "LineString",
    "coordinates": [
     [
      12.513158,
      55.665159
     ],
     [
      12.511952,
      55.66536
     ],
     [
      12.510875,
      55.665815
     ]
    ]
   }
  },
  {
   "type": "Feature",
   "properties": {
    "kind": "river",
    "role": "interceptor",
    "typologi": "Skybrudsledning",
    "note": "planned as a pipe — retrofit candidate",
    "klima_id": "KV60"
   },
   "geometry": {
    "type": "LineString",
    "coordinates": [
     [
      12.506075,
      55.662114
     ],
     [
      12.506655,
      55.66183
     ],
     [
      12.506743,
      55.661317
     ],
     [
      12.506772,
      55.661112
     ],
     [
      12.50821,
      55.661176
     ]
    ]
   }
  },
  {
   "type": "Feature",
   "properties": {
    "kind": "river",
    "role": "interceptor",
    "typologi": "Skybrudsledning",
    "note": "planned as a pipe — retrofit candidate",
    "klima_id": "KV57"
   },
   "geometry": {
    "type": "LineString",
    "coordinates": [
     [
      12.49414,
      55.669354
     ],
     [
      12.494651,
      55.669499
     ],
     [
      12.495297,
      55.669713
     ],
     [
      12.495604,
      55.669857
     ],
     [
      12.495641,
      55.669944
     ]
    ]
   }
  },
  {
   "type": "Feature",
   "properties": {
    "kind": "river",
    "role": "interceptor",
    "typologi": "Skybrudsledning",
    "note": "planned as a pipe — retrofit candidate",
    "klima_id": "KV57"
   },
   "geometry": {
    "type": "LineString",
    "coordinates": [
     [
      12.495305,
      55.672282
     ],
     [
      12.49574,
      55.670863
     ],
     [
      12.495885,
      55.670204
     ],
     [
      12.495845,
      55.670125
     ]
    ]
   }
  },
  {
   "type": "Feature",
   "properties": {
    "kind": "river",
    "role": "open_channel",
    "typologi": "Forsinkelsesveje",
    "note": "planned surface route — could carry a river",
    "klima_id": "BIR8.3"
   },
   "geometry": {
    "type": "LineString",
    "coordinates": [
     [
      12.547949,
      55.703024
     ],
     [
      12.544888,
      55.701329
     ],
     [
      12.543886,
      55.700813
     ],
     [
      12.543729,
      55.700724
     ]
    ]
   }
  },
  {
   "type": "Feature",
   "properties": {
    "kind": "river",
    "role": "open_channel",
    "typologi": "Forsinkelsesveje",
    "note": "planned surface route — could carry a river",
    "klima_id": "BIR8.3"
   },
   "geometry": {
    "type": "LineString",
    "coordinates": [
     [
      12.546824,
      55.703574
     ],
     [
      12.543388,
      55.701661
     ],
     [
      12.543096,
      55.701487
     ],
     [
      12.542897,
      55.700838
     ],
     [
      12.543383,
      55.700779
     ]
    ]
   }
  },
  {
   "type": "Feature",
   "properties": {
    "kind": "river",
    "role": "interceptor",
    "typologi": "Skybrudsledning",
    "note": "planned as a pipe — retrofit candidate",
    "klima_id": "BIR8.4"
   },
   "geometry": {
    "type": "LineString",
    "coordinates": [
     [
      12.546178,
      55.704216
     ],
     [
      12.545247,
      55.704763
     ],
     [
      12.545962,
      55.705399
     ],
     [
      12.545639,
      55.705464
     ],
     [
      12.545109,
      55.705789
     ],
     [
      12.544143,
      55.706381
     ],
     [
      12.543974,
      55.706454
     ],
     [
      12.543484,
      55.706493
     ],
     [
      12.54293,
      55.706911
     ],
     [
      12.54293,
      55.706911
     ]
    ]
   }
  },
  {
   "type": "Feature",
   "properties": {
    "kind": "river",
    "role": "interceptor",
    "typologi": "Skybrudsledning",
    "note": "planned as a pipe — retrofit candidate",
    "klima_id": "BIR17"
   },
   "geometry": {
    "type": "LineString",
    "coordinates": [
     [
      12.544766,
      55.699185
     ],
     [
      12.54387,
      55.698381
     ],
     [
      12.54354,
      55.698071
     ]
    ]
   }
  },
  {
   "type": "Feature",
   "properties": {
    "kind": "river",
    "role": "interceptor",
    "typologi": "Skybrudsledning",
    "note": "planned as a pipe — retrofit candidate",
    "klima_id": "OS25"
   },
   "geometry": {
    "type": "LineString",
    "coordinates": [
     [
      12.585976,
      55.706713
     ],
     [
      12.583759,
      55.706493
     ]
    ]
   }
  },
  {
   "type": "Feature",
   "properties": {
    "kind": "river",
    "role": "open_channel",
    "typologi": "Forsinkelsesveje",
    "note": "planned surface route — could carry a river",
    "klima_id": "BIR17"
   },
   "geometry": {
    "type": "LineString",
    "coordinates": [
     [
      12.546567,
      55.699656
     ],
     [
      12.545649,
      55.698792
     ]
    ]
   }
  },
  {
   "type": "Feature",
   "properties": {
    "kind": "river",
    "role": "interceptor",
    "typologi": "Skybrudsledning",
    "note": "planned as a pipe — retrofit candidate",
    "klima_id": "KV57"
   },
   "geometry": {
    "type": "LineString",
    "coordinates": [
     [
      12.496449,
      55.668759
     ],
     [
      12.495994,
      55.669918
     ],
     [
      12.495885,
      55.669958
     ]
    ]
   }
  },
  {
   "type": "Feature",
   "properties": {
    "kind": "river",
    "role": "interceptor",
    "typologi": "Skybrudsledning",
    "note": "planned as a pipe — retrofit candidate",
    "klima_id": "KV95"
   },
   "geometry": {
    "type": "LineString",
    "coordinates": [
     [
      12.517109,
      55.668018
     ],
     [
      12.517126,
      55.667715
     ],
     [
      12.516944,
      55.667665
     ]
    ]
   }
  },
  {
   "type": "Feature",
   "properties": {
    "kind": "river",
    "role": "open_channel",
    "typologi": "Skybrudsveje",
    "note": "planned surface route — could carry a river",
    "klima_id": "AM5"
   },
   "geometry": {
    "type": "LineString",
    "coordinates": [
     [
      12.617937,
      55.66118
     ],
     [
      12.618389,
      55.661892
     ],
     [
      12.618572,
      55.662532
     ]
    ]
   }
  },
  {
   "type": "Feature",
   "properties": {
    "kind": "river",
    "role": "interceptor",
    "typologi": "Skybrudsledning",
    "note": "planned as a pipe — retrofit candidate",
    "klima_id": "KV89"
   },
   "geometry": {
    "type": "LineString",
    "coordinates": [
     [
      12.486295,
      55.677144
     ],
     [
      12.485861,
      55.676879
     ],
     [
      12.485393,
      55.676603
     ],
     [
      12.484214,
      55.6759
     ],
     [
      12.483709,
      55.673961
     ],
     [
      12.483569,
      55.673796
     ],
     [
      12.48237,
      55.673421
     ],
     [
      12.482153,
      55.673328
     ]
    ]
   }
  },
  {
   "type": "Feature",
   "properties": {
    "kind": "river",
    "role": "open_channel",
    "typologi": "Skybrudsveje",
    "note": "planned surface route — could carry a river",
    "klima_id": "KV69"
   },
   "geometry": {
    "type": "LineString",
    "coordinates": [
     [
      12.527299,
      55.656875
     ],
     [
      12.52827,
      55.65383
     ],
     [
      12.528586,
      55.652822
     ],
     [
      12.528747,
      55.652723
     ]
    ]
   }
  },
  {
   "type": "Feature",
   "properties": {
    "kind": "river",
    "role": "open_channel",
    "typologi": "Skybrudsveje",
    "note": "planned surface route — could carry a river",
    "klima_id": "KV69"
   },
   "geometry": {
    "type": "LineString",
    "coordinates": [
     [
      12.530344,
      55.655953
     ],
     [
      12.531057,
      55.65405
     ],
     [
      12.530936,
      55.653914
     ]
    ]
   }
  },
  {
   "type": "Feature",
   "properties": {
    "kind": "river",
    "role": "open_channel",
    "typologi": "Skybrudsveje",
    "note": "planned surface route — could carry a river",
    "klima_id": "KV69"
   },
   "geometry": {
    "type": "LineString",
    "coordinates": [
     [
      12.532579,
      55.659141
     ],
     [
      12.533044,
      55.658299
     ],
     [
      12.534357,
      55.656007
     ],
     [
      12.534698,
      55.6554
     ],
     [
      12.534599,
      55.655239
     ]
    ]
   }
  },
  {
   "type": "Feature",
   "properties": {
    "kind": "river",
    "role": "open_channel",
    "typologi": "Skybrudsveje",
    "note": "planned surface route — could carry a river",
    "klima_id": "KV69"
   },
   "geometry": {
    "type": "LineString",
    "coordinates": [
     [
      12.525908,
      55.662342
     ],
     [
      12.526618,
      55.660488
     ],
     [
      12.527081,
      55.659275
     ],
     [
      12.527236,
      55.658847
     ]
    ]
   }
  },
  {
   "type": "Feature",
   "properties": {
    "kind": "river",
    "role": "open_channel",
    "typologi": "Skybrudsveje",
    "note": "planned surface route — could carry a river",
    "klima_id": "VEL15"
   },
   "geometry": {
    "type": "LineString",
    "coordinates": [
     [
      12.562569,
      55.673976
     ],
     [
      12.562019,
      55.67384
     ],
     [
      12.561177,
      55.673469
     ],
     [
      12.559567,
      55.67314
     ],
     [
      12.557298,
      55.672658
     ],
     [
      12.556287,
      55.67244
     ]
    ]
   }
  },
  {
   "type": "Feature",
   "properties": {
    "kind": "river",
    "role": "open_channel",
    "typologi": "Skybrudsveje",
    "note": "planned surface route — could carry a river",
    "klima_id": "KV69"
   },
   "geometry": {
    "type": "LineString",
    "coordinates": [
     [
      12.527668,
      55.661408
     ],
     [
      12.527955,
      55.660675
     ],
     [
      12.528201,
      55.660097
     ],
     [
      12.528507,
      55.660067
     ]
    ]
   }
  },
  {
   "type": "Feature",
   "properties": {
    "kind": "river",
    "role": "open_channel",
    "typologi": "Skybrudsveje",
    "note": "planned surface route — could carry a river",
    "klima_id": "KV69"
   },
   "geometry": {
    "type": "LineString",
    "coordinates": [
     [
      12.52882,
      55.661541
     ],
     [
      12.529297,
      55.660311
     ],
     [
      12.529099,
      55.660161
     ]
    ]
   }
  },
  {
   "type": "Feature",
   "properties": {
    "kind": "river",
    "role": "open_channel",
    "typologi": "Skybrudsveje",
    "note": "planned surface route — could carry a river",
    "klima_id": "KV69"
   },
   "geometry": {
    "type": "LineString",
    "coordinates": [
     [
      12.529768,
      55.662795
     ],
     [
      12.530452,
      55.660962
     ],
     [
      12.530937,
      55.659733
     ],
     [
      12.531016,
      55.659507
     ]
    ]
   }
  },
  {
   "type": "Feature",
   "properties": {
    "kind": "river",
    "role": "open_channel",
    "typologi": "Skybrudsveje",
    "note": "planned surface route — could carry a river",
    "klima_id": "KV69"
   },
   "geometry": {
    "type": "LineString",
    "coordinates": [
     [
      12.531129,
      55.65924
     ],
     [
      12.531367,
      55.658576
     ],
     [
      12.531575,
      55.658105
     ],
     [
      12.532424,
      55.656223
     ],
     [
      12.533182,
      55.654549
     ],
     [
      12.533125,
      55.654466
     ],
     [
      12.533104,
      55.65438
     ],
     [
      12.533071,
      55.65432
     ],
     [
      12.533031,
      55.654306
     ],
     [
      12.531274,
      55.654085
     ],
     [
      12.531103,
      55.65406
     ]
    ]
   }
  },
  {
   "type": "Feature",
   "properties": {
    "kind": "river",
    "role": "open_channel",
    "typologi": "mix",
    "note": "planned surface route — could carry a river",
    "klima_id": "AM45"
   },
   "geometry": {
    "type": "LineString",
    "coordinates": [
     [
      12.587417,
      55.663737
     ],
     [
      12.585099,
      55.664001
     ],
     [
      12.585646,
      55.664281
     ]
    ]
   }
  },
  {
   "type": "Feature",
   "properties": {
    "kind": "river",
    "role": "open_channel",
    "typologi": "mix",
    "note": "planned surface route — could carry a river",
    "klima_id": "AM14"
   },
   "geometry": {
    "type": "LineString",
    "coordinates": [
     [
      12.636096,
      55.649303
     ],
     [
      12.636443,
      55.648686
     ],
     [
      12.636752,
      55.648186
     ],
     [
      12.636756,
      55.648183
     ],
     [
      12.637151,
      55.64759
     ],
     [
      12.637572,
      55.646926
     ],
     [
      12.638171,
      55.646154
     ]
    ]
   }
  },
  {
   "type": "Feature",
   "properties": {
    "kind": "river",
    "role": "open_channel",
    "typologi": "mix",
    "note": "planned surface route — could carry a river",
    "klima_id": "OS13"
   },
   "geometry": {
    "type": "LineString",
    "coordinates": [
     [
      12.565248,
      55.71108
     ],
     [
      12.565982,
      55.712031
     ],
     [
      12.566335,
      55.71251
     ]
    ]
   }
  },
  {
   "type": "Feature",
   "properties": {
    "kind": "river",
    "role": "open_channel",
    "typologi": "Skybrudsveje",
    "note": "planned surface route — could carry a river",
    "klima_id": "NO7"
   },
   "geometry": {
    "type": "LineString",
    "coordinates": [
     [
      12.570759,
      55.70241
     ],
     [
      12.570354,
      55.701185
     ]
    ]
   }
  },
  {
   "type": "Feature",
   "properties": {
    "kind": "river",
    "role": "open_channel",
    "typologi": "Forsinkelsesveje",
    "note": "planned surface route — could carry a river",
    "klima_id": "OS14"
   },
   "geometry": {
    "type": "LineString",
    "coordinates": [
     [
      12.574073,
      55.71111
     ],
     [
      12.57533,
      55.711325
     ],
     [
      12.576605,
      55.711522
     ],
     [
      12.57726,
      55.711598
     ]
    ]
   }
  },
  {
   "type": "Feature",
   "properties": {
    "kind": "river",
    "role": "open_channel",
    "typologi": "mix",
    "note": "planned surface route — could carry a river",
    "klima_id": "OS5"
   },
   "geometry": {
    "type": "LineString",
    "coordinates": [
     [
      12.577367,
      55.703309
     ],
     [
      12.578876,
      55.703457
     ],
     [
      12.578882,
      55.703466
     ],
     [
      12.579851,
      55.703554
     ],
     [
      12.580346,
      55.703609
     ],
     [
      12.581223,
      55.703687
     ],
     [
      12.58517,
      55.704071
     ],
     [
      12.586772,
      55.704216
     ]
    ]
   }
  },
  {
   "type": "Feature",
   "properties": {
    "kind": "river",
    "role": "interceptor",
    "typologi": "Skybrudsledning",
    "note": "planned as a pipe — retrofit candidate",
    "klima_id": "KV68"
   },
   "geometry": {
    "type": "LineString",
    "coordinates": [
     [
      12.516465,
      55.654214
     ],
     [
      12.518922,
      55.653231
     ],
     [
      12.519834,
      55.65292
     ],
     [
      12.523411,
      55.652998
     ],
     [
      12.525115,
      55.652375
     ],
     [
      12.525859,
      55.652157
     ],
     [
      12.527156,
      55.652267
     ]
    ]
   }
  },
  {
   "type": "Feature",
   "properties": {
    "kind": "river",
    "role": "open_channel",
    "typologi": "Skybrudsveje",
    "note": "planned surface route — could carry a river",
    "klima_id": "IB2"
   },
   "geometry": {
    "type": "LineString",
    "coordinates": [
     [
      12.582103,
      55.676039
     ],
     [
      12.582137,
      55.675871
     ],
     [
      12.582307,
      55.675722
     ],
     [
      12.582573,
      55.675615
     ],
     [
      12.584511,
      55.675124
     ],
     [
      12.585968,
      55.674767
     ]
    ]
   }
  },
  {
   "type": "Feature",
   "properties": {
    "kind": "river",
    "role": "open_channel",
    "typologi": "Grønne veje",
    "note": "planned surface route — could carry a river",
    "klima_id": "BIR22.1D"
   },
   "geometry": {
    "type": "LineString",
    "coordinates": [
     [
      12.519119,
      55.710927
     ],
     [
      12.519902,
      55.711091
     ],
     [
      12.52185,
      55.711292
     ],
     [
      12.525844,
      55.711652
     ]
    ]
   }
  },
  {
   "type": "Feature",
   "properties": {
    "kind": "river",
    "role": "open_channel",
    "typologi": "Skybrudsveje",
    "note": "planned surface route — could carry a river",
    "klima_id": "VEL40"
   },
   "geometry": {
    "type": "LineString",
    "coordinates": [
     [
      12.526912,
      55.695878
     ],
     [
      12.527225,
      55.695711
     ],
     [
      12.527123,
      55.695693
     ]
    ]
   }
  },
  {
   "type": "Feature",
   "properties": {
    "kind": "river",
    "role": "open_channel",
    "typologi": "Skybrudsveje",
    "note": "planned surface route — could carry a river",
    "klima_id": "IB2"
   },
   "geometry": {
    "type": "LineString",
    "coordinates": [
     [
      12.576203,
      55.675713
     ],
     [
      12.576475,
      55.675913
     ],
     [
      12.576683,
      55.676041
     ]
    ]
   }
  },
  {
   "type": "Feature",
   "properties": {
    "kind": "river",
    "role": "open_channel",
    "typologi": "Skybrudsveje",
    "note": "planned surface route — could carry a river",
    "klima_id": "IB2"
   },
   "geometry": {
    "type": "LineString",
    "coordinates": [
     [
      12.578011,
      55.67643
     ],
     [
      12.577123,
      55.676261
     ],
     [
      12.576997,
      55.676352
     ]
    ]
   }
  },
  {
   "type": "Feature",
   "properties": {
    "kind": "river",
    "role": "open_channel",
    "typologi": "Skybrudsveje",
    "note": "planned surface route — could carry a river",
    "klima_id": "IB2"
   },
   "geometry": {
    "type": "LineString",
    "coordinates": [
     [
      12.581577,
      55.675255
     ],
     [
      12.583106,
      55.673887
     ],
     [
      12.583682,
      55.674012
     ],
     [
      12.584429,
      55.674111
     ],
     [
      12.585031,
      55.674146
     ]
    ]
   }
  },
  {
   "type": "Feature",
   "properties": {
    "kind": "river",
    "role": "open_channel",
    "typologi": "Grønne veje",
    "note": "planned surface route — could carry a river",
    "klima_id": "Frederiksberg"
   },
   "geometry": {
    "type": "LineString",
    "coordinates": [
     [
      12.52285,
      55.692892
     ],
     [
      12.521981,
      55.691715
     ]
    ]
   }
  },
  {
   "type": "Feature",
   "properties": {
    "kind": "river",
    "role": "open_channel",
    "typologi": "Skybrudsveje",
    "note": "planned surface route — could carry a river",
    "klima_id": "VEL35"
   },
   "geometry": {
    "type": "LineString",
    "coordinates": [
     [
      12.544021,
      55.69584
     ],
     [
      12.543419,
      55.696256
     ]
    ]
   }
  },
  {
   "type": "Feature",
   "properties": {
    "kind": "river",
    "role": "open_channel",
    "typologi": "Skybrudsveje",
    "note": "planned surface route — could carry a river",
    "klima_id": "VEL35"
   },
   "geometry": {
    "type": "LineString",
    "coordinates": [
     [
      12.544666,
      55.696931
     ],
     [
      12.543362,
      55.696309
     ],
     [
      12.543128,
      55.696177
     ]
    ]
   }
  },
  {
   "type": "Feature",
   "properties": {
    "kind": "river",
    "role": "open_channel",
    "typologi": "Skybrudsveje",
    "note": "planned surface route — could carry a river",
    "klima_id": "VEL35"
   },
   "geometry": {
    "type": "LineString",
    "coordinates": [
     [
      12.543205,
      55.695205
     ],
     [
      12.543163,
      55.695423
     ],
     [
      12.543102,
      55.695991
     ],
     [
      12.543097,
      55.696141
     ]
    ]
   }
  },
  {
   "type": "Feature",
   "properties": {
    "kind": "river",
    "role": "open_channel",
    "typologi": "Skybrudsveje",
    "note": "planned surface route — could carry a river",
    "klima_id": "BIR7.3&10.1"
   },
   "geometry": {
    "type": "LineString",
    "coordinates": [
     [
      12.541558,
      55.711402
     ],
     [
      12.543252,
      55.71018
     ]
    ]
   }
  },
  {
   "type": "Feature",
   "properties": {
    "kind": "river",
    "role": "open_channel",
    "typologi": "Skybrudsveje",
    "note": "planned surface route — could carry a river",
    "klima_id": "BIR7.3&10.1"
   },
   "geometry": {
    "type": "LineString",
    "coordinates": [
     [
      12.543561,
      55.712151
     ],
     [
      12.544213,
      55.711525
     ],
     [
      12.544386,
      55.711103
     ]
    ]
   }
  },
  {
   "type": "Feature",
   "properties": {
    "kind": "river",
    "role": "open_channel",
    "typologi": "Forsinkelsesveje",
    "note": "planned surface route — could carry a river",
    "klima_id": "AM27"
   },
   "geometry": {
    "type": "LineString",
    "coordinates": [
     [
      12.599066,
      55.660264
     ],
     [
      12.600158,
      55.659504
     ],
     [
      12.600296,
      55.659382
     ]
    ]
   }
  },
  {
   "type": "Feature",
   "properties": {
    "kind": "river",
    "role": "open_channel",
    "typologi": "Skybrudsveje",
    "note": "planned surface route — could carry a river",
    "klima_id": "VEL48"
   },
   "geometry": {
    "type": "LineString",
    "coordinates": [
     [
      12.557043,
      55.685516
     ],
     [
      12.559837,
      55.68444
     ]
    ]
   }
  },
  {
   "type": "Feature",
   "properties": {
    "kind": "river",
    "role": "interceptor",
    "typologi": "Skybrudsledning",
    "note": "planned as a pipe — retrofit candidate",
    "klima_id": "AM9"
   },
   "geometry": {
    "type": "LineString",
    "coordinates": [
     [
      12.636232,
      55.65714
     ],
     [
      12.63822,
      55.657227
     ],
     [
      12.64766,
      55.65865
     ]
    ]
   }
  },
  {
   "type": "Feature",
   "properties": {
    "kind": "river",
    "role": "open_channel",
    "typologi": "mix",
    "note": "planned surface route — could carry a river",
    "klima_id": "OS1"
   },
   "geometry": {
    "type": "LineString",
    "coordinates": [
     [
      12.585877,
      55.707242
     ],
     [
      12.585516,
      55.707975
     ],
     [
      12.585341,
      55.708353
     ],
     [
      12.585097,
      55.708855
     ],
     [
      12.584846,
      55.709035
     ]
    ]
   }
  },
  {
   "type": "Feature",
   "properties": {
    "kind": "river",
    "role": "open_channel",
    "typologi": "mix",
    "note": "planned surface route — could carry a river",
    "klima_id": "AM5"
   },
   "geometry": {
    "type": "LineString",
    "coordinates": [
     [
      12.621939,
      55.655901
     ],
     [
      12.620744,
      55.657257
     ],
     [
      12.619549,
      55.658612
     ],
     [
      12.618776,
      55.659655
     ],
     [
      12.617972,
      55.660904
     ]
    ]
   }
  },
  {
   "type": "Feature",
   "properties": {
    "kind": "river",
    "role": "open_channel",
    "typologi": "Grønne veje",
    "note": "planned surface route — could carry a river",
    "klima_id": "KV30"
   },
   "geometry": {
    "type": "LineString",
    "coordinates": [
     [
      12.489877,
      55.659017
     ],
     [
      12.487159,
      55.65897
     ],
     [
      12.484665,
      55.658926
     ]
    ]
   }
  },
  {
   "type": "Feature",
   "properties": {
    "kind": "river",
    "role": "open_channel",
    "typologi": "Skybrudsveje",
    "note": "planned surface route — could carry a river",
    "klima_id": "KV91"
   },
   "geometry": {
    "type": "LineString",
    "coordinates": [
     [
      12.523956,
      55.65722
     ],
     [
      12.523753,
      55.657208
     ]
    ]
   }
  },
  {
   "type": "Feature",
   "properties": {
    "kind": "river",
    "role": "open_channel",
    "typologi": "Skybrudsveje",
    "note": "planned surface route — could carry a river",
    "klima_id": "VEL9"
   },
   "geometry": {
    "type": "LineString",
    "coordinates": [
     [
      12.555639,
      55.672355
     ],
     [
      12.555638,
      55.672355
     ],
     [
      12.556478,
      55.671497
     ],
     [
      12.557531,
      55.670491
     ],
     [
      12.558332,
      55.66971
     ]
    ]
   }
  },
  {
   "type": "Feature",
   "properties": {
    "kind": "river",
    "role": "open_channel",
    "typologi": "Forsinkelsesveje",
    "note": "planned surface route — could carry a river",
    "klima_id": "BIR5.3"
   },
   "geometry": {
    "type": "LineString",
    "coordinates": [
     [
      12.523338,
      55.708045
     ],
     [
      12.521199,
      55.708613
     ]
    ]
   }
  },
  {
   "type": "Feature",
   "properties": {
    "kind": "river",
    "role": "open_channel",
    "typologi": "Grønne veje",
    "note": "planned surface route — could carry a river",
    "klima_id": "Frederiksberg"
   },
   "geometry": {
    "type": "LineString",
    "coordinates": [
     [
      12.495548,
      55.682545
     ],
     [
      12.496203,
      55.681872
     ],
     [
      12.496633,
      55.681218
     ],
     [
      12.496898,
      55.680627
     ],
     [
      12.497418,
      55.679842
     ],
     [
      12.49776,
      55.679393
     ]
    ]
   }
  },
  {
   "type": "Feature",
   "properties": {
    "kind": "river",
    "role": "open_channel",
    "typologi": "Skybrudsveje",
    "note": "planned surface route — could carry a river",
    "klima_id": "BIR5.4"
   },
   "geometry": {
    "type": "LineString",
    "coordinates": [
     [
      12.524526,
      55.71143
     ],
     [
      12.524737,
      55.710139
     ],
     [
      12.524897,
      55.710152
     ]
    ]
   }
  },
  {
   "type": "Feature",
   "properties": {
    "kind": "river",
    "role": "open_channel",
    "typologi": "Skybrudsveje",
    "note": "planned surface route — could carry a river",
    "klima_id": "BIR7.5"
   },
   "geometry": {
    "type": "LineString",
    "coordinates": [
     [
      12.542262,
      55.711855
     ],
     [
      12.543277,
      55.712234
     ],
     [
      12.543561,
      55.712151
     ]
    ]
   }
  },
  {
   "type": "Feature",
   "properties": {
    "kind": "river",
    "role": "open_channel",
    "typologi": "Forsinkelsesveje",
    "note": "planned surface route — could carry a river",
    "klima_id": "OS38"
   },
   "geometry": {
    "type": "LineString",
    "coordinates": [
     [
      12.575023,
      55.705217
     ],
     [
      12.575916,
      55.705297
     ],
     [
      12.576357,
      55.705521
     ]
    ]
   }
  },
  {
   "type": "Feature",
   "properties": {
    "kind": "river",
    "role": "open_channel",
    "typologi": "mix",
    "note": "planned surface route — could carry a river",
    "klima_id": "Frederiksberg"
   },
   "geometry": {
    "type": "LineString",
    "coordinates": [
     [
      12.510946,
      55.681832
     ],
     [
      12.50902,
      55.678824
     ],
     [
      12.508707,
      55.678107
     ],
     [
      12.507893,
      55.676242
     ],
     [
      12.507718,
      55.67584
     ],
     [
      12.507649,
      55.675683
     ],
     [
      12.506349,
      55.672703
     ],
     [
      12.506178,
      55.672311
     ],
     [
      12.50623,
      55.672272
     ]
    ]
   }
  },
  {
   "type": "Feature",
   "properties": {
    "kind": "river",
    "role": "open_channel",
    "typologi": "Forsinkelsesveje",
    "note": "planned surface route — could carry a river",
    "klima_id": "Frederiksberg"
   },
   "geometry": {
    "type": "LineString",
    "coordinates": [
     [
      12.511443,
      55.675654
     ],
     [
      12.510175,
      55.675114
     ]
    ]
   }
  },
  {
   "type": "Feature",
   "properties": {
    "kind": "river",
    "role": "open_channel",
    "typologi": "Skybrudsveje",
    "note": "planned surface route — could carry a river",
    "klima_id": "KV6"
   },
   "geometry": {
    "type": "LineString",
    "coordinates": [
     [
      12.479061,
      55.702975
     ],
     [
      12.477689,
      55.702815
     ],
     [
      12.475579,
      55.702567
     ],
     [
      12.475659,
      55.703758
     ],
     [
      12.475215,
      55.703781
     ],
     [
      12.474391,
      55.703824
     ],
     [
      12.47256,
      55.705214
     ],
     [
      12.472425,
      55.705242
     ],
     [
      12.473055,
      55.70635
     ],
     [
      12.471844,
      55.706496
     ],
     [
      12.472232,
      55.707061
     ]
    ]
   }
  },
  {
   "type": "Feature",
   "properties": {
    "kind": "river",
    "role": "open_channel",
    "typologi": "Grønne veje",
    "note": "planned surface route — could carry a river",
    "klima_id": "Frederiksberg"
   },
   "geometry": {
    "type": "LineString",
    "coordinates": [
     [
      12.516718,
      55.670314
     ],
     [
      12.512094,
      55.670611
     ],
     [
      12.51113,
      55.670721
     ]
    ]
   }
  },
  {
   "type": "Feature",
   "properties": {
    "kind": "river",
    "role": "open_channel",
    "typologi": "Grønne veje",
    "note": "planned surface route — could carry a river",
    "klima_id": "Frederiksberg"
   },
   "geometry": {
    "type": "LineString",
    "coordinates": [
     [
      12.505337,
      55.675578
     ],
     [
      12.5072,
      55.675696
     ]
    ]
   }
  },
  {
   "type": "Feature",
   "properties": {
    "kind": "river",
    "role": "open_channel",
    "typologi": "Grønne veje",
    "note": "planned surface route — could carry a river",
    "klima_id": "Frederiksberg"
   },
   "geometry": {
    "type": "LineString",
    "coordinates": [
     [
      12.538839,
      55.672933
     ],
     [
      12.539153,
      55.67387
     ]
    ]
   }
  },
  {
   "type": "Feature",
   "properties": {
    "kind": "river",
    "role": "open_channel",
    "typologi": "Skybrudsveje",
    "note": "planned surface route — could carry a river",
    "klima_id": "KV83"
   },
   "geometry": {
    "type": "LineString",
    "coordinates": [
     [
      12.463821,
      55.700673
     ],
     [
      12.463874,
      55.700363
     ],
     [
      12.463886,
      55.700167
     ],
     [
      12.463976,
      55.6997
     ],
     [
      12.464027,
      55.699462
     ],
     [
      12.464058,
      55.699298
     ],
     [
      12.464071,
      55.699145
     ],
     [
      12.464067,
      55.699029
     ],
     [
      12.46405,
      55.698911
     ],
     [
      12.464027,
      55.698793
     ],
     [
      12.463978,
      55.698602
     ],
     [
      12.463947,
      55.698495
     ],
     [
      12.463915,
      55.698389
     ],
     [
      12.463851,
      55.698176
     ],
     [
      12.463761,
      55.697897
     ],
     [
      12.463675,
      55.697662
     ],
     [
      12.463705,
      55.697623
     ],
     [
      12.463524,
      55.697047
     ],
     [
      12.4635,
      55.696983
     ],
     [
      12.463455,
      55.696854
     ],
     [
      12.463458,
      55.696264
     ],
     [
      12.46354,
      55.696126
     ],
     [
      12.463665,
      55.695967
     ],
     [
      12.463866,
      55.695762
     ],
     [
      12.46465,
      55.694994
     ],
     [
      12.465202,
      55.69449
     ],
     [
      12.465422,
      55.69429
     ],
     [
      12.466044,
      55.693725
     ],
     [
      12.466124,
      55.693666
     ],
     [
      12.466397,
      55.693414
     ],
     [
      12.466588,
      55.693142
     ],
     [
      12.466663,
      55.693031
     ],
     [
      12.466839,
      55.692724
     ],
     [
      12.466864,
      55.692588
     ],
     [
      12.466879,
      55.692511
     ],
     [
      12.466884,
      55.692482
     ],
     [
      12.466889,
      55.692459
     ],
     [
      12.466911,
      55.692347
     ],
     [
      12.466995,
      55.691861
     ],
     [
      12.466974,
      55.69181
     ],
     [
      12.467023,
      55.691654
     ]
    ]
   }
  },
  {
   "type": "Feature",
   "properties": {
    "kind": "river",
    "role": "open_channel",
    "typologi": "Forsinkelsesveje",
    "note": "planned surface route — could carry a river",
    "klima_id": "BIR5.3"
   },
   "geometry": {
    "type": "LineString",
    "coordinates": [
     [
      12.518322,
      55.709254
     ],
     [
      12.521199,
      55.708613
     ]
    ]
   }
  },
  {
   "type": "Feature",
   "properties": {
    "kind": "river",
    "role": "interceptor",
    "typologi": "Skybrudsledning",
    "note": "planned as a pipe — retrofit candidate",
    "klima_id": "AM32"
   },
   "geometry": {
    "type": "LineString",
    "coordinates": [
     [
      12.600262,
      55.664272
     ],
     [
      12.598865,
      55.663867
     ],
     [
      12.596467,
      55.663302
     ],
     [
      12.596365,
      55.663406
     ]
    ]
   }
  },
  {
   "type": "Feature",
   "properties": {
    "kind": "river",
    "role": "open_channel",
    "typologi": "Forsinkelsesveje",
    "note": "planned surface route — could carry a river",
    "klima_id": "AM28"
   },
   "geometry": {
    "type": "LineString",
    "coordinates": [
     [
      12.60147,
      55.661701
     ],
     [
      12.599065,
      55.66053
     ]
    ]
   }
  },
  {
   "type": "Feature",
   "properties": {
    "kind": "river",
    "role": "interceptor",
    "typologi": "Skybrudsledning",
    "note": "planned as a pipe — retrofit candidate",
    "klima_id": "BIR5.7"
   },
   "geometry": {
    "type": "LineString",
    "coordinates": [
     [
      12.536977,
      55.708396
     ],
     [
      12.536864,
      55.707344
     ],
     [
      12.53677,
      55.706411
     ]
    ]
   }
  },
  {
   "type": "Feature",
   "properties": {
    "kind": "river",
    "role": "open_channel",
    "typologi": "Skybrudsveje",
    "note": "planned surface route — could carry a river",
    "klima_id": "BIR7.8"
   },
   "geometry": {
    "type": "LineString",
    "coordinates": [
     [
      12.535749,
      55.714322
     ],
     [
      12.535282,
      55.713766
     ],
     [
      12.535157,
      55.713583
     ],
     [
      12.535091,
      55.713483
     ],
     [
      12.535336,
      55.713196
     ],
     [
      12.53561,
      55.712877
     ]
    ]
   }
  },
  {
   "type": "Feature",
   "properties": {
    "kind": "river",
    "role": "open_channel",
    "typologi": "Skybrudsveje",
    "note": "planned surface route — could carry a river",
    "klima_id": "BIR7.5"
   },
   "geometry": {
    "type": "LineString",
    "coordinates": [
     [
      12.544058,
      55.714748
     ],
     [
      12.544478,
      55.714292
     ],
     [
      12.544644,
      55.713808
     ],
     [
      12.544543,
      55.713157
     ],
     [
      12.544412,
      55.712899
     ],
     [
      12.544143,
      55.712676
     ],
     [
      12.543761,
      55.712417
     ]
    ]
   }
  },
  {
   "type": "Feature",
   "properties": {
    "kind": "river",
    "role": "open_channel",
    "typologi": "Grønne veje",
    "note": "planned surface route — could carry a river",
    "klima_id": "KV65"
   },
   "geometry": {
    "type": "LineString",
    "coordinates": [
     [
      12.487797,
      55.670627
     ],
     [
      12.487013,
      55.670002
     ]
    ]
   }
  },
  {
   "type": "Feature",
   "properties": {
    "kind": "river",
    "role": "open_channel",
    "typologi": "mix",
    "note": "planned surface route — could carry a river",
    "klima_id": "OS5"
   },
   "geometry": {
    "type": "LineString",
    "coordinates": [
     [
      12.578546,
      55.704519
     ],
     [
      12.578772,
      55.703804
     ]
    ]
   }
  },
  {
   "type": "Feature",
   "properties": {
    "kind": "river",
    "role": "open_channel",
    "typologi": "mix",
    "note": "planned surface route — could carry a river",
    "klima_id": "BIR2.3"
   },
   "geometry": {
    "type": "LineString",
    "coordinates": [
     [
      12.570669,
      55.723387
     ],
     [
      12.573908,
      55.72353
     ]
    ]
   }
  },
  {
   "type": "Feature",
   "properties": {
    "kind": "river",
    "role": "open_channel",
    "typologi": "Grønne veje",
    "note": "planned surface route — could carry a river",
    "klima_id": "KV65"
   },
   "geometry": {
    "type": "LineString",
    "coordinates": [
     [
      12.484946,
      55.670232
     ],
     [
      12.485719,
      55.670197
     ],
     [
      12.486775,
      55.669854
     ],
     [
      12.487784,
      55.669487
     ],
     [
      12.488175,
      55.669639
     ],
     [
      12.488822,
      55.669353
     ]
    ]
   }
  },
  {
   "type": "Feature",
   "properties": {
    "kind": "river",
    "role": "interceptor",
    "typologi": "Skybrudsledning",
    "note": "planned as a pipe — retrofit candidate",
    "klima_id": "BIR14.1"
   },
   "geometry": {
    "type": "LineString",
    "coordinates": [
     [
      12.495151,
      55.705023
     ],
     [
      12.494539,
      55.705093
     ]
    ]
   }
  },
  {
   "type": "Feature",
   "properties": {
    "kind": "river",
    "role": "open_channel",
    "typologi": "Skybrudsveje",
    "note": "planned surface route — could carry a river",
    "klima_id": "BIR7.8"
   },
   "geometry": {
    "type": "LineString",
    "coordinates": [
     [
      12.535749,
      55.714322
     ],
     [
      12.536548,
      55.715114
     ],
     [
      12.537333,
      55.715906
     ],
     [
      12.538288,
      55.716662
     ]
    ]
   }
  },
  {
   "type": "Feature",
   "properties": {
    "kind": "river",
    "role": "interceptor",
    "typologi": "Skybrudsledning",
    "note": "planned as a pipe — retrofit candidate",
    "klima_id": "BIR5.7"
   },
   "geometry": {
    "type": "LineString",
    "coordinates": [
     [
      12.538711,
      55.707346
     ],
     [
      12.536864,
      55.707344
     ]
    ]
   }
  },
  {
   "type": "Feature",
   "properties": {
    "kind": "river",
    "role": "open_channel",
    "typologi": "Skybrudsveje",
    "note": "planned surface route — could carry a river",
    "klima_id": "Frederiksberg"
   },
   "geometry": {
    "type": "LineString",
    "coordinates": [
     [
      12.545871,
      55.678893
     ],
     [
      12.546877,
      55.680305
     ]
    ]
   }
  },
  {
   "type": "Feature",
   "properties": {
    "kind": "river",
    "role": "open_channel",
    "typologi": "Skybrudsveje",
    "note": "planned surface route — could carry a river",
    "klima_id": "AM57"
   },
   "geometry": {
    "type": "LineString",
    "coordinates": [
     [
      12.563223,
      55.641839
     ],
     [
      12.556299,
      55.642154
     ]
    ]
   }
  },
  {
   "type": "Feature",
   "properties": {
    "kind": "river",
    "role": "open_channel",
    "typologi": "Skybrudsveje",
    "note": "planned surface route — could carry a river",
    "klima_id": "BIR6.3&6.4"
   },
   "geometry": {
    "type": "LineString",
    "coordinates": [
     [
      12.52908,
      55.710159
     ],
     [
      12.531875,
      55.710167
     ],
     [
      12.533537,
      55.710186
     ],
     [
      12.534715,
      55.710209
     ],
     [
      12.536099,
      55.710259
     ],
     [
      12.537494,
      55.710376
     ]
    ]
   }
  },
  {
   "type": "Feature",
   "properties": {
    "kind": "river",
    "role": "open_channel",
    "typologi": "mix",
    "note": "planned surface route — could carry a river",
    "klima_id": "KV38"
   },
   "geometry": {
    "type": "LineString",
    "coordinates": [
     [
      12.487036,
      55.652702
     ],
     [
      12.488385,
      55.652723
     ],
     [
      12.488709,
      55.652711
     ],
     [
      12.489251,
      55.652688
     ],
     [
      12.489547,
      55.652675
     ],
     [
      12.489762,
      55.652661
     ],
     [
      12.490212,
      55.652633
     ],
     [
      12.490544,
      55.652615
     ],
     [
      12.492541,
      55.652514
     ],
     [
      12.493911,
      55.652374
     ],
     [
      12.494467,
      55.652306
     ],
     [
      12.495023,
      55.652239
     ],
     [
      12.495694,
      55.652144
     ],
     [
      12.496502,
      55.652021
     ],
     [
      12.497515,
      55.651836
     ],
     [
      12.499172,
      55.651541
     ],
     [
      12.499765,
      55.651439
     ],
     [
      12.500302,
      55.651359
     ],
     [
      12.500497,
      55.65133
     ],
     [
      12.501215,
      55.651246
     ],
     [
      12.501844,
      55.651167
     ],
     [
      12.503001,
      55.651056
     ],
     [
      12.503775,
      55.650985
     ],
     [
      12.50487,
      55.650886
     ],
     [
      12.505213,
      55.650853
     ],
     [
      12.505938,
      55.650784
     ],
     [
      12.506063,
      55.650772
     ]
    ]
   }
  },
  {
   "type": "Feature",
   "properties": {
    "kind": "river",
    "role": "open_channel",
    "typologi": "mix",
    "note": "planned surface route — could carry a river",
    "klima_id": "KV12"
   },
   "geometry": {
    "type": "LineString",
    "coordinates": [
     [
      12.480778,
      55.697806
     ],
     [
      12.478914,
      55.697783
     ],
     [
      12.477616,
      55.697767
     ],
     [
      12.474595,
      55.698474
     ],
     [
      12.470258,
      55.699488
     ],
     [
      12.465062,
      55.700704
     ],
     [
      12.46463,
      55.700814
     ],
     [
      12.464528,
      55.700637
     ]
    ]
   }
  },
  {
   "type": "Feature",
   "properties": {
    "kind": "river",
    "role": "open_channel",
    "typologi": "Forsinkelsesveje",
    "note": "planned surface route — could carry a river",
    "klima_id": "KV12"
   },
   "geometry": {
    "type": "LineString",
    "coordinates": [
     [
      12.480778,
      55.697806
     ],
     [
      12.481494,
      55.697815
     ]
    ]
   }
  },
  {
   "type": "Feature",
   "properties": {
    "kind": "river",
    "role": "open_channel",
    "typologi": "Skybrudsveje",
    "note": "planned surface route — could carry a river",
    "klima_id": "KV35"
   },
   "geometry": {
    "type": "LineString",
    "coordinates": [
     [
      12.488566,
      55.652522
     ],
     [
      12.488761,
      55.652307
     ],
     [
      12.488882,
      55.652179
     ],
     [
      12.490161,
      55.650687
     ],
     [
      12.49147,
      55.649406
     ],
     [
      12.492246,
      55.648613
     ],
     [
      12.493689,
      55.647626
     ],
     [
      12.49549,
      55.646413
     ],
     [
      12.495835,
      55.646195
     ],
     [
      12.496814,
      55.6456
     ],
     [
      12.495383,
      55.644995
     ]
    ]
   }
  },
  {
   "type": "Feature",
   "properties": {
    "kind": "river",
    "role": "open_channel",
    "typologi": "Forsinkelsesveje",
    "note": "planned surface route — could carry a river",
    "klima_id": "KV39"
   },
   "geometry": {
    "type": "LineString",
    "coordinates": [
     [
      12.507905,
      55.650666
     ],
     [
      12.505488,
      55.647791
     ],
     [
      12.502091,
      55.643511
     ],
     [
      12.501502,
      55.642732
     ]
    ]
   }
  },
  {
   "type": "Feature",
   "properties": {
    "kind": "river",
    "role": "open_channel",
    "typologi": "Skybrudsveje",
    "note": "planned surface route — could carry a river",
    "klima_id": "Frederiksberg"
   },
   "geometry": {
    "type": "LineString",
    "coordinates": [
     [
      12.529281,
      55.687512
     ],
     [
      12.52941,
      55.68747
     ]
    ]
   }
  },
  {
   "type": "Feature",
   "properties": {
    "kind": "river",
    "role": "open_channel",
    "typologi": "Skybrudsveje",
    "note": "planned surface route — could carry a river",
    "klima_id": "BIR7.5"
   },
   "geometry": {
    "type": "LineString",
    "coordinates": [
     [
      12.538092,
      55.710501
     ],
     [
      12.539849,
      55.710876
     ],
     [
      12.54108,
      55.71133
     ]
    ]
   }
  },
  {
   "type": "Feature",
   "properties": {
    "kind": "river",
    "role": "interceptor",
    "typologi": "Skybrudsledning",
    "note": "planned as a pipe — retrofit candidate",
    "klima_id": "BIR15.1"
   },
   "geometry": {
    "type": "LineString",
    "coordinates": [
     [
      12.50831,
      55.705684
     ],
     [
      12.508629,
      55.70573
     ],
     [
      12.508581,
      55.705859
     ]
    ]
   }
  },
  {
   "type": "Feature",
   "properties": {
    "kind": "river",
    "role": "open_channel",
    "typologi": "Skybrudsveje",
    "note": "planned surface route — could carry a river",
    "klima_id": "KV15"
   },
   "geometry": {
    "type": "LineString",
    "coordinates": [
     [
      12.474018,
      55.693301
     ],
     [
      12.473278,
      55.693993
     ],
     [
      12.4726,
      55.694731
     ],
     [
      12.472033,
      55.695461
     ],
     [
      12.471562,
      55.696199
     ],
     [
      12.471246,
      55.696927
     ],
     [
      12.470382,
      55.698917
     ],
     [
      12.470234,
      55.699178
     ]
    ]
   }
  },
  {
   "type": "Feature",
   "properties": {
    "kind": "river",
    "role": "open_channel",
    "typologi": "mix",
    "note": "planned surface route — could carry a river",
    "klima_id": "AM47"
   },
   "geometry": {
    "type": "LineString",
    "coordinates": [
     [
      12.587662,
      55.671725
     ],
     [
      12.58512,
      55.672999
     ]
    ]
   }
  },
  {
   "type": "Feature",
   "properties": {
    "kind": "river",
    "role": "open_channel",
    "typologi": "Skybrudsveje",
    "note": "planned surface route — could carry a river",
    "klima_id": "KV24"
   },
   "geometry": {
    "type": "LineString",
    "coordinates": [
     [
      12.490626,
      55.672514
     ],
     [
      12.488678,
      55.67255
     ],
     [
      12.486421,
      55.672591
     ],
     [
      12.485469,
      55.672608
     ],
     [
      12.48134,
      55.672694
     ]
    ]
   }
  },
  {
   "type": "Feature",
   "properties": {
    "kind": "river",
    "role": "open_channel",
    "typologi": "Forsinkelsesveje",
    "note": "planned surface route — could carry a river",
    "klima_id": "KV25"
   },
   "geometry": {
    "type": "LineString",
    "coordinates": [
     [
      12.485186,
      55.671942
     ],
     [
      12.488446,
      55.671862
     ]
    ]
   }
  },
  {
   "type": "Feature",
   "properties": {
    "kind": "river",
    "role": "open_channel",
    "typologi": "mix",
    "note": "planned surface route — could carry a river",
    "klima_id": "BIR5.7"
   },
   "geometry": {
    "type": "LineString",
    "coordinates": [
     [
      12.532104,
      55.707326
     ],
     [
      12.532104,
      55.707326
     ],
     [
      12.53228,
      55.70735
     ],
     [
      12.532539,
      55.707349
     ],
     [
      12.533377,
      55.707349
     ],
     [
      12.534269,
      55.707349
     ],
     [
      12.536197,
      55.707352
     ]
    ]
   }
  },
  {
   "type": "Feature",
   "properties": {
    "kind": "river",
    "role": "open_channel",
    "typologi": "mix",
    "note": "planned surface route — could carry a river",
    "klima_id": "KV37A"
   },
   "geometry": {
    "type": "LineString",
    "coordinates": [
     [
      12.506005,
      55.650618
     ],
     [
      12.505903,
      55.650213
     ],
     [
      12.505854,
      55.650103
     ],
     [
      12.50576,
      55.649965
     ],
     [
      12.505637,
      55.649854
     ],
     [
      12.505474,
      55.649738
     ],
     [
      12.505364,
      55.649679
     ],
     [
      12.505204,
      55.649618
     ],
     [
      12.505031,
      55.649563
     ],
     [
      12.504866,
      55.649522
     ],
     [
      12.504687,
      55.649492
     ],
     [
      12.50401,
      55.649438
     ],
     [
      12.502489,
      55.649318
     ],
     [
      12.500968,
      55.649197
     ],
     [
      12.500188,
      55.649136
     ],
     [
      12.499702,
      55.649097
     ],
     [
      12.49914,
      55.649047
     ],
     [
      12.498655,
      55.648997
     ],
     [
      12.498137,
      55.648932
     ],
     [
      12.498067,
      55.648924
     ],
     [
      12.498358,
      55.648236
     ],
     [
      12.498845,
      55.647084
     ],
     [
      12.499042,
      55.64664
     ],
     [
      12.499176,
      55.646342
     ],
     [
      12.499303,
      55.646033
     ],
     [
      12.499384,
      55.645878
     ],
     [
      12.499429,
      55.645793
     ],
     [
      12.499716,
      55.645251
     ],
     [
      12.500519,
      55.643768
     ],
     [
      12.500631,
      55.643549
     ],
     [
      12.500642,
      55.6435
     ],
     [
      12.500617,
      55.643451
     ],
     [
      12.500476,
      55.643366
     ],
     [
      12.501502,
      55.642732
     ],
     [
      12.501193,
      55.64233
     ],
     [
      12.500795,
      55.64193
     ]
    ]
   }
  },
  {
   "type": "Feature",
   "properties": {
    "kind": "river",
    "role": "open_channel",
    "typologi": "Skybrudsveje",
    "note": "planned surface route — could carry a river",
    "klima_id": "BIR19.1,19.2&19.5"
   },
   "geometry": {
    "type": "LineString",
    "coordinates": [
     [
      12.532098,
      55.726996
     ],
     [
      12.533094,
      55.726916
     ],
     [
      12.53372,
      55.72696
     ],
     [
      12.534341,
      55.727011
     ],
     [
      12.534868,
      55.727055
     ],
     [
      12.535613,
      55.727009
     ],
     [
      12.538008,
      55.726366
     ],
     [
      12.538418,
      55.726207
     ]
    ]
   }
  },
  {
   "type": "Feature",
   "properties": {
    "kind": "river",
    "role": "open_channel",
    "typologi": "Skybrudsveje",
    "note": "planned surface route — could carry a river",
    "klima_id": "Frederiksberg"
   },
   "geometry": {
    "type": "LineString",
    "coordinates": [
     [
      12.511443,
      55.675654
     ],
     [
      12.510855,
      55.675032
     ],
     [
      12.511054,
      55.674525
     ]
    ]
   }
  },
  {
   "type": "Feature",
   "properties": {
    "kind": "river",
    "role": "open_channel",
    "typologi": "Forsinkelsesveje",
    "note": "planned surface route — could carry a river",
    "klima_id": "BIR10.2"
   },
   "geometry": {
    "type": "LineString",
    "coordinates": [
     [
      12.546249,
      55.715717
     ],
     [
      12.548713,
      55.716375
     ]
    ]
   }
  },
  {
   "type": "Feature",
   "properties": {
    "kind": "river",
    "role": "interceptor",
    "typologi": "Skybrudsledning",
    "note": "planned as a pipe — retrofit candidate",
    "klima_id": "OS28"
   },
   "geometry": {
    "type": "LineString",
    "coordinates": [
     [
      12.587095,
      55.712122
     ],
     [
      12.588334,
      55.710923
     ],
     [
      12.588928,
      55.71028
     ],
     [
      12.589314,
      55.709782
     ],
     [
      12.589567,
      55.709359
     ],
     [
      12.589632,
      55.709186
     ]
    ]
   }
  },
  {
   "type": "Feature",
   "properties": {
    "kind": "river",
    "role": "open_channel",
    "typologi": "Forsinkelsesveje",
    "note": "planned surface route — could carry a river",
    "klima_id": "AM6"
   },
   "geometry": {
    "type": "LineString",
    "coordinates": [
     [
      12.62458,
      55.661588
     ],
     [
      12.622886,
      55.663775
     ]
    ]
   }
  },
  {
   "type": "Feature",
   "properties": {
    "kind": "river",
    "role": "open_channel",
    "typologi": "Skybrudsveje",
    "note": "planned surface route — could carry a river",
    "klima_id": "KV23"
   },
   "geometry": {
    "type": "LineString",
    "coordinates": [
     [
      12.486325,
      55.67713
     ],
     [
      12.485853,
      55.676837
     ],
     [
      12.484333,
      55.675882
     ],
     [
      12.483837,
      55.674025
     ],
     [
      12.483425,
      55.673566
     ],
     [
      12.483346,
      55.673477
     ],
     [
      12.483321,
      55.673471
     ],
     [
      12.480586,
      55.67297
     ],
     [
      12.48049,
      55.67268
     ],
     [
      12.480089,
      55.671739
     ]
    ]
   }
  },
  {
   "type": "Feature",
   "properties": {
    "kind": "river",
    "role": "interceptor",
    "typologi": "Skybrudsledning",
    "note": "planned as a pipe — retrofit candidate",
    "klima_id": "IB3"
   },
   "geometry": {
    "type": "LineString",
    "coordinates": [
     [
      12.577488,
      55.683573
     ],
     [
      12.580663,
      55.682701
     ],
     [
      12.585241,
      55.68147
     ],
     [
      12.585154,
      55.681132
     ],
     [
      12.588127,
      55.680379
     ]
    ]
   }
  },
  {
   "type": "Feature",
   "properties": {
    "kind": "river",
    "role": "open_channel",
    "typologi": "Skybrudsveje",
    "note": "planned surface route — could carry a river",
    "klima_id": "KV1"
   },
   "geometry": {
    "type": "LineString",
    "coordinates": [
     [
      12.475515,
      55.711022
     ],
     [
      12.474937,
      55.709405
     ],
     [
      12.474751,
      55.70894
     ],
     [
      12.474325,
      55.707874
     ],
     [
      12.472384,
      55.707425
     ],
     [
      12.469972,
      55.706912
     ],
     [
      12.468634,
      55.706694
     ],
     [
      12.467283,
      55.706481
     ],
     [
      12.467044,
      55.706447
     ],
     [
      12.46679,
      55.70636
     ],
     [
      12.465675,
      55.705887
     ],
     [
      12.46401,
      55.705172
     ],
     [
      12.464472,
      55.704154
     ],
     [
      12.465283,
      55.702356
     ],
     [
      12.464774,
      55.70224
     ]
    ]
   }
  },
  {
   "type": "Feature",
   "properties": {
    "kind": "river",
    "role": "open_channel",
    "typologi": "Grønne veje",
    "note": "planned surface route — could carry a river",
    "klima_id": "Frederiksberg"
   },
   "geometry": {
    "type": "LineString",
    "coordinates": [
     [
      12.550208,
      55.684872
     ],
     [
      12.549588,
      55.683757
     ]
    ]
   }
  },
  {
   "type": "Feature",
   "properties": {
    "kind": "river",
    "role": "interceptor",
    "typologi": "Skybrudsledning",
    "note": "planned as a pipe — retrofit candidate",
    "klima_id": "IB17"
   },
   "geometry": {
    "type": "LineString",
    "coordinates": [
     [
      12.586456,
      55.685257
     ],
     [
      12.58737,
      55.686237
     ],
     [
      12.589007,
      55.685802
     ],
     [
      12.590289,
      55.687306
     ],
     [
      12.592422,
      55.687575
     ],
     [
      12.593,
      55.687908
     ]
    ]
   }
  },
  {
   "type": "Feature",
   "properties": {
    "kind": "river",
    "role": "open_channel",
    "typologi": "Grønne veje",
    "note": "planned surface route — could carry a river",
    "klima_id": "Frederiksberg"
   },
   "geometry": {
    "type": "LineString",
    "coordinates": [
     [
      12.547593,
      55.68223
     ],
     [
      12.546642,
      55.680822
     ]
    ]
   }
  },
  {
   "type": "Feature",
   "properties": {
    "kind": "river",
    "role": "open_channel",
    "typologi": "Grønne veje",
    "note": "planned surface route — could carry a river",
    "klima_id": "Frederiksberg"
   },
   "geometry": {
    "type": "LineString",
    "coordinates": [
     [
      12.550365,
      55.680221
     ],
     [
      12.553048,
      55.679597
     ],
     [
      12.554391,
      55.679282
     ]
    ]
   }
  },
  {
   "type": "Feature",
   "properties": {
    "kind": "river",
    "role": "open_channel",
    "typologi": "Grønne veje",
    "note": "planned surface route — could carry a river",
    "klima_id": "Frederiksberg"
   },
   "geometry": {
    "type": "LineString",
    "coordinates": [
     [
      12.53927,
      55.682674
     ],
     [
      12.540927,
      55.684104
     ]
    ]
   }
  },
  {
   "type": "Feature",
   "properties": {
    "kind": "river",
    "role": "open_channel",
    "typologi": "Grønne veje",
    "note": "planned surface route — could carry a river",
    "klima_id": "Frederiksberg"
   },
   "geometry": {
    "type": "LineString",
    "coordinates": [
     [
      12.540142,
      55.682389
     ],
     [
      12.540994,
      55.683162
     ]
    ]
   }
  },
  {
   "type": "Feature",
   "properties": {
    "kind": "river",
    "role": "open_channel",
    "typologi": "Grønne veje",
    "note": "planned surface route — could carry a river",
    "klima_id": "Frederiksberg"
   },
   "geometry": {
    "type": "LineString",
    "coordinates": [
     [
      12.553519,
      55.68463
     ],
     [
      12.552683,
      55.683591
     ]
    ]
   }
  },
  {
   "type": "Feature",
   "properties": {
    "kind": "river",
    "role": "interceptor",
    "typologi": "Skybrudsledning",
    "note": "planned as a pipe — retrofit candidate",
    "klima_id": "AM59"
   },
   "geometry": {
    "type": "LineString",
    "coordinates": [
     [
      12.59874,
      55.660501
     ],
     [
      12.59693,
      55.661691
     ]
    ]
   }
  },
  {
   "type": "Feature",
   "properties": {
    "kind": "river",
    "role": "interceptor",
    "typologi": "Skybrudsledning",
    "note": "planned as a pipe — retrofit candidate",
    "klima_id": "IB15"
   },
   "geometry": {
    "type": "LineString",
    "coordinates": [
     [
      12.598166,
      55.692047
     ],
     [
      12.599446,
      55.691967
     ]
    ]
   }
  },
  {
   "type": "Feature",
   "properties": {
    "kind": "river",
    "role": "open_channel",
    "typologi": "Skybrudsveje",
    "note": "planned surface route — could carry a river",
    "klima_id": "BIR4.3"
   },
   "geometry": {
    "type": "LineString",
    "coordinates": [
     [
      12.517978,
      55.700556
     ],
     [
      12.518669,
      55.701322
     ],
     [
      12.518678,
      55.701358
     ],
     [
      12.518622,
      55.701461
     ]
    ]
   }
  },
  {
   "type": "Feature",
   "properties": {
    "kind": "river",
    "role": "open_channel",
    "typologi": "Skybrudsveje",
    "note": "planned surface route — could carry a river",
    "klima_id": "NO4"
   },
   "geometry": {
    "type": "LineString",
    "coordinates": [
     [
      12.570794,
      55.695819
     ],
     [
      12.571593,
      55.695374
     ],
     [
      12.572069,
      55.695096
     ]
    ]
   }
  },
  {
   "type": "Feature",
   "properties": {
    "kind": "river",
    "role": "open_channel",
    "typologi": "Skybrudsveje",
    "note": "planned surface route — could carry a river",
    "klima_id": "NO5"
   },
   "geometry": {
    "type": "LineString",
    "coordinates": [
     [
      12.564675,
      55.699651
     ],
     [
      12.566297,
      55.69873
     ],
     [
      12.567395,
      55.698786
     ]
    ]
   }
  },
  {
   "type": "Feature",
   "properties": {
    "kind": "river",
    "role": "open_channel",
    "typologi": "mix",
    "note": "planned surface route — could carry a river",
    "klima_id": "AM46"
   },
   "geometry": {
    "type": "LineString",
    "coordinates": [
     [
      12.629846,
      55.660274
     ],
     [
      12.628978,
      55.661849
     ],
     [
      12.629961,
      55.66201
     ],
     [
      12.630548,
      55.662053
     ],
     [
      12.63151,
      55.662144
     ],
     [
      12.632152,
      55.662215
     ],
     [
      12.63242,
      55.662252
     ],
     [
      12.632688,
      55.662289
     ]
    ]
   }
  },
  {
   "type": "Feature",
   "properties": {
    "kind": "river",
    "role": "open_channel",
    "typologi": "Skybrudsveje",
    "note": "planned surface route — could carry a river",
    "klima_id": "AM15"
   },
   "geometry": {
    "type": "LineString",
    "coordinates": [
     [
      12.616521,
      55.641375
     ],
     [
      12.61587,
      55.641283
     ]
    ]
   }
  },
  {
   "type": "Feature",
   "properties": {
    "kind": "river",
    "role": "open_channel",
    "typologi": "mix",
    "note": "planned surface route — could carry a river",
    "klima_id": "AM4"
   },
   "geometry": {
    "type": "LineString",
    "coordinates": [
     [
      12.61941,
      55.664225
     ],
     [
      12.617255,
      55.667194
     ],
     [
      12.616832,
      55.668028
     ]
    ]
   }
  },
  {
   "type": "Feature",
   "properties": {
    "kind": "river",
    "role": "open_channel",
    "typologi": "mix",
    "note": "planned surface route — could carry a river",
    "klima_id": "Frederiksberg"
   },
   "geometry": {
    "type": "LineString",
    "coordinates": [
     [
      12.533239,
      55.686575
     ],
     [
      12.532591,
      55.686719
     ]
    ]
   }
  },
  {
   "type": "Feature",
   "properties": {
    "kind": "river",
    "role": "interceptor",
    "typologi": "Skybrudsledning",
    "note": "planned as a pipe — retrofit candidate",
    "klima_id": "BIR18.2"
   },
   "geometry": {
    "type": "LineString",
    "coordinates": [
     [
      12.531806,
      55.720081
     ],
     [
      12.5315,
      55.720063
     ]
    ]
   }
  },
  {
   "type": "Feature",
   "properties": {
    "kind": "river",
    "role": "interceptor",
    "typologi": "Skybrudsledning",
    "note": "planned as a pipe — retrofit candidate",
    "klima_id": "OS1"
   },
   "geometry": {
    "type": "LineString",
    "coordinates": [
     [
      12.584809,
      55.708983
     ],
     [
      12.58499,
      55.708756
     ],
     [
      12.585108,
      55.708504
     ],
     [
      12.585347,
      55.70804
     ],
     [
      12.585862,
      55.707004
     ],
     [
      12.586438,
      55.705885
     ],
     [
      12.586652,
      55.705474
     ],
     [
      12.586823,
      55.705078
     ],
     [
      12.587064,
      55.704623
     ],
     [
      12.587366,
      55.704182
     ],
     [
      12.587656,
      55.703776
     ],
     [
      12.5878,
      55.703365
     ],
     [
      12.587808,
      55.703237
     ],
     [
      12.587937,
      55.702896
     ],
     [
      12.588117,
      55.702439
     ],
     [
      12.58832,
      55.702033
     ],
     [
      12.588415,
      55.701885
     ],
     [
      12.58862,
      55.701617
     ],
     [
      12.588903,
      55.701295
     ],
     [
      12.58932,
      55.700623
     ],
     [
      12.589546,
      55.700292
     ],
     [
      12.590036,
      55.699563
     ],
     [
      12.590248,
      55.69909
     ],
     [
      12.590319,
      55.698718
     ],
     [
      12.59047,
      55.698108
     ],
     [
      12.5905,
      55.697787
     ]
    ]
   }
  },
  {
   "type": "Feature",
   "properties": {
    "kind": "river",
    "role": "interceptor",
    "typologi": "Skybrudsledning",
    "note": "planned as a pipe — retrofit candidate",
    "klima_id": "BIR16.1"
   },
   "geometry": {
    "type": "LineString",
    "coordinates": [
     [
      12.51258,
      55.712032
     ],
     [
      12.513085,
      55.712484
     ],
     [
      12.513568,
      55.712679
     ],
     [
      12.514194,
      55.713006
     ]
    ]
   }
  },
  {
   "type": "Feature",
   "properties": {
    "kind": "river",
    "role": "open_channel",
    "typologi": "mix",
    "note": "planned surface route — could carry a river",
    "klima_id": "BIR5.6"
   },
   "geometry": {
    "type": "LineString",
    "coordinates": [
     [
      12.53243,
      55.705508
     ],
     [
      12.535316,
      55.704718
     ],
     [
      12.535677,
      55.704618
     ],
     [
      12.537365,
      55.704143
     ]
    ]
   }
  },
  {
   "type": "Feature",
   "properties": {
    "kind": "river",
    "role": "open_channel",
    "typologi": "Forsinkelsesveje",
    "note": "planned surface route — could carry a river",
    "klima_id": "BIR10.2"
   },
   "geometry": {
    "type": "LineString",
    "coordinates": [
     [
      12.548713,
      55.716375
     ],
     [
      12.551408,
      55.714819
     ]
    ]
   }
  },
  {
   "type": "Feature",
   "properties": {
    "kind": "river",
    "role": "open_channel",
    "typologi": "Forsinkelsesveje",
    "note": "planned surface route — could carry a river",
    "klima_id": "AM1C"
   },
   "geometry": {
    "type": "LineString",
    "coordinates": [
     [
      12.598347,
      55.667998
     ],
     [
      12.598219,
      55.667787
     ]
    ]
   }
  },
  {
   "type": "Feature",
   "properties": {
    "kind": "river",
    "role": "open_channel",
    "typologi": "Forsinkelsesveje",
    "note": "planned surface route — could carry a river",
    "klima_id": "OS8"
   },
   "geometry": {
    "type": "LineString",
    "coordinates": [
     [
      12.57642,
      55.699782
     ],
     [
      12.576698,
      55.699968
     ],
     [
      12.576727,
      55.700224
     ],
     [
      12.576491,
      55.700438
     ],
     [
      12.576917,
      55.700703
     ]
    ]
   }
  },
  {
   "type": "Feature",
   "properties": {
    "kind": "river",
    "role": "open_channel",
    "typologi": "mix",
    "note": "planned surface route — could carry a river",
    "klima_id": "OS1"
   },
   "geometry": {
    "type": "LineString",
    "coordinates": [
     [
      12.585892,
      55.707226
     ],
     [
      12.586282,
      55.706475
     ],
     [
      12.586417,
      55.706159
     ]
    ]
   }
  },
  {
   "type": "Feature",
   "properties": {
    "kind": "river",
    "role": "open_channel",
    "typologi": "Grønne veje",
    "note": "planned surface route — could carry a river",
    "klima_id": "BIR16.3"
   },
   "geometry": {
    "type": "LineString",
    "coordinates": [
     [
      12.515953,
      55.709798
     ],
     [
      12.515927,
      55.710678
     ],
     [
      12.516951,
      55.710477
     ]
    ]
   }
  },
  {
   "type": "Feature",
   "properties": {
    "kind": "river",
    "role": "open_channel",
    "typologi": "Forsinkelsesveje",
    "note": "planned surface route — could carry a river",
    "klima_id": "BIR16.1"
   },
   "geometry": {
    "type": "LineString",
    "coordinates": [
     [
      12.514311,
      55.709804
     ],
     [
      12.512961,
      55.70994
     ],
     [
      12.512961,
      55.709943
     ]
    ]
   }
  },
  {
   "type": "Feature",
   "properties": {
    "kind": "river",
    "role": "open_channel",
    "typologi": "Skybrudsveje",
    "note": "planned surface route — could carry a river",
    "klima_id": "BIR7.9"
   },
   "geometry": {
    "type": "LineString",
    "coordinates": [
     [
      12.536434,
      55.717478
     ],
     [
      12.536757,
      55.718227
     ]
    ]
   }
  },
  {
   "type": "Feature",
   "properties": {
    "kind": "river",
    "role": "open_channel",
    "typologi": "Skybrudsveje",
    "note": "planned surface route — could carry a river",
    "klima_id": "BIR3.1"
   },
   "geometry": {
    "type": "LineString",
    "coordinates": [
     [
      12.582149,
      55.718542
     ],
     [
      12.581445,
      55.718484
     ]
    ]
   }
  },
  {
   "type": "Feature",
   "properties": {
    "kind": "river",
    "role": "open_channel",
    "typologi": "Skybrudsveje",
    "note": "planned surface route — could carry a river",
    "klima_id": "BIR3.1"
   },
   "geometry": {
    "type": "LineString",
    "coordinates": [
     [
      12.578629,
      55.717449
     ],
     [
      12.580266,
      55.717601
     ],
     [
      12.580559,
      55.717629
     ]
    ]
   }
  },
  {
   "type": "Feature",
   "properties": {
    "kind": "river",
    "role": "open_channel",
    "typologi": "Skybrudsveje",
    "note": "planned surface route — could carry a river",
    "klima_id": "BIR3.1"
   },
   "geometry": {
    "type": "LineString",
    "coordinates": [
     [
      12.582414,
      55.719523
     ],
     [
      12.581691,
      55.71932
     ],
     [
      12.581365,
      55.719263
     ]
    ]
   }
  },
  {
   "type": "Feature",
   "properties": {
    "kind": "river",
    "role": "open_channel",
    "typologi": "Skybrudsveje",
    "note": "planned surface route — could carry a river",
    "klima_id": "BIR3.1"
   },
   "geometry": {
    "type": "LineString",
    "coordinates": [
     [
      12.578533,
      55.718173
     ],
     [
      12.579927,
      55.718332
     ],
     [
      12.580437,
      55.718371
     ]
    ]
   }
  },
  {
   "type": "Feature",
   "properties": {
    "kind": "river",
    "role": "open_channel",
    "typologi": "Skybrudsveje",
    "note": "planned surface route — could carry a river",
    "klima_id": "BIR7.9"
   },
   "geometry": {
    "type": "LineString",
    "coordinates": [
     [
      12.537257,
      55.719542
     ],
     [
      12.536979,
      55.718742
     ]
    ]
   }
  },
  {
   "type": "Feature",
   "properties": {
    "kind": "river",
    "role": "open_channel",
    "typologi": "Skybrudsveje",
    "note": "planned surface route — could carry a river",
    "klima_id": "BIR4.3"
   },
   "geometry": {
    "type": "LineString",
    "coordinates": [
     [
      12.517932,
      55.703006
     ],
     [
      12.518596,
      55.702437
     ],
     [
      12.518673,
      55.702286
     ],
     [
      12.518647,
      55.702186
     ]
    ]
   }
  },
  {
   "type": "Feature",
   "properties": {
    "kind": "river",
    "role": "interceptor",
    "typologi": "Skybrudsledning",
    "note": "planned as a pipe — retrofit candidate",
    "klima_id": "AM57"
   },
   "geometry": {
    "type": "LineString",
    "coordinates": [
     [
      12.58162,
      55.65431
     ],
     [
      12.576773,
      55.641169
     ]
    ]
   }
  },
  {
   "type": "Feature",
   "properties": {
    "kind": "river",
    "role": "open_channel",
    "typologi": "Grønne veje",
    "note": "planned surface route — could carry a river",
    "klima_id": "Frederiksberg"
   },
   "geometry": {
    "type": "LineString",
    "coordinates": [
     [
      12.533483,
      55.674013
     ],
     [
      12.534993,
      55.673867
     ],
     [
      12.535137,
      55.674291
     ]
    ]
   }
  },
  {
   "type": "Feature",
   "properties": {
    "kind": "river",
    "role": "interceptor",
    "typologi": "Skybrudsledning",
    "note": "planned as a pipe — retrofit candidate",
    "klima_id": "BIR15.1"
   },
   "geometry": {
    "type": "LineString",
    "coordinates": [
     [
      12.507227,
      55.705546
     ],
     [
      12.50831,
      55.705684
     ]
    ]
   }
  },
  {
   "type": "Feature",
   "properties": {
    "kind": "river",
    "role": "open_channel",
    "typologi": "Forsinkelsesveje",
    "note": "planned surface route — could carry a river",
    "klima_id": "KV55"
   },
   "geometry": {
    "type": "LineString",
    "coordinates": [
     [
      12.49254,
      55.672096
     ],
     [
      12.490996,
      55.670686
     ],
     [
      12.487502,
      55.667942
     ],
     [
      12.48513,
      55.666078
     ]
    ]
   }
  },
  {
   "type": "Feature",
   "properties": {
    "kind": "river",
    "role": "interceptor",
    "typologi": "Skybrudsledning",
    "note": "planned as a pipe — retrofit candidate",
    "klima_id": "KV69"
   },
   "geometry": {
    "type": "LineString",
    "coordinates": [
     [
      12.527236,
      55.658847
     ],
     [
      12.528956,
      55.659041
     ],
     [
      12.528893,
      55.659282
     ]
    ]
   }
  },
  {
   "type": "Feature",
   "properties": {
    "kind": "river",
    "role": "interceptor",
    "typologi": "Skybrudsledning",
    "note": "planned as a pipe — retrofit candidate",
    "klima_id": "KV69"
   },
   "geometry": {
    "type": "LineString",
    "coordinates": [
     [
      12.531016,
      55.659507
     ],
     [
      12.531679,
      55.659601
     ]
    ]
   }
  },
  {
   "type": "Feature",
   "properties": {
    "kind": "river",
    "role": "open_channel",
    "typologi": "Grønne veje",
    "note": "planned surface route — could carry a river",
    "klima_id": "BIR16.5"
   },
   "geometry": {
    "type": "LineString",
    "coordinates": [
     [
      12.511037,
      55.716278
     ],
     [
      12.510832,
      55.71578
     ],
     [
      12.51069,
      55.715387
     ],
     [
      12.510595,
      55.715148
     ],
     [
      12.510207,
      55.715006
     ],
     [
      12.509861,
      55.714878
     ]
    ]
   }
  },
  {
   "type": "Feature",
   "properties": {
    "kind": "river",
    "role": "open_channel",
    "typologi": "Forsinkelsesveje",
    "note": "planned surface route — could carry a river",
    "klima_id": "BIR14.3"
   },
   "geometry": {
    "type": "LineString",
    "coordinates": [
     [
      12.49987,
      55.709749
     ],
     [
      12.501764,
      55.709752
     ],
     [
      12.5019,
      55.709799
     ]
    ]
   }
  },
  {
   "type": "Feature",
   "properties": {
    "kind": "river",
    "role": "open_channel",
    "typologi": "Skybrudsveje",
    "note": "planned surface route — could carry a river",
    "klima_id": "BIR16.4"
   },
   "geometry": {
    "type": "LineString",
    "coordinates": [
     [
      12.519178,
      55.713795
     ],
     [
      12.519316,
      55.713866
     ],
     [
      12.519096,
      55.714374
     ]
    ]
   }
  },
  {
   "type": "Feature",
   "properties": {
    "kind": "river",
    "role": "open_channel",
    "typologi": "mix",
    "note": "planned surface route — could carry a river",
    "klima_id": "Frederiksberg"
   },
   "geometry": {
    "type": "LineString",
    "coordinates": [
     [
      12.508246,
      55.685271
     ],
     [
      12.51392,
      55.686374
     ]
    ]
   }
  },
  {
   "type": "Feature",
   "properties": {
    "kind": "river",
    "role": "open_channel",
    "typologi": "mix",
    "note": "planned surface route — could carry a river",
    "klima_id": "AM36"
   },
   "geometry": {
    "type": "LineString",
    "coordinates": [
     [
      12.577647,
      55.661895
     ],
     [
      12.581345,
      55.662922
     ],
     [
      12.58303,
      55.663799
     ],
     [
      12.584472,
      55.664579
     ],
     [
      12.585058,
      55.664716
     ]
    ]
   }
  },
  {
   "type": "Feature",
   "properties": {
    "kind": "river",
    "role": "open_channel",
    "typologi": "Grønne veje",
    "note": "planned surface route — could carry a river",
    "klima_id": "Frederiksberg"
   },
   "geometry": {
    "type": "LineString",
    "coordinates": [
     [
      12.551876,
      55.679715
     ],
     [
      12.551614,
      55.679309
     ]
    ]
   }
  },
  {
   "type": "Feature",
   "properties": {
    "kind": "river",
    "role": "open_channel",
    "typologi": "Skybrudsveje",
    "note": "planned surface route — could carry a river",
    "klima_id": "BIR11.4"
   },
   "geometry": {
    "type": "LineString",
    "coordinates": [
     [
      12.563323,
      55.721961
     ],
     [
      12.563954,
      55.721772
     ],
     [
      12.564682,
      55.721764
     ]
    ]
   }
  },
  {
   "type": "Feature",
   "properties": {
    "kind": "river",
    "role": "open_channel",
    "typologi": "Skybrudsveje",
    "note": "planned surface route — could carry a river",
    "klima_id": "Frederiksberg"
   },
   "geometry": {
    "type": "LineString",
    "coordinates": [
     [
      12.555047,
      55.674164
     ],
     [
      12.55412,
      55.676017
     ],
     [
      12.555131,
      55.676079
     ]
    ]
   }
  },
  {
   "type": "Feature",
   "properties": {
    "kind": "river",
    "role": "open_channel",
    "typologi": "mix",
    "note": "planned surface route — could carry a river",
    "klima_id": "Frederiksberg"
   },
   "geometry": {
    "type": "LineString",
    "coordinates": [
     [
      12.547062,
      55.673305
     ],
     [
      12.545141,
      55.673499
     ],
     [
      12.544883,
      55.673514
     ]
    ]
   }
  },
  {
   "type": "Feature",
   "properties": {
    "kind": "river",
    "role": "open_channel",
    "typologi": "Skybrudsveje",
    "note": "planned surface route — could carry a river",
    "klima_id": "BIR5.6"
   },
   "geometry": {
    "type": "LineString",
    "coordinates": [
     [
      12.53111,
      55.704566
     ],
     [
      12.531733,
      55.705176
     ]
    ]
   }
  },
  {
   "type": "Feature",
   "properties": {
    "kind": "river",
    "role": "open_channel",
    "typologi": "Forsinkelsesveje",
    "note": "planned surface route — could carry a river",
    "klima_id": "BIR7.6&7.7"
   },
   "geometry": {
    "type": "LineString",
    "coordinates": [
     [
      12.540486,
      55.707591
     ],
     [
      12.539121,
      55.708928
     ]
    ]
   }
  },
  {
   "type": "Feature",
   "properties": {
    "kind": "river",
    "role": "open_channel",
    "typologi": "Grønne veje",
    "note": "planned surface route — could carry a river",
    "klima_id": "Frederiksberg"
   },
   "geometry": {
    "type": "LineString",
    "coordinates": [
     [
      12.495929,
      55.672393
     ],
     [
      12.499592,
      55.672334
     ],
     [
      12.506178,
      55.672311
     ]
    ]
   }
  },
  {
   "type": "Feature",
   "properties": {
    "kind": "river",
    "role": "interceptor",
    "typologi": "Skybrudsledning",
    "note": "planned as a pipe — retrofit candidate",
    "klima_id": "OS7"
   },
   "geometry": {
    "type": "LineString",
    "coordinates": [
     [
      12.583787,
      55.707943
     ],
     [
      12.58418,
      55.708398
     ],
     [
      12.584775,
      55.709087
     ]
    ]
   }
  },
  {
   "type": "Feature",
   "properties": {
    "kind": "river",
    "role": "open_channel",
    "typologi": "Skybrudsveje",
    "note": "planned surface route — could carry a river",
    "klima_id": "OS4"
   },
   "geometry": {
    "type": "LineString",
    "coordinates": [
     [
      12.584776,
      55.709087
     ],
     [
      12.58517,
      55.709059
     ],
     [
      12.586009,
      55.709217
     ],
     [
      12.586927,
      55.709428
     ],
     [
      12.58735,
      55.709667
     ],
     [
      12.587545,
      55.709692
     ]
    ]
   }
  },
  {
   "type": "Feature",
   "properties": {
    "kind": "river",
    "role": "open_channel",
    "typologi": "Skybrudsveje",
    "note": "planned surface route — could carry a river",
    "klima_id": "IB2"
   },
   "geometry": {
    "type": "LineString",
    "coordinates": [
     [
      12.579883,
      55.67506
     ],
     [
      12.577889,
      55.67432
     ],
     [
      12.579395,
      55.673034
     ]
    ]
   }
  },
  {
   "type": "Feature",
   "properties": {
    "kind": "river",
    "role": "interceptor",
    "typologi": "Skybrudsledning",
    "note": "planned as a pipe — retrofit candidate",
    "klima_id": "IB4"
   },
   "geometry": {
    "type": "LineString",
    "coordinates": [
     [
      12.588617,
      55.682176
     ],
     [
      12.590659,
      55.681632
     ],
     [
      12.593441,
      55.680867
     ],
     [
      12.593645,
      55.681098
     ],
     [
      12.59411,
      55.681291
     ]
    ]
   }
  },
  {
   "type": "Feature",
   "properties": {
    "kind": "river",
    "role": "interceptor",
    "typologi": "Skybrudsledning",
    "note": "planned as a pipe — retrofit candidate",
    "klima_id": "IB8"
   },
   "geometry": {
    "type": "LineString",
    "coordinates": [
     [
      12.574363,
      55.673996
     ],
     [
      12.576453,
      55.674781
     ],
     [
      12.576984,
      55.674726
     ]
    ]
   }
  },
  {
   "type": "Feature",
   "properties": {
    "kind": "river",
    "role": "interceptor",
    "typologi": "Skybrudsledning",
    "note": "planned as a pipe — retrofit candidate",
    "klima_id": "IB9"
   },
   "geometry": {
    "type": "LineString",
    "coordinates": [
     [
      12.589954,
      55.688162
     ],
     [
      12.59142,
      55.688651
     ]
    ]
   }
  },
  {
   "type": "Feature",
   "properties": {
    "kind": "river",
    "role": "open_channel",
    "typologi": "Skybrudsveje",
    "note": "planned surface route — could carry a river",
    "klima_id": "IB1"
   },
   "geometry": {
    "type": "LineString",
    "coordinates": [
     [
      12.565017,
      55.678408
     ],
     [
      12.567245,
      55.676331
     ],
     [
      12.567924,
      55.67579
     ],
     [
      12.568105,
      55.675655
     ],
     [
      12.56848,
      55.675427
     ],
     [
      12.569946,
      55.674704
     ],
     [
      12.572878,
      55.673251
     ],
     [
      12.573912,
      55.672694
     ],
     [
      12.575437,
      55.671928
     ],
     [
      12.57468,
      55.671443
     ],
     [
      12.576934,
      55.670241
     ]
    ]
   }
  },
  {
   "type": "Feature",
   "properties": {
    "kind": "river",
    "role": "open_channel",
    "typologi": "Grønne veje",
    "note": "planned surface route — could carry a river",
    "klima_id": "Frederiksberg"
   },
   "geometry": {
    "type": "LineString",
    "coordinates": [
     [
      12.538276,
      55.687386
     ],
     [
      12.540228,
      55.686738
     ]
    ]
   }
  },
  {
   "type": "Feature",
   "properties": {
    "kind": "river",
    "role": "open_channel",
    "typologi": "Grønne veje",
    "note": "planned surface route — could carry a river",
    "klima_id": "Frederiksberg"
   },
   "geometry": {
    "type": "LineString",
    "coordinates": [
     [
      12.532373,
      55.689721
     ],
     [
      12.533686,
      55.689348
     ]
    ]
   }
  },
  {
   "type": "Feature",
   "properties": {
    "kind": "river",
    "role": "interceptor",
    "typologi": "Skybrudsledning",
    "note": "planned as a pipe — retrofit candidate",
    "klima_id": "IB9"
   },
   "geometry": {
    "type": "LineString",
    "coordinates": [
     [
      12.588979,
      55.690079
     ],
     [
      12.589356,
      55.689242
     ],
     [
      12.590485,
      55.68953
     ],
     [
      12.592676,
      55.687739
     ]
    ]
   }
  },
  {
   "type": "Feature",
   "properties": {
    "kind": "river",
    "role": "open_channel",
    "typologi": "Grønne veje",
    "note": "planned surface route — could carry a river",
    "klima_id": "Frederiksberg"
   },
   "geometry": {
    "type": "LineString",
    "coordinates": [
     [
      12.52794,
      55.683592
     ],
     [
      12.531419,
      55.682801
     ],
     [
      12.532136,
      55.682618
     ],
     [
      12.534422,
      55.682039
     ]
    ]
   }
  },
  {
   "type": "Feature",
   "properties": {
    "kind": "river",
    "role": "open_channel",
    "typologi": "Grønne veje",
    "note": "planned surface route — could carry a river",
    "klima_id": "Frederiksberg"
   },
   "geometry": {
    "type": "LineString",
    "coordinates": [
     [
      12.534573,
      55.684397
     ],
     [
      12.535771,
      55.685968
     ]
    ]
   }
  },
  {
   "type": "Feature",
   "properties": {
    "kind": "river",
    "role": "open_channel",
    "typologi": "Grønne veje",
    "note": "planned surface route — could carry a river",
    "klima_id": "Frederiksberg"
   },
   "geometry": {
    "type": "LineString",
    "coordinates": [
     [
      12.530824,
      55.684811
     ],
     [
      12.531585,
      55.684643
     ],
     [
      12.532276,
      55.685008
     ]
    ]
   }
  },
  {
   "type": "Feature",
   "properties": {
    "kind": "river",
    "role": "open_channel",
    "typologi": "Grønne veje",
    "note": "planned surface route — could carry a river",
    "klima_id": "Frederiksberg"
   },
   "geometry": {
    "type": "LineString",
    "coordinates": [
     [
      12.52757,
      55.683656
     ],
     [
      12.524946,
      55.684204
     ]
    ]
   }
  },
  {
   "type": "Feature",
   "properties": {
    "kind": "river",
    "role": "open_channel",
    "typologi": "Grønne veje",
    "note": "planned surface route — could carry a river",
    "klima_id": "Frederiksberg"
   },
   "geometry": {
    "type": "LineString",
    "coordinates": [
     [
      12.527811,
      55.683729
     ],
     [
      12.530349,
      55.687046
     ]
    ]
   }
  },
  {
   "type": "Feature",
   "properties": {
    "kind": "river",
    "role": "interceptor",
    "typologi": "Skybrudsledning",
    "note": "planned as a pipe — retrofit candidate",
    "klima_id": "NO19"
   },
   "geometry": {
    "type": "LineString",
    "coordinates": [
     [
      12.573394,
      55.690478
     ],
     [
      12.571991,
      55.691072
     ]
    ]
   }
  },
  {
   "type": "Feature",
   "properties": {
    "kind": "river",
    "role": "open_channel",
    "typologi": "Skybrudsveje",
    "note": "planned surface route — could carry a river",
    "klima_id": "BIR5.7"
   },
   "geometry": {
    "type": "LineString",
    "coordinates": [
     [
      12.528852,
      55.707957
     ],
     [
      12.531509,
      55.707398
     ]
    ]
   }
  },
  {
   "type": "Feature",
   "properties": {
    "kind": "river",
    "role": "open_channel",
    "typologi": "Forsinkelsesveje",
    "note": "planned surface route — could carry a river",
    "klima_id": "KV59"
   },
   "geometry": {
    "type": "LineString",
    "coordinates": [
     [
      12.51613,
      55.6644
     ],
     [
      12.515102,
      55.664867
     ],
     [
      12.513167,
      55.665157
     ],
     [
      12.513158,
      55.665159
     ]
    ]
   }
  },
  {
   "type": "Feature",
   "properties": {
    "kind": "river",
    "role": "open_channel",
    "typologi": "Grønne veje",
    "note": "planned surface route — could carry a river",
    "klima_id": "KV65"
   },
   "geometry": {
    "type": "LineString",
    "coordinates": [
     [
      12.489373,
      55.669153
     ],
     [
      12.491196,
      55.668462
     ],
     [
      12.490957,
      55.668018
     ],
     [
      12.490819,
      55.667709
     ],
     [
      12.490649,
      55.6673
     ],
     [
      12.490302,
      55.666884
     ],
     [
      12.490228,
      55.666821
     ],
     [
      12.490014,
      55.666641
     ],
     [
      12.489117,
      55.666278
     ],
     [
      12.488238,
      55.666115
     ],
     [
      12.487717,
      55.665992
     ]
    ]
   }
  },
  {
   "type": "Feature",
   "properties": {
    "kind": "river",
    "role": "open_channel",
    "typologi": "Grønne veje",
    "note": "planned surface route — could carry a river",
    "klima_id": "Frederiksberg"
   },
   "geometry": {
    "type": "LineString",
    "coordinates": [
     [
      12.541457,
      55.684573
     ],
     [
      12.541255,
      55.684354
     ]
    ]
   }
  },
  {
   "type": "Feature",
   "properties": {
    "kind": "river",
    "role": "open_channel",
    "typologi": "Grønne veje",
    "note": "planned surface route — could carry a river",
    "klima_id": "Frederiksberg"
   },
   "geometry": {
    "type": "LineString",
    "coordinates": [
     [
      12.539568,
      55.68244
     ],
     [
      12.540736,
      55.682113
     ]
    ]
   }
  },
  {
   "type": "Feature",
   "properties": {
    "kind": "river",
    "role": "open_channel",
    "typologi": "Grønne veje",
    "note": "planned surface route — could carry a river",
    "klima_id": "Frederiksberg"
   },
   "geometry": {
    "type": "LineString",
    "coordinates": [
     [
      12.551653,
      55.682316
     ],
     [
      12.552117,
      55.683035
     ]
    ]
   }
  },
  {
   "type": "Feature",
   "properties": {
    "kind": "river",
    "role": "open_channel",
    "typologi": "Grønne veje",
    "note": "planned surface route — could carry a river",
    "klima_id": "Frederiksberg"
   },
   "geometry": {
    "type": "LineString",
    "coordinates": [
     [
      12.554749,
      55.684098
     ],
     [
      12.55332,
      55.683091
     ]
    ]
   }
  },
  {
   "type": "Feature",
   "properties": {
    "kind": "river",
    "role": "open_channel",
    "typologi": "Grønne veje",
    "note": "planned surface route — could carry a river",
    "klima_id": "Frederiksberg"
   },
   "geometry": {
    "type": "LineString",
    "coordinates": [
     [
      12.54633,
      55.684044
     ],
     [
      12.547816,
      55.683636
     ],
     [
      12.548087,
      55.683696
     ],
     [
      12.549493,
      55.683596
     ],
     [
      12.550298,
      55.683431
     ]
    ]
   }
  },
  {
   "type": "Feature",
   "properties": {
    "kind": "river",
    "role": "open_channel",
    "typologi": "Grønne veje",
    "note": "planned surface route — could carry a river",
    "klima_id": "Frederiksberg"
   },
   "geometry": {
    "type": "LineString",
    "coordinates": [
     [
      12.551696,
      55.684773
     ],
     [
      12.550662,
      55.683371
     ],
     [
      12.550197,
      55.682733
     ]
    ]
   }
  },
  {
   "type": "Feature",
   "properties": {
    "kind": "river",
    "role": "open_channel",
    "typologi": "Skybrudsveje",
    "note": "planned surface route — could carry a river",
    "klima_id": "VEL33"
   },
   "geometry": {
    "type": "LineString",
    "coordinates": [
     [
      12.566255,
      55.683065
     ],
     [
      12.564705,
      55.681221
     ],
     [
      12.565438,
      55.680528
     ]
    ]
   }
  },
  {
   "type": "Feature",
   "properties": {
    "kind": "river",
    "role": "open_channel",
    "typologi": "Skybrudsveje",
    "note": "planned surface route — could carry a river",
    "klima_id": "VEL15"
   },
   "geometry": {
    "type": "LineString",
    "coordinates": [
     [
      12.550238,
      55.67265
     ],
     [
      12.550896,
      55.67269
     ],
     [
      12.551685,
      55.672701
     ],
     [
      12.552601,
      55.672641
     ],
     [
      12.553822,
      55.672496
     ],
     [
      12.554279,
      55.672449
     ],
     [
      12.554596,
      55.672324
     ]
    ]
   }
  },
  {
   "type": "Feature",
   "properties": {
    "kind": "river",
    "role": "open_channel",
    "typologi": "Forsinkelsesveje",
    "note": "planned surface route — could carry a river",
    "klima_id": "NO3B"
   },
   "geometry": {
    "type": "LineString",
    "coordinates": [
     [
      12.562348,
      55.688892
     ],
     [
      12.563105,
      55.689526
     ],
     [
      12.563752,
      55.689968
     ],
     [
      12.56614,
      55.691532
     ],
     [
      12.567781,
      55.692625
     ]
    ]
   }
  },
  {
   "type": "Feature",
   "properties": {
    "kind": "river",
    "role": "open_channel",
    "typologi": "Forsinkelsesveje",
    "note": "planned surface route — could carry a river",
    "klima_id": "NO13"
   },
   "geometry": {
    "type": "LineString",
    "coordinates": [
     [
      12.561136,
      55.690888
     ],
     [
      12.56264,
      55.691715
     ],
     [
      12.566213,
      55.693687
     ],
     [
      12.566487,
      55.693689
     ]
    ]
   }
  },
  {
   "type": "Feature",
   "properties": {
    "kind": "river",
    "role": "open_channel",
    "typologi": "mix",
    "note": "planned surface route — could carry a river",
    "klima_id": "OS1"
   },
   "geometry": {
    "type": "LineString",
    "coordinates": [
     [
      12.590691,
      55.697781
     ],
     [
      12.590592,
      55.698428
     ],
     [
      12.590484,
      55.698912
     ],
     [
      12.590221,
      55.699561
     ],
     [
      12.589804,
      55.700192
     ],
     [
      12.589012,
      55.701307
     ],
     [
      12.588566,
      55.701918
     ],
     [
      12.58844,
      55.702159
     ],
     [
      12.588263,
      55.702484
     ],
     [
      12.588061,
      55.702906
     ],
     [
      12.587947,
      55.703319
     ],
     [
      12.587892,
      55.703558
     ],
     [
      12.587806,
      55.703746
     ],
     [
      12.587474,
      55.704236
     ]
    ]
   }
  },
  {
   "type": "Feature",
   "properties": {
    "kind": "river",
    "role": "interceptor",
    "typologi": "Skybrudsledning",
    "note": "planned as a pipe — retrofit candidate",
    "klima_id": "OS42"
   },
   "geometry": {
    "type": "LineString",
    "coordinates": [
     [
      12.568418,
      55.714786
     ],
     [
      12.568881,
      55.714542
     ]
    ]
   }
  },
  {
   "type": "Feature",
   "properties": {
    "kind": "river",
    "role": "open_channel",
    "typologi": "Skybrudsveje",
    "note": "planned surface route — could carry a river",
    "klima_id": "KV30"
   },
   "geometry": {
    "type": "LineString",
    "coordinates": [
     [
      12.487271,
      55.660602
     ],
     [
      12.487172,
      55.659087
     ],
     [
      12.487441,
      55.6587
     ]
    ]
   }
  },
  {
   "type": "Feature",
   "properties": {
    "kind": "river",
    "role": "open_channel",
    "typologi": "Skybrudsveje",
    "note": "planned surface route — could carry a river",
    "klima_id": "KV30"
   },
   "geometry": {
    "type": "LineString",
    "coordinates": [
     [
      12.483159,
      55.658681
     ],
     [
      12.48212,
      55.658593
     ],
     [
      12.478418,
      55.658307
     ]
    ]
   }
  },
  {
   "type": "Feature",
   "properties": {
    "kind": "river",
    "role": "open_channel",
    "typologi": "Forsinkelsesveje",
    "note": "planned surface route — could carry a river",
    "klima_id": "OS16"
   },
   "geometry": {
    "type": "LineString",
    "coordinates": [
     [
      12.565078,
      55.708459
     ],
     [
      12.565841,
      55.707134
     ]
    ]
   }
  },
  {
   "type": "Feature",
   "properties": {
    "kind": "river",
    "role": "interceptor",
    "typologi": "Skybrudsledning",
    "note": "planned as a pipe — retrofit candidate",
    "klima_id": "IB19"
   },
   "geometry": {
    "type": "LineString",
    "coordinates": [
     [
      12.580618,
      55.680116
     ],
     [
      12.579378,
      55.679779
     ]
    ]
   }
  },
  {
   "type": "Feature",
   "properties": {
    "kind": "river",
    "role": "interceptor",
    "typologi": "Skybrudsledning",
    "note": "planned as a pipe — retrofit candidate",
    "klima_id": "IB19"
   },
   "geometry": {
    "type": "LineString",
    "coordinates": [
     [
      12.576566,
      55.68004
     ],
     [
      12.577489,
      55.680685
     ]
    ]
   }
  },
  {
   "type": "Feature",
   "properties": {
    "kind": "river",
    "role": "interceptor",
    "typologi": "Skybrudsledning",
    "note": "planned as a pipe — retrofit candidate",
    "klima_id": "IB19"
   },
   "geometry": {
    "type": "LineString",
    "coordinates": [
     [
      12.577296,
      55.679709
     ],
     [
      12.578269,
      55.680361
     ]
    ]
   }
  },
  {
   "type": "Feature",
   "properties": {
    "kind": "river",
    "role": "open_channel",
    "typologi": "Skybrudsveje",
    "note": "planned surface route — could carry a river",
    "klima_id": "KV79"
   },
   "geometry": {
    "type": "LineString",
    "coordinates": [
     [
      12.549022,
      55.642065
     ],
     [
      12.545941,
      55.643398
     ],
     [
      12.545512,
      55.643711
     ],
     [
      12.543478,
      55.645198
     ],
     [
      12.542617,
      55.646211
     ],
     [
      12.542533,
      55.646309
     ],
     [
      12.542203,
      55.646697
     ],
     [
      12.540451,
      55.650048
     ],
     [
      12.541197,
      55.650133
     ]
    ]
   }
  },
  {
   "type": "Feature",
   "properties": {
    "kind": "river",
    "role": "open_channel",
    "typologi": "Grønne veje",
    "note": "planned surface route — could carry a river",
    "klima_id": "KV65"
   },
   "geometry": {
    "type": "LineString",
    "coordinates": [
     [
      12.498211,
      55.667443
     ],
     [
      12.496239,
      55.667971
     ]
    ]
   }
  },
  {
   "type": "Feature",
   "properties": {
    "kind": "river",
    "role": "interceptor",
    "typologi": "Skybrudsledning",
    "note": "planned as a pipe — retrofit candidate",
    "klima_id": "BIR8.4"
   },
   "geometry": {
    "type": "LineString",
    "coordinates": [
     [
      12.544003,
      55.705443
     ],
     [
      12.545164,
      55.704815
     ],
     [
      12.545247,
      55.704765
     ]
    ]
   }
  },
  {
   "type": "Feature",
   "properties": {
    "kind": "river",
    "role": "open_channel",
    "typologi": "Forsinkelsesveje",
    "note": "planned surface route — could carry a river",
    "klima_id": "BIR8.3"
   },
   "geometry": {
    "type": "LineString",
    "coordinates": [
     [
      12.548366,
      55.699909
     ],
     [
      12.548135,
      55.699779
     ]
    ]
   }
  },
  {
   "type": "Feature",
   "properties": {
    "kind": "river",
    "role": "open_channel",
    "typologi": "Forsinkelsesveje",
    "note": "planned surface route — could carry a river",
    "klima_id": "KV59"
   },
   "geometry": {
    "type": "LineString",
    "coordinates": [
     [
      12.510869,
      55.66582
     ],
     [
      12.510738,
      55.66587
     ],
     [
      12.509756,
      55.665845
     ],
     [
      12.509387,
      55.665825
     ]
    ]
   }
  },
  {
   "type": "Feature",
   "properties": {
    "kind": "river",
    "role": "interceptor",
    "typologi": "Skybrudsledning",
    "note": "planned as a pipe — retrofit candidate",
    "klima_id": "KV59"
   },
   "geometry": {
    "type": "LineString",
    "coordinates": [
     [
      12.511933,
      55.66537
     ],
     [
      12.510738,
      55.66587
     ],
     [
      12.509756,
      55.665845
     ],
     [
      12.509387,
      55.665825
     ],
     [
      12.509171,
      55.665666
     ]
    ]
   }
  },
  {
   "type": "Feature",
   "properties": {
    "kind": "river",
    "role": "open_channel",
    "typologi": "mix",
    "note": "planned surface route — could carry a river",
    "klima_id": "Frederiksberg"
   },
   "geometry": {
    "type": "LineString",
    "coordinates": [
     [
      12.501498,
      55.678585
     ],
     [
      12.500436,
      55.678551
     ],
     [
      12.496206,
      55.678383
     ],
     [
      12.493026,
      55.678286
     ],
     [
      12.492286,
      55.678194
     ]
    ]
   }
  },
  {
   "type": "Feature",
   "properties": {
    "kind": "river",
    "role": "open_channel",
    "typologi": "Grønne veje",
    "note": "planned surface route — could carry a river",
    "klima_id": "KV65"
   },
   "geometry": {
    "type": "LineString",
    "coordinates": [
     [
      12.495707,
      55.666396
     ],
     [
      12.494849,
      55.668073
     ],
     [
      12.49475,
      55.668218
     ],
     [
      12.494651,
      55.668336
     ],
     [
      12.494531,
      55.668447
     ],
     [
      12.494373,
      55.668564
     ],
     [
      12.494352,
      55.66869
     ]
    ]
   }
  },
  {
   "type": "Feature",
   "properties": {
    "kind": "river",
    "role": "open_channel",
    "typologi": "Grønne veje",
    "note": "planned surface route — could carry a river",
    "klima_id": "KV65"
   },
   "geometry": {
    "type": "LineString",
    "coordinates": [
     [
      12.503723,
      55.666436
     ],
     [
      12.504009,
      55.665971
     ],
     [
      12.505725,
      55.664621
     ]
    ]
   }
  },
  {
   "type": "Feature",
   "properties": {
    "kind": "river",
    "role": "open_channel",
    "typologi": "Grønne veje",
    "note": "planned surface route — could carry a river",
    "klima_id": "KV65"
   },
   "geometry": {
    "type": "LineString",
    "coordinates": [
     [
      12.493813,
      55.660366
     ],
     [
      12.493364,
      55.660039
     ]
    ]
   }
  },
  {
   "type": "Feature",
   "properties": {
    "kind": "river",
    "role": "open_channel",
    "typologi": "Grønne veje",
    "note": "planned surface route — could carry a river",
    "klima_id": "KV65"
   },
   "geometry": {
    "type": "LineString",
    "coordinates": [
     [
      12.489375,
      55.662251
     ],
     [
      12.488884,
      55.661893
     ]
    ]
   }
  },
  {
   "type": "Feature",
   "properties": {
    "kind": "river",
    "role": "open_channel",
    "typologi": "Grønne veje",
    "note": "planned surface route — could carry a river",
    "klima_id": "KV65"
   },
   "geometry": {
    "type": "LineString",
    "coordinates": [
     [
      12.502698,
      55.662286
     ],
     [
      12.503523,
      55.662279
     ],
     [
      12.503677,
      55.662365
     ],
     [
      12.504461,
      55.662361
     ],
     [
      12.504766,
      55.662368
     ],
     [
      12.505572,
      55.662361
     ],
     [
      12.505737,
      55.66228
     ]
    ]
   }
  },
  {
   "type": "Feature",
   "properties": {
    "kind": "river",
    "role": "open_channel",
    "typologi": "Grønne veje",
    "note": "planned surface route — could carry a river",
    "klima_id": "KV65"
   },
   "geometry": {
    "type": "LineString",
    "coordinates": [
     [
      12.50277,
      55.662933
     ],
     [
      12.504616,
      55.662915
     ],
     [
      12.506609,
      55.662897
     ]
    ]
   }
  },
  {
   "type": "Feature",
   "properties": {
    "kind": "river",
    "role": "open_channel",
    "typologi": "Forsinkelsesveje",
    "note": "planned surface route — could carry a river",
    "klima_id": "VEL20"
   },
   "geometry": {
    "type": "LineString",
    "coordinates": [
     [
      12.545148,
      55.688074
     ],
     [
      12.553298,
      55.685239
     ]
    ]
   }
  },
  {
   "type": "Feature",
   "properties": {
    "kind": "river",
    "role": "open_channel",
    "typologi": "Skybrudsveje",
    "note": "planned surface route — could carry a river",
    "klima_id": "VEL42"
   },
   "geometry": {
    "type": "LineString",
    "coordinates": [
     [
      12.528028,
      55.702351
     ],
     [
      12.529374,
      55.70186
     ],
     [
      12.530121,
      55.701581
     ],
     [
      12.531123,
      55.701203
     ],
     [
      12.532135,
      55.700812
     ],
     [
      12.530779,
      55.699516
     ],
     [
      12.533013,
      55.697852
     ],
     [
      12.533798,
      55.697686
     ],
     [
      12.535514,
      55.69776
     ],
     [
      12.535703,
      55.696624
     ],
     [
      12.534542,
      55.695446
     ]
    ]
   }
  },
  {
   "type": "Feature",
   "properties": {
    "kind": "river",
    "role": "open_channel",
    "typologi": "Forsinkelsesveje",
    "note": "planned surface route — could carry a river",
    "klima_id": "VEL18"
   },
   "geometry": {
    "type": "LineString",
    "coordinates": [
     [
      12.560054,
      55.679585
     ],
     [
      12.559633,
      55.677807
     ]
    ]
   }
  },
  {
   "type": "Feature",
   "properties": {
    "kind": "river",
    "role": "open_channel",
    "typologi": "Skybrudsveje",
    "note": "planned surface route — could carry a river",
    "klima_id": "VEL2"
   },
   "geometry": {
    "type": "LineString",
    "coordinates": [
     [
      12.563103,
      55.671202
     ],
     [
      12.561639,
      55.670735
     ]
    ]
   }
  },
  {
   "type": "Feature",
   "properties": {
    "kind": "river",
    "role": "open_channel",
    "typologi": "Skybrudsveje",
    "note": "planned surface route — could carry a river",
    "klima_id": "KV95"
   },
   "geometry": {
    "type": "LineString",
    "coordinates": [
     [
      12.517243,
      55.667973
     ],
     [
      12.517258,
      55.667726
     ]
    ]
   }
  },
  {
   "type": "Feature",
   "properties": {
    "kind": "river",
    "role": "interceptor",
    "typologi": "Skybrudsledning",
    "note": "planned as a pipe — retrofit candidate",
    "klima_id": "VEL46"
   },
   "geometry": {
    "type": "LineString",
    "coordinates": [
     [
      12.540108,
      55.68863
     ],
     [
      12.542848,
      55.686764
     ]
    ]
   }
  },
  {
   "type": "Feature",
   "properties": {
    "kind": "river",
    "role": "interceptor",
    "typologi": "Skybrudsledning",
    "note": "planned as a pipe — retrofit candidate",
    "klima_id": "VEL45"
   },
   "geometry": {
    "type": "LineString",
    "coordinates": [
     [
      12.555577,
      55.673988
     ],
     [
      12.55527,
      55.673618
     ],
     [
      12.555583,
      55.672458
     ],
     [
      12.555638,
      55.672355
     ],
     [
      12.555729,
      55.672262
     ],
     [
      12.55751,
      55.670461
     ],
     [
      12.558585,
      55.669485
     ],
     [
      12.558443,
      55.669119
     ],
     [
      12.56629,
      55.663899
     ]
    ]
   }
  },
  {
   "type": "Feature",
   "properties": {
    "kind": "river",
    "role": "interceptor",
    "typologi": "Skybrudsledning",
    "note": "planned as a pipe — retrofit candidate",
    "klima_id": "BIR5.6"
   },
   "geometry": {
    "type": "LineString",
    "coordinates": [
     [
      12.531733,
      55.705176
     ],
     [
      12.532103,
      55.7056
     ],
     [
      12.532248,
      55.705565
     ],
     [
      12.532411,
      55.705521
     ]
    ]
   }
  },
  {
   "type": "Feature",
   "properties": {
    "kind": "river",
    "role": "interceptor",
    "typologi": "Skybrudsledning",
    "note": "planned as a pipe — retrofit candidate",
    "klima_id": "BIR5.7"
   },
   "geometry": {
    "type": "LineString",
    "coordinates": [
     [
      12.532108,
      55.708547
     ],
     [
      12.532105,
      55.707418
     ],
     [
      12.532104,
      55.707325
     ],
     [
      12.532274,
      55.707349
     ],
     [
      12.536864,
      55.707344
     ]
    ]
   }
  },
  {
   "type": "Feature",
   "properties": {
    "kind": "river",
    "role": "interceptor",
    "typologi": "Skybrudsledning",
    "note": "planned as a pipe — retrofit candidate",
    "klima_id": "BIR5.8"
   },
   "geometry": {
    "type": "LineString",
    "coordinates": [
     [
      12.538581,
      55.706895
     ],
     [
      12.538326,
      55.706115
     ],
     [
      12.538326,
      55.706114
     ]
    ]
   }
  },
  {
   "type": "Feature",
   "properties": {
    "kind": "river",
    "role": "interceptor",
    "typologi": "Skybrudsledning",
    "note": "planned as a pipe — retrofit candidate",
    "klima_id": "BIR5.6"
   },
   "geometry": {
    "type": "LineString",
    "coordinates": [
     [
      12.531825,
      55.705682
     ],
     [
      12.532103,
      55.7056
     ]
    ]
   }
  },
  {
   "type": "Feature",
   "properties": {
    "kind": "river",
    "role": "interceptor",
    "typologi": "Skybrudsledning",
    "note": "planned as a pipe — retrofit candidate",
    "klima_id": "BIR5.6"
   },
   "geometry": {
    "type": "LineString",
    "coordinates": [
     [
      12.530128,
      55.704894
     ],
     [
      12.530645,
      55.704291
     ],
     [
      12.530747,
      55.704278
     ]
    ]
   }
  },
  {
   "type": "Feature",
   "properties": {
    "kind": "river",
    "role": "open_channel",
    "typologi": "Forsinkelsesveje",
    "note": "planned surface route — could carry a river",
    "klima_id": "KV34"
   },
   "geometry": {
    "type": "LineString",
    "coordinates": [
     [
      12.499428,
      55.65864
     ],
     [
      12.500647,
      55.65633
     ],
     [
      12.500836,
      55.655971
     ],
     [
      12.501516,
      55.654623
     ],
     [
      12.502139,
      55.653087
     ],
     [
      12.502685,
      55.652154
     ],
     [
      12.502826,
      55.651822
     ],
     [
      12.503052,
      55.651209
     ],
     [
      12.503001,
      55.651056
     ]
    ]
   }
  },
  {
   "type": "Feature",
   "properties": {
    "kind": "river",
    "role": "interceptor",
    "typologi": "Skybrudsledning",
    "note": "planned as a pipe — retrofit candidate",
    "klima_id": "BIR2.3"
   },
   "geometry": {
    "type": "LineString",
    "coordinates": [
     [
      12.574511,
      55.723564
     ],
     [
      12.572701,
      55.723469
     ],
     [
      12.570674,
      55.723389
     ],
     [
      12.569213,
      55.722649
     ]
    ]
   }
  },
  {
   "type": "Feature",
   "properties": {
    "kind": "river",
    "role": "interceptor",
    "typologi": "Skybrudsledning",
    "note": "planned as a pipe — retrofit candidate",
    "klima_id": "BIR2.3"
   },
   "geometry": {
    "type": "LineString",
    "coordinates": [
     [
      12.572784,
      55.724441
     ],
     [
      12.572695,
      55.72347
     ]
    ]
   }
  },
  {
   "type": "Feature",
   "properties": {
    "kind": "river",
    "role": "open_channel",
    "typologi": "mix",
    "note": "planned surface route — could carry a river",
    "klima_id": "BIR2.3"
   },
   "geometry": {
    "type": "LineString",
    "coordinates": [
     [
      12.572254,
      55.724483
     ],
     [
      12.572784,
      55.724441
     ],
     [
      12.572738,
      55.723849
     ]
    ]
   }
  },
  {
   "type": "Feature",
   "properties": {
    "kind": "river",
    "role": "open_channel",
    "typologi": "mix",
    "note": "planned surface route — could carry a river",
    "klima_id": "BIR2.3"
   },
   "geometry": {
    "type": "LineString",
    "coordinates": [
     [
      12.572838,
      55.722604
     ],
     [
      12.572769,
      55.723123
     ]
    ]
   }
  },
  {
   "type": "Feature",
   "properties": {
    "kind": "river",
    "role": "interceptor",
    "typologi": "Skybrudsledning",
    "note": "planned as a pipe — retrofit candidate",
    "klima_id": "BIR2.3"
   },
   "geometry": {
    "type": "LineString",
    "coordinates": [
     [
      12.572824,
      55.722642
     ],
     [
      12.572695,
      55.72347
     ]
    ]
   }
  },
  {
   "type": "Feature",
   "properties": {
    "kind": "river",
    "role": "interceptor",
    "typologi": "Skybrudsledning",
    "note": "planned as a pipe — retrofit candidate",
    "klima_id": "BIR2.3"
   },
   "geometry": {
    "type": "LineString",
    "coordinates": [
     [
      12.574408,
      55.724401
     ],
     [
      12.574508,
      55.723573
     ]
    ]
   }
  },
  {
   "type": "Feature",
   "properties": {
    "kind": "river",
    "role": "interceptor",
    "typologi": "Skybrudsledning",
    "note": "planned as a pipe — retrofit candidate",
    "klima_id": "BIR2.3"
   },
   "geometry": {
    "type": "LineString",
    "coordinates": [
     [
      12.574595,
      55.722871
     ],
     [
      12.574511,
      55.723565
     ]
    ]
   }
  },
  {
   "type": "Feature",
   "properties": {
    "kind": "river",
    "role": "open_channel",
    "typologi": "mix",
    "note": "planned surface route — could carry a river",
    "klima_id": "Frederiksberg"
   },
   "geometry": {
    "type": "LineString",
    "coordinates": [
     [
      12.510175,
      55.675114
     ],
     [
      12.508717,
      55.67394
     ],
     [
      12.507159,
      55.6727
     ],
     [
      12.506952,
      55.672381
     ]
    ]
   }
  },
  {
   "type": "Feature",
   "properties": {
    "kind": "river",
    "role": "open_channel",
    "typologi": "Grønne veje",
    "note": "planned surface route — could carry a river",
    "klima_id": "KV30"
   },
   "geometry": {
    "type": "LineString",
    "coordinates": [
     [
      12.48049,
      55.660267
     ],
     [
      12.480655,
      55.659492
     ]
    ]
   }
  },
  {
   "type": "Feature",
   "properties": {
    "kind": "river",
    "role": "open_channel",
    "typologi": "Skybrudsveje",
    "note": "planned surface route — could carry a river",
    "klima_id": "VEL42"
   },
   "geometry": {
    "type": "LineString",
    "coordinates": [
     [
      12.534051,
      55.698666
     ],
     [
      12.533718,
      55.698161
     ]
    ]
   }
  },
  {
   "type": "Feature",
   "properties": {
    "kind": "river",
    "role": "interceptor",
    "typologi": "Skybrudsledning",
    "note": "planned as a pipe — retrofit candidate",
    "klima_id": "Frederiksberg"
   },
   "geometry": {
    "type": "LineString",
    "coordinates": [
     [
      12.528062,
      55.675371
     ],
     [
      12.532458,
      55.67478
     ]
    ]
   }
  },
  {
   "type": "Feature",
   "properties": {
    "kind": "river",
    "role": "open_channel",
    "typologi": "mix",
    "note": "planned surface route — could carry a river",
    "klima_id": "KV95"
   },
   "geometry": {
    "type": "LineString",
    "coordinates": [
     [
      12.519113,
      55.667499
     ],
     [
      12.519054,
      55.667186
     ],
     [
      12.519005,
      55.667164
     ],
     [
      12.517927,
      55.667441
     ],
     [
      12.517519,
      55.667539
     ]
    ]
   }
  },
  {
   "type": "Feature",
   "properties": {
    "kind": "river",
    "role": "open_channel",
    "typologi": "mix",
    "note": "planned surface route — could carry a river",
    "klima_id": "KV95"
   },
   "geometry": {
    "type": "LineString",
    "coordinates": [
     [
      12.519008,
      55.666736
     ],
     [
      12.519033,
      55.666948
     ]
    ]
   }
  },
  {
   "type": "Feature",
   "properties": {
    "kind": "river",
    "role": "open_channel",
    "typologi": "Skybrudsveje",
    "note": "planned surface route — could carry a river",
    "klima_id": "KV95"
   },
   "geometry": {
    "type": "LineString",
    "coordinates": [
     [
      12.51726,
      55.666746
     ],
     [
      12.517235,
      55.667384
     ]
    ]
   }
  },
  {
   "type": "Feature",
   "properties": {
    "kind": "river",
    "role": "open_channel",
    "typologi": "mix",
    "note": "planned surface route — could carry a river",
    "klima_id": "BIR8.5"
   },
   "geometry": {
    "type": "LineString",
    "coordinates": [
     [
      12.551591,
      55.703795
     ],
     [
      12.551597,
      55.703932
     ],
     [
      12.551593,
      55.704035
     ],
     [
      12.551556,
      55.704156
     ],
     [
      12.551474,
      55.70427
     ],
     [
      12.551366,
      55.70439
     ],
     [
      12.551266,
      55.704473
     ],
     [
      12.551139,
      55.704547
     ],
     [
      12.550879,
      55.704689
     ],
     [
      12.549535,
      55.703939
     ]
    ]
   }
  },
  {
   "type": "Feature",
   "properties": {
    "kind": "river",
    "role": "open_channel",
    "typologi": "Forsinkelsesveje",
    "note": "planned surface route — could carry a river",
    "klima_id": "BIR17"
   },
   "geometry": {
    "type": "LineString",
    "coordinates": [
     [
      12.545415,
      55.698862
     ],
     [
      12.5451,
      55.699066
     ],
     [
      12.545001,
      55.699128
     ]
    ]
   }
  },
  {
   "type": "Feature",
   "properties": {
    "kind": "river",
    "role": "open_channel",
    "typologi": "Forsinkelsesveje",
    "note": "planned surface route — could carry a river",
    "klima_id": "BIR8.3"
   },
   "geometry": {
    "type": "LineString",
    "coordinates": [
     [
      12.549499,
      55.699451
     ],
     [
      12.549307,
      55.699573
     ],
     [
      12.548647,
      55.699979
     ],
     [
      12.548465,
      55.700085
     ],
     [
      12.548153,
      55.700231
     ],
     [
      12.54781,
      55.700381
     ],
     [
      12.546834,
      55.700739
     ],
     [
      12.545178,
      55.701277
     ]
    ]
   }
  },
  {
   "type": "Feature",
   "properties": {
    "kind": "river",
    "role": "interceptor",
    "typologi": "Skybrudsledning",
    "note": "planned as a pipe — retrofit candidate",
    "klima_id": "BIR8.1"
   },
   "geometry": {
    "type": "LineString",
    "coordinates": [
     [
      12.542924,
      55.706948
     ],
     [
      12.548841,
      55.709339
     ],
     [
      12.549181,
      55.709702
     ]
    ]
   }
  },
  {
   "type": "Feature",
   "properties": {
    "kind": "river",
    "role": "open_channel",
    "typologi": "Forsinkelsesveje",
    "note": "planned surface route — could carry a river",
    "klima_id": "KV59"
   },
   "geometry": {
    "type": "LineString",
    "coordinates": [
     [
      12.513539,
      55.665867
     ],
     [
      12.513257,
      55.665312
     ]
    ]
   }
  },
  {
   "type": "Feature",
   "properties": {
    "kind": "river",
    "role": "open_channel",
    "typologi": "Forsinkelsesveje",
    "note": "planned surface route — could carry a river",
    "klima_id": "KV59"
   },
   "geometry": {
    "type": "LineString",
    "coordinates": [
     [
      12.512668,
      55.664269
     ],
     [
      12.513082,
      55.664992
     ]
    ]
   }
  },
  {
   "type": "Feature",
   "properties": {
    "kind": "river",
    "role": "open_channel",
    "typologi": "Skybrudsveje",
    "note": "planned surface route — could carry a river",
    "klima_id": "KV60"
   },
   "geometry": {
    "type": "LineString",
    "coordinates": [
     [
      12.510211,
      55.661289
     ],
     [
      12.509058,
      55.661227
     ]
    ]
   }
  },
  {
   "type": "Feature",
   "properties": {
    "kind": "river",
    "role": "open_channel",
    "typologi": "Skybrudsveje",
    "note": "planned surface route — could carry a river",
    "klima_id": "KV60"
   },
   "geometry": {
    "type": "LineString",
    "coordinates": [
     [
      12.506772,
      55.661112
     ],
     [
      12.50821,
      55.661176
     ]
    ]
   }
  },
  {
   "type": "Feature",
   "properties": {
    "kind": "river",
    "role": "open_channel",
    "typologi": "Skybrudsveje",
    "note": "planned surface route — could carry a river",
    "klima_id": "IB23"
   },
   "geometry": {
    "type": "LineString",
    "coordinates": [
     [
      12.585051,
      55.677359
     ],
     [
      12.585569,
      55.677501
     ],
     [
      12.585795,
      55.67758
     ],
     [
      12.585916,
      55.677662
     ],
     [
      12.58601,
      55.677762
     ],
     [
      12.586061,
      55.67786
     ],
     [
      12.586086,
      55.677954
     ],
     [
      12.586057,
      55.678098
     ],
     [
      12.585985,
      55.678276
     ],
     [
      12.585781,
      55.67876
     ],
     [
      12.585581,
      55.679741
     ],
     [
      12.585916,
      55.679839
     ],
     [
      12.586437,
      55.680095
     ],
     [
      12.586731,
      55.680287
     ],
     [
      12.586886,
      55.680443
     ]
    ]
   }
  },
  {
   "type": "Feature",
   "properties": {
    "kind": "river",
    "role": "interceptor",
    "typologi": "Skybrudsledning",
    "note": "planned as a pipe — retrofit candidate",
    "klima_id": "IB21"
   },
   "geometry": {
    "type": "LineString",
    "coordinates": [
     [
      12.582308,
      55.677512
     ],
     [
      12.582716,
      55.677098
     ],
     [
      12.582839,
      55.676941
     ]
    ]
   }
  },
  {
   "type": "Feature",
   "properties": {
    "kind": "river",
    "role": "open_channel",
    "typologi": "mix",
    "note": "planned surface route — could carry a river",
    "klima_id": "BIR8.5"
   },
   "geometry": {
    "type": "LineString",
    "coordinates": [
     [
      12.556606,
      55.703539
     ],
     [
      12.55567,
      55.703553
     ],
     [
      12.55376,
      55.70359
     ],
     [
      12.551569,
      55.703635
     ],
     [
      12.551168,
      55.703632
     ],
     [
      12.550099,
      55.703621
     ]
    ]
   }
  },
  {
   "type": "Feature",
   "properties": {
    "kind": "river",
    "role": "open_channel",
    "typologi": "mix",
    "note": "planned surface route — could carry a river",
    "klima_id": "BIR8.5"
   },
   "geometry": {
    "type": "LineString",
    "coordinates": [
     [
      12.55428,
      55.705027
     ],
     [
      12.554092,
      55.70491
     ],
     [
      12.554011,
      55.704833
     ],
     [
      12.553936,
      55.704736
     ],
     [
      12.553892,
      55.704664
     ],
     [
      12.553866,
      55.704578
     ],
     [
      12.553809,
      55.704193
     ],
     [
      12.553772,
      55.703802
     ]
    ]
   }
  },
  {
   "type": "Feature",
   "properties": {
    "kind": "river",
    "role": "open_channel",
    "typologi": "mix",
    "note": "planned surface route — could carry a river",
    "klima_id": "BIR8.5"
   },
   "geometry": {
    "type": "LineString",
    "coordinates": [
     [
      12.550912,
      55.702766
     ],
     [
      12.551505,
      55.703105
     ],
     [
      12.55154,
      55.703161
     ],
     [
      12.551575,
      55.703424
     ]
    ]
   }
  },
  {
   "type": "Feature",
   "properties": {
    "kind": "river",
    "role": "open_channel",
    "typologi": "Skybrudsveje",
    "note": "planned surface route — could carry a river",
    "klima_id": "IB24"
   },
   "geometry": {
    "type": "LineString",
    "coordinates": [
     [
      12.575621,
      55.685909
     ],
     [
      12.5765,
      55.686497
     ],
     [
      12.577345,
      55.68695
     ],
     [
      12.57813,
      55.687384
     ]
    ]
   }
  },
  {
   "type": "Feature",
   "properties": {
    "kind": "river",
    "role": "interceptor",
    "typologi": "Skybrudsledning",
    "note": "planned as a pipe — retrofit candidate",
    "klima_id": "IB18"
   },
   "geometry": {
    "type": "LineString",
    "coordinates": [
     [
      12.588407,
      55.681022
     ],
     [
      12.590105,
      55.681442
     ],
     [
      12.590268,
      55.681638
     ]
    ]
   }
  },
  {
   "type": "Feature",
   "properties": {
    "kind": "river",
    "role": "interceptor",
    "typologi": "Skybrudsledning",
    "note": "planned as a pipe — retrofit candidate",
    "klima_id": "IB20"
   },
   "geometry": {
    "type": "LineString",
    "coordinates": [
     [
      12.582616,
      55.68073
     ],
     [
      12.582947,
      55.68082
     ]
    ]
   }
  },
  {
   "type": "Feature",
   "properties": {
    "kind": "river",
    "role": "interceptor",
    "typologi": "Skybrudsledning",
    "note": "planned as a pipe — retrofit candidate",
    "klima_id": "AM34"
   },
   "geometry": {
    "type": "LineString",
    "coordinates": [
     [
      12.605933,
      55.66499
     ],
     [
      12.604958,
      55.664799
     ],
     [
      12.604189,
      55.664642
     ]
    ]
   }
  },
  {
   "type": "Feature",
   "properties": {
    "kind": "river",
    "role": "open_channel",
    "typologi": "Skybrudsveje",
    "note": "planned surface route — could carry a river",
    "klima_id": "AM10"
   },
   "geometry": {
    "type": "LineString",
    "coordinates": [
     [
      12.616849,
      55.653391
     ],
     [
      12.617681,
      55.653533
     ],
     [
      12.617839,
      55.653633
     ]
    ]
   }
  },
  {
   "type": "Feature",
   "properties": {
    "kind": "river",
    "role": "open_channel",
    "typologi": "Forsinkelsesveje",
    "note": "planned surface route — could carry a river",
    "klima_id": "AM1C"
   },
   "geometry": {
    "type": "LineString",
    "coordinates": [
     [
      12.597651,
      55.667643
     ],
     [
      12.598219,
      55.667787
     ],
     [
      12.598508,
      55.667477
     ],
     [
      12.598898,
      55.667058
     ],
     [
      12.598559,
      55.666993
     ]
    ]
   }
  },
  {
   "type": "Feature",
   "properties": {
    "kind": "river",
    "role": "open_channel",
    "typologi": "Forsinkelsesveje",
    "note": "planned surface route — could carry a river",
    "klima_id": "Frederiksberg"
   },
   "geometry": {
    "type": "LineString",
    "coordinates": [
     [
      12.496448,
      55.669917
     ],
     [
      12.502184,
      55.669828
     ]
    ]
   }
  },
  {
   "type": "Feature",
   "properties": {
    "kind": "river",
    "role": "open_channel",
    "typologi": "mix",
    "note": "planned surface route — could carry a river",
    "klima_id": "AM35"
   },
   "geometry": {
    "type": "LineString",
    "coordinates": [
     [
      12.592625,
      55.665751
     ],
     [
      12.592767,
      55.66617
     ],
     [
      12.592841,
      55.666316
     ],
     [
      12.593296,
      55.666928
     ],
     [
      12.590836,
      55.667541
     ]
    ]
   }
  },
  {
   "type": "Feature",
   "properties": {
    "kind": "river",
    "role": "open_channel",
    "typologi": "Forsinkelsesveje",
    "note": "planned surface route — could carry a river",
    "klima_id": "AM13"
   },
   "geometry": {
    "type": "LineString",
    "coordinates": [
     [
      12.592469,
      55.658048
     ],
     [
      12.594999,
      55.66632
     ]
    ]
   }
  },
  {
   "type": "Feature",
   "properties": {
    "kind": "river",
    "role": "interceptor",
    "typologi": "Skybrudsledning",
    "note": "planned as a pipe — retrofit candidate",
    "klima_id": "NO26"
   },
   "geometry": {
    "type": "LineString",
    "coordinates": [
     [
      12.566983,
      55.692093
     ],
     [
      12.568389,
      55.691376
     ]
    ]
   }
  },
  {
   "type": "Feature",
   "properties": {
    "kind": "river",
    "role": "interceptor",
    "typologi": "Skybrudsledning",
    "note": "planned as a pipe — retrofit candidate",
    "klima_id": "KV87"
   },
   "geometry": {
    "type": "LineString",
    "coordinates": [
     [
      12.456667,
      55.713974
     ],
     [
      12.45736,
      55.714117
     ],
     [
      12.45794,
      55.714493
     ],
     [
      12.458128,
      55.714879
     ],
     [
      12.4586,
      55.716161
     ],
     [
      12.458734,
      55.716652
     ],
     [
      12.458789,
      55.71688
     ],
     [
      12.458174,
      55.718006
     ],
     [
      12.457994,
      55.718435
     ],
     [
      12.45765,
      55.719003
     ],
     [
      12.457248,
      55.719612
     ],
     [
      12.456853,
      55.719912
     ]
    ]
   }
  },
  {
   "type": "Feature",
   "properties": {
    "kind": "river",
    "role": "interceptor",
    "typologi": "Skybrudsledning",
    "note": "planned as a pipe — retrofit candidate",
    "klima_id": "BIR21"
   },
   "geometry": {
    "type": "LineString",
    "coordinates": [
     [
      12.515188,
      55.722774
     ],
     [
      12.517117,
      55.725477
     ],
     [
      12.516849,
      55.725728
     ],
     [
      12.517048,
      55.726644
     ]
    ]
   }
  },
  {
   "type": "Feature",
   "properties": {
    "kind": "river",
    "role": "interceptor",
    "typologi": "Skybrudsledning",
    "note": "planned as a pipe — retrofit candidate",
    "klima_id": "IB13"
   },
   "geometry": {
    "type": "LineString",
    "coordinates": [
     [
      12.576896,
      55.673877
     ],
     [
      12.577395,
      55.674194
     ]
    ]
   }
  },
  {
   "type": "Feature",
   "properties": {
    "kind": "river",
    "role": "interceptor",
    "typologi": "Skybrudsledning",
    "note": "planned as a pipe — retrofit candidate",
    "klima_id": "IB12"
   },
   "geometry": {
    "type": "LineString",
    "coordinates": [
     [
      12.581766,
      55.677256
     ],
     [
      12.581545,
      55.677152
     ]
    ]
   }
  },
  {
   "type": "Feature",
   "properties": {
    "kind": "river",
    "role": "interceptor",
    "typologi": "Skybrudsledning",
    "note": "planned as a pipe — retrofit candidate",
    "klima_id": "IB12"
   },
   "geometry": {
    "type": "LineString",
    "coordinates": [
     [
      12.580769,
      55.677764
     ],
     [
      12.580507,
      55.677549
     ]
    ]
   }
  },
  {
   "type": "Feature",
   "properties": {
    "kind": "river",
    "role": "interceptor",
    "typologi": "Skybrudsledning",
    "note": "planned as a pipe — retrofit candidate",
    "klima_id": "IB12"
   },
   "geometry": {
    "type": "LineString",
    "coordinates": [
     [
      12.575008,
      55.675969
     ],
     [
      12.575669,
      55.675853
     ]
    ]
   }
  },
  {
   "type": "Feature",
   "properties": {
    "kind": "river",
    "role": "interceptor",
    "typologi": "Skybrudsledning",
    "note": "planned as a pipe — retrofit candidate",
    "klima_id": "IB11"
   },
   "geometry": {
    "type": "LineString",
    "coordinates": [
     [
      12.59647,
      55.688046
     ],
     [
      12.596853,
      55.688573
     ]
    ]
   }
  },
  {
   "type": "Feature",
   "properties": {
    "kind": "river",
    "role": "open_channel",
    "typologi": "Grønne veje",
    "note": "planned surface route — could carry a river",
    "klima_id": "KV82a"
   },
   "geometry": {
    "type": "LineString",
    "coordinates": [
     [
      12.521241,
      55.660449
     ],
     [
      12.52134,
      55.660446
     ],
     [
      12.521438,
      55.660433
     ],
     [
      12.521539,
      55.660418
     ],
     [
      12.52162,
      55.66039
     ],
     [
      12.521721,
      55.660321
     ],
     [
      12.521785,
      55.660259
     ],
     [
      12.521828,
      55.660121
     ],
     [
      12.522441,
      55.65649
     ],
     [
      12.522524,
      55.656363
     ],
     [
      12.522749,
      55.65469
     ],
     [
      12.522875,
      55.654022
     ],
     [
      12.523039,
      55.653092
     ]
    ]
   }
  },
  {
   "type": "Feature",
   "properties": {
    "kind": "river",
    "role": "open_channel",
    "typologi": "Grønne veje",
    "note": "planned surface route — could carry a river",
    "klima_id": "KV82a"
   },
   "geometry": {
    "type": "LineString",
    "coordinates": [
     [
      12.521241,
      55.660449
     ],
     [
      12.521127,
      55.660436
     ],
     [
      12.521017,
      55.660408
     ],
     [
      12.520914,
      55.660379
     ],
     [
      12.520825,
      55.660323
     ],
     [
      12.520785,
      55.660256
     ],
     [
      12.521259,
      55.656429
     ],
     [
      12.521693,
      55.65308
     ]
    ]
   }
  },
  {
   "type": "Feature",
   "properties": {
    "kind": "river",
    "role": "open_channel",
    "typologi": "Grønne veje",
    "note": "planned surface route — could carry a river",
    "klima_id": "KV82a"
   },
   "geometry": {
    "type": "LineString",
    "coordinates": [
     [
      12.522404,
      55.656427
     ],
     [
      12.521355,
      55.656388
     ]
    ]
   }
  },
  {
   "type": "Feature",
   "properties": {
    "kind": "river",
    "role": "open_channel",
    "typologi": "Grønne veje",
    "note": "planned surface route — could carry a river",
    "klima_id": "KV82a"
   },
   "geometry": {
    "type": "LineString",
    "coordinates": [
     [
      12.523695,
      55.656476
     ],
     [
      12.5226,
      55.656437
     ]
    ]
   }
  },
  {
   "type": "Feature",
   "properties": {
    "kind": "river",
    "role": "open_channel",
    "typologi": "Grønne veje",
    "note": "planned surface route — could carry a river",
    "klima_id": "KV82a"
   },
   "geometry": {
    "type": "LineString",
    "coordinates": [
     [
      12.521205,
      55.656386
     ],
     [
      12.520156,
      55.656349
     ]
    ]
   }
  },
  {
   "type": "Feature",
   "properties": {
    "kind": "river",
    "role": "open_channel",
    "typologi": "Grønne veje",
    "note": "planned surface route — could carry a river",
    "klima_id": "KV82a"
   },
   "geometry": {
    "type": "LineString",
    "coordinates": [
     [
      12.519958,
      55.656339
     ],
     [
      12.518863,
      55.656299
     ]
    ]
   }
  },
  {
   "type": "Feature",
   "properties": {
    "kind": "river",
    "role": "open_channel",
    "typologi": "Grønne veje",
    "note": "planned surface route — could carry a river",
    "klima_id": "KV82a"
   },
   "geometry": {
    "type": "LineString",
    "coordinates": [
     [
      12.518666,
      55.656292
     ],
     [
      12.517989,
      55.65627
     ]
    ]
   }
  },
  {
   "type": "Feature",
   "properties": {
    "kind": "river",
    "role": "open_channel",
    "typologi": "Grønne veje",
    "note": "planned surface route — could carry a river",
    "klima_id": "KV82a"
   },
   "geometry": {
    "type": "LineString",
    "coordinates": [
     [
      12.519824,
      55.657514
     ],
     [
      12.518021,
      55.657455
     ]
    ]
   }
  },
  {
   "type": "Feature",
   "properties": {
    "kind": "river",
    "role": "open_channel",
    "typologi": "Grønne veje",
    "note": "planned surface route — could carry a river",
    "klima_id": "KV82a"
   },
   "geometry": {
    "type": "LineString",
    "coordinates": [
     [
      12.518758,
      55.657428
     ],
     [
      12.518691,
      55.653495
     ]
    ]
   }
  },
  {
   "type": "Feature",
   "properties": {
    "kind": "river",
    "role": "open_channel",
    "typologi": "Skybrudsveje",
    "note": "planned surface route — could carry a river",
    "klima_id": "BIR4.3"
   },
   "geometry": {
    "type": "LineString",
    "coordinates": [
     [
      12.519542,
      55.702531
     ],
     [
      12.518915,
      55.702415
     ]
    ]
   }
  },
  {
   "type": "Feature",
   "properties": {
    "kind": "river",
    "role": "interceptor",
    "typologi": "Skybrudsledning",
    "note": "planned as a pipe — retrofit candidate",
    "klima_id": "BIR4.1"
   },
   "geometry": {
    "type": "LineString",
    "coordinates": [
     [
      12.511615,
      55.699811
     ],
     [
      12.514099,
      55.698941
     ],
     [
      12.514495,
      55.699028
     ]
    ]
   }
  },
  {
   "type": "Feature",
   "properties": {
    "kind": "river",
    "role": "interceptor",
    "typologi": "Skybrudsledning",
    "note": "planned as a pipe — retrofit candidate",
    "klima_id": "BIR4.1"
   },
   "geometry": {
    "type": "LineString",
    "coordinates": [
     [
      12.514537,
      55.698797
     ],
     [
      12.514559,
      55.699006
     ],
     [
      12.514559,
      55.699006
     ]
    ]
   }
  },
  {
   "type": "Feature",
   "properties": {
    "kind": "river",
    "role": "open_channel",
    "typologi": "Skybrudsveje",
    "note": "planned surface route — could carry a river",
    "klima_id": "BIR4.2"
   },
   "geometry": {
    "type": "LineString",
    "coordinates": [
     [
      12.512641,
      55.702964
     ],
     [
      12.51296,
      55.703695
     ],
     [
      12.513423,
      55.703767
     ]
    ]
   }
  },
  {
   "type": "Feature",
   "properties": {
    "kind": "river",
    "role": "open_channel",
    "typologi": "Skybrudsveje",
    "note": "planned surface route — could carry a river",
    "klima_id": "BIR4.2"
   },
   "geometry": {
    "type": "LineString",
    "coordinates": [
     [
      12.512239,
      55.702135
     ],
     [
      12.512422,
      55.702492
     ],
     [
      12.51257,
      55.702781
     ],
     [
      12.513075,
      55.702848
     ]
    ]
   }
  },
  {
   "type": "Feature",
   "properties": {
    "kind": "river",
    "role": "open_channel",
    "typologi": "Forsinkelsesveje",
    "note": "planned surface route — could carry a river",
    "klima_id": "KV14"
   },
   "geometry": {
    "type": "LineString",
    "coordinates": [
     [
      12.479053,
      55.697556
     ],
     [
      12.47906,
      55.697329
     ],
     [
      12.479545,
      55.695839
     ],
     [
      12.480987,
      55.691414
     ]
    ]
   }
  },
  {
   "type": "Feature",
   "properties": {
    "kind": "river",
    "role": "open_channel",
    "typologi": "Grønne veje",
    "note": "planned surface route — could carry a river",
    "klima_id": "KV54"
   },
   "geometry": {
    "type": "LineString",
    "coordinates": [
     [
      12.497171,
      55.699508
     ],
     [
      12.497113,
      55.699379
     ],
     [
      12.497023,
      55.699146
     ],
     [
      12.496969,
      55.698883
     ],
     [
      12.496825,
      55.697982
     ]
    ]
   }
  },
  {
   "type": "Feature",
   "properties": {
    "kind": "river",
    "role": "interceptor",
    "typologi": "Skybrudsledning",
    "note": "planned as a pipe — retrofit candidate",
    "klima_id": "IB6"
   },
   "geometry": {
    "type": "LineString",
    "coordinates": [
     [
      12.589272,
      55.683166
     ],
     [
      12.593,
      55.687642
     ],
     [
      12.593786,
      55.687737
     ]
    ]
   }
  },
  {
   "type": "Feature",
   "properties": {
    "kind": "river",
    "role": "open_channel",
    "typologi": "Grønne veje",
    "note": "planned surface route — could carry a river",
    "klima_id": "KV65"
   },
   "geometry": {
    "type": "LineString",
    "coordinates": [
     [
      12.494288,
      55.669085
     ],
     [
      12.49792,
      55.668216
     ],
     [
      12.499897,
      55.667736
     ],
     [
      12.501447,
      55.667402
     ],
     [
      12.50468,
      55.666712
     ],
     [
      12.507859,
      55.666043
     ],
     [
      12.50876,
      55.665892
     ]
    ]
   }
  },
  {
   "type": "Feature",
   "properties": {
    "kind": "river",
    "role": "interceptor",
    "typologi": "Skybrudsledning",
    "note": "planned as a pipe — retrofit candidate",
    "klima_id": "VEL38"
   },
   "geometry": {
    "type": "LineString",
    "coordinates": [
     [
      12.534772,
      55.694463
     ],
     [
      12.533543,
      55.695227
     ],
     [
      12.532427,
      55.695474
     ],
     [
      12.530557,
      55.69562
     ],
     [
      12.527647,
      55.695606
     ],
     [
      12.526964,
      55.695595
     ],
     [
      12.526283,
      55.695506
     ],
     [
      12.525894,
      55.695451
     ],
     [
      12.525181,
      55.695299
     ],
     [
      12.524896,
      55.695236
     ],
     [
      12.524118,
      55.694969
     ],
     [
      12.523172,
      55.694644
     ],
     [
      12.522893,
      55.694528
     ],
     [
      12.522376,
      55.69427
     ],
     [
      12.522121,
      55.694135
     ],
     [
      12.521633,
      55.693686
     ],
     [
      12.521128,
      55.693293
     ],
     [
      12.521101,
      55.693186
     ],
     [
      12.520888,
      55.693049
     ],
     [
      12.520478,
      55.692729
     ],
     [
      12.520307,
      55.692517
     ],
     [
      12.519758,
      55.692164
     ],
     [
      12.519493,
      55.691983
     ],
     [
      12.519168,
      55.691784
     ],
     [
      12.518806,
      55.691571
     ],
     [
      12.518627,
      55.691462
     ],
     [
      12.518321,
      55.691305
     ],
     [
      12.517895,
      55.691087
     ],
     [
      12.517639,
      55.690941
     ],
     [
      12.51758,
      55.690897
     ],
     [
      12.517387,
      55.690832
     ],
     [
      12.51706,
      55.690785
     ],
     [
      12.516488,
      55.690649
     ],
     [
      12.516204,
      55.690459
     ],
     [
      12.515551,
      55.690188
     ],
     [
      12.514234,
      55.689945
     ],
     [
      12.512635,
      55.689413
     ],
     [
      12.512013,
      55.689329
     ],
     [
      12.511202,
      55.689228
     ],
     [
      12.510243,
      55.68911
     ],
     [
      12.508259,
      55.68889
     ],
     [
      12.506867,
      55.688816
     ],
     [
      12.506537,
      55.688796
     ],
     [
      12.505546,
      55.688712
     ],
     [
      12.504056,
      55.688483
     ],
     [
      12.503715,
      55.688421
     ],
     [
      12.503332,
      55.688304
     ],
     [
      12.502413,
      55.688028
     ],
     [
      12.501972,
      55.687841
     ],
     [
      12.500342,
      55.68672
     ],
     [
      12.500156,
      55.686617
     ],
     [
      12.499405,
      55.686236
     ],
     [
      12.498698,
      55.685876
     ],
     [
      12.497889,
      55.685464
     ],
     [
      12.497526,
      55.685309
     ],
     [
      12.496042,
      55.68471
     ],
     [
      12.495862,
      55.684639
     ],
     [
      12.495592,
      55.684529
     ],
     [
      12.495317,
      55.684359
     ],
     [
      12.494652,
      55.68394
     ],
     [
      12.49403,
      55.683532
     ],
     [
      12.492987,
      55.682773
     ],
     [
      12.492479,
      55.682193
     ],
     [
      12.492137,
      55.681789
     ],
     [
      12.492068,
      55.68167
     ],
     [
      12.491927,
      55.681348
     ],
     [
      12.491753,
      55.681007
     ],
     [
      12.491657,
      55.680883
     ],
     [
      12.491263,
      55.680415
     ],
     [
      12.491202,
      55.680158
     ],
     [
      12.491043,
      55.679526
     ],
     [
      12.490962,
      55.679407
     ],
     [
      12.490863,
      55.679326
     ],
     [
      12.49065,
      55.679216
     ],
     [
      12.490051,
      55.678945
     ],
     [
      12.488844,
      55.678418
     ],
     [
      12.487653,
      55.677903
     ]
    ]
   }
  },
  {
   "type": "Feature",
   "properties": {
    "kind": "river",
    "role": "open_channel",
    "typologi": "Skybrudsveje",
    "note": "planned surface route — could carry a river",
    "klima_id": "KV45"
   },
   "geometry": {
    "type": "LineString",
    "coordinates": [
     [
      12.491659,
      55.693206
     ],
     [
      12.492213,
      55.692588
     ],
     [
      12.49277,
      55.69225
     ],
     [
      12.493326,
      55.691911
     ],
     [
      12.494489,
      55.691293
     ],
     [
      12.49501,
      55.691026
     ],
     [
      12.49631,
      55.690259
     ],
     [
      12.497589,
      55.689434
     ],
     [
      12.499329,
      55.688091
     ]
    ]
   }
  },
  {
   "type": "Feature",
   "properties": {
    "kind": "river",
    "role": "interceptor",
    "typologi": "Skybrudsledning",
    "note": "planned as a pipe — retrofit candidate",
    "klima_id": "BIR21"
   },
   "geometry": {
    "type": "LineString",
    "coordinates": [
     [
      12.513527,
      55.719821
     ],
     [
      12.515188,
      55.722774
     ],
     [
      12.512638,
      55.722874
     ],
     [
      12.510728,
      55.723037
     ],
     [
      12.50575,
      55.724003
     ],
     [
      12.504623,
      55.724074
     ],
     [
      12.502042,
      55.723755
     ]
    ]
   }
  },
  {
   "type": "Feature",
   "properties": {
    "kind": "river",
    "role": "interceptor",
    "typologi": "Skybrudsledning",
    "note": "planned as a pipe — retrofit candidate",
    "klima_id": "BIR21"
   },
   "geometry": {
    "type": "LineString",
    "coordinates": [
     [
      12.517117,
      55.725477
     ],
     [
      12.519592,
      55.72755
     ],
     [
      12.522228,
      55.72792
     ],
     [
      12.53257,
      55.727677
     ],
     [
      12.535343,
      55.727465
     ],
     [
      12.53521,
      55.726968
     ],
     [
      12.533922,
      55.726924
     ],
     [
      12.533131,
      55.726854
     ],
     [
      12.532102,
      55.726949
     ]
    ]
   }
  },
  {
   "type": "Feature",
   "properties": {
    "kind": "river",
    "role": "interceptor",
    "typologi": "Skybrudsledning",
    "note": "planned as a pipe — retrofit candidate",
    "klima_id": "BIR21"
   },
   "geometry": {
    "type": "LineString",
    "coordinates": [
     [
      12.535343,
      55.727465
     ],
     [
      12.5558,
      55.722883
     ],
     [
      12.555934,
      55.723907
     ],
     [
      12.558991,
      55.723808
     ],
     [
      12.560238,
      55.723385
     ],
     [
      12.560425,
      55.723637
     ],
     [
      12.560962,
      55.725486
     ]
    ]
   }
  },
  {
   "type": "Feature",
   "properties": {
    "kind": "river",
    "role": "interceptor",
    "typologi": "Skybrudsledning",
    "note": "planned as a pipe — retrofit candidate",
    "klima_id": "BIR21"
   },
   "geometry": {
    "type": "LineString",
    "coordinates": [
     [
      12.53404,
      55.705059
     ],
     [
      12.53704,
      55.704229
     ],
     [
      12.538202,
      55.704637
     ],
     [
      12.538282,
      55.705374
     ],
     [
      12.539049,
      55.705333
     ]
    ]
   }
  },
  {
   "type": "Feature",
   "properties": {
    "kind": "river",
    "role": "interceptor",
    "typologi": "Skybrudsledning",
    "note": "planned as a pipe — retrofit candidate",
    "klima_id": "IB12"
   },
   "geometry": {
    "type": "LineString",
    "coordinates": [
     [
      12.583339,
      55.676757
     ],
     [
      12.583061,
      55.676526
     ]
    ]
   }
  },
  {
   "type": "Feature",
   "properties": {
    "kind": "river",
    "role": "open_channel",
    "typologi": "Skybrudsveje",
    "note": "planned surface route — could carry a river",
    "klima_id": "BIR4.2"
   },
   "geometry": {
    "type": "LineString",
    "coordinates": [
     [
      12.511291,
      55.701226
     ],
     [
      12.511715,
      55.701618
     ],
     [
      12.511932,
      55.701832
     ],
     [
      12.512088,
      55.701974
     ],
     [
      12.512455,
      55.702029
     ]
    ]
   }
  },
  {
   "type": "Feature",
   "properties": {
    "kind": "river",
    "role": "open_channel",
    "typologi": "Skybrudsveje",
    "note": "planned surface route — could carry a river",
    "klima_id": "KV49"
   },
   "geometry": {
    "type": "LineString",
    "coordinates": [
     [
      12.503066,
      55.691619
     ],
     [
      12.499235,
      55.69012
     ],
     [
      12.499171,
      55.690097
     ],
     [
      12.499699,
      55.68958
     ]
    ]
   }
  },
  {
   "type": "Feature",
   "properties": {
    "kind": "river",
    "role": "open_channel",
    "typologi": "Skybrudsveje",
    "note": "planned surface route — could carry a river",
    "klima_id": "KV41"
   },
   "geometry": {
    "type": "LineString",
    "coordinates": [
     [
      12.493841,
      55.697653
     ],
     [
      12.494015,
      55.697153
     ],
     [
      12.494163,
      55.696703
     ],
     [
      12.494312,
      55.696253
     ],
     [
      12.494622,
      55.695344
     ],
     [
      12.49488,
      55.694555
     ]
    ]
   }
  },
  {
   "type": "Feature",
   "properties": {
    "kind": "river",
    "role": "interceptor",
    "typologi": "Skybrudsledning",
    "note": "planned as a pipe — retrofit candidate",
    "klima_id": "KV13"
   },
   "geometry": {
    "type": "LineString",
    "coordinates": [
     [
      12.481552,
      55.696579
     ],
     [
      12.4822,
      55.694634
     ],
     [
      12.482294,
      55.694355
     ],
     [
      12.483083,
      55.69205
     ],
     [
      12.483189,
      55.691779
     ],
     [
      12.483423,
      55.691523
     ],
     [
      12.48511,
      55.688973
     ]
    ]
   }
  },
  {
   "type": "Feature",
   "properties": {
    "kind": "river",
    "role": "open_channel",
    "typologi": "Forsinkelsesveje",
    "note": "planned surface route — could carry a river",
    "klima_id": "KV44"
   },
   "geometry": {
    "type": "LineString",
    "coordinates": [
     [
      12.499295,
      55.695197
     ],
     [
      12.49691,
      55.694593
     ],
     [
      12.496341,
      55.694449
     ],
     [
      12.495574,
      55.694256
     ],
     [
      12.494688,
      55.694028
     ]
    ]
   }
  },
  {
   "type": "Feature",
   "properties": {
    "kind": "river",
    "role": "interceptor",
    "typologi": "Skybrudsledning",
    "note": "planned as a pipe — retrofit candidate",
    "klima_id": "KV13"
   },
   "geometry": {
    "type": "LineString",
    "coordinates": [
     [
      12.4822,
      55.694634
     ],
     [
      12.484989,
      55.694947
     ]
    ]
   }
  },
  {
   "type": "Feature",
   "properties": {
    "kind": "river",
    "role": "interceptor",
    "typologi": "Skybrudsledning",
    "note": "planned as a pipe — retrofit candidate",
    "klima_id": "KV13"
   },
   "geometry": {
    "type": "LineString",
    "coordinates": [
     [
      12.482542,
      55.6936
     ],
     [
      12.485009,
      55.694123
     ]
    ]
   }
  },
  {
   "type": "Feature",
   "properties": {
    "kind": "river",
    "role": "open_channel",
    "typologi": "Forsinkelsesveje",
    "note": "planned surface route — could carry a river",
    "klima_id": "KV97"
   },
   "geometry": {
    "type": "LineString",
    "coordinates": [
     [
      12.484684,
      55.682681
     ],
     [
      12.488598,
      55.682717
     ],
     [
      12.490305,
      55.682562
     ]
    ]
   }
  },
  {
   "type": "Feature",
   "properties": {
    "kind": "river",
    "role": "open_channel",
    "typologi": "Forsinkelsesveje",
    "note": "planned surface route — could carry a river",
    "klima_id": "KV98"
   },
   "geometry": {
    "type": "LineString",
    "coordinates": [
     [
      12.483877,
      55.683716
     ],
     [
      12.489027,
      55.684896
     ]
    ]
   }
  },
  {
   "type": "Feature",
   "properties": {
    "kind": "river",
    "role": "interceptor",
    "typologi": "Skybrudsledning",
    "note": "planned as a pipe — retrofit candidate",
    "klima_id": "KV13"
   },
   "geometry": {
    "type": "LineString",
    "coordinates": [
     [
      12.481271,
      55.691369
     ],
     [
      12.483189,
      55.691779
     ]
    ]
   }
  },
  {
   "type": "Feature",
   "properties": {
    "kind": "river",
    "role": "open_channel",
    "typologi": "Grønne veje",
    "note": "planned surface route — could carry a river",
    "klima_id": "KV54"
   },
   "geometry": {
    "type": "LineString",
    "coordinates": [
     [
      12.494309,
      55.702265
     ],
     [
      12.494167,
      55.701283
     ]
    ]
   }
  },
  {
   "type": "Feature",
   "properties": {
    "kind": "river",
    "role": "open_channel",
    "typologi": "Grønne veje",
    "note": "planned surface route — could carry a river",
    "klima_id": "KV54"
   },
   "geometry": {
    "type": "LineString",
    "coordinates": [
     [
      12.49534,
      55.701549
     ],
     [
      12.494623,
      55.70118
     ]
    ]
   }
  },
  {
   "type": "Feature",
   "properties": {
    "kind": "river",
    "role": "open_channel",
    "typologi": "Grønne veje",
    "note": "planned surface route — could carry a river",
    "klima_id": "KV54"
   },
   "geometry": {
    "type": "LineString",
    "coordinates": [
     [
      12.496332,
      55.701229
     ],
     [
      12.496433,
      55.700162
     ],
     [
      12.496448,
      55.699804
     ]
    ]
   }
  },
  {
   "type": "Feature",
   "properties": {
    "kind": "river",
    "role": "open_channel",
    "typologi": "Grønne veje",
    "note": "planned surface route — could carry a river",
    "klima_id": "KV54"
   },
   "geometry": {
    "type": "LineString",
    "coordinates": [
     [
      12.494483,
      55.700791
     ],
     [
      12.495216,
      55.700329
     ],
     [
      12.496236,
      55.699851
     ],
     [
      12.496768,
      55.699657
     ],
     [
      12.497176,
      55.69954
     ],
     [
      12.497826,
      55.699417
     ],
     [
      12.497947,
      55.699408
     ]
    ]
   }
  },
  {
   "type": "Feature",
   "properties": {
    "kind": "river",
    "role": "open_channel",
    "typologi": "Grønne veje",
    "note": "planned surface route — could carry a river",
    "klima_id": "KV54"
   },
   "geometry": {
    "type": "LineString",
    "coordinates": [
     [
      12.495173,
      55.700304
     ],
     [
      12.494778,
      55.700071
     ],
     [
      12.494554,
      55.699894
     ],
     [
      12.494269,
      55.699577
     ],
     [
      12.4942,
      55.699477
     ],
     [
      12.494071,
      55.69923
     ],
     [
      12.494016,
      55.69898
     ],
     [
      12.493945,
      55.698531
     ],
     [
      12.493833,
      55.697816
     ]
    ]
   }
  },
  {
   "type": "Feature",
   "properties": {
    "kind": "river",
    "role": "open_channel",
    "typologi": "Grønne veje",
    "note": "planned surface route — could carry a river",
    "klima_id": "KV54"
   },
   "geometry": {
    "type": "LineString",
    "coordinates": [
     [
      12.496185,
      55.699823
     ],
     [
      12.495975,
      55.69967
     ],
     [
      12.495767,
      55.699478
     ],
     [
      12.495643,
      55.699312
     ],
     [
      12.495569,
      55.699186
     ],
     [
      12.495511,
      55.699033
     ],
     [
      12.495454,
      55.698658
     ],
     [
      12.495339,
      55.697932
     ]
    ]
   }
  },
  {
   "type": "Feature",
   "properties": {
    "kind": "river",
    "role": "open_channel",
    "typologi": "Grønne veje",
    "note": "planned surface route — could carry a river",
    "klima_id": "KV65"
   },
   "geometry": {
    "type": "LineString",
    "coordinates": [
     [
      12.496677,
      55.665394
     ],
     [
      12.49681,
      55.665581
     ],
     [
      12.496927,
      55.665635
     ],
     [
      12.498889,
      55.66626
     ],
     [
      12.499801,
      55.666547
     ],
     [
      12.500351,
      55.666679
     ],
     [
      12.5007,
      55.666739
     ],
     [
      12.501014,
      55.666848
     ],
     [
      12.501117,
      55.666927
     ],
     [
      12.501211,
      55.667034
     ],
     [
      12.501331,
      55.667229
     ]
    ]
   }
  },
  {
   "type": "Feature",
   "properties": {
    "kind": "river",
    "role": "open_channel",
    "typologi": "Forsinkelsesveje",
    "note": "planned surface route — could carry a river",
    "klima_id": "AM27"
   },
   "geometry": {
    "type": "LineString",
    "coordinates": [
     [
      12.600064,
      55.659276
     ],
     [
      12.598879,
      55.658707
     ],
     [
      12.597529,
      55.658034
     ]
    ]
   }
  },
  {
   "type": "Feature",
   "properties": {
    "kind": "river",
    "role": "interceptor",
    "typologi": "Skybrudsledning",
    "note": "planned as a pipe — retrofit candidate",
    "klima_id": "BIR31"
   },
   "geometry": {
    "type": "LineString",
    "coordinates": [
     [
      12.526278,
      55.709077
     ],
     [
      12.526872,
      55.708967
     ],
     [
      12.527645,
      55.708803
     ],
     [
      12.527981,
      55.70874
     ],
     [
      12.528558,
      55.708753
     ],
     [
      12.530638,
      55.708728
     ],
     [
      12.531905,
      55.708727
     ],
     [
      12.532498,
      55.708606
     ],
     [
      12.532858,
      55.70856
     ],
     [
      12.534336,
      55.708504
     ],
     [
      12.536608,
      55.708432
     ],
     [
      12.538169,
      55.708376
     ]
    ]
   }
  },
  {
   "type": "Feature",
   "properties": {
    "kind": "river",
    "role": "interceptor",
    "typologi": "Skybrudsledning",
    "note": "planned as a pipe — retrofit candidate",
    "klima_id": "BIR7.8"
   },
   "geometry": {
    "type": "LineString",
    "coordinates": [
     [
      12.537665,
      55.716168
     ],
     [
      12.538288,
      55.716662
     ]
    ]
   }
  },
  {
   "type": "Feature",
   "properties": {
    "kind": "river",
    "role": "interceptor",
    "typologi": "Skybrudsledning",
    "note": "planned as a pipe — retrofit candidate",
    "klima_id": "AM32"
   },
   "geometry": {
    "type": "LineString",
    "coordinates": [
     [
      12.601113,
      55.663387
     ],
     [
      12.598779,
      55.66276
     ],
     [
      12.598236,
      55.662598
     ]
    ]
   }
  },
  {
   "type": "Feature",
   "properties": {
    "kind": "river",
    "role": "open_channel",
    "typologi": "Grønne veje",
    "note": "planned surface route — could carry a river",
    "klima_id": "Frederiksberg"
   },
   "geometry": {
    "type": "LineString",
    "coordinates": [
     [
      12.540277,
      55.681636
     ],
     [
      12.540143,
      55.681369
     ],
     [
      12.540725,
      55.681282
     ]
    ]
   }
  },
  {
   "type": "Feature",
   "properties": {
    "kind": "river",
    "role": "interceptor",
    "typologi": "Skybrudsledning",
    "note": "planned as a pipe — retrofit candidate",
    "klima_id": "NO21"
   },
   "geometry": {
    "type": "LineString",
    "coordinates": [
     [
      12.592913,
      55.687949
     ],
     [
      12.592869,
      55.687963
     ],
     [
      12.592608,
      55.688035
     ],
     [
      12.592022,
      55.688512
     ],
     [
      12.591994,
      55.688677
     ],
     [
      12.591994,
      55.688691
     ]
    ]
   }
  },
  {
   "type": "Feature",
   "properties": {
    "kind": "river",
    "role": "interceptor",
    "typologi": "Skybrudsledning",
    "note": "planned as a pipe — retrofit candidate",
    "klima_id": "NO21"
   },
   "geometry": {
    "type": "LineString",
    "coordinates": [
     [
      12.58,
      55.689482
     ],
     [
      12.58018,
      55.68956
     ]
    ]
   }
  },
  {
   "type": "Feature",
   "properties": {
    "kind": "river",
    "role": "interceptor",
    "typologi": "Skybrudsledning",
    "note": "planned as a pipe — retrofit candidate",
    "klima_id": "NO21"
   },
   "geometry": {
    "type": "LineString",
    "coordinates": [
     [
      12.570539,
      55.691683
     ],
     [
      12.570533,
      55.691677
     ],
     [
      12.57001,
      55.691299
     ]
    ]
   }
  },
  {
   "type": "Feature",
   "properties": {
    "kind": "river",
    "role": "open_channel",
    "typologi": "mix",
    "note": "planned surface route — could carry a river",
    "klima_id": "BIR8.5"
   },
   "geometry": {
    "type": "LineString",
    "coordinates": [
     [
      12.553476,
      55.701521
     ],
     [
      12.553708,
      55.703356
     ]
    ]
   }
  },
  {
   "type": "Feature",
   "properties": {
    "kind": "river",
    "role": "open_channel",
    "typologi": "Grønne veje",
    "note": "planned surface route — could carry a river",
    "klima_id": "KV54"
   },
   "geometry": {
    "type": "LineString",
    "coordinates": [
     [
      12.498156,
      55.697991
     ],
     [
      12.497774,
      55.697976
     ],
     [
      12.496803,
      55.697941
     ],
     [
      12.495336,
      55.69789
     ],
     [
      12.494193,
      55.697845
     ],
     [
      12.493906,
      55.69783
     ]
    ]
   }
  },
  {
   "type": "Feature",
   "properties": {
    "kind": "river",
    "role": "open_channel",
    "typologi": "Forsinkelsesveje",
    "note": "planned surface route — could carry a river",
    "klima_id": "KV44"
   },
   "geometry": {
    "type": "LineString",
    "coordinates": [
     [
      12.498417,
      55.697799
     ],
     [
      12.499305,
      55.695202
     ]
    ]
   }
  },
  {
   "type": "Feature",
   "properties": {
    "kind": "river",
    "role": "open_channel",
    "typologi": "Forsinkelsesveje",
    "note": "planned surface route — could carry a river",
    "klima_id": "KV51"
   },
   "geometry": {
    "type": "LineString",
    "coordinates": [
     [
      12.496363,
      55.693441
     ],
     [
      12.49787,
      55.693144
     ],
     [
      12.499646,
      55.692882
     ],
     [
      12.50074,
      55.69273
     ],
     [
      12.501934,
      55.692624
     ],
     [
      12.503733,
      55.692527
     ],
     [
      12.503904,
      55.692521
     ]
    ]
   }
  },
  {
   "type": "Feature",
   "properties": {
    "kind": "river",
    "role": "open_channel",
    "typologi": "Skybrudsveje",
    "note": "planned surface route — could carry a river",
    "klima_id": "KV51"
   },
   "geometry": {
    "type": "LineString",
    "coordinates": [
     [
      12.498472,
      55.693055
     ],
     [
      12.497837,
      55.693151
     ],
     [
      12.497782,
      55.693016
     ],
     [
      12.497854,
      55.69294
     ]
    ]
   }
  },
  {
   "type": "Feature",
   "properties": {
    "kind": "river",
    "role": "open_channel",
    "typologi": "Grønne veje",
    "note": "planned surface route — could carry a river",
    "klima_id": "Frederiksberg"
   },
   "geometry": {
    "type": "LineString",
    "coordinates": [
     [
      12.534637,
      55.686415
     ],
     [
      12.535136,
      55.68706
     ]
    ]
   }
  },
  {
   "type": "Feature",
   "properties": {
    "kind": "river",
    "role": "open_channel",
    "typologi": "Skybrudsveje",
    "note": "planned surface route — could carry a river",
    "klima_id": "KV45"
   },
   "geometry": {
    "type": "LineString",
    "coordinates": [
     [
      12.489572,
      55.693009
     ],
     [
      12.491271,
      55.693297
     ]
    ]
   }
  },
  {
   "type": "Feature",
   "properties": {
    "kind": "river",
    "role": "open_channel",
    "typologi": "Skybrudsveje",
    "note": "planned surface route — could carry a river",
    "klima_id": "KV45"
   },
   "geometry": {
    "type": "LineString",
    "coordinates": [
     [
      12.493848,
      55.693776
     ],
     [
      12.491849,
      55.693408
     ]
    ]
   }
  },
  {
   "type": "Feature",
   "properties": {
    "kind": "river",
    "role": "open_channel",
    "typologi": "Grønne veje",
    "note": "planned surface route — could carry a river",
    "klima_id": "KV54"
   },
   "geometry": {
    "type": "LineString",
    "coordinates": [
     [
      12.491033,
      55.69234
     ],
     [
      12.49187,
      55.691063
     ],
     [
      12.492023,
      55.69083
     ],
     [
      12.492123,
      55.690695
     ],
     [
      12.492233,
      55.690578
     ],
     [
      12.492398,
      55.690432
     ],
     [
      12.492597,
      55.690287
     ],
     [
      12.492812,
      55.690158
     ],
     [
      12.493081,
      55.690026
     ],
     [
      12.493381,
      55.689861
     ],
     [
      12.493741,
      55.689646
     ],
     [
      12.494038,
      55.689444
     ],
     [
      12.494351,
      55.689208
     ],
     [
      12.494791,
      55.688845
     ]
    ]
   }
  },
  {
   "type": "Feature",
   "properties": {
    "kind": "river",
    "role": "open_channel",
    "typologi": "Grønne veje",
    "note": "planned surface route — could carry a river",
    "klima_id": "KV54"
   },
   "geometry": {
    "type": "LineString",
    "coordinates": [
     [
      12.489787,
      55.692141
     ],
     [
      12.49029,
      55.691373
     ],
     [
      12.490604,
      55.690893
     ],
     [
      12.490801,
      55.690545
     ],
     [
      12.490959,
      55.690168
     ],
     [
      12.491121,
      55.689662
     ]
    ]
   }
  },
  {
   "type": "Feature",
   "properties": {
    "kind": "river",
    "role": "open_channel",
    "typologi": "Grønne veje",
    "note": "planned surface route — could carry a river",
    "klima_id": "KV54"
   },
   "geometry": {
    "type": "LineString",
    "coordinates": [
     [
      12.489529,
      55.690725
     ],
     [
      12.491085,
      55.690962
     ],
     [
      12.493135,
      55.691256
     ],
     [
      12.49392,
      55.691383
     ]
    ]
   }
  },
  {
   "type": "Feature",
   "properties": {
    "kind": "river",
    "role": "open_channel",
    "typologi": "Grønne veje",
    "note": "planned surface route — could carry a river",
    "klima_id": "KV54"
   },
   "geometry": {
    "type": "LineString",
    "coordinates": [
     [
      12.494827,
      55.690945
     ],
     [
      12.493941,
      55.690648
     ],
     [
      12.493602,
      55.690521
     ],
     [
      12.493199,
      55.690356
     ],
     [
      12.492613,
      55.690064
     ],
     [
      12.491787,
      55.689614
     ],
     [
      12.491379,
      55.689418
     ],
     [
      12.491186,
      55.688632
     ]
    ]
   }
  },
  {
   "type": "Feature",
   "properties": {
    "kind": "river",
    "role": "open_channel",
    "typologi": "Grønne veje",
    "note": "planned surface route — could carry a river",
    "klima_id": "KV54"
   },
   "geometry": {
    "type": "LineString",
    "coordinates": [
     [
      12.49187,
      55.689592
     ],
     [
      12.492082,
      55.689506
     ],
     [
      12.492302,
      55.689398
     ],
     [
      12.492718,
      55.689128
     ],
     [
      12.493092,
      55.688833
     ],
     [
      12.493382,
      55.688528
     ]
    ]
   }
  },
  {
   "type": "Feature",
   "properties": {
    "kind": "river",
    "role": "open_channel",
    "typologi": "Grønne veje",
    "note": "planned surface route — could carry a river",
    "klima_id": "KV54"
   },
   "geometry": {
    "type": "LineString",
    "coordinates": [
     [
      12.494012,
      55.690598
     ],
     [
      12.494345,
      55.690389
     ],
     [
      12.495365,
      55.689773
     ],
     [
      12.495772,
      55.6895
     ],
     [
      12.49617,
      55.689205
     ]
    ]
   }
  },
  {
   "type": "Feature",
   "properties": {
    "kind": "river",
    "role": "open_channel",
    "typologi": "Grønne veje",
    "note": "planned surface route — could carry a river",
    "klima_id": "KV54"
   },
   "geometry": {
    "type": "LineString",
    "coordinates": [
     [
      12.496346,
      55.689064
     ],
     [
      12.497489,
      55.688112
     ]
    ]
   }
  },
  {
   "type": "Feature",
   "properties": {
    "kind": "river",
    "role": "open_channel",
    "typologi": "Grønne veje",
    "note": "planned surface route — could carry a river",
    "klima_id": "KV54"
   },
   "geometry": {
    "type": "LineString",
    "coordinates": [
     [
      12.498598,
      55.687069
     ],
     [
      12.498171,
      55.686905
     ],
     [
      12.495009,
      55.687439
     ],
     [
      12.494897,
      55.687535
     ],
     [
      12.494976,
      55.688041
     ]
    ]
   }
  },
  {
   "type": "Feature",
   "properties": {
    "kind": "river",
    "role": "open_channel",
    "typologi": "Grønne veje",
    "note": "planned surface route — could carry a river",
    "klima_id": "KV54"
   },
   "geometry": {
    "type": "LineString",
    "coordinates": [
     [
      12.497751,
      55.687887
     ],
     [
      12.498687,
      55.687104
     ]
    ]
   }
  },
  {
   "type": "Feature",
   "properties": {
    "kind": "river",
    "role": "interceptor",
    "typologi": "Skybrudsledning",
    "note": "planned as a pipe — retrofit candidate",
    "klima_id": "KV99"
   },
   "geometry": {
    "type": "LineString",
    "coordinates": [
     [
      12.511612,
      55.689756
     ],
     [
      12.511251,
      55.690276
     ],
     [
      12.512829,
      55.690741
     ],
     [
      12.514275,
      55.69114
     ],
     [
      12.513666,
      55.691783
     ]
    ]
   }
  },
  {
   "type": "Feature",
   "properties": {
    "kind": "river",
    "role": "interceptor",
    "typologi": "Skybrudsledning",
    "note": "planned as a pipe — retrofit candidate",
    "klima_id": "KV29"
   },
   "geometry": {
    "type": "LineString",
    "coordinates": [
     [
      12.483912,
      55.688761
     ],
     [
      12.486041,
      55.68905
     ],
     [
      12.486663,
      55.689128
     ],
     [
      12.489297,
      55.688699
     ],
     [
      12.491162,
      55.688392
     ],
     [
      12.491969,
      55.688241
     ],
     [
      12.493639,
      55.688298
     ],
     [
      12.500041,
      55.687972
     ],
     [
      12.501845,
      55.687912
     ]
    ]
   }
  },
  {
   "type": "Feature",
   "properties": {
    "kind": "river",
    "role": "interceptor",
    "typologi": "Skybrudsledning",
    "note": "planned as a pipe — retrofit candidate",
    "klima_id": "KV13"
   },
   "geometry": {
    "type": "LineString",
    "coordinates": [
     [
      12.482831,
      55.692786
     ],
     [
      12.480868,
      55.692362
     ]
    ]
   }
  },
  {
   "type": "Feature",
   "properties": {
    "kind": "river",
    "role": "open_channel",
    "typologi": "Skybrudsveje",
    "note": "planned surface route — could carry a river",
    "klima_id": "KV98"
   },
   "geometry": {
    "type": "LineString",
    "coordinates": [
     [
      12.487035,
      55.68444
     ],
     [
      12.48733,
      55.684507
     ],
     [
      12.487271,
      55.684594
     ]
    ]
   }
  },
  {
   "type": "Feature",
   "properties": {
    "kind": "river",
    "role": "open_channel",
    "typologi": "Skybrudsveje",
    "note": "planned surface route — could carry a river",
    "klima_id": "KV97"
   },
   "geometry": {
    "type": "LineString",
    "coordinates": [
     [
      12.486253,
      55.682696
     ],
     [
      12.488598,
      55.682717
     ],
     [
      12.490222,
      55.68257
     ],
     [
      12.490252,
      55.682543
     ]
    ]
   }
  },
  {
   "type": "Feature",
   "properties": {
    "kind": "river",
    "role": "open_channel",
    "typologi": "Skybrudsveje",
    "note": "planned surface route — could carry a river",
    "klima_id": "KV47"
   },
   "geometry": {
    "type": "LineString",
    "coordinates": [
     [
      12.49272,
      55.688213
     ],
     [
      12.495826,
      55.688111
     ],
     [
      12.499329,
      55.687896
     ]
    ]
   }
  },
  {
   "type": "Feature",
   "properties": {
    "kind": "river",
    "role": "interceptor",
    "typologi": "Skybrudsledning",
    "note": "planned as a pipe — retrofit candidate",
    "klima_id": "KV52"
   },
   "geometry": {
    "type": "LineString",
    "coordinates": [
     [
      12.514809,
      55.691529
     ],
     [
      12.515393,
      55.691094
     ],
     [
      12.515193,
      55.691008
     ],
     [
      12.51482,
      55.690847
     ],
     [
      12.514452,
      55.690714
     ],
     [
      12.514141,
      55.690625
     ],
     [
      12.514339,
      55.690424
     ]
    ]
   }
  },
  {
   "type": "Feature",
   "properties": {
    "kind": "river",
    "role": "open_channel",
    "typologi": "Grønne veje",
    "note": "planned surface route — could carry a river",
    "klima_id": "KV54"
   },
   "geometry": {
    "type": "LineString",
    "coordinates": [
     [
      12.495935,
      55.695689
     ],
     [
      12.496316,
      55.694667
     ]
    ]
   }
  },
  {
   "type": "Feature",
   "properties": {
    "kind": "river",
    "role": "open_channel",
    "typologi": "Grønne veje",
    "note": "planned surface route — could carry a river",
    "klima_id": "KV54"
   },
   "geometry": {
    "type": "LineString",
    "coordinates": [
     [
      12.497422,
      55.696001
     ],
     [
      12.497803,
      55.694979
     ]
    ]
   }
  },
  {
   "type": "Feature",
   "properties": {
    "kind": "river",
    "role": "open_channel",
    "typologi": "Grønne veje",
    "note": "planned surface route — could carry a river",
    "klima_id": "Frederiksberg"
   },
   "geometry": {
    "type": "LineString",
    "coordinates": [
     [
      12.549367,
      55.674673
     ],
     [
      12.550879,
      55.676902
     ],
     [
      12.55167,
      55.676717
     ],
     [
      12.551399,
      55.676298
     ],
     [
      12.553316,
      55.675857
     ],
     [
      12.553882,
      55.675955
     ]
    ]
   }
  },
  {
   "type": "Feature",
   "properties": {
    "kind": "river",
    "role": "open_channel",
    "typologi": "Grønne veje",
    "note": "planned surface route — could carry a river",
    "klima_id": "Frederiksberg"
   },
   "geometry": {
    "type": "LineString",
    "coordinates": [
     [
      12.542547,
      55.676078
     ],
     [
      12.541566,
      55.674082
     ]
    ]
   }
  },
  {
   "type": "Feature",
   "properties": {
    "kind": "river",
    "role": "open_channel",
    "typologi": "Skybrudsveje",
    "note": "planned surface route — could carry a river",
    "klima_id": "KV32"
   },
   "geometry": {
    "type": "LineString",
    "coordinates": [
     [
      12.48484,
      55.658216
     ],
     [
      12.487056,
      55.658254
     ],
     [
      12.487305,
      55.657787
     ]
    ]
   }
  },
  {
   "type": "Feature",
   "properties": {
    "kind": "river",
    "role": "interceptor",
    "typologi": "Skybrudsledning",
    "note": "planned as a pipe — retrofit candidate",
    "klima_id": "BIR7.1"
   },
   "geometry": {
    "type": "LineString",
    "coordinates": [
     [
      12.542335,
      55.708182
     ],
     [
      12.543352,
      55.70787
     ],
     [
      12.548346,
      55.709656
     ],
     [
      12.54918,
      55.709696
     ]
    ]
   }
  },
  {
   "type": "Feature",
   "properties": {
    "kind": "river",
    "role": "open_channel",
    "typologi": "Grønne veje",
    "note": "planned surface route — could carry a river",
    "klima_id": "Frederiksberg"
   },
   "geometry": {
    "type": "LineString",
    "coordinates": [
     [
      12.538203,
      55.67942
     ],
     [
      12.538865,
      55.680901
     ],
     [
      12.539139,
      55.681049
     ],
     [
      12.540719,
      55.680832
     ]
    ]
   }
  },
  {
   "type": "Feature",
   "properties": {
    "kind": "river",
    "role": "open_channel",
    "typologi": "Grønne veje",
    "note": "planned surface route — could carry a river",
    "klima_id": "Frederiksberg"
   },
   "geometry": {
    "type": "LineString",
    "coordinates": [
     [
      12.53411,
      55.68069
     ],
     [
      12.537966,
      55.680982
     ],
     [
      12.538117,
      55.681427
     ]
    ]
   }
  },
  {
   "type": "Feature",
   "properties": {
    "kind": "river",
    "role": "open_channel",
    "typologi": "Grønne veje",
    "note": "planned surface route — could carry a river",
    "klima_id": "Frederiksberg"
   },
   "geometry": {
    "type": "LineString",
    "coordinates": [
     [
      12.531762,
      55.672359
     ],
     [
      12.535659,
      55.671997
     ],
     [
      12.536362,
      55.674115
     ]
    ]
   }
  },
  {
   "type": "Feature",
   "properties": {
    "kind": "river",
    "role": "open_channel",
    "typologi": "Grønne veje",
    "note": "planned surface route — could carry a river",
    "klima_id": "Frederiksberg"
   },
   "geometry": {
    "type": "LineString",
    "coordinates": [
     [
      12.533246,
      55.670845
     ],
     [
      12.533497,
      55.671967
     ]
    ]
   }
  },
  {
   "type": "Feature",
   "properties": {
    "kind": "river",
    "role": "open_channel",
    "typologi": "Grønne veje",
    "note": "planned surface route — could carry a river",
    "klima_id": "Frederiksberg"
   },
   "geometry": {
    "type": "LineString",
    "coordinates": [
     [
      12.529504,
      55.67969
     ],
     [
      12.528724,
      55.679754
     ]
    ]
   }
  },
  {
   "type": "Feature",
   "properties": {
    "kind": "river",
    "role": "open_channel",
    "typologi": "Forsinkelsesveje",
    "note": "planned surface route — could carry a river",
    "klima_id": "OS10"
   },
   "geometry": {
    "type": "LineString",
    "coordinates": [
     [
      12.578644,
      55.71323
     ],
     [
      12.578719,
      55.713249
     ],
     [
      12.579328,
      55.713254
     ],
     [
      12.579366,
      55.713221
     ],
     [
      12.579385,
      55.713151
     ],
     [
      12.57937,
      55.71283
     ],
     [
      12.578663,
      55.71282
     ],
     [
      12.578644,
      55.71323
     ]
    ]
   }
  },
  {
   "type": "Feature",
   "properties": {
    "kind": "river",
    "role": "open_channel",
    "typologi": "Forsinkelsesveje",
    "note": "planned surface route — could carry a river",
    "klima_id": "OS16"
   },
   "geometry": {
    "type": "LineString",
    "coordinates": [
     [
      12.56897,
      55.708996
     ],
     [
      12.569354,
      55.707787
     ]
    ]
   }
  },
  {
   "type": "Feature",
   "properties": {
    "kind": "river",
    "role": "open_channel",
    "typologi": "Forsinkelsesveje",
    "note": "planned surface route — could carry a river",
    "klima_id": "OS16"
   },
   "geometry": {
    "type": "LineString",
    "coordinates": [
     [
      12.568018,
      55.708811
     ],
     [
      12.568517,
      55.707627
     ]
    ]
   }
  },
  {
   "type": "Feature",
   "properties": {
    "kind": "river",
    "role": "open_channel",
    "typologi": "mix",
    "note": "planned surface route — could carry a river",
    "klima_id": "AM21"
   },
   "geometry": {
    "type": "LineString",
    "coordinates": [
     [
      12.592708,
      55.649833
     ],
     [
      12.594778,
      55.649615
     ],
     [
      12.594434,
      55.648667
     ]
    ]
   }
  },
  {
   "type": "Feature",
   "properties": {
    "kind": "river",
    "role": "open_channel",
    "typologi": "Grønne veje",
    "note": "planned surface route — could carry a river",
    "klima_id": "Frederiksberg"
   },
   "geometry": {
    "type": "LineString",
    "coordinates": [
     [
      12.541176,
      55.672162
     ],
     [
      12.542505,
      55.672188
     ],
     [
      12.544251,
      55.672634
     ]
    ]
   }
  },
  {
   "type": "Feature",
   "properties": {
    "kind": "river",
    "role": "open_channel",
    "typologi": "Skybrudsveje",
    "note": "planned surface route — could carry a river",
    "klima_id": "KV69"
   },
   "geometry": {
    "type": "LineString",
    "coordinates": [
     [
      12.527425,
      55.658333
     ],
     [
      12.527557,
      55.658021
     ],
     [
      12.528263,
      55.655727
     ],
     [
      12.528863,
      55.653774
     ],
     [
      12.529282,
      55.653672
     ]
    ]
   }
  },
  {
   "type": "Feature",
   "properties": {
    "kind": "river",
    "role": "open_channel",
    "typologi": "Skybrudsveje",
    "note": "planned surface route — could carry a river",
    "klima_id": "Frederiksberg"
   },
   "geometry": {
    "type": "LineString",
    "coordinates": [
     [
      12.53291,
      55.690666
     ],
     [
      12.534715,
      55.690121
     ],
     [
      12.535282,
      55.690762
     ],
     [
      12.536336,
      55.690916
     ]
    ]
   }
  },
  {
   "type": "Feature",
   "properties": {
    "kind": "river",
    "role": "open_channel",
    "typologi": "Forsinkelsesveje",
    "note": "planned surface route — could carry a river",
    "klima_id": "Frederiksberg"
   },
   "geometry": {
    "type": "LineString",
    "coordinates": [
     [
      12.542112,
      55.677775
     ],
     [
      12.542976,
      55.680146
     ],
     [
      12.543731,
      55.681254
     ]
    ]
   }
  },
  {
   "type": "Feature",
   "properties": {
    "kind": "river",
    "role": "open_channel",
    "typologi": "Grønne veje",
    "note": "planned surface route — could carry a river",
    "klima_id": "Frederiksberg"
   },
   "geometry": {
    "type": "LineString",
    "coordinates": [
     [
      12.531387,
      55.668391
     ],
     [
      12.534501,
      55.669328
     ],
     [
      12.537807,
      55.67027
     ]
    ]
   }
  },
  {
   "type": "Feature",
   "properties": {
    "kind": "river",
    "role": "open_channel",
    "typologi": "Grønne veje",
    "note": "planned surface route — could carry a river",
    "klima_id": "Frederiksberg"
   },
   "geometry": {
    "type": "LineString",
    "coordinates": [
     [
      12.533902,
      55.693334
     ],
     [
      12.534888,
      55.694313
     ]
    ]
   }
  },
  {
   "type": "Feature",
   "properties": {
    "kind": "river",
    "role": "interceptor",
    "typologi": "Skybrudsledning",
    "note": "planned as a pipe — retrofit candidate",
    "klima_id": "OS16"
   },
   "geometry": {
    "type": "LineString",
    "coordinates": [
     [
      12.569354,
      55.707787
     ],
     [
      12.569436,
      55.707614
     ]
    ]
   }
  },
  {
   "type": "Feature",
   "properties": {
    "kind": "river",
    "role": "interceptor",
    "typologi": "Skybrudsledning",
    "note": "planned as a pipe — retrofit candidate",
    "klima_id": "OS16"
   },
   "geometry": {
    "type": "LineString",
    "coordinates": [
     [
      12.564778,
      55.707
     ],
     [
      12.565211,
      55.706846
     ]
    ]
   }
  },
  {
   "type": "Feature",
   "properties": {
    "kind": "river",
    "role": "open_channel",
    "typologi": "Grønne veje",
    "note": "planned surface route — could carry a river",
    "klima_id": "Frederiksberg"
   },
   "geometry": {
    "type": "LineString",
    "coordinates": [
     [
      12.54874,
      55.684971
     ],
     [
      12.548148,
      55.683835
     ]
    ]
   }
  },
  {
   "type": "Feature",
   "properties": {
    "kind": "river",
    "role": "interceptor",
    "typologi": "Skybrudsledning",
    "note": "planned as a pipe — retrofit candidate",
    "klima_id": "AM32"
   },
   "geometry": {
    "type": "LineString",
    "coordinates": [
     [
      12.597415,
      55.661708
     ],
     [
      12.59899,
      55.66214
     ]
    ]
   }
  },
  {
   "type": "Feature",
   "properties": {
    "kind": "river",
    "role": "open_channel",
    "typologi": "Grønne veje",
    "note": "planned surface route — could carry a river",
    "klima_id": "Frederiksberg"
   },
   "geometry": {
    "type": "LineString",
    "coordinates": [
     [
      12.534634,
      55.675385
     ],
     [
      12.534416,
      55.67477
     ]
    ]
   }
  },
  {
   "type": "Feature",
   "properties": {
    "kind": "river",
    "role": "open_channel",
    "typologi": "Grønne veje",
    "note": "planned surface route — could carry a river",
    "klima_id": "Frederiksberg"
   },
   "geometry": {
    "type": "LineString",
    "coordinates": [
     [
      12.523184,
      55.688974
     ],
     [
      12.524476,
      55.69039
     ]
    ]
   }
  },
  {
   "type": "Feature",
   "properties": {
    "kind": "river",
    "role": "open_channel",
    "typologi": "Grønne veje",
    "note": "planned surface route — could carry a river",
    "klima_id": "Frederiksberg"
   },
   "geometry": {
    "type": "LineString",
    "coordinates": [
     [
      12.506449,
      55.687001
     ],
     [
      12.507419,
      55.687926
     ],
     [
      12.51257,
      55.688898
     ]
    ]
   }
  },
  {
   "type": "Feature",
   "properties": {
    "kind": "river",
    "role": "open_channel",
    "typologi": "Grønne veje",
    "note": "planned surface route — could carry a river",
    "klima_id": "Frederiksberg"
   },
   "geometry": {
    "type": "LineString",
    "coordinates": [
     [
      12.531089,
      55.684099
     ],
     [
      12.530446,
      55.683177
     ]
    ]
   }
  },
  {
   "type": "Feature",
   "properties": {
    "kind": "river",
    "role": "open_channel",
    "typologi": "Grønne veje",
    "note": "planned surface route — could carry a river",
    "klima_id": "Frederiksberg"
   },
   "geometry": {
    "type": "LineString",
    "coordinates": [
     [
      12.512982,
      55.681187
     ],
     [
      12.511834,
      55.679114
     ]
    ]
   }
  },
  {
   "type": "Feature",
   "properties": {
    "kind": "river",
    "role": "open_channel",
    "typologi": "Grønne veje",
    "note": "planned surface route — could carry a river",
    "klima_id": "Frederiksberg"
   },
   "geometry": {
    "type": "LineString",
    "coordinates": [
     [
      12.523779,
      55.679851
     ],
     [
      12.523832,
      55.679681
     ]
    ]
   }
  },
  {
   "type": "Feature",
   "properties": {
    "kind": "river",
    "role": "open_channel",
    "typologi": "Grønne veje",
    "note": "planned surface route — could carry a river",
    "klima_id": "Frederiksberg"
   },
   "geometry": {
    "type": "LineString",
    "coordinates": [
     [
      12.526814,
      55.692498
     ],
     [
      12.527596,
      55.692273
     ]
    ]
   }
  },
  {
   "type": "Feature",
   "properties": {
    "kind": "river",
    "role": "interceptor",
    "typologi": "Skybrudsledning",
    "note": "planned as a pipe — retrofit candidate",
    "klima_id": "IB3"
   },
   "geometry": {
    "type": "LineString",
    "coordinates": [
     [
      12.582515,
      55.684762
     ],
     [
      12.58075,
      55.682677
     ]
    ]
   }
  },
  {
   "type": "Feature",
   "properties": {
    "kind": "river",
    "role": "open_channel",
    "typologi": "Grønne veje",
    "note": "planned surface route — could carry a river",
    "klima_id": "Frederiksberg"
   },
   "geometry": {
    "type": "LineString",
    "coordinates": [
     [
      12.552229,
      55.679874
     ],
     [
      12.552416,
      55.680132
     ]
    ]
   }
  },
  {
   "type": "Feature",
   "properties": {
    "kind": "river",
    "role": "open_channel",
    "typologi": "Forsinkelsesveje",
    "note": "planned surface route — could carry a river",
    "klima_id": "OS11"
   },
   "geometry": {
    "type": "LineString",
    "coordinates": [
     [
      12.571244,
      55.711966
     ],
     [
      12.57099,
      55.712407
     ],
     [
      12.570871,
      55.712867
     ]
    ]
   }
  },
  {
   "type": "Feature",
   "properties": {
    "kind": "river",
    "role": "open_channel",
    "typologi": "mix",
    "note": "planned surface route — could carry a river",
    "klima_id": "Frederiksberg"
   },
   "geometry": {
    "type": "LineString",
    "coordinates": [
     [
      12.541584,
      55.68463
     ],
     [
      12.542387,
      55.684445
     ]
    ]
   }
  },
  {
   "type": "Feature",
   "properties": {
    "kind": "river",
    "role": "interceptor",
    "typologi": "Skybrudsledning",
    "note": "planned as a pipe — retrofit candidate",
    "klima_id": "Frederiksberg"
   },
   "geometry": {
    "type": "LineString",
    "coordinates": [
     [
      12.519258,
      55.685858
     ],
     [
      12.518438,
      55.687169
     ]
    ]
   }
  },
  {
   "type": "Feature",
   "properties": {
    "kind": "river",
    "role": "open_channel",
    "typologi": "Grønne veje",
    "note": "planned surface route — could carry a river",
    "klima_id": "Frederiksberg"
   },
   "geometry": {
    "type": "LineString",
    "coordinates": [
     [
      12.544075,
      55.684067
     ],
     [
      12.544752,
      55.685148
     ]
    ]
   }
  },
  {
   "type": "Feature",
   "properties": {
    "kind": "river",
    "role": "open_channel",
    "typologi": "Grønne veje",
    "note": "planned surface route — could carry a river",
    "klima_id": "Frederiksberg"
   },
   "geometry": {
    "type": "LineString",
    "coordinates": [
     [
      12.532507,
      55.687818
     ],
     [
      12.531642,
      55.688009
     ],
     [
      12.53077,
      55.688212
     ]
    ]
   }
  },
  {
   "type": "Feature",
   "properties": {
    "kind": "river",
    "role": "open_channel",
    "typologi": "Grønne veje",
    "note": "planned surface route — could carry a river",
    "klima_id": "Frederiksberg"
   },
   "geometry": {
    "type": "LineString",
    "coordinates": [
     [
      12.546795,
      55.672733
     ],
     [
      12.545414,
      55.672375
     ]
    ]
   }
  },
  {
   "type": "Feature",
   "properties": {
    "kind": "river",
    "role": "open_channel",
    "typologi": "Grønne veje",
    "note": "planned surface route — could carry a river",
    "klima_id": "KV65"
   },
   "geometry": {
    "type": "LineString",
    "coordinates": [
     [
      12.496824,
      55.665251
     ],
     [
      12.497037,
      55.665205
     ],
     [
      12.497141,
      55.6652
     ],
     [
      12.497251,
      55.66521
     ],
     [
      12.497605,
      55.665298
     ],
     [
      12.498785,
      55.665598
     ],
     [
      12.499916,
      55.665879
     ],
     [
      12.500637,
      55.666059
     ],
     [
      12.501468,
      55.666232
     ],
     [
      12.50198,
      55.666308
     ]
    ]
   }
  },
  {
   "type": "Feature",
   "properties": {
    "kind": "river",
    "role": "open_channel",
    "typologi": "Grønne veje",
    "note": "planned surface route — could carry a river",
    "klima_id": "KV65"
   },
   "geometry": {
    "type": "LineString",
    "coordinates": [
     [
      12.501184,
      55.666775
     ],
     [
      12.501537,
      55.666622
     ],
     [
      12.501876,
      55.6665
     ],
     [
      12.502231,
      55.666417
     ],
     [
      12.50265,
      55.666365
     ],
     [
      12.502999,
      55.66635
     ],
     [
      12.50331,
      55.666386
     ],
     [
      12.503521,
      55.666455
     ],
     [
      12.503579,
      55.666485
     ],
     [
      12.503738,
      55.666734
     ]
    ]
   }
  },
  {
   "type": "Feature",
   "properties": {
    "kind": "river",
    "role": "open_channel",
    "typologi": "Grønne veje",
    "note": "planned surface route — could carry a river",
    "klima_id": "KV65"
   },
   "geometry": {
    "type": "LineString",
    "coordinates": [
     [
      12.497065,
      55.66467
     ],
     [
      12.503691,
      55.665969
     ]
    ]
   }
  },
  {
   "type": "Feature",
   "properties": {
    "kind": "river",
    "role": "open_channel",
    "typologi": "Grønne veje",
    "note": "planned surface route — could carry a river",
    "klima_id": "KV65"
   },
   "geometry": {
    "type": "LineString",
    "coordinates": [
     [
      12.500836,
      55.6646
     ],
     [
      12.504523,
      55.665319
     ]
    ]
   }
  },
  {
   "type": "Feature",
   "properties": {
    "kind": "river",
    "role": "interceptor",
    "typologi": "Skybrudsledning",
    "note": "planned as a pipe — retrofit candidate",
    "klima_id": "OS16"
   },
   "geometry": {
    "type": "LineString",
    "coordinates": [
     [
      12.565841,
      55.707134
     ],
     [
      12.565959,
      55.706968
     ]
    ]
   }
  },
  {
   "type": "Feature",
   "properties": {
    "kind": "river",
    "role": "open_channel",
    "typologi": "mix",
    "note": "planned surface route — could carry a river",
    "klima_id": "AM4"
   },
   "geometry": {
    "type": "LineString",
    "coordinates": [
     [
      12.620488,
      55.667053
     ],
     [
      12.623091,
      55.667698
     ]
    ]
   }
  },
  {
   "type": "Feature",
   "properties": {
    "kind": "river",
    "role": "open_channel",
    "typologi": "mix",
    "note": "planned surface route — could carry a river",
    "klima_id": "BIR8.5"
   },
   "geometry": {
    "type": "LineString",
    "coordinates": [
     [
      12.55066,
      55.702753
     ],
     [
      12.549789,
      55.703223
     ]
    ]
   }
  },
  {
   "type": "Feature",
   "properties": {
    "kind": "river",
    "role": "open_channel",
    "typologi": "Forsinkelsesveje",
    "note": "planned surface route — could carry a river",
    "klima_id": "Frederiksberg"
   },
   "geometry": {
    "type": "LineString",
    "coordinates": [
     [
      12.524362,
      55.680949
     ],
     [
      12.522217,
      55.680581
     ],
     [
      12.521794,
      55.680508
     ]
    ]
   }
  },
  {
   "type": "Feature",
   "properties": {
    "kind": "river",
    "role": "open_channel",
    "typologi": "Skybrudsveje",
    "note": "planned surface route — could carry a river",
    "klima_id": "BIR6.2"
   },
   "geometry": {
    "type": "LineString",
    "coordinates": [
     [
      12.533748,
      55.711998
     ],
     [
      12.533837,
      55.711878
     ]
    ]
   }
  },
  {
   "type": "Feature",
   "properties": {
    "kind": "river",
    "role": "open_channel",
    "typologi": "Skybrudsveje",
    "note": "planned surface route — could carry a river",
    "klima_id": "BIR6.2"
   },
   "geometry": {
    "type": "LineString",
    "coordinates": [
     [
      12.534159,
      55.711884
     ],
     [
      12.534121,
      55.711775
     ]
    ]
   }
  },
  {
   "type": "Feature",
   "properties": {
    "kind": "river",
    "role": "open_channel",
    "typologi": "Skybrudsveje",
    "note": "planned surface route — could carry a river",
    "klima_id": "BIR5.4"
   },
   "geometry": {
    "type": "LineString",
    "coordinates": [
     [
      12.52613,
      55.711583
     ],
     [
      12.526614,
      55.710242
     ],
     [
      12.526308,
      55.710216
     ]
    ]
   }
  },
  {
   "type": "Feature",
   "properties": {
    "kind": "river",
    "role": "open_channel",
    "typologi": "Forsinkelsesveje",
    "note": "planned surface route — could carry a river",
    "klima_id": "NO3A"
   },
   "geometry": {
    "type": "LineString",
    "coordinates": [
     [
      12.578208,
      55.698507
     ],
     [
      12.573217,
      55.696176
     ],
     [
      12.572787,
      55.695901
     ],
     [
      12.571879,
      55.695297
     ]
    ]
   }
  },
  {
   "type": "Feature",
   "properties": {
    "kind": "river",
    "role": "interceptor",
    "typologi": "Skybrudsledning",
    "note": "planned as a pipe — retrofit candidate",
    "klima_id": "BIR7.2"
   },
   "geometry": {
    "type": "LineString",
    "coordinates": [
     [
      12.538329,
      55.708373
     ],
     [
      12.538876,
      55.70835
     ],
     [
      12.539439,
      55.708281
     ],
     [
      12.539688,
      55.708261
     ]
    ]
   }
  },
  {
   "type": "Feature",
   "properties": {
    "kind": "river",
    "role": "open_channel",
    "typologi": "Skybrudsveje",
    "note": "planned surface route — could carry a river",
    "klima_id": "BIR6.2"
   },
   "geometry": {
    "type": "LineString",
    "coordinates": [
     [
      12.534723,
      55.710801
     ],
     [
      12.534408,
      55.710783
     ],
     [
      12.534252,
      55.710663
     ]
    ]
   }
  },
  {
   "type": "Feature",
   "properties": {
    "kind": "river",
    "role": "interceptor",
    "typologi": "Skybrudsledning",
    "note": "planned as a pipe — retrofit candidate",
    "klima_id": "BIR6.2"
   },
   "geometry": {
    "type": "LineString",
    "coordinates": [
     [
      12.532081,
      55.710708
     ],
     [
      12.533172,
      55.710709
     ],
     [
      12.533342,
      55.710771
     ]
    ]
   }
  },
  {
   "type": "Feature",
   "properties": {
    "kind": "river",
    "role": "open_channel",
    "typologi": "Skybrudsveje",
    "note": "planned surface route — could carry a river",
    "klima_id": "BIR6.2"
   },
   "geometry": {
    "type": "LineString",
    "coordinates": [
     [
      12.534287,
      55.711096
     ],
     [
      12.534126,
      55.71096
     ]
    ]
   }
  },
  {
   "type": "Feature",
   "properties": {
    "kind": "river",
    "role": "open_channel",
    "typologi": "Forsinkelsesveje",
    "note": "planned surface route — could carry a river",
    "klima_id": "BIR7.6&7.7"
   },
   "geometry": {
    "type": "LineString",
    "coordinates": [
     [
      12.53148,
      55.716131
     ],
     [
      12.531986,
      55.715934
     ],
     [
      12.53259,
      55.715597
     ],
     [
      12.532888,
      55.71544
     ],
     [
      12.533084,
      55.715312
     ],
     [
      12.533427,
      55.715068
     ],
     [
      12.533829,
      55.71475
     ],
     [
      12.534213,
      55.714414
     ],
     [
      12.534504,
      55.714115
     ],
     [
      12.534642,
      55.713965
     ],
     [
      12.534799,
      55.713792
     ],
     [
      12.535082,
      55.713493
     ],
     [
      12.535468,
      55.713042
     ],
     [
      12.535752,
      55.712713
     ],
     [
      12.536582,
      55.711785
     ],
     [
      12.537652,
      55.710622
     ],
     [
      12.537859,
      55.710398
     ],
     [
      12.538123,
      55.710067
     ],
     [
      12.539067,
      55.70899
     ]
    ]
   }
  },
  {
   "type": "Feature",
   "properties": {
    "kind": "river",
    "role": "open_channel",
    "typologi": "mix",
    "note": "planned surface route — could carry a river",
    "klima_id": "OS1"
   },
   "geometry": {
    "type": "LineString",
    "coordinates": [
     [
      12.586923,
      55.705157
     ],
     [
      12.586426,
      55.706144
     ]
    ]
   }
  },
  {
   "type": "Feature",
   "properties": {
    "kind": "river",
    "role": "open_channel",
    "typologi": "Forsinkelsesveje",
    "note": "planned surface route — could carry a river",
    "klima_id": "OS16"
   },
   "geometry": {
    "type": "LineString",
    "coordinates": [
     [
      12.571932,
      55.709442
     ],
     [
      12.571944,
      55.709245
     ],
     [
      12.572471,
      55.708372
     ]
    ]
   }
  },
  {
   "type": "Feature",
   "properties": {
    "kind": "river",
    "role": "open_channel",
    "typologi": "Grønne veje",
    "note": "planned surface route — could carry a river",
    "klima_id": "Frederiksberg"
   },
   "geometry": {
    "type": "LineString",
    "coordinates": [
     [
      12.54524,
      55.675685
     ],
     [
      12.547262,
      55.678489
     ],
     [
      12.547428,
      55.678725
     ]
    ]
   }
  },
  {
   "type": "Feature",
   "properties": {
    "kind": "river",
    "role": "open_channel",
    "typologi": "mix",
    "note": "planned surface route — could carry a river",
    "klima_id": "Frederiksberg"
   },
   "geometry": {
    "type": "LineString",
    "coordinates": [
     [
      12.521794,
      55.680508
     ],
     [
      12.519404,
      55.679838
     ],
     [
      12.517345,
      55.679132
     ],
     [
      12.517207,
      55.67906
     ],
     [
      12.516414,
      55.678645
     ],
     [
      12.514808,
      55.678052
     ],
     [
      12.513579,
      55.67721
     ],
     [
      12.512493,
      55.676477
     ],
     [
      12.511968,
      55.676065
     ],
     [
      12.51141,
      55.675646
     ]
    ]
   }
  },
  {
   "type": "Feature",
   "properties": {
    "kind": "river",
    "role": "open_channel",
    "typologi": "Skybrudsveje",
    "note": "planned surface route — could carry a river",
    "klima_id": "Frederiksberg"
   },
   "geometry": {
    "type": "LineString",
    "coordinates": [
     [
      12.538607,
      55.685304
     ],
     [
      12.539599,
      55.686178
     ],
     [
      12.53995,
      55.686488
     ],
     [
      12.540228,
      55.686738
     ],
     [
      12.541223,
      55.687557
     ]
    ]
   }
  },
  {
   "type": "Feature",
   "properties": {
    "kind": "river",
    "role": "open_channel",
    "typologi": "Forsinkelsesveje",
    "note": "planned surface route — could carry a river",
    "klima_id": "Frederiksberg"
   },
   "geometry": {
    "type": "LineString",
    "coordinates": [
     [
      12.50007,
      55.68249
     ],
     [
      12.498286,
      55.682547
     ],
     [
      12.496698,
      55.682643
     ],
     [
      12.495547,
      55.682676
     ],
     [
      12.49401,
      55.683271
     ]
    ]
   }
  },
  {
   "type": "Feature",
   "properties": {
    "kind": "river",
    "role": "open_channel",
    "typologi": "Forsinkelsesveje",
    "note": "planned surface route — could carry a river",
    "klima_id": "Frederiksberg"
   },
   "geometry": {
    "type": "LineString",
    "coordinates": [
     [
      12.501498,
      55.678585
     ],
     [
      12.503769,
      55.678659
     ],
     [
      12.504128,
      55.678671
     ],
     [
      12.505057,
      55.6787
     ],
     [
      12.507025,
      55.678762
     ],
     [
      12.50902,
      55.678824
     ]
    ]
   }
  },
  {
   "type": "Feature",
   "properties": {
    "kind": "river",
    "role": "open_channel",
    "typologi": "Skybrudsveje",
    "note": "planned surface route — could carry a river",
    "klima_id": "Frederiksberg"
   },
   "geometry": {
    "type": "LineString",
    "coordinates": [
     [
      12.530474,
      55.687185
     ],
     [
      12.530234,
      55.687253
     ]
    ]
   }
  },
  {
   "type": "Feature",
   "properties": {
    "kind": "river",
    "role": "open_channel",
    "typologi": "Grønne veje",
    "note": "planned surface route — could carry a river",
    "klima_id": "Frederiksberg"
   },
   "geometry": {
    "type": "LineString",
    "coordinates": [
     [
      12.501973,
      55.67689
     ],
     [
      12.501156,
      55.675197
     ],
     [
      12.499899,
      55.675131
     ]
    ]
   }
  },
  {
   "type": "Feature",
   "properties": {
    "kind": "river",
    "role": "interceptor",
    "typologi": "Skybrudsledning",
    "note": "planned as a pipe — retrofit candidate",
    "klima_id": "BIR14.1"
   },
   "geometry": {
    "type": "LineString",
    "coordinates": [
     [
      12.492904,
      55.705814
     ],
     [
      12.493189,
      55.706045
     ],
     [
      12.493474,
      55.706275
     ],
     [
      12.494402,
      55.707024
     ],
     [
      12.494423,
      55.707233
     ],
     [
      12.49447,
      55.708439
     ]
    ]
   }
  },
  {
   "type": "Feature",
   "properties": {
    "kind": "river",
    "role": "open_channel",
    "typologi": "Skybrudsveje",
    "note": "planned surface route — could carry a river",
    "klima_id": "Frederiksberg"
   },
   "geometry": {
    "type": "LineString",
    "coordinates": [
     [
      12.515691,
      55.678992
     ],
     [
      12.51433,
      55.678958
     ],
     [
      12.513244,
      55.67893
     ],
     [
      12.511685,
      55.678891
     ],
     [
      12.509359,
      55.678833
     ]
    ]
   }
  },
  {
   "type": "Feature",
   "properties": {
    "kind": "river",
    "role": "interceptor",
    "typologi": "Skybrudsledning",
    "note": "planned as a pipe — retrofit candidate",
    "klima_id": "IB4"
   },
   "geometry": {
    "type": "LineString",
    "coordinates": [
     [
      12.588807,
      55.68241
     ],
     [
      12.593645,
      55.681098
     ],
     [
      12.59411,
      55.681291
     ]
    ]
   }
  },
  {
   "type": "Feature",
   "properties": {
    "kind": "river",
    "role": "open_channel",
    "typologi": "mix",
    "note": "planned surface route — could carry a river",
    "klima_id": "Frederiksberg"
   },
   "geometry": {
    "type": "LineString",
    "coordinates": [
     [
      12.532458,
      55.67478
     ],
     [
      12.54273,
      55.67374
     ],
     [
      12.54374,
      55.673642
     ]
    ]
   }
  },
  {
   "type": "Feature",
   "properties": {
    "kind": "river",
    "role": "open_channel",
    "typologi": "mix",
    "note": "planned surface route — could carry a river",
    "klima_id": "Frederiksberg"
   },
   "geometry": {
    "type": "LineString",
    "coordinates": [
     [
      12.534298,
      55.686312
     ],
     [
      12.535771,
      55.685968
     ],
     [
      12.539224,
      55.685182
     ]
    ]
   }
  },
  {
   "type": "Feature",
   "properties": {
    "kind": "river",
    "role": "open_channel",
    "typologi": "Forsinkelsesveje",
    "note": "planned surface route — could carry a river",
    "klima_id": "KV66"
   },
   "geometry": {
    "type": "LineString",
    "coordinates": [
     [
      12.519471,
      55.661587
     ],
     [
      12.520435,
      55.65302
     ]
    ]
   }
  },
  {
   "type": "Feature",
   "properties": {
    "kind": "river",
    "role": "interceptor",
    "typologi": "Skybrudsledning",
    "note": "planned as a pipe — retrofit candidate",
    "klima_id": "KV90"
   },
   "geometry": {
    "type": "LineString",
    "coordinates": [
     [
      12.514125,
      55.658341
     ],
     [
      12.512148,
      55.6559
     ],
     [
      12.509256,
      55.656826
     ],
     [
      12.508185,
      55.656742
     ]
    ]
   }
  },
  {
   "type": "Feature",
   "properties": {
    "kind": "river",
    "role": "open_channel",
    "typologi": "Skybrudsveje",
    "note": "planned surface route — could carry a river",
    "klima_id": "Frederiksberg"
   },
   "geometry": {
    "type": "LineString",
    "coordinates": [
     [
      12.542615,
      55.684398
     ],
     [
      12.543738,
      55.68415
     ],
     [
      12.547323,
      55.683183
     ],
     [
      12.548646,
      55.68294
     ],
     [
      12.551741,
      55.682193
     ],
     [
      12.553822,
      55.681733
     ],
     [
      12.554234,
      55.681687
     ]
    ]
   }
  },
  {
   "type": "Feature",
   "properties": {
    "kind": "river",
    "role": "open_channel",
    "typologi": "Grønne veje",
    "note": "planned surface route — could carry a river",
    "klima_id": "Frederiksberg"
   },
   "geometry": {
    "type": "LineString",
    "coordinates": [
     [
      12.50048,
      55.67781
     ],
     [
      12.499704,
      55.676078
     ],
     [
      12.499639,
      55.675102
     ],
     [
      12.497837,
      55.675041
     ],
     [
      12.498092,
      55.673179
     ],
     [
      12.497736,
      55.673164
     ]
    ]
   }
  },
  {
   "type": "Feature",
   "properties": {
    "kind": "river",
    "role": "interceptor",
    "typologi": "Skybrudsledning",
    "note": "planned as a pipe — retrofit candidate",
    "klima_id": "IB11"
   },
   "geometry": {
    "type": "LineString",
    "coordinates": [
     [
      12.5872,
      55.680702
     ],
     [
      12.588064,
      55.680461
     ]
    ]
   }
  },
  {
   "type": "Feature",
   "properties": {
    "kind": "river",
    "role": "interceptor",
    "typologi": "Skybrudsledning",
    "note": "planned as a pipe — retrofit candidate",
    "klima_id": "IB11"
   },
   "geometry": {
    "type": "LineString",
    "coordinates": [
     [
      12.595303,
      55.686493
     ],
     [
      12.597915,
      55.685802
     ]
    ]
   }
  },
  {
   "type": "Feature",
   "properties": {
    "kind": "river",
    "role": "interceptor",
    "typologi": "Skybrudsledning",
    "note": "planned as a pipe — retrofit candidate",
    "klima_id": "IB11"
   },
   "geometry": {
    "type": "LineString",
    "coordinates": [
     [
      12.594922,
      55.686006
     ],
     [
      12.595608,
      55.686883
     ]
    ]
   }
  },
  {
   "type": "Feature",
   "properties": {
    "kind": "river",
    "role": "interceptor",
    "typologi": "Skybrudsledning",
    "note": "planned as a pipe — retrofit candidate",
    "klima_id": "IB10"
   },
   "geometry": {
    "type": "LineString",
    "coordinates": [
     [
      12.590582,
      55.684695
     ],
     [
      12.594671,
      55.683618
     ]
    ]
   }
  },
  {
   "type": "Feature",
   "properties": {
    "kind": "river",
    "role": "interceptor",
    "typologi": "Skybrudsledning",
    "note": "planned as a pipe — retrofit candidate",
    "klima_id": "BIR21"
   },
   "geometry": {
    "type": "LineString",
    "coordinates": [
     [
      12.5558,
      55.722883
     ],
     [
      12.556107,
      55.722812
     ],
     [
      12.56909,
      55.723169
     ],
     [
      12.568678,
      55.722812
     ],
     [
      12.565618,
      55.721034
     ],
     [
      12.557495,
      55.716411
     ],
     [
      12.552582,
      55.713473
     ],
     [
      12.551579,
      55.712872
     ],
     [
      12.55119,
      55.712645
     ],
     [
      12.55051,
      55.710262
     ],
     [
      12.541275,
      55.70598
     ],
     [
      12.538202,
      55.704637
     ]
    ]
   }
  },
  {
   "type": "Feature",
   "properties": {
    "kind": "river",
    "role": "interceptor",
    "typologi": "Skybrudsledning",
    "note": "planned as a pipe — retrofit candidate",
    "klima_id": "BIR21"
   },
   "geometry": {
    "type": "LineString",
    "coordinates": [
     [
      12.56909,
      55.723169
     ],
     [
      12.586689,
      55.724348
     ],
     [
      12.602335,
      55.72536
     ]
    ]
   }
  },
  {
   "type": "Feature",
   "properties": {
    "kind": "river",
    "role": "open_channel",
    "typologi": "Grønne veje",
    "note": "planned surface route — could carry a river",
    "klima_id": null
   },
   "geometry": {
    "type": "LineString",
    "coordinates": [
     [
      12.50657,
      55.697115
     ],
     [
      12.510134,
      55.700319
     ]
    ]
   }
  },
  {
   "type": "Feature",
   "properties": {
    "kind": "river",
    "role": "open_channel",
    "typologi": "Grønne veje",
    "note": "planned surface route — could carry a river",
    "klima_id": null
   },
   "geometry": {
    "type": "LineString",
    "coordinates": [
     [
      12.511787,
      55.6996
     ],
     [
      12.509668,
      55.697647
     ],
     [
      12.507853,
      55.69626
     ]
    ]
   }
  },
  {
   "type": "Feature",
   "properties": {
    "kind": "river",
    "role": "open_channel",
    "typologi": "Grønne veje",
    "note": "planned surface route — could carry a river",
    "klima_id": null
   },
   "geometry": {
    "type": "LineString",
    "coordinates": [
     [
      12.510407,
      55.698127
     ],
     [
      12.513437,
      55.696995
     ]
    ]
   }
  },
  {
   "type": "Feature",
   "properties": {
    "kind": "river",
    "role": "open_channel",
    "typologi": "Grønne veje",
    "note": "planned surface route — could carry a river",
    "klima_id": null
   },
   "geometry": {
    "type": "LineString",
    "coordinates": [
     [
      12.509647,
      55.697469
     ],
     [
      12.512543,
      55.696389
     ]
    ]
   }
  },
  {
   "type": "Feature",
   "properties": {
    "kind": "river",
    "role": "open_channel",
    "typologi": "Grønne veje",
    "note": "planned surface route — could carry a river",
    "klima_id": null
   },
   "geometry": {
    "type": "LineString",
    "coordinates": [
     [
      12.51709,
      55.709584
     ],
     [
      12.516928,
      55.708466
     ],
     [
      12.516907,
      55.706816
     ]
    ]
   }
  },
  {
   "type": "Feature",
   "properties": {
    "kind": "river",
    "role": "open_channel",
    "typologi": "Grønne veje",
    "note": "planned surface route — could carry a river",
    "klima_id": null
   },
   "geometry": {
    "type": "LineString",
    "coordinates": [
     [
      12.523156,
      55.705523
     ],
     [
      12.522703,
      55.704473
     ]
    ]
   }
  },
  {
   "type": "Feature",
   "properties": {
    "kind": "river",
    "role": "open_channel",
    "typologi": "Grønne veje",
    "note": "planned surface route — could carry a river",
    "klima_id": null
   },
   "geometry": {
    "type": "LineString",
    "coordinates": [
     [
      12.532104,
      55.707325
     ],
     [
      12.532107,
      55.706418
     ],
     [
      12.532103,
      55.7056
     ],
     [
      12.532126,
      55.705235
     ],
     [
      12.5333,
      55.702732
     ]
    ]
   }
  },
  {
   "type": "Feature",
   "properties": {
    "kind": "river",
    "role": "open_channel",
    "typologi": "Grønne veje",
    "note": "planned surface route — could carry a river",
    "klima_id": null
   },
   "geometry": {
    "type": "LineString",
    "coordinates": [
     [
      12.530527,
      55.703086
     ],
     [
      12.531629,
      55.703945
     ],
     [
      12.532506,
      55.704093
     ]
    ]
   }
  },
  {
   "type": "Feature",
   "properties": {
    "kind": "river",
    "role": "open_channel",
    "typologi": "Skybrudsveje",
    "note": "planned surface route — could carry a river",
    "klima_id": "BIR1.1"
   },
   "geometry": {
    "type": "LineString",
    "coordinates": [
     [
      12.568916,
      55.724612
     ],
     [
      12.570294,
      55.722614
     ]
    ]
   }
  },
  {
   "type": "Feature",
   "properties": {
    "kind": "gap",
    "role": "missing",
    "area_m2": 19600.0,
    "length_m": 390,
    "note": "flood path deeper than 0.5 m with no surface route within 100 m — a river is indicated here and none is planned"
   },
   "geometry": {
    "type": "Point",
    "coordinates": [
     12.567435,
     55.669784
    ]
   }
  },
  {
   "type": "Feature",
   "properties": {
    "kind": "gap",
    "role": "missing",
    "area_m2": 19600.0,
    "length_m": 430,
    "note": "flood path deeper than 0.5 m with no surface route within 100 m — a river is indicated here and none is planned"
   },
   "geometry": {
    "type": "Point",
    "coordinates": [
     12.551263,
     55.663168
    ]
   }
  },
  {
   "type": "Feature",
   "properties": {
    "kind": "gap",
    "role": "missing",
    "area_m2": 18200.0,
    "length_m": 310,
    "note": "flood path deeper than 0.5 m with no surface route within 100 m — a river is indicated here and none is planned"
   },
   "geometry": {
    "type": "Point",
    "coordinates": [
     12.578977,
     55.71495
    ]
   }
  },
  {
   "type": "Feature",
   "properties": {
    "kind": "gap",
    "role": "missing",
    "area_m2": 14100.0,
    "length_m": 220,
    "note": "flood path deeper than 0.5 m with no surface route within 100 m — a river is indicated here and none is planned"
   },
   "geometry": {
    "type": "Point",
    "coordinates": [
     12.58259,
     55.71267
    ]
   }
  },
  {
   "type": "Feature",
   "properties": {
    "kind": "node",
    "role": "diversion",
    "name": "U1",
    "note": "REAL combined-sewer overflow structure. PROPOSED diversion node: turbidity, conductivity and flow continuously, grab sample on threshold. Clean flow to the wetland, flagged flow held."
   },
   "geometry": {
    "type": "Point",
    "coordinates": [
     12.675,
     55.6486
    ]
   }
  },
  {
   "type": "Feature",
   "properties": {
    "kind": "node",
    "role": "diversion",
    "name": "U4",
    "note": "REAL combined-sewer overflow structure. PROPOSED diversion node: turbidity, conductivity and flow continuously, grab sample on threshold. Clean flow to the wetland, flagged flow held."
   },
   "geometry": {
    "type": "Point",
    "coordinates": [
     12.6567,
     55.6346
    ]
   }
  },
  {
   "type": "Feature",
   "properties": {
    "kind": "node",
    "role": "diversion",
    "name": "U2",
    "note": "REAL combined-sewer overflow structure. PROPOSED diversion node: turbidity, conductivity and flow continuously, grab sample on threshold. Clean flow to the wetland, flagged flow held."
   },
   "geometry": {
    "type": "Point",
    "coordinates": [
     12.6548,
     55.6415
    ]
   }
  },
  {
   "type": "Feature",
   "properties": {
    "kind": "node",
    "role": "diversion",
    "name": "Lynetten Bypass",
    "note": "REAL combined-sewer overflow structure. PROPOSED diversion node: turbidity, conductivity and flow continuously, grab sample on threshold. Clean flow to the wetland, flagged flow held."
   },
   "geometry": {
    "type": "Point",
    "coordinates": [
     12.6588,
     55.6968
    ]
   }
  },
  {
   "type": "Feature",
   "properties": {
    "kind": "node",
    "role": "diversion",
    "name": "Damhusåen Bypass",
    "note": "REAL combined-sewer overflow structure. PROPOSED diversion node: turbidity, conductivity and flow continuously, grab sample on threshold. Clean flow to the wetland, flagged flow held."
   },
   "geometry": {
    "type": "Point",
    "coordinates": [
     12.6576,
     55.6981
    ]
   }
  },
  {
   "type": "Feature",
   "properties": {
    "kind": "node",
    "role": "diversion",
    "name": "UØ124",
    "note": "REAL combined-sewer overflow structure. PROPOSED diversion node: turbidity, conductivity and flow continuously, grab sample on threshold. Clean flow to the wetland, flagged flow held."
   },
   "geometry": {
    "type": "Point",
    "coordinates": [
     12.6256,
     55.6701
    ]
   }
  },
  {
   "type": "Feature",
   "properties": {
    "kind": "node",
    "role": "diversion",
    "name": "UØ38",
    "note": "REAL combined-sewer overflow structure. PROPOSED diversion node: turbidity, conductivity and flow continuously, grab sample on threshold. Clean flow to the wetland, flagged flow held."
   },
   "geometry": {
    "type": "Point",
    "coordinates": [
     12.6001,
     55.6897
    ]
   }
  },
  {
   "type": "Feature",
   "properties": {
    "kind": "node",
    "role": "diversion",
    "name": "UØ113",
    "note": "REAL combined-sewer overflow structure. PROPOSED diversion node: turbidity, conductivity and flow continuously, grab sample on threshold. Clean flow to the wetland, flagged flow held."
   },
   "geometry": {
    "type": "Point",
    "coordinates": [
     12.598,
     55.6768
    ]
   }
  },
  {
   "type": "Feature",
   "properties": {
    "kind": "node",
    "role": "diversion",
    "name": "U12b",
    "note": "REAL combined-sewer overflow structure. PROPOSED diversion node: turbidity, conductivity and flow continuously, grab sample on threshold. Clean flow to the wetland, flagged flow held."
   },
   "geometry": {
    "type": "Point",
    "coordinates": [
     12.5931,
     55.6296
    ]
   }
  },
  {
   "type": "Feature",
   "properties": {
    "kind": "node",
    "role": "diversion",
    "name": "UØ42",
    "note": "REAL combined-sewer overflow structure. PROPOSED diversion node: turbidity, conductivity and flow continuously, grab sample on threshold. Clean flow to the wetland, flagged flow held."
   },
   "geometry": {
    "type": "Point",
    "coordinates": [
     12.5966,
     55.6846
    ]
   }
  },
  {
   "type": "Feature",
   "properties": {
    "kind": "node",
    "role": "diversion",
    "name": "UØ43",
    "note": "REAL combined-sewer overflow structure. PROPOSED diversion node: turbidity, conductivity and flow continuously, grab sample on threshold. Clean flow to the wetland, flagged flow held."
   },
   "geometry": {
    "type": "Point",
    "coordinates": [
     12.5956,
     55.6834
    ]
   }
  },
  {
   "type": "Feature",
   "properties": {
    "kind": "node",
    "role": "diversion",
    "name": "UØ44",
    "note": "REAL combined-sewer overflow structure. PROPOSED diversion node: turbidity, conductivity and flow continuously, grab sample on threshold. Clean flow to the wetland, flagged flow held."
   },
   "geometry": {
    "type": "Point",
    "coordinates": [
     12.5952,
     55.6805
    ]
   }
  },
  {
   "type": "Feature",
   "properties": {
    "kind": "node",
    "role": "diversion",
    "name": "UØ37",
    "note": "REAL combined-sewer overflow structure. PROPOSED diversion node: turbidity, conductivity and flow continuously, grab sample on threshold. Clean flow to the wetland, flagged flow held."
   },
   "geometry": {
    "type": "Point",
    "coordinates": [
     12.595,
     55.6959
    ]
   }
  },
  {
   "type": "Feature",
   "properties": {
    "kind": "node",
    "role": "diversion",
    "name": "UØ107",
    "note": "REAL combined-sewer overflow structure. PROPOSED diversion node: turbidity, conductivity and flow continuously, grab sample on threshold. Clean flow to the wetland, flagged flow held."
   },
   "geometry": {
    "type": "Point",
    "coordinates": [
     12.5896,
     55.6716
    ]
   }
  },
  {
   "type": "Feature",
   "properties": {
    "kind": "node",
    "role": "diversion",
    "name": "UØ103",
    "note": "REAL combined-sewer overflow structure. PROPOSED diversion node: turbidity, conductivity and flow continuously, grab sample on threshold. Clean flow to the wetland, flagged flow held."
   },
   "geometry": {
    "type": "Point",
    "coordinates": [
     12.5894,
     55.6718
    ]
   }
  },
  {
   "type": "Feature",
   "properties": {
    "kind": "node",
    "role": "diversion",
    "name": "UØ97",
    "note": "REAL combined-sewer overflow structure. PROPOSED diversion node: turbidity, conductivity and flow continuously, grab sample on threshold. Clean flow to the wetland, flagged flow held."
   },
   "geometry": {
    "type": "Point",
    "coordinates": [
     12.5886,
     55.675
    ]
   }
  },
  {
   "type": "Feature",
   "properties": {
    "kind": "node",
    "role": "diversion",
    "name": "UØ52",
    "note": "REAL combined-sewer overflow structure. PROPOSED diversion node: turbidity, conductivity and flow continuously, grab sample on threshold. Clean flow to the wetland, flagged flow held."
   },
   "geometry": {
    "type": "Point",
    "coordinates": [
     12.5886,
     55.6763
    ]
   }
  },
  {
   "type": "Feature",
   "properties": {
    "kind": "node",
    "role": "diversion",
    "name": "UN10",
    "note": "REAL combined-sewer overflow structure. PROPOSED diversion node: turbidity, conductivity and flow continuously, grab sample on threshold. Clean flow to the wetland, flagged flow held."
   },
   "geometry": {
    "type": "Point",
    "coordinates": [
     12.5849,
     55.6407
    ]
   }
  },
  {
   "type": "Feature",
   "properties": {
    "kind": "node",
    "role": "diversion",
    "name": "UØ67",
    "note": "REAL combined-sewer overflow structure. PROPOSED diversion node: turbidity, conductivity and flow continuously, grab sample on threshold. Clean flow to the wetland, flagged flow held."
   },
   "geometry": {
    "type": "Point",
    "coordinates": [
     12.5863,
     55.6747
    ]
   }
  },
  {
   "type": "Feature",
   "properties": {
    "kind": "node",
    "role": "diversion",
    "name": "U11b",
    "note": "REAL combined-sewer overflow structure. PROPOSED diversion node: turbidity, conductivity and flow continuously, grab sample on threshold. Clean flow to the wetland, flagged flow held."
   },
   "geometry": {
    "type": "Point",
    "coordinates": [
     12.5789,
     55.6183
    ]
   }
  },
  {
   "type": "Feature",
   "properties": {
    "kind": "node",
    "role": "diversion",
    "name": "UØ66",
    "note": "REAL combined-sewer overflow structure. PROPOSED diversion node: turbidity, conductivity and flow continuously, grab sample on threshold. Clean flow to the wetland, flagged flow held."
   },
   "geometry": {
    "type": "Point",
    "coordinates": [
     12.5826,
     55.6765
    ]
   }
  },
  {
   "type": "Feature",
   "properties": {
    "kind": "node",
    "role": "diversion",
    "name": "UØ55",
    "note": "REAL combined-sewer overflow structure. PROPOSED diversion node: turbidity, conductivity and flow continuously, grab sample on threshold. Clean flow to the wetland, flagged flow held."
   },
   "geometry": {
    "type": "Point",
    "coordinates": [
     12.5815,
     55.6772
    ]
   }
  },
  {
   "type": "Feature",
   "properties": {
    "kind": "node",
    "role": "diversion",
    "name": "UØ68",
    "note": "REAL combined-sewer overflow structure. PROPOSED diversion node: turbidity, conductivity and flow continuously, grab sample on threshold. Clean flow to the wetland, flagged flow held."
   },
   "geometry": {
    "type": "Point",
    "coordinates": [
     12.5807,
     55.6724
    ]
   }
  },
  {
   "type": "Feature",
   "properties": {
    "kind": "node",
    "role": "diversion",
    "name": "UØ69",
    "note": "REAL combined-sewer overflow structure. PROPOSED diversion node: turbidity, conductivity and flow continuously, grab sample on threshold. Clean flow to the wetland, flagged flow held."
   },
   "geometry": {
    "type": "Point",
    "coordinates": [
     12.5789,
     55.6715
    ]
   }
  },
  {
   "type": "Feature",
   "properties": {
    "kind": "node",
    "role": "diversion",
    "name": "UØ65",
    "note": "REAL combined-sewer overflow structure. PROPOSED diversion node: turbidity, conductivity and flow continuously, grab sample on threshold. Clean flow to the wetland, flagged flow held."
   },
   "geometry": {
    "type": "Point",
    "coordinates": [
     12.5786,
     55.6772
    ]
   }
  },
  {
   "type": "Feature",
   "properties": {
    "kind": "node",
    "role": "diversion",
    "name": "UØ93",
    "note": "REAL combined-sewer overflow structure. PROPOSED diversion node: turbidity, conductivity and flow continuously, grab sample on threshold. Clean flow to the wetland, flagged flow held."
   },
   "geometry": {
    "type": "Point",
    "coordinates": [
     12.5754,
     55.6667
    ]
   }
  },
  {
   "type": "Feature",
   "properties": {
    "kind": "node",
    "role": "diversion",
    "name": "UØ60",
    "note": "REAL combined-sewer overflow structure. PROPOSED diversion node: turbidity, conductivity and flow continuously, grab sample on threshold. Clean flow to the wetland, flagged flow held."
   },
   "geometry": {
    "type": "Point",
    "coordinates": [
     12.5757,
     55.6758
    ]
   }
  },
  {
   "type": "Feature",
   "properties": {
    "kind": "node",
    "role": "diversion",
    "name": "UØ72",
    "note": "REAL combined-sewer overflow structure. PROPOSED diversion node: turbidity, conductivity and flow continuously, grab sample on threshold. Clean flow to the wetland, flagged flow held."
   },
   "geometry": {
    "type": "Point",
    "coordinates": [
     12.5728,
     55.6677
    ]
   }
  },
  {
   "type": "Feature",
   "properties": {
    "kind": "node",
    "role": "diversion",
    "name": "UØ73",
    "note": "REAL combined-sewer overflow structure. PROPOSED diversion node: turbidity, conductivity and flow continuously, grab sample on threshold. Clean flow to the wetland, flagged flow held."
   },
   "geometry": {
    "type": "Point",
    "coordinates": [
     12.5687,
     55.6658
    ]
   }
  },
  {
   "type": "Feature",
   "properties": {
    "kind": "node",
    "role": "diversion",
    "name": "UØ74",
    "note": "REAL combined-sewer overflow structure. PROPOSED diversion node: turbidity, conductivity and flow continuously, grab sample on threshold. Clean flow to the wetland, flagged flow held."
   },
   "geometry": {
    "type": "Point",
    "coordinates": [
     12.5668,
     55.665
    ]
   }
  },
  {
   "type": "Feature",
   "properties": {
    "kind": "node",
    "role": "diversion",
    "name": "UØ89",
    "note": "REAL combined-sewer overflow structure. PROPOSED diversion node: turbidity, conductivity and flow continuously, grab sample on threshold. Clean flow to the wetland, flagged flow held."
   },
   "geometry": {
    "type": "Point",
    "coordinates": [
     12.5643,
     55.6562
    ]
   }
  },
  {
   "type": "Feature",
   "properties": {
    "kind": "node",
    "role": "diversion",
    "name": "UØ75",
    "note": "REAL combined-sewer overflow structure. PROPOSED diversion node: turbidity, conductivity and flow continuously, grab sample on threshold. Clean flow to the wetland, flagged flow held."
   },
   "geometry": {
    "type": "Point",
    "coordinates": [
     12.5647,
     55.661
    ]
   }
  },
  {
   "type": "Feature",
   "properties": {
    "kind": "node",
    "role": "diversion",
    "name": "UØ77",
    "note": "REAL combined-sewer overflow structure. PROPOSED diversion node: turbidity, conductivity and flow continuously, grab sample on threshold. Clean flow to the wetland, flagged flow held."
   },
   "geometry": {
    "type": "Point",
    "coordinates": [
     12.5583,
     55.6589
    ]
   }
  },
  {
   "type": "Feature",
   "properties": {
    "kind": "node",
    "role": "diversion",
    "name": "UØ79",
    "note": "REAL combined-sewer overflow structure. PROPOSED diversion node: turbidity, conductivity and flow continuously, grab sample on threshold. Clean flow to the wetland, flagged flow held."
   },
   "geometry": {
    "type": "Point",
    "coordinates": [
     12.5528,
     55.6568
    ]
   }
  },
  {
   "type": "Feature",
   "properties": {
    "kind": "node",
    "role": "diversion",
    "name": "UØ82.1",
    "note": "REAL combined-sewer overflow structure. PROPOSED diversion node: turbidity, conductivity and flow continuously, grab sample on threshold. Clean flow to the wetland, flagged flow held."
   },
   "geometry": {
    "type": "Point",
    "coordinates": [
     12.5509,
     55.6523
    ]
   }
  },
  {
   "type": "Feature",
   "properties": {
    "kind": "node",
    "role": "diversion",
    "name": "UØ80",
    "note": "REAL combined-sewer overflow structure. PROPOSED diversion node: turbidity, conductivity and flow continuously, grab sample on threshold. Clean flow to the wetland, flagged flow held."
   },
   "geometry": {
    "type": "Point",
    "coordinates": [
     12.5489,
     55.6546
    ]
   }
  },
  {
   "type": "Feature",
   "properties": {
    "kind": "node",
    "role": "diversion",
    "name": "UØ85",
    "note": "REAL combined-sewer overflow structure. PROPOSED diversion node: turbidity, conductivity and flow continuously, grab sample on threshold. Clean flow to the wetland, flagged flow held."
   },
   "geometry": {
    "type": "Point",
    "coordinates": [
     12.5448,
     55.6462
    ]
   }
  },
  {
   "type": "Feature",
   "properties": {
    "kind": "node",
    "role": "diversion",
    "name": "UØ84",
    "note": "REAL combined-sewer overflow structure. PROPOSED diversion node: turbidity, conductivity and flow continuously, grab sample on threshold. Clean flow to the wetland, flagged flow held."
   },
   "geometry": {
    "type": "Point",
    "coordinates": [
     12.5412,
     55.6501
    ]
   }
  },
  {
   "type": "Feature",
   "properties": {
    "kind": "node",
    "role": "diversion",
    "name": "UK12",
    "note": "REAL combined-sewer overflow structure. PROPOSED diversion node: turbidity, conductivity and flow continuously, grab sample on threshold. Clean flow to the wetland, flagged flow held."
   },
   "geometry": {
    "type": "Point",
    "coordinates": [
     12.5308,
     55.6424
    ]
   }
  },
  {
   "type": "Feature",
   "properties": {
    "kind": "facility",
    "role": "energy from waste",
    "name": "ARC / Amager Bakke",
    "status": "REAL LOCATION — CAPABILITY NOT VERIFIED",
    "note": "Municipal energy-from-waste, owned by Dragør, Frederiksberg, Hvidovre, København and Tårnby — the same municipalities that discharge into the bay. Municipal EfW typically runs below the >1,100 °C / 2-3 s condition that PFAS destruction needs, and Danish trade reporting describes PFAS as a live problem for incineration plants rather than a solved one. **Treat as unsuitable for the destruction branch until its permit and a fluorine mass balance say otherwise.**"
   },
   "geometry": {
    "type": "Point",
    "coordinates": [
     12.61854,
     55.68458
    ]
   }
  },
  {
   "type": "Feature",
   "properties": {
    "kind": "facility",
    "role": "hazardous waste reception",
    "name": "SMOKA (approximate)",
    "status": "REAL FACILITY — LOCATION APPROXIMATE, ROLE NOT VERIFIED",
    "note": "The capital's hazardous-waste receiving station, co-owned by ARC. It is a reception and transfer point, not a destruction facility. Included because the collection step has to land somewhere and this is where it already lands. Coordinates are approximate — geocoding failed and this was placed from the Prøvestenen area."
   },
   "geometry": {
    "type": "Point",
    "coordinates": [
     12.635,
     55.6845
    ]
   }
  },
  {
   "type": "Feature",
   "properties": {
    "kind": "destination",
    "role": "forebay",
    "name": "Sedimentation forebay",
    "note": "INDICATIVE. Gross-pollutant trap and a deep, small settling cell ahead of the wetland — the part that is dredged often, so the wetland behind it is dredged rarely."
   },
   "geometry": {
    "type": "Polygon",
    "coordinates": [
     [
      [
       12.559,
       55.618
      ],
      [
       12.562,
       55.618
      ],
      [
       12.562,
       55.623
      ],
      [
       12.559,
       55.623
      ],
      [
       12.559,
       55.618
      ]
     ]
    ]
   }
  },
  {
   "type": "Feature",
   "properties": {
    "kind": "destination",
    "role": "sedimentation",
    "name": "Vestamager sedimentation wetland",
    "note": "INDICATIVE. Northern edge of the 1939-43 polder, away from the Natura 2000 corner. 11-53 ha would match Amager's 1,052 ha of combined-sewered surface."
   },
   "geometry": {
    "type": "Polygon",
    "coordinates": [
     [
      [
       12.562,
       55.61
      ],
      [
       12.588,
       55.61
      ],
      [
       12.588,
       55.623
      ],
      [
       12.562,
       55.623
      ],
      [
       12.562,
       55.61
      ]
     ]
    ]
   }
  },
  {
   "type": "Feature",
   "properties": {
    "kind": "destination",
    "role": "heavy_duty",
    "name": "Karlstrup Kalkgrav",
    "note": "REJECTED as a receiving water — 14 m deep with poor circulation, it would stratify. Shown because it is where the heavy-duty branch was proposed, and because the four siting criteria came out of assessing it."
   },
   "geometry": {
    "type": "Point",
    "coordinates": [
     12.2088,
     55.5478
    ]
   }
  }
 ],
 "meta": {
  "open_channel_km": 209.7,
  "interceptor_km": 71.2,
  "gaps": 4,
  "flood_path_km2": 1.521,
  "near_surface_pct": 72.0,
  "diversion_nodes": 39,
  "nyborg_note": "Fortum Waste Solutions, Nyborg (the former Kommunekemi, founded 1971) is where Danish practice already sends spent PFAS media. Secondary sources describe capture on granular activated carbon and ion-exchange resin followed by high-temperature incineration above 1,200 °C. **This project has not verified that.** It is a reported practice, not a measured performance, and the difference is the whole subject of this section."
 }
}