{
 "type": "FeatureCollection",
 "features": [
  {
   "type": "Feature",
   "properties": {
    "klima_id": "KV69",
    "typologi": "Skybrudsledning"
   },
   "geometry": {
    "type": "LineString",
    "coordinates": [
     [
      12.53486,
      55.65736
     ],
     [
      12.53472,
      55.6573
     ],
     [
      12.53472,
      55.6573
     ]
    ]
   }
  },
  {
   "type": "Feature",
   "properties": {
    "klima_id": "KV69",
    "typologi": "Skybrudsledning"
   },
   "geometry": {
    "type": "LineString",
    "coordinates": [
     [
      12.5348,
      55.65734
     ],
     [
      12.53479,
      55.65733
     ],
     [
      12.53489,
      55.65726
     ],
     [
      12.53487,
      55.65715
     ],
     [
      12.53481,
      55.65712
     ],
     [
      12.53477,
      55.65709
     ],
     [
      12.53475,
      55.65708
     ],
     [
      12.53474,
      55.65707
     ],
     [
      12.53452,
      55.65669
     ],
     [
      12.53448,
      55.65664
     ],
     [
      12.53444,
      55.65661
     ],
     [
      12.53436,
      55.65658
     ],
     [
      12.53428,
      55.65656
     ],
     [
      12.53406,
      55.65652
     ]
    ]
   }
  },
  {
   "type": "Feature",
   "properties": {
    "klima_id": "Frederiksberg",
    "typologi": "Grønne veje"
   },
   "geometry": {
    "type": "LineString",
    "coordinates": [
     [
      12.53496,
      55.68018
     ],
     [
      12.53513,
      55.68077
     ]
    ]
   }
  },
  {
   "type": "Feature",
   "properties": {
    "klima_id": "Frederiksberg",
    "typologi": "Grønne veje"
   },
   "geometry": {
    "type": "LineString",
    "coordinates": [
     [
      12.54403,
      55.67599
     ],
     [
      12.54514,
      55.67759
     ]
    ]
   }
  },
  {
   "type": "Feature",
   "properties": {
    "klima_id": "Frederiksberg",
    "typologi": "Grønne veje"
   },
   "geometry": {
    "type": "LineString",
    "coordinates": [
     [
      12.51698,
      55.67109
     ],
     [
      12.51639,
      55.67122
     ],
     [
      12.51228,
      55.67128
     ],
     [
      12.51213,
      55.6708
     ]
    ]
   }
  },
  {
   "type": "Feature",
   "properties": {
    "klima_id": "Frederiksberg",
    "typologi": "Grønne veje"
   },
   "geometry": {
    "type": "LineString",
    "coordinates": [
     [
      12.5369,
      55.67319
     ],
     [
      12.53719,
      55.67403
     ]
    ]
   }
  },
  {
   "type": "Feature",
   "properties": {
    "klima_id": "KV19",
    "projekt_navn": "Vanløse Byvej",
    "typologi": "Forsinkelsesveje",
    "vandopland": "København Vest"
   },
   "geometry": {
    "type": "LineString",
    "coordinates": [
     [
      12.48852,
      55.68764
     ],
     [
      12.48685,
      55.68736
     ],
     [
      12.48577,
      55.68717
     ],
     [
      12.48481,
      55.68701
     ],
     [
      12.48262,
      55.68663
     ],
     [
      12.48213,
      55.68801
     ]
    ]
   }
  },
  {
   "type": "Feature",
   "properties": {
    "klima_id": "VEL34",
    "projekt_navn": "Supplerende mindre skybrudsveje Assistens Kirkegården ",
    "typologi": "Skybrudsveje",
    "vandopland": "Vesterbro-ladegaardså"
   },
   "geometry": {
    "type": "LineString",
    "coordinates": [
     [
      12.56907,
      55.68563
     ],
     [
      12.56748,
      55.68419
     ],
     [
      12.56666,
      55.68343
     ]
    ]
   }
  },
  {
   "type": "Feature",
   "properties": {
    "klima_id": "KV19",
    "projekt_navn": "Vanløse Byvej",
    "typologi": "Forsinkelsesveje",
    "vandopland": "København Vest"
   },
   "geometry": {
    "type": "LineString",
    "coordinates": [
     [
      12.48178,
      55.68898
     ],
     [
      12.48213,
      55.68801
     ],
     [
      12.4812,
      55.68791
     ],
     [
      12.47577,
      55.68728
     ],
     [
      12.47267,
      55.68691
     ],
     [
      12.47174,
      55.68694
     ]
    ]
   }
  },
  {
   "type": "Feature",
   "properties": {
    "klima_id": "KV63",
    "projekt_navn": "Danshøjvej",
    "typologi": "Skybrudsledning",
    "vandopland": "København Vest"
   },
   "geometry": {
    "type": "LineString",
    "coordinates": [
     [
      12.4927,
      55.66004
     ],
     [
      12.49122,
      55.66068
     ],
     [
      12.49051,
      55.66099
     ],
     [
      12.48871,
      55.66177
     ]
    ]
   }
  },
  {
   "type": "Feature",
   "properties": {
    "klima_id": "Frederiksberg",
    "typologi": "Skybrudsveje"
   },
   "geometry": {
    "type": "LineString",
    "coordinates": [
     [
      12.52745,
      55.68974
     ],
     [
      12.52456,
      55.6906
     ],
     [
      12.52195,
      55.69137
     ],
     [
      12.52181,
      55.69141
     ],
     [
      12.52148,
      55.69099
     ],
     [
      12.51946,
      55.69149
     ],
     [
      12.51908,
      55.69105
     ],
     [
      12.51799,
      55.69132
     ]
    ]
   }
  },
  {
   "type": "Feature",
   "properties": {
    "klima_id": "AM57",
    "projekt_navn": "Amager Fælled",
    "typologi": "Skybrudsledning",
    "vandopland": "Amager"
   },
   "geometry": {
    "type": "LineString",
    "coordinates": [
     [
      12.58973,
      55.65358
     ],
     [
      12.59022,
      55.65488
     ],
     [
      12.58811,
      55.65479
     ],
     [
      12.58259,
      55.65452
     ]
    ]
   }
  },
  {
   "type": "Feature",
   "properties": {
    "klima_id": "BIR12.1&12.3",
    "projekt_navn": "Tingbjerg ",
    "typologi": "Skybrudsveje",
    "vandopland": "Bispebjerg"
   },
   "geometry": {
    "type": "LineString",
    "coordinates": [
     [
      12.48217,
      55.71831
     ],
     [
      12.48146,
      55.71737
     ]
    ]
   }
  },
  {
   "type": "Feature",
   "properties": {
    "klima_id": "NO19",
    "projekt_navn": "Kartoffelrækkerne",
    "typologi": "Skybrudsledning",
    "vandopland": "Nørrebro"
   },
   "geometry": {
    "type": "LineString",
    "coordinates": [
     [
      12.57148,
      55.69071
     ],
     [
      12.57095,
      55.69038
     ],
     [
      12.57019,
      55.69046
     ]
    ]
   }
  },
  {
   "type": "Feature",
   "properties": {
    "klima_id": "Frederiksberg",
    "typologi": "Grønne veje"
   },
   "geometry": {
    "type": "LineString",
    "coordinates": [
     [
      12.54006,
      55.67658
     ],
     [
      12.53902,
      55.67432
     ]
    ]
   }
  },
  {
   "type": "Feature",
   "properties": {
    "klima_id": "Frederiksberg",
    "typologi": "Grønne veje"
   },
   "geometry": {
    "type": "LineString",
    "coordinates": [
     [
      12.54236,
      55.67261
     ],
     [
      12.54243,
      55.67347
     ]
    ]
   }
  },
  {
   "type": "Feature",
   "properties": {
    "klima_id": "Frederiksberg",
    "typologi": "Skybrudsledning"
   },
   "geometry": {
    "type": "LineString",
    "coordinates": [
     [
      12.52101,
      55.68761
     ],
     [
      12.51844,
      55.68717
     ],
     [
      12.51452,
      55.68649
     ]
    ]
   }
  },
  {
   "type": "Feature",
   "properties": {
    "klima_id": "Frederiksberg",
    "typologi": "Grønne veje"
   },
   "geometry": {
    "type": "LineString",
    "coordinates": [
     [
      12.52412,
      55.69414
     ],
     [
      12.52495,
      55.6945
     ],
     [
      12.52668,
      55.69487
     ],
     [
      12.52709,
      55.69475
     ],
     [
      12.52767,
      55.6953
     ]
    ]
   }
  },
  {
   "type": "Feature",
   "properties": {
    "klima_id": "Frederiksberg",
    "typologi": "Skybrudsveje"
   },
   "geometry": {
    "type": "LineString",
    "coordinates": [
     [
      12.51788,
      55.6883
     ],
     [
      12.51707,
      55.68966
     ],
     [
      12.5158,
      55.69053
     ]
    ]
   }
  },
  {
   "type": "Feature",
   "properties": {
    "klima_id": "AM41",
    "projekt_navn": "Kirkegårdsvej, Kastrupvej og Sundby Kirkegård",
    "typologi": "Skybrudsveje",
    "vandopland": "Amager"
   },
   "geometry": {
    "type": "LineString",
    "coordinates": [
     [
      12.61183,
      55.65672
     ],
     [
      12.61255,
      55.65686
     ]
    ]
   }
  },
  {
   "type": "Feature",
   "properties": {
    "klima_id": "Frederiksberg",
    "typologi": "Grønne veje"
   },
   "geometry": {
    "type": "LineString",
    "coordinates": [
     [
      12.51744,
      55.67768
     ],
     [
      12.51532,
      55.67757
     ],
     [
      12.51486,
      55.67642
     ]
    ]
   }
  },
  {
   "type": "Feature",
   "properties": {
    "klima_id": "Frederiksberg",
    "typologi": "Grønne veje"
   },
   "geometry": {
    "type": "LineString",
    "coordinates": [
     [
      12.50739,
      55.68615
     ],
     [
      12.51259,
      55.68724
     ],
     [
      12.51336,
      55.68739
     ]
    ]
   }
  },
  {
   "type": "Feature",
   "properties": {
    "klima_id": "Frederiksberg",
    "typologi": "Grønne veje"
   },
   "geometry": {
    "type": "LineString",
    "coordinates": [
     [
      12.52605,
      55.68819
     ],
     [
      12.52943,
      55.69172
     ],
     [
      12.53134,
      55.69387
     ]
    ]
   }
  },
  {
   "type": "Feature",
   "properties": {
    "klima_id": "Frederiksberg",
    "typologi": "Grønne veje"
   },
   "geometry": {
    "type": "LineString",
    "coordinates": [
     [
      12.52618,
      55.69046
     ],
     [
      12.52782,
      55.69222
     ],
     [
      12.52837,
      55.69271
     ],
     [
      12.53005,
      55.69426
     ]
    ]
   }
  },
  {
   "type": "Feature",
   "properties": {
    "klima_id": "Frederiksberg",
    "typologi": "Grønne veje"
   },
   "geometry": {
    "type": "LineString",
    "coordinates": [
     [
      12.54609,
      55.67876
     ],
     [
      12.54703,
      55.67855
     ]
    ]
   }
  },
  {
   "type": "Feature",
   "properties": {
    "klima_id": "Frederiksberg",
    "typologi": "Grønne veje"
   },
   "geometry": {
    "type": "LineString",
    "coordinates": [
     [
      12.53487,
      55.69007
     ],
     [
      12.53744,
      55.68931
     ],
     [
      12.53907,
      55.68847
     ]
    ]
   }
  },
  {
   "type": "Feature",
   "properties": {
    "klima_id": "Frederiksberg",
    "typologi": "Grønne veje"
   },
   "geometry": {
    "type": "LineString",
    "coordinates": [
     [
      12.54058,
      55.68735
     ],
     [
      12.53896,
      55.68782
     ]
    ]
   }
  },
  {
   "type": "Feature",
   "properties": {
    "klima_id": "Frederiksberg",
    "typologi": "Grønne veje"
   },
   "geometry": {
    "type": "LineString",
    "coordinates": [
     [
      12.53199,
      55.69093
     ],
     [
      12.53106,
      55.69123
     ]
    ]
   }
  },
  {
   "type": "Feature",
   "properties": {
    "klima_id": "Frederiksberg",
    "typologi": "Grønne veje"
   },
   "geometry": {
    "type": "LineString",
    "coordinates": [
     [
      12.53215,
      55.69087
     ],
     [
      12.5327,
      55.69071
     ]
    ]
   }
  },
  {
   "type": "Feature",
   "properties": {
    "klima_id": "Frederiksberg",
    "typologi": "Grønne veje"
   },
   "geometry": {
    "type": "LineString",
    "coordinates": [
     [
      12.5319,
      55.69243
     ],
     [
      12.53501,
      55.69154
     ],
     [
      12.53445,
      55.69264
     ],
     [
      12.53432,
      55.69304
     ]
    ]
   }
  },
  {
   "type": "Feature",
   "properties": {
    "klima_id": "OS16",
    "projekt_navn": "Jagtvej",
    "typologi": "Forsinkelsesveje",
    "vandopland": "Østerbro"
   },
   "geometry": {
    "type": "LineString",
    "coordinates": [
     [
      12.56868,
      55.70989
     ],
     [
      12.5689,
      55.7092
     ]
    ]
   }
  },
  {
   "type": "Feature",
   "properties": {
    "klima_id": "OS14",
    "projekt_navn": "Reersøgade m.fl. ",
    "typologi": "Forsinkelsesveje",
    "vandopland": "Østerbro"
   },
   "geometry": {
    "type": "LineString",
    "coordinates": [
     [
      12.57572,
      55.71003
     ],
     [
      12.57533,
      55.71036
     ]
    ]
   }
  },
  {
   "type": "Feature",
   "properties": {
    "klima_id": "Frederiksberg",
    "typologi": "mix"
   },
   "geometry": {
    "type": "LineString",
    "coordinates": [
     [
      12.50491,
      55.68218
     ],
     [
      12.50005,
      55.68248
     ]
    ]
   }
  },
  {
   "type": "Feature",
   "properties": {
    "klima_id": "OS16",
    "projekt_navn": "Jagtvej",
    "typologi": "Skybrudsledning",
    "vandopland": "Østerbro"
   },
   "geometry": {
    "type": "LineString",
    "coordinates": [
     [
      12.57111,
      55.70814
     ],
     [
      12.5712,
      55.70796
     ]
    ]
   }
  },
  {
   "type": "Feature",
   "properties": {
    "klima_id": "AM1A",
    "projekt_navn": "Amagerbanen. Thorshavnsgade - Ørestads Boulevard",
    "typologi": "mix",
    "vandopland": "Amager"
   },
   "geometry": {
    "type": "LineString",
    "coordinates": [
     [
      12.58041,
      55.66678
     ],
     [
      12.58239,
      55.66611
     ],
     [
      12.58496,
      55.66523
     ]
    ]
   }
  },
  {
   "type": "Feature",
   "properties": {
    "klima_id": "KV65",
    "projekt_navn": "Grønne veje i øvrigt Gåsebækrenden",
    "typologi": "Grønne veje",
    "vandopland": "København Vest"
   },
   "geometry": {
    "type": "LineString",
    "coordinates": [
     [
      12.51979,
      55.66477
     ],
     [
      12.52127,
      55.66457
     ]
    ]
   }
  },
  {
   "type": "Feature",
   "properties": {
    "klima_id": "Frederiksberg",
    "typologi": "Grønne veje"
   },
   "geometry": {
    "type": "LineString",
    "coordinates": [
     [
      12.52897,
      55.68352
     ],
     [
      12.53165,
      55.6869
     ]
    ]
   }
  },
  {
   "type": "Feature",
   "properties": {
    "klima_id": "Frederiksberg",
    "typologi": "Grønne veje"
   },
   "geometry": {
    "type": "LineString",
    "coordinates": [
     [
      12.52566,
      55.68416
     ],
     [
      12.52828,
      55.68767
     ]
    ]
   }
  },
  {
   "type": "Feature",
   "properties": {
    "klima_id": "OS16",
    "projekt_navn": "Jagtvej",
    "typologi": "Skybrudsledning",
    "vandopland": "Østerbro"
   },
   "geometry": {
    "type": "LineString",
    "coordinates": [
     [
      12.56852,
      55.70763
     ],
     [
      12.56861,
      55.70747
     ]
    ]
   }
  },
  {
   "type": "Feature",
   "properties": {
    "klima_id": "Frederiksberg",
    "typologi": "Grønne veje"
   },
   "geometry": {
    "type": "LineString",
    "coordinates": [
     [
      12.53057,
      55.69137
     ],
     [
      12.52966,
      55.69164
     ]
    ]
   }
  },
  {
   "type": "Feature",
   "properties": {
    "klima_id": "Frederiksberg",
    "typologi": "Grønne veje"
   },
   "geometry": {
    "type": "LineString",
    "coordinates": [
     [
      12.5289,
      55.68537
     ],
     [
      12.52794,
      55.68562
     ],
     [
      12.52918,
      55.68735
     ]
    ]
   }
  },
  {
   "type": "Feature",
   "properties": {
    "klima_id": "Frederiksberg",
    "typologi": "Grønne veje"
   },
   "geometry": {
    "type": "LineString",
    "coordinates": [
     [
      12.53897,
      55.68431
     ],
     [
      12.53817,
      55.68462
     ]
    ]
   }
  },
  {
   "type": "Feature",
   "properties": {
    "klima_id": "Frederiksberg",
    "typologi": "Skybrudsveje"
   },
   "geometry": {
    "type": "LineString",
    "coordinates": [
     [
      12.51444,
      55.68662
     ],
     [
      12.51391,
      55.68753
     ],
     [
      12.51342,
      55.68834
     ],
     [
      12.51329,
      55.68856
     ]
    ]
   }
  },
  {
   "type": "Feature",
   "properties": {
    "klima_id": "Frederiksberg",
    "typologi": "Skybrudsveje"
   },
   "geometry": {
    "type": "LineString",
    "coordinates": [
     [
      12.51654,
      55.68967
     ],
     [
      12.51349,
      55.68906
     ]
    ]
   }
  },
  {
   "type": "Feature",
   "properties": {
    "klima_id": "AM20B",
    "projekt_navn": "Hyttehusvej, Røde Mellemvej m.fl",
    "typologi": "mix",
    "vandopland": "Amager"
   },
   "geometry": {
    "type": "LineString",
    "coordinates": [
     [
      12.59814,
      55.64251
     ],
     [
      12.5916,
      55.64249
     ],
     [
      12.59143,
      55.64231
     ],
     [
      12.59122,
      55.64167
     ],
     [
      12.59078,
      55.64158
     ],
     [
      12.58935,
      55.64112
     ],
     [
      12.58917,
      55.6412
     ],
     [
      12.58886,
      55.64119
     ],
     [
      12.58831,
      55.64105
     ],
     [
      12.58596,
      55.64046
     ],
     [
      12.58496,
      55.64049
     ]
    ]
   }
  },
  {
   "type": "Feature",
   "properties": {
    "klima_id": "KV65",
    "projekt_navn": "Grønne veje i øvrigt Gåsebækrenden",
    "typologi": "Grønne veje",
    "vandopland": "København Vest"
   },
   "geometry": {
    "type": "LineString",
    "coordinates": [
     [
      12.49747,
      55.66341
     ],
     [
      12.49755,
      55.66331
     ],
     [
      12.49781,
      55.66306
     ],
     [
      12.49809,
      55.66285
     ],
     [
      12.49838,
      55.66266
     ],
     [
      12.49867,
      55.6625
     ],
     [
      12.49912,
      55.66233
     ],
     [
      12.50002,
      55.66201
     ],
     [
      12.50116,
      55.66166
     ],
     [
      12.50216,
      55.66141
     ],
     [
      12.50249,
      55.66132
     ],
     [
      12.50277,
      55.66125
     ],
     [
      12.50299,
      55.66118
     ],
     [
      12.50324,
      55.66106
     ]
    ]
   }
  },
  {
   "type": "Feature",
   "properties": {
    "klima_id": "Frederiksberg",
    "typologi": "Grønne veje"
   },
   "geometry": {
    "type": "LineString",
    "coordinates": [
     [
      12.53302,
      55.69211
     ],
     [
      12.53392,
      55.6931
     ]
    ]
   }
  },
  {
   "type": "Feature",
   "properties": {
    "klima_id": "Frederiksberg",
    "typologi": "Grønne veje"
   },
   "geometry": {
    "type": "LineString",
    "coordinates": [
     [
      12.54003,
      55.68114
     ],
     [
      12.54077,
      55.68104
     ]
    ]
   }
  },
  {
   "type": "Feature",
   "properties": {
    "klima_id": "AM19A",
    "projekt_navn": "Røde Mellemvej. Peder Lykkes Vej – Vejlands Allé",
    "typologi": "Skybrudsveje",
    "vandopland": "Amager"
   },
   "geometry": {
    "type": "LineString",
    "coordinates": [
     [
      12.59334,
      55.65266
     ],
     [
      12.59355,
      55.65322
     ]
    ]
   }
  },
  {
   "type": "Feature",
   "properties": {
    "klima_id": "Frederiksberg",
    "typologi": "mix"
   },
   "geometry": {
    "type": "LineString",
    "coordinates": [
     [
      12.52181,
      55.68072
     ],
     [
      12.51848,
      55.68136
     ],
     [
      12.51348,
      55.68167
     ]
    ]
   }
  },
  {
   "type": "Feature",
   "properties": {
    "klima_id": "VEL31",
    "projekt_navn": "Nørrebrogade",
    "typologi": "Skybrudsledning",
    "vandopland": "Vesterbro-ladegaardså"
   },
   "geometry": {
    "type": "LineString",
    "coordinates": [
     [
      12.56267,
      55.68731
     ],
     [
      12.56363,
      55.68744
     ]
    ]
   }
  },
  {
   "type": "Feature",
   "properties": {
    "klima_id": "VEL22",
    "projekt_navn": "Korsgade og Hans Tavsens Gade",
    "typologi": "Grønne veje",
    "vandopland": "Vesterbro-ladegaardså"
   },
   "geometry": {
    "type": "LineString",
    "coordinates": [
     [
      12.54541,
      55.68945
     ],
     [
      12.54946,
      55.68798
     ],
     [
      12.55003,
      55.6878
     ],
     [
      12.55193,
      55.68708
     ],
     [
      12.55232,
      55.68734
     ],
     [
      12.55693,
      55.68556
     ]
    ]
   }
  },
  {
   "type": "Feature",
   "properties": {
    "klima_id": "OS9",
    "projekt_navn": "Østerbrogade",
    "typologi": "Skybrudsledning",
    "vandopland": "Østerbro"
   },
   "geometry": {
    "type": "LineString",
    "coordinates": [
     [
      12.57646,
      55.71274
     ],
     [
      12.57725,
      55.71288
     ]
    ]
   }
  },
  {
   "type": "Feature",
   "properties": {
    "klima_id": "Frederiksberg",
    "typologi": "Skybrudsveje"
   },
   "geometry": {
    "type": "LineString",
    "coordinates": [
     [
      12.52116,
      55.67935
     ],
     [
      12.51776,
      55.67909
     ]
    ]
   }
  },
  {
   "type": "Feature",
   "properties": {
    "klima_id": "KV89",
    "projekt_navn": "Ny underføring langs Roskildevej",
    "typologi": "Skybrudsledning",
    "vandopland": "København Vest"
   },
   "geometry": {
    "type": "LineString",
    "coordinates": [
     [
      12.47468,
      55.67303
     ],
     [
      12.47508,
      55.67326
     ]
    ]
   }
  },
  {
   "type": "Feature",
   "properties": {
    "klima_id": "KV89",
    "projekt_navn": "Ny underføring langs Roskildevej",
    "typologi": "Skybrudsledning",
    "vandopland": "København Vest"
   },
   "geometry": {
    "type": "LineString",
    "coordinates": [
     [
      12.4803,
      55.67296
     ],
     [
      12.48018,
      55.67222
     ]
    ]
   }
  },
  {
   "type": "Feature",
   "properties": {
    "klima_id": "Frederiksberg",
    "typologi": "Grønne veje"
   },
   "geometry": {
    "type": "LineString",
    "coordinates": [
     [
      12.5291,
      55.68947
     ],
     [
      12.5319,
      55.69243
     ],
     [
      12.53282,
      55.69344
     ]
    ]
   }
  },
  {
   "type": "Feature",
   "properties": {
    "klima_id": "KV65",
    "projekt_navn": "Grønne veje i øvrigt Gåsebækrenden",
    "typologi": "Grønne veje",
    "vandopland": "København Vest"
   },
   "geometry": {
    "type": "LineString",
    "coordinates": [
     [
      12.49887,
      55.6635
     ],
     [
      12.49885,
      55.6632
     ],
     [
      12.49909,
      55.66306
     ],
     [
      12.49932,
      55.66294
     ],
     [
      12.49954,
      55.66285
     ],
     [
      12.49992,
      55.66271
     ],
     [
      12.50048,
      55.66255
     ],
     [
      12.50113,
      55.66242
     ],
     [
      12.5018,
      55.66234
     ],
     [
      12.50206,
      55.66231
     ],
     [
      12.50222,
      55.6623
     ]
    ]
   }
  },
  {
   "type": "Feature",
   "properties": {
    "klima_id": "KV65",
    "projekt_navn": "Grønne veje i øvrigt Gåsebækrenden",
    "typologi": "Grønne veje",
    "vandopland": "København Vest"
   },
   "geometry": {
    "type": "LineString",
    "coordinates": [
     [
      12.50256,
      55.66342
     ],
     [
      12.50254,
      55.66293
     ],
     [
      12.50252,
      55.66229
     ],
     [
      12.50249,
      55.66151
     ]
    ]
   }
  },
  {
   "type": "Feature",
   "properties": {
    "klima_id": "Frederiksberg",
    "typologi": "Grønne veje"
   },
   "geometry": {
    "type": "LineString",
    "coordinates": [
     [
      12.53804,
      55.68742
     ],
     [
      12.53363,
      55.68841
     ]
    ]
   }
  },
  {
   "type": "Feature",
   "properties": {
    "klima_id": "Frederiksberg",
    "typologi": "Grønne veje"
   },
   "geometry": {
    "type": "LineString",
    "coordinates": [
     [
      12.53795,
      55.68209
     ],
     [
      12.53617,
      55.68249
     ],
     [
      12.53596,
      55.68224
     ],
     [
      12.53557,
      55.68234
     ]
    ]
   }
  },
  {
   "type": "Feature",
   "properties": {
    "klima_id": "KV65",
    "projekt_navn": "Grønne veje i øvrigt Gåsebækrenden",
    "typologi": "Grønne veje",
    "vandopland": "København Vest"
   },
   "geometry": {
    "type": "LineString",
    "coordinates": [
     [
      12.49117,
      55.66146
     ],
     [
      12.49067,
      55.6611
     ]
    ]
   }
  },
  {
   "type": "Feature",
   "properties": {
    "klima_id": "Frederiksberg",
    "typologi": "Grønne veje"
   },
   "geometry": {
    "type": "LineString",
    "coordinates": [
     [
      12.53196,
      55.68329
     ],
     [
      12.53506,
      55.68255
     ]
    ]
   }
  },
  {
   "type": "Feature",
   "properties": {
    "klima_id": "Frederiksberg",
    "typologi": "Grønne veje"
   },
   "geometry": {
    "type": "LineString",
    "coordinates": [
     [
      12.53319,
      55.68444
     ],
     [
      12.53436,
      55.68411
     ],
     [
      12.53395,
      55.68365
     ]
    ]
   }
  },
  {
   "type": "Feature",
   "properties": {
    "klima_id": "AM27",
    "projekt_navn": "Brydes Allé",
    "typologi": "Forsinkelsesveje",
    "vandopland": "Amager"
   },
   "geometry": {
    "type": "LineString",
    "coordinates": [
     [
      12.59998,
      55.65818
     ],
     [
      12.59899,
      55.65858
     ]
    ]
   }
  },
  {
   "type": "Feature",
   "properties": {
    "klima_id": "Frederiksberg",
    "typologi": "Grønne veje"
   },
   "geometry": {
    "type": "LineString",
    "coordinates": [
     [
      12.52405,
      55.68293
     ],
     [
      12.52647,
      55.68241
     ]
    ]
   }
  },
  {
   "type": "Feature",
   "properties": {
    "klima_id": "Frederiksberg",
    "typologi": "Grønne veje"
   },
   "geometry": {
    "type": "LineString",
    "coordinates": [
     [
      12.55127,
      55.67749
     ],
     [
      12.5515,
      55.6778
     ],
     [
      12.55162,
      55.67785
     ]
    ]
   }
  },
  {
   "type": "Feature",
   "properties": {
    "klima_id": "Frederiksberg",
    "typologi": "Grønne veje"
   },
   "geometry": {
    "type": "LineString",
    "coordinates": [
     [
      12.55256,
      55.67889
     ],
     [
      12.55266,
      55.67904
     ],
     [
      12.55296,
      55.67947
     ]
    ]
   }
  },
  {
   "type": "Feature",
   "properties": {
    "klima_id": "Frederiksberg",
    "typologi": "Grønne veje"
   },
   "geometry": {
    "type": "LineString",
    "coordinates": [
     [
      12.54125,
      55.68419
     ],
     [
      12.54199,
      55.68403
     ],
     [
      12.5411,
      55.68329
     ],
     [
      12.54202,
      55.68302
     ],
     [
      12.54245,
      55.68344
     ],
     [
      12.54302,
      55.68328
     ]
    ]
   }
  },
  {
   "type": "Feature",
   "properties": {
    "klima_id": "Frederiksberg",
    "typologi": "Grønne veje"
   },
   "geometry": {
    "type": "LineString",
    "coordinates": [
     [
      12.54073,
      55.68228
     ],
     [
      12.54145,
      55.68255
     ],
     [
      12.54181,
      55.68288
     ]
    ]
   }
  },
  {
   "type": "Feature",
   "properties": {
    "klima_id": "Frederiksberg",
    "typologi": "Grønne veje"
   },
   "geometry": {
    "type": "LineString",
    "coordinates": [
     [
      12.54323,
      55.67944
     ],
     [
      12.54556,
      55.67896
     ]
    ]
   }
  },
  {
   "type": "Feature",
   "properties": {
    "klima_id": "Frederiksberg",
    "typologi": "Grønne veje"
   },
   "geometry": {
    "type": "LineString",
    "coordinates": [
     [
      12.54894,
      55.67869
     ],
     [
      12.54943,
      55.6795
     ]
    ]
   }
  },
  {
   "type": "Feature",
   "properties": {
    "klima_id": "Frederiksberg",
    "typologi": "Grønne veje"
   },
   "geometry": {
    "type": "LineString",
    "coordinates": [
     [
      12.52626,
      55.68814
     ],
     [
      12.52705,
      55.68797
     ]
    ]
   }
  },
  {
   "type": "Feature",
   "properties": {
    "klima_id": "IB1",
    "projekt_navn": "H.C. Andersens Boulevard",
    "typologi": "Skybrudsveje",
    "vandopland": "Indre By"
   },
   "geometry": {
    "type": "LineString",
    "coordinates": [
     [
      12.57649,
      55.67259
     ],
     [
      12.57584,
      55.67217
     ]
    ]
   }
  },
  {
   "type": "Feature",
   "properties": {
    "klima_id": "IB17",
    "projekt_navn": "Store Kongensgade",
    "typologi": "Skybrudsledning",
    "vandopland": "Indre By"
   },
   "geometry": {
    "type": "LineString",
    "coordinates": [
     [
      12.58818,
      55.68482
     ],
     [
      12.58901,
      55.6858
     ]
    ]
   }
  },
  {
   "type": "Feature",
   "properties": {
    "klima_id": "KV70",
    "projekt_navn": "Sjælør Boulevard",
    "typologi": "Skybrudsledning",
    "vandopland": "København Vest"
   },
   "geometry": {
    "type": "LineString",
    "coordinates": [
     [
      12.5274,
      55.65227
     ],
     [
      12.52808,
      55.6497
     ]
    ]
   }
  },
  {
   "type": "Feature",
   "properties": {
    "klima_id": "Frederiksberg",
    "typologi": "Grønne veje"
   },
   "geometry": {
    "type": "LineString",
    "coordinates": [
     [
      12.54802,
      55.6751
     ],
     [
      12.54985,
      55.67814
     ]
    ]
   }
  },
  {
   "type": "Feature",
   "properties": {
    "klima_id": "AM18",
    "projekt_navn": "Sundbyvestervej. Gyldenlakvej – Røde Mellemvej",
    "typologi": "Skybrudsledning",
    "vandopland": "Amager"
   },
   "geometry": {
    "type": "LineString",
    "coordinates": [
     [
      12.60653,
      55.64593
     ],
     [
      12.60548,
      55.64588
     ],
     [
      12.60434,
      55.64594
     ]
    ]
   }
  },
  {
   "type": "Feature",
   "properties": {
    "klima_id": "BIR5.7",
    "projekt_navn": "Dortheavej",
    "typologi": "Forsinkelsesveje",
    "vandopland": "Bispebjerg"
   },
   "geometry": {
    "type": "LineString",
    "coordinates": [
     [
      12.53873,
      55.70734
     ],
     [
      12.5362,
      55.70735
     ]
    ]
   }
  },
  {
   "type": "Feature",
   "properties": {
    "klima_id": "IB3",
    "projekt_navn": "Gothersgade",
    "typologi": "Skybrudsledning",
    "vandopland": "Indre By"
   },
   "geometry": {
    "type": "LineString",
    "coordinates": [
     [
      12.57841,
      55.68262
     ],
     [
      12.57907,
      55.68314
     ]
    ]
   }
  },
  {
   "type": "Feature",
   "properties": {
    "klima_id": "OS33",
    "projekt_navn": "Omøgade",
    "typologi": "Skybrudsveje",
    "vandopland": "Østerbro"
   },
   "geometry": {
    "type": "LineString",
    "coordinates": [
     [
      12.56437,
      55.71192
     ],
     [
      12.56584,
      55.71225
     ],
     [
      12.56598,
      55.71222
     ]
    ]
   }
  },
  {
   "type": "Feature",
   "properties": {
    "klima_id": "IB3",
    "projekt_navn": "Gothersgade",
    "typologi": "Skybrudsledning",
    "vandopland": "Indre By"
   },
   "geometry": {
    "type": "LineString",
    "coordinates": [
     [
      12.58364,
      55.68395
     ],
     [
      12.58226,
      55.68227
     ]
    ]
   }
  },
  {
   "type": "Feature",
   "properties": {
    "klima_id": "Frederiksberg",
    "typologi": "Grønne veje"
   },
   "geometry": {
    "type": "LineString",
    "coordinates": [
     [
      12.54766,
      55.67882
     ],
     [
      12.55042,
      55.6782
     ]
    ]
   }
  },
  {
   "type": "Feature",
   "properties": {
    "klima_id": "IB3",
    "projekt_navn": "Gothersgade",
    "typologi": "Skybrudsledning",
    "vandopland": "Indre By"
   },
   "geometry": {
    "type": "LineString",
    "coordinates": [
     [
      12.57921,
      55.68228
     ],
     [
      12.58002,
      55.68288
     ]
    ]
   }
  },
  {
   "type": "Feature",
   "properties": {
    "klima_id": "Frederiksberg",
    "typologi": "Grønne veje"
   },
   "geometry": {
    "type": "LineString",
    "coordinates": [
     [
      12.52477,
      55.68095
     ],
     [
      12.52715,
      55.68116
     ],
     [
      12.52933,
      55.68115
     ],
     [
      12.53179,
      55.68119
     ],
     [
      12.53413,
      55.68115
     ],
     [
      12.53464,
      55.68182
     ]
    ]
   }
  },
  {
   "type": "Feature",
   "properties": {
    "klima_id": "Frederiksberg",
    "typologi": "Grønne veje"
   },
   "geometry": {
    "type": "LineString",
    "coordinates": [
     [
      12.55096,
      55.67438
     ],
     [
      12.55209,
      55.67601
     ]
    ]
   }
  },
  {
   "type": "Feature",
   "properties": {
    "klima_id": "Frederiksberg",
    "typologi": "Grønne veje"
   },
   "geometry": {
    "type": "LineString",
    "coordinates": [
     [
      12.55303,
      55.67387
     ],
     [
      12.55364,
      55.67473
     ],
     [
      12.55358,
      55.67484
     ],
     [
      12.55395,
      55.67534
     ],
     [
      12.5542,
      55.67539
     ]
    ]
   }
  },
  {
   "type": "Feature",
   "properties": {
    "klima_id": "Frederiksberg",
    "typologi": "Grønne veje"
   },
   "geometry": {
    "type": "LineString",
    "coordinates": [
     [
      12.54492,
      55.67549
     ],
     [
      12.54445,
      55.67464
     ],
     [
      12.54404,
      55.67386
     ]
    ]
   }
  },
  {
   "type": "Feature",
   "properties": {
    "klima_id": "Frederiksberg",
    "typologi": "Grønne veje"
   },
   "geometry": {
    "type": "LineString",
    "coordinates": [
     [
      12.54388,
      55.67576
     ],
     [
      12.54291,
      55.67397
     ]
    ]
   }
  },
  {
   "type": "Feature",
   "properties": {
    "klima_id": "Frederiksberg",
    "typologi": "Grønne veje"
   },
   "geometry": {
    "type": "LineString",
    "coordinates": [
     [
      12.5472,
      55.67432
     ],
     [
      12.54709,
      55.67363
     ]
    ]
   }
  },
  {
   "type": "Feature",
   "properties": {
    "klima_id": "Frederiksberg",
    "typologi": "Grønne veje"
   },
   "geometry": {
    "type": "LineString",
    "coordinates": [
     [
      12.51055,
      55.67856
     ],
     [
      12.50947,
      55.67591
     ],
     [
      12.50815,
      55.67586
     ]
    ]
   }
  },
  {
   "type": "Feature",
   "properties": {
    "klima_id": "Frederiksberg",
    "typologi": "Grønne veje"
   },
   "geometry": {
    "type": "LineString",
    "coordinates": [
     [
      12.54596,
      55.67513
     ],
     [
      12.54553,
      55.67437
     ],
     [
      12.54526,
      55.6737
     ]
    ]
   }
  },
  {
   "type": "Feature",
   "properties": {
    "klima_id": "NO19",
    "projekt_navn": "Kartoffelrækkerne",
    "typologi": "Skybrudsledning",
    "vandopland": "Nørrebro"
   },
   "geometry": {
    "type": "LineString",
    "coordinates": [
     [
      12.57286,
      55.69005
     ],
     [
      12.57149,
      55.69071
     ]
    ]
   }
  },
  {
   "type": "Feature",
   "properties": {
    "klima_id": "IB3",
    "projekt_navn": "Gothersgade",
    "typologi": "Skybrudsledning",
    "vandopland": "Indre By"
   },
   "geometry": {
    "type": "LineString",
    "coordinates": [
     [
      12.57988,
      55.68206
     ],
     [
      12.58056,
      55.68258
     ],
     [
      12.58075,
      55.68268
     ]
    ]
   }
  },
  {
   "type": "Feature",
   "properties": {
    "klima_id": "KV65",
    "projekt_navn": "Grønne veje i øvrigt Gåsebækrenden",
    "typologi": "Grønne veje",
    "vandopland": "København Vest"
   },
   "geometry": {
    "type": "LineString",
    "coordinates": [
     [
      12.50135,
      55.66301
     ],
     [
      12.50232,
      55.66301
     ]
    ]
   }
  },
  {
   "type": "Feature",
   "properties": {
    "klima_id": "KV65",
    "projekt_navn": "Grønne veje i øvrigt Gåsebækrenden",
    "typologi": "Grønne veje",
    "vandopland": "København Vest"
   },
   "geometry": {
    "type": "LineString",
    "coordinates": [
     [
      12.50725,
      55.66332
     ],
     [
      12.50722,
      55.66312
     ],
     [
      12.50708,
      55.66297
     ],
     [
      12.50699,
      55.66289
     ],
     [
      12.50596,
      55.66217
     ],
     [
      12.50514,
      55.66161
     ],
     [
      12.50475,
      55.6613
     ]
    ]
   }
  },
  {
   "type": "Feature",
   "properties": {
    "klima_id": "KV65",
    "projekt_navn": "Grønne veje i øvrigt Gåsebækrenden",
    "typologi": "Grønne veje",
    "vandopland": "København Vest"
   },
   "geometry": {
    "type": "LineString",
    "coordinates": [
     [
      12.4969,
      55.66456
     ],
     [
      12.50198,
      55.66452
     ],
     [
      12.50679,
      55.66447
     ]
    ]
   }
  },
  {
   "type": "Feature",
   "properties": {
    "klima_id": "KV65",
    "projekt_navn": "Grønne veje i øvrigt Gåsebækrenden",
    "typologi": "Grønne veje",
    "vandopland": "København Vest"
   },
   "geometry": {
    "type": "LineString",
    "coordinates": [
     [
      12.48642,
      55.66278
     ],
     [
      12.4927,
      55.66004
     ]
    ]
   }
  },
  {
   "type": "Feature",
   "properties": {
    "klima_id": "KV65",
    "projekt_navn": "Grønne veje i øvrigt Gåsebækrenden",
    "typologi": "Grønne veje",
    "vandopland": "København Vest"
   },
   "geometry": {
    "type": "LineString",
    "coordinates": [
     [
      12.48655,
      55.66299
     ],
     [
      12.48708,
      55.66295
     ],
     [
      12.48761,
      55.66288
     ],
     [
      12.48805,
      55.6628
     ],
     [
      12.48854,
      55.66268
     ],
     [
      12.48919,
      55.66246
     ],
     [
      12.49006,
      55.66208
     ],
     [
      12.49127,
      55.66154
     ],
     [
      12.49242,
      55.66103
     ],
     [
      12.49369,
      55.66047
     ],
     [
      12.49474,
      55.66044
     ],
     [
      12.4962,
      55.65987
     ]
    ]
   }
  },
  {
   "type": "Feature",
   "properties": {
    "klima_id": "Frederiksberg",
    "typologi": "Grønne veje"
   },
   "geometry": {
    "type": "LineString",
    "coordinates": [
     [
      12.53923,
      55.68246
     ],
     [
      12.53877,
      55.68241
     ],
     [
      12.53652,
      55.68309
     ]
    ]
   }
  },
  {
   "type": "Feature",
   "properties": {
    "klima_id": "OS28",
    "projekt_navn": "Østerbro skybrudstunnel ",
    "typologi": "Skybrudsledning",
    "vandopland": "Østerbro"
   },
   "geometry": {
    "type": "LineString",
    "coordinates": [
     [
      12.58177,
      55.71214
     ],
     [
      12.58178,
      55.71222
     ],
     [
      12.58181,
      55.71238
     ]
    ]
   }
  },
  {
   "type": "Feature",
   "properties": {
    "klima_id": "BIR22.1D",
    "typologi": "Grønne veje"
   },
   "geometry": {
    "type": "LineString",
    "coordinates": [
     [
      12.53177,
      55.71219
     ],
     [
      12.52584,
      55.71165
     ]
    ]
   }
  },
  {
   "type": "Feature",
   "properties": {
    "klima_id": "BIR7.8",
    "projekt_navn": "Tuborgvej",
    "typologi": "Skybrudsledning",
    "vandopland": "Bispebjerg"
   },
   "geometry": {
    "type": "LineString",
    "coordinates": [
     [
      12.53829,
      55.71666
     ],
     [
      12.53847,
      55.71658
     ],
     [
      12.54179,
      55.71395
     ],
     [
      12.54299,
      55.713
     ],
     [
      12.54368,
      55.71245
     ],
     [
      12.54356,
      55.71215
     ]
    ]
   }
  },
  {
   "type": "Feature",
   "properties": {
    "klima_id": "BIR7.3&10.1",
    "projekt_navn": "Lundehus Kirke",
    "typologi": "Skybrudsveje",
    "vandopland": "Bispebjerg"
   },
   "geometry": {
    "type": "LineString",
    "coordinates": [
     [
      12.54748,
      55.71243
     ],
     [
      12.54933,
      55.71342
     ]
    ]
   }
  },
  {
   "type": "Feature",
   "properties": {
    "klima_id": "BIR10.3",
    "projekt_navn": "Lundehus Skole",
    "typologi": "Skybrudsveje",
    "vandopland": "Bispebjerg"
   },
   "geometry": {
    "type": "LineString",
    "coordinates": [
     [
      12.54807,
      55.7185
     ],
     [
      12.5476,
      55.71776
     ],
     [
      12.54777,
      55.71757
     ]
    ]
   }
  },
  {
   "type": "Feature",
   "properties": {
    "klima_id": "BIR7.8",
    "projekt_navn": "Tuborgvej",
    "typologi": "Skybrudsveje",
    "vandopland": "Bispebjerg"
   },
   "geometry": {
    "type": "LineString",
    "coordinates": [
     [
      12.54096,
      55.71939
     ],
     [
      12.54053,
      55.71913
     ],
     [
      12.53841,
      55.71668
     ]
    ]
   }
  },
  {
   "type": "Feature",
   "properties": {
    "klima_id": "Frederiksberg",
    "typologi": "Grønne veje"
   },
   "geometry": {
    "type": "LineString",
    "coordinates": [
     [
      12.54268,
      55.67839
     ],
     [
      12.54527,
      55.6778
     ],
     [
      12.54627,
      55.67758
     ]
    ]
   }
  },
  {
   "type": "Feature",
   "properties": {
    "klima_id": "AM28",
    "projekt_navn": "Kornblomstvej",
    "typologi": "Forsinkelsesveje",
    "vandopland": "Amager"
   },
   "geometry": {
    "type": "LineString",
    "coordinates": [
     [
      12.59825,
      55.66178
     ],
     [
      12.59824,
      55.66178
     ],
     [
      12.59945,
      55.66095
     ]
    ]
   }
  },
  {
   "type": "Feature",
   "properties": {
    "klima_id": "AM28",
    "projekt_navn": "Kornblomstvej",
    "typologi": "Forsinkelsesveje",
    "vandopland": "Amager"
   },
   "geometry": {
    "type": "LineString",
    "coordinates": [
     [
      12.59921,
      55.66204
     ],
     [
      12.6001,
      55.66129
     ]
    ]
   }
  },
  {
   "type": "Feature",
   "properties": {
    "klima_id": "Frederiksberg",
    "typologi": "Grønne veje"
   },
   "geometry": {
    "type": "LineString",
    "coordinates": [
     [
      12.54273,
      55.67631
     ],
     [
      12.54385,
      55.67791
     ]
    ]
   }
  },
  {
   "type": "Feature",
   "properties": {
    "klima_id": "Frederiksberg",
    "typologi": "Grønne veje"
   },
   "geometry": {
    "type": "LineString",
    "coordinates": [
     [
      12.53809,
      55.68155
     ],
     [
      12.54027,
      55.682
     ]
    ]
   }
  },
  {
   "type": "Feature",
   "properties": {
    "klima_id": "IB4",
    "projekt_navn": "Sankt Annæ Plads",
    "typologi": "Skybrudsveje",
    "vandopland": "Indre By"
   },
   "geometry": {
    "type": "LineString",
    "coordinates": [
     [
      12.58884,
      55.68245
     ],
     [
      12.59368,
      55.68116
     ]
    ]
   }
  },
  {
   "type": "Feature",
   "properties": {
    "klima_id": "BIR5.4",
    "projekt_navn": "Tomsgårdsvej",
    "typologi": "Skybrudsledning",
    "vandopland": "Bispebjerg"
   },
   "geometry": {
    "type": "LineString",
    "coordinates": [
     [
      12.52809,
      55.71031
     ],
     [
      12.52815,
      55.71026
     ],
     [
      12.52828,
      55.71021
     ],
     [
      12.52839,
      55.71017
     ],
     [
      12.52857,
      55.71015
     ],
     [
      12.52908,
      55.71016
     ]
    ]
   }
  },
  {
   "type": "Feature",
   "properties": {
    "klima_id": "KV30",
    "projekt_navn": "Lykkebovej",
    "typologi": "Grønne veje",
    "vandopland": "København Vest"
   },
   "geometry": {
    "type": "LineString",
    "coordinates": [
     [
      12.48158,
      55.66031
     ],
     [
      12.48164,
      55.66004
     ],
     [
      12.4818,
      55.6595
     ],
     [
      12.48199,
      55.65893
     ],
     [
      12.48202,
      55.65884
     ]
    ]
   }
  },
  {
   "type": "Feature",
   "properties": {
    "klima_id": "KV30",
    "projekt_navn": "Lykkebovej",
    "typologi": "Grønne veje",
    "vandopland": "København Vest"
   },
   "geometry": {
    "type": "LineString",
    "coordinates": [
     [
      12.47946,
      55.66021
     ],
     [
      12.47953,
      55.65974
     ],
     [
      12.47963,
      55.65931
     ],
     [
      12.4798,
      55.65845
     ]
    ]
   }
  },
  {
   "type": "Feature",
   "properties": {
    "klima_id": "Frederiksberg",
    "typologi": "Forsinkelsesveje"
   },
   "geometry": {
    "type": "LineString",
    "coordinates": [
     [
      12.51452,
      55.68649
     ],
     [
      12.51844,
      55.68717
     ],
     [
      12.52101,
      55.68761
     ],
     [
      12.52438,
      55.68857
     ]
    ]
   }
  },
  {
   "type": "Feature",
   "properties": {
    "klima_id": "Frederiksberg",
    "typologi": "Grønne veje"
   },
   "geometry": {
    "type": "LineString",
    "coordinates": [
     [
      12.51951,
      55.67636
     ],
     [
      12.51535,
      55.67617
     ],
     [
      12.51256,
      55.67606
     ]
    ]
   }
  },
  {
   "type": "Feature",
   "properties": {
    "klima_id": "Frederiksberg",
    "typologi": "Grønne veje"
   },
   "geometry": {
    "type": "LineString",
    "coordinates": [
     [
      12.5139,
      55.68031
     ],
     [
      12.51336,
      55.6795
     ],
     [
      12.5132,
      55.67911
     ]
    ]
   }
  },
  {
   "type": "Feature",
   "properties": {
    "klima_id": "Frederiksberg",
    "typologi": "Grønne veje"
   },
   "geometry": {
    "type": "LineString",
    "coordinates": [
     [
      12.50483,
      55.68062
     ],
     [
      12.50389,
      55.6789
     ]
    ]
   }
  },
  {
   "type": "Feature",
   "properties": {
    "klima_id": "Frederiksberg",
    "typologi": "Grønne veje"
   },
   "geometry": {
    "type": "LineString",
    "coordinates": [
     [
      12.50781,
      55.68116
     ],
     [
      12.50694,
      55.67961
     ],
     [
      12.50696,
      55.67896
     ]
    ]
   }
  },
  {
   "type": "Feature",
   "properties": {
    "klima_id": "Frederiksberg",
    "typologi": "Grønne veje"
   },
   "geometry": {
    "type": "LineString",
    "coordinates": [
     [
      12.49525,
      55.68076
     ],
     [
      12.49563,
      55.68052
     ],
     [
      12.49598,
      55.68014
     ],
     [
      12.49618,
      55.67966
     ],
     [
      12.49627,
      55.67934
     ]
    ]
   }
  },
  {
   "type": "Feature",
   "properties": {
    "klima_id": "Frederiksberg",
    "typologi": "Grønne veje"
   },
   "geometry": {
    "type": "LineString",
    "coordinates": [
     [
      12.49499,
      55.68062
     ],
     [
      12.49466,
      55.6802
     ],
     [
      12.49454,
      55.67975
     ],
     [
      12.49453,
      55.67928
     ]
    ]
   }
  },
  {
   "type": "Feature",
   "properties": {
    "klima_id": "Frederiksberg",
    "typologi": "Grønne veje"
   },
   "geometry": {
    "type": "LineString",
    "coordinates": [
     [
      12.50354,
      55.68425
     ],
     [
      12.50538,
      55.68295
     ],
     [
      12.50541,
      55.68242
     ]
    ]
   }
  },
  {
   "type": "Feature",
   "properties": {
    "klima_id": "Frederiksberg",
    "typologi": "Grønne veje"
   },
   "geometry": {
    "type": "LineString",
    "coordinates": [
     [
      12.5091,
      55.68485
     ],
     [
      12.5123,
      55.68432
     ]
    ]
   }
  },
  {
   "type": "Feature",
   "properties": {
    "klima_id": "Frederiksberg",
    "typologi": "Grønne veje"
   },
   "geometry": {
    "type": "LineString",
    "coordinates": [
     [
      12.49793,
      55.68349
     ],
     [
      12.49829,
      55.68305
     ],
     [
      12.49832,
      55.68273
     ]
    ]
   }
  },
  {
   "type": "Feature",
   "properties": {
    "klima_id": "AM41",
    "projekt_navn": "Kirkegårdsvej, Kastrupvej og Sundby Kirkegård",
    "typologi": "Skybrudsveje",
    "vandopland": "Amager"
   },
   "geometry": {
    "type": "LineString",
    "coordinates": [
     [
      12.61223,
      55.65614
     ],
     [
      12.61292,
      55.65628
     ]
    ]
   }
  },
  {
   "type": "Feature",
   "properties": {
    "klima_id": "AM41",
    "projekt_navn": "Kirkegårdsvej, Kastrupvej og Sundby Kirkegård",
    "typologi": "Skybrudsveje",
    "vandopland": "Amager"
   },
   "geometry": {
    "type": "LineString",
    "coordinates": [
     [
      12.61133,
      55.65729
     ],
     [
      12.61197,
      55.65742
     ],
     [
      12.61219,
      55.65743
     ]
    ]
   }
  },
  {
   "type": "Feature",
   "properties": {
    "klima_id": "AM34",
    "projekt_navn": "Ålandsgade",
    "typologi": "Skybrudsledning",
    "vandopland": "Amager"
   },
   "geometry": {
    "type": "LineString",
    "coordinates": [
     [
      12.60537,
      55.66359
     ],
     [
      12.60512,
      55.6638
     ],
     [
      12.60432,
      55.66458
     ],
     [
      12.60419,
      55.66464
     ],
     [
      12.60406,
      55.66471
     ]
    ]
   }
  },
  {
   "type": "Feature",
   "properties": {
    "klima_id": "VEL35",
    "projekt_navn": "Nordbanegade m.fl. til Nørrebroparken nord",
    "typologi": "Skybrudsveje",
    "vandopland": "Vesterbro-ladegaardså"
   },
   "geometry": {
    "type": "LineString",
    "coordinates": [
     [
      12.54404,
      55.69735
     ],
     [
      12.54312,
      55.69692
     ],
     [
      12.5431,
      55.69621
     ]
    ]
   }
  },
  {
   "type": "Feature",
   "properties": {
    "klima_id": "BIR7.3&10.1",
    "projekt_navn": "Lundehus Kirke",
    "typologi": "Skybrudsveje",
    "vandopland": "Bispebjerg"
   },
   "geometry": {
    "type": "LineString",
    "coordinates": [
     [
      12.54989,
      55.71367
     ],
     [
      12.55137,
      55.71435
     ],
     [
      12.55261,
      55.71489
     ],
     [
      12.5532,
      55.71545
     ],
     [
      12.55382,
      55.7161
     ],
     [
      12.55436,
      55.71652
     ],
     [
      12.5549,
      55.71691
     ],
     [
      12.55516,
      55.71694
     ]
    ]
   }
  },
  {
   "type": "Feature",
   "properties": {
    "klima_id": "KV1",
    "projekt_navn": "Korsager allé",
    "typologi": "mix",
    "vandopland": "København Vest"
   },
   "geometry": {
    "type": "LineString",
    "coordinates": [
     [
      12.47721,
      55.71056
     ],
     [
      12.47609,
      55.71088
     ]
    ]
   }
  },
  {
   "type": "Feature",
   "properties": {
    "klima_id": "BIR7.2",
    "projekt_navn": "Lygten Kanal",
    "typologi": "Skybrudsledning",
    "vandopland": "Bispebjerg"
   },
   "geometry": {
    "type": "LineString",
    "coordinates": [
     [
      12.53781,
      55.7104
     ],
     [
      12.53774,
      55.71037
     ],
     [
      12.53807,
      55.71002
     ],
     [
      12.53907,
      55.70888
     ],
     [
      12.54009,
      55.70786
     ],
     [
      12.54056,
      55.70801
     ],
     [
      12.54085,
      55.70797
     ],
     [
      12.54107,
      55.708
     ],
     [
      12.54172,
      55.7082
     ],
     [
      12.54234,
      55.70818
     ]
    ]
   }
  },
  {
   "type": "Feature",
   "properties": {
    "klima_id": "BIR31",
    "projekt_navn": "Landsdommervej",
    "typologi": "Skybrudsledning",
    "vandopland": "Bispebjerg"
   },
   "geometry": {
    "type": "LineString",
    "coordinates": [
     [
      12.52148,
      55.70944
     ],
     [
      12.52175,
      55.70992
     ],
     [
      12.52178,
      55.70993
     ],
     [
      12.52181,
      55.70994
     ],
     [
      12.52187,
      55.70994
     ],
     [
      12.52206,
      55.70991
     ],
     [
      12.52432,
      55.70947
     ],
     [
      12.52628,
      55.70908
     ]
    ]
   }
  },
  {
   "type": "Feature",
   "properties": {
    "klima_id": "AM22",
    "projekt_navn": "Peder Lykkes Vej",
    "typologi": "Skybrudsveje",
    "vandopland": "Amager"
   },
   "geometry": {
    "type": "LineString",
    "coordinates": [
     [
      12.59211,
      55.65494
     ],
     [
      12.59267,
      55.65492
     ],
     [
      12.59338,
      55.65492
     ],
     [
      12.59392,
      55.65493
     ]
    ]
   }
  },
  {
   "type": "Feature",
   "properties": {
    "klima_id": "IB19",
    "projekt_navn": "Strøget og Købmagergade",
    "typologi": "Skybrudsledning",
    "vandopland": "Indre By"
   },
   "geometry": {
    "type": "LineString",
    "coordinates": [
     [
      12.57994,
      55.68089
     ],
     [
      12.57858,
      55.68051
     ]
    ]
   }
  },
  {
   "type": "Feature",
   "properties": {
    "klima_id": "IB19",
    "projekt_navn": "Strøget og Købmagergade",
    "typologi": "Skybrudsledning",
    "vandopland": "Indre By"
   },
   "geometry": {
    "type": "LineString",
    "coordinates": [
     [
      12.57762,
      55.68074
     ],
     [
      12.57842,
      55.68044
     ],
     [
      12.57889,
      55.68013
     ],
     [
      12.57928,
      55.67963
     ],
     [
      12.57967,
      55.67903
     ],
     [
      12.5796,
      55.67895
     ],
     [
      12.57941,
      55.67886
     ],
     [
      12.5798,
      55.67771
     ],
     [
      12.57972,
      55.67764
     ]
    ]
   }
  },
  {
   "type": "Feature",
   "properties": {
    "klima_id": "NO7",
    "projekt_navn": "Øster Allé",
    "typologi": "Forsinkelsesveje",
    "vandopland": "Nørrebro"
   },
   "geometry": {
    "type": "LineString",
    "coordinates": [
     [
      12.56482,
      55.70557
     ],
     [
      12.56515,
      55.7054
     ],
     [
      12.56706,
      55.70438
     ],
     [
      12.56779,
      55.70399
     ],
     [
      12.57076,
      55.70241
     ],
     [
      12.57091,
      55.70233
     ],
     [
      12.57106,
      55.70225
     ],
     [
      12.57247,
      55.7015
     ],
     [
      12.57389,
      55.70074
     ],
     [
      12.57563,
      55.6998
     ],
     [
      12.57614,
      55.69954
     ]
    ]
   }
  },
  {
   "type": "Feature",
   "properties": {
    "klima_id": "Frederiksberg",
    "typologi": "Grønne veje"
   },
   "geometry": {
    "type": "LineString",
    "coordinates": [
     [
      12.5248,
      55.67122
     ],
     [
      12.51895,
      55.67183
     ]
    ]
   }
  },
  {
   "type": "Feature",
   "properties": {
    "klima_id": "IB6",
    "projekt_navn": "Bredgade og Fredericiagade",
    "typologi": "Skybrudsledning",
    "vandopland": "Indre By"
   },
   "geometry": {
    "type": "LineString",
    "coordinates": [
     [
      12.59374,
      55.68495
     ],
     [
      12.59129,
      55.68559
     ]
    ]
   }
  },
  {
   "type": "Feature",
   "properties": {
    "klima_id": "Frederiksberg",
    "typologi": "Grønne veje"
   },
   "geometry": {
    "type": "LineString",
    "coordinates": [
     [
      12.54156,
      55.67652
     ],
     [
      12.54202,
      55.67761
     ]
    ]
   }
  },
  {
   "type": "Feature",
   "properties": {
    "klima_id": "AM27",
    "projekt_navn": "Brydes Allé",
    "typologi": "Forsinkelsesveje",
    "vandopland": "Amager"
   },
   "geometry": {
    "type": "LineString",
    "coordinates": [
     [
      12.60002,
      55.657
     ],
     [
      12.59913,
      55.65735
     ],
     [
      12.60121,
      55.65883
     ]
    ]
   }
  },
  {
   "type": "Feature",
   "properties": {
    "klima_id": "AM26",
    "projekt_navn": "Tingvej og Skotlands Plads",
    "typologi": "Forsinkelsesveje",
    "vandopland": "Amager"
   },
   "geometry": {
    "type": "LineString",
    "coordinates": [
     [
      12.60494,
      55.65891
     ],
     [
      12.60417,
      55.65926
     ]
    ]
   }
  },
  {
   "type": "Feature",
   "properties": {
    "klima_id": "NO21",
    "projekt_navn": "De Indre Søer",
    "typologi": "Skybrudsledning",
    "vandopland": "Nørrebro"
   },
   "geometry": {
    "type": "LineString",
    "coordinates": [
     [
      12.58354,
      55.69084
     ],
     [
      12.5837,
      55.6909
     ]
    ]
   }
  },
  {
   "type": "Feature",
   "properties": {
    "klima_id": "BIR12.1&12.3",
    "projekt_navn": "Tingbjerg ",
    "typologi": "Skybrudsveje",
    "vandopland": "Bispebjerg"
   },
   "geometry": {
    "type": "LineString",
    "coordinates": [
     [
      12.48884,
      55.72169
     ],
     [
      12.48989,
      55.72144
     ],
     [
      12.48994,
      55.72029
     ],
     [
      12.48994,
      55.71988
     ],
     [
      12.48993,
      55.71959
     ],
     [
      12.48991,
      55.71937
     ],
     [
      12.48982,
      55.71885
     ],
     [
      12.48969,
      55.71847
     ],
     [
      12.48951,
      55.718
     ],
     [
      12.48916,
      55.71743
     ]
    ]
   }
  },
  {
   "type": "Feature",
   "properties": {
    "klima_id": "BIR12.1&12.3",
    "projekt_navn": "Tingbjerg ",
    "typologi": "Skybrudsveje",
    "vandopland": "Bispebjerg"
   },
   "geometry": {
    "type": "LineString",
    "coordinates": [
     [
      12.4899,
      55.72102
     ],
     [
      12.49079,
      55.72084
     ]
    ]
   }
  },
  {
   "type": "Feature",
   "properties": {
    "klima_id": "NO19",
    "projekt_navn": "Kartoffelrækkerne",
    "typologi": "Grønne veje",
    "vandopland": "Nørrebro"
   },
   "geometry": {
    "type": "LineString",
    "coordinates": [
     [
      12.5686,
      55.68782
     ],
     [
      12.56802,
      55.68808
     ]
    ]
   }
  },
  {
   "type": "Feature",
   "properties": {
    "klima_id": "NO19",
    "projekt_navn": "Kartoffelrækkerne",
    "typologi": "Grønne veje",
    "vandopland": "Nørrebro"
   },
   "geometry": {
    "type": "LineString",
    "coordinates": [
     [
      12.57045,
      55.68861
     ],
     [
      12.56988,
      55.68822
     ],
     [
      12.56883,
      55.68864
     ]
    ]
   }
  },
  {
   "type": "Feature",
   "properties": {
    "klima_id": "NO19",
    "projekt_navn": "Kartoffelrækkerne",
    "typologi": "Skybrudsledning",
    "vandopland": "Nørrebro"
   },
   "geometry": {
    "type": "LineString",
    "coordinates": [
     [
      12.57422,
      55.69105
     ],
     [
      12.57246,
      55.6918
     ]
    ]
   }
  },
  {
   "type": "Feature",
   "properties": {
    "klima_id": "NO24",
    "projekt_navn": "Helgesensgade",
    "typologi": "Skybrudsledning",
    "vandopland": "Nørrebro"
   },
   "geometry": {
    "type": "LineString",
    "coordinates": [
     [
      12.57207,
      55.6951
     ],
     [
      12.57308,
      55.69456
     ]
    ]
   }
  },
  {
   "type": "Feature",
   "properties": {
    "klima_id": "NO19",
    "projekt_navn": "Kartoffelrækkerne",
    "typologi": "Skybrudsledning",
    "vandopland": "Nørrebro"
   },
   "geometry": {
    "type": "LineString",
    "coordinates": [
     [
      12.57225,
      55.6898
     ],
     [
      12.57095,
      55.69038
     ]
    ]
   }
  },
  {
   "type": "Feature",
   "properties": {
    "klima_id": "KV65",
    "projekt_navn": "Grønne veje i øvrigt Gåsebækrenden",
    "typologi": "Grønne veje",
    "vandopland": "København Vest"
   },
   "geometry": {
    "type": "LineString",
    "coordinates": [
     [
      12.49664,
      55.6666
     ],
     [
      12.4957,
      55.66851
     ]
    ]
   }
  },
  {
   "type": "Feature",
   "properties": {
    "klima_id": "Frederiksberg",
    "typologi": "Grønne veje"
   },
   "geometry": {
    "type": "LineString",
    "coordinates": [
     [
      12.54752,
      55.67885
     ],
     [
      12.54828,
      55.67994
     ],
     [
      12.54855,
      55.68
     ]
    ]
   }
  },
  {
   "type": "Feature",
   "properties": {
    "klima_id": "Frederiksberg",
    "typologi": "Grønne veje"
   },
   "geometry": {
    "type": "LineString",
    "coordinates": [
     [
      12.53296,
      55.68943
     ],
     [
      12.5324,
      55.68868
     ],
     [
      12.53308,
      55.68854
     ]
    ]
   }
  },
  {
   "type": "Feature",
   "properties": {
    "klima_id": "Frederiksberg",
    "typologi": "Grønne veje"
   },
   "geometry": {
    "type": "LineString",
    "coordinates": [
     [
      12.53297,
      55.68771
     ],
     [
      12.53527,
      55.6872
     ],
     [
      12.5392,
      55.68632
     ],
     [
      12.5396,
      55.68618
     ]
    ]
   }
  },
  {
   "type": "Feature",
   "properties": {
    "klima_id": "Frederiksberg",
    "typologi": "Grønne veje"
   },
   "geometry": {
    "type": "LineString",
    "coordinates": [
     [
      12.53418,
      55.6892
     ],
     [
      12.53872,
      55.68792
     ],
     [
      12.5393,
      55.68835
     ],
     [
      12.53976,
      55.68867
     ]
    ]
   }
  },
  {
   "type": "Feature",
   "properties": {
    "klima_id": "Frederiksberg",
    "typologi": "Grønne veje"
   },
   "geometry": {
    "type": "LineString",
    "coordinates": [
     [
      12.54074,
      55.68755
     ],
     [
      12.53992,
      55.6881
     ],
     [
      12.53957,
      55.68824
     ]
    ]
   }
  },
  {
   "type": "Feature",
   "properties": {
    "klima_id": "Frederiksberg",
    "typologi": "Grønne veje"
   },
   "geometry": {
    "type": "LineString",
    "coordinates": [
     [
      12.53466,
      55.67141
     ],
     [
      12.53478,
      55.67187
     ]
    ]
   }
  },
  {
   "type": "Feature",
   "properties": {
    "klima_id": "VEL35",
    "projekt_navn": "Nordbanegade m.fl. til Nørrebroparken nord",
    "typologi": "Skybrudsledning",
    "vandopland": "Vesterbro-ladegaardså"
   },
   "geometry": {
    "type": "LineString",
    "coordinates": [
     [
      12.5431,
      55.69617
     ],
     [
      12.54256,
      55.69616
     ]
    ]
   }
  },
  {
   "type": "Feature",
   "properties": {
    "klima_id": "Frederiksberg",
    "typologi": "Grønne veje"
   },
   "geometry": {
    "type": "LineString",
    "coordinates": [
     [
      12.52514,
      55.68025
     ],
     [
      12.52768,
      55.68016
     ],
     [
      12.52847,
      55.67977
     ],
     [
      12.52823,
      55.67923
     ]
    ]
   }
  },
  {
   "type": "Feature",
   "properties": {
    "klima_id": "Frederiksberg",
    "typologi": "Grønne veje"
   },
   "geometry": {
    "type": "LineString",
    "coordinates": [
     [
      12.52309,
      55.68222
     ],
     [
      12.52455,
      55.68411
     ]
    ]
   }
  },
  {
   "type": "Feature",
   "properties": {
    "klima_id": "OS16",
    "projekt_navn": "Jagtvej",
    "typologi": "Skybrudsledning",
    "vandopland": "Østerbro"
   },
   "geometry": {
    "type": "LineString",
    "coordinates": [
     [
      12.57247,
      55.70837
     ],
     [
      12.57248,
      55.70836
     ],
     [
      12.57237,
      55.70818
     ]
    ]
   }
  },
  {
   "type": "Feature",
   "properties": {
    "klima_id": "NO21",
    "projekt_navn": "De Indre Søer",
    "typologi": "Skybrudsledning",
    "vandopland": "Nørrebro"
   },
   "geometry": {
    "type": "LineString",
    "coordinates": [
     [
      12.58583,
      55.69225
     ],
     [
      12.5859,
      55.69226
     ],
     [
      12.58619,
      55.69273
     ],
     [
      12.58645,
      55.69268
     ],
     [
      12.58646,
      55.69268
     ],
     [
      12.58648,
      55.69268
     ],
     [
      12.58649,
      55.69268
     ],
     [
      12.5865,
      55.69268
     ],
     [
      12.58652,
      55.69268
     ],
     [
      12.58653,
      55.69269
     ],
     [
      12.58654,
      55.69269
     ],
     [
      12.58659,
      55.69272
     ],
     [
      12.58693,
      55.69293
     ],
     [
      12.58694,
      55.69293
     ],
     [
      12.58695,
      55.69294
     ],
     [
      12.58695,
      55.69294
     ],
     [
      12.58696,
      55.69294
     ],
     [
      12.58697,
      55.69294
     ],
     [
      12.58698,
      55.69294
     ],
     [
      12.58699,
      55.69294
     ],
     [
      12.58713,
      55.6929
     ],
     [
      12.588,
      55.69265
     ],
     [
      12.5883,
      55.69266
     ],
     [
      12.58847,
      55.69244
     ],
     [
      12.58858,
      55.69228
     ],
     [
      12.58879,
      55.69217
     ],
     [
      12.58911,
      55.69237
     ],
     [
      12.58928,
      55.69244
     ],
     [
      12.5894,
      55.69248
     ],
     [
      12.58965,
      55.69264
     ],
     [
      12.5897,
      55.69267
     ],
     [
      12.58975,
      55.69269
     ],
     [
      12.5899,
      55.69269
     ],
     [
      12.58995,
      55.69268
     ],
     [
      12.59037,
      55.69258
     ],
     [
      12.59044,
      55.69261
     ]
    ]
   }
  },
  {
   "type": "Feature",
   "properties": {
    "klima_id": "NO21",
    "projekt_navn": "De Indre Søer",
    "typologi": "Skybrudsledning",
    "vandopland": "Nørrebro"
   },
   "geometry": {
    "type": "LineString",
    "coordinates": [
     [
      12.57159,
      55.69135
     ],
     [
      12.57143,
      55.69113
     ],
     [
      12.57143,
      55.69112
     ],
     [
      12.57149,
      55.69105
     ],
     [
      12.5715,
      55.69102
     ],
     [
      12.57151,
      55.69101
     ],
     [
      12.57154,
      55.69095
     ],
     [
      12.57154,
      55.69094
     ],
     [
      12.57168,
      55.69072
     ],
     [
      12.57403,
      55.68964
     ],
     [
      12.57468,
      55.68931
     ],
     [
      12.57473,
      55.68928
     ],
     [
      12.57589,
      55.68875
     ],
     [
      12.57676,
      55.68894
     ],
     [
      12.57771,
      55.68958
     ],
     [
      12.57775,
      55.68957
     ],
     [
      12.57788,
      55.68951
     ]
    ]
   }
  },
  {
   "type": "Feature",
   "properties": {
    "klima_id": "NO21",
    "projekt_navn": "De Indre Søer",
    "typologi": "Skybrudsledning",
    "vandopland": "Nørrebro"
   },
   "geometry": {
    "type": "LineString",
    "coordinates": [
     [
      12.56397,
      55.68691
     ],
     [
      12.56355,
      55.68662
     ]
    ]
   }
  },
  {
   "type": "Feature",
   "properties": {
    "klima_id": "AM32",
    "projekt_navn": "Kongedybet",
    "typologi": "Skybrudsledning",
    "vandopland": "Amager"
   },
   "geometry": {
    "type": "LineString",
    "coordinates": [
     [
      12.60058,
      55.66382
     ],
     [
      12.5997,
      55.66352
     ],
     [
      12.59907,
      55.66336
     ],
     [
      12.5979,
      55.66309
     ]
    ]
   }
  },
  {
   "type": "Feature",
   "properties": {
    "klima_id": "AM22",
    "projekt_navn": "Peder Lykkes Vej",
    "typologi": "Skybrudsveje",
    "vandopland": "Amager"
   },
   "geometry": {
    "type": "LineString",
    "coordinates": [
     [
      12.59389,
      55.65405
     ],
     [
      12.59413,
      55.65473
     ]
    ]
   }
  },
  {
   "type": "Feature",
   "properties": {
    "klima_id": "AM26",
    "projekt_navn": "Tingvej og Skotlands Plads",
    "typologi": "Forsinkelsesveje",
    "vandopland": "Amager"
   },
   "geometry": {
    "type": "LineString",
    "coordinates": [
     [
      12.60488,
      55.66016
     ],
     [
      12.60402,
      55.65934
     ],
     [
      12.60336,
      55.65868
     ]
    ]
   }
  },
  {
   "type": "Feature",
   "properties": {
    "klima_id": "Frederiksberg",
    "typologi": "Grønne veje"
   },
   "geometry": {
    "type": "LineString",
    "coordinates": [
     [
      12.53785,
      55.67738
     ],
     [
      12.53857,
      55.67859
     ],
     [
      12.53979,
      55.67831
     ],
     [
      12.54002,
      55.6788
     ]
    ]
   }
  },
  {
   "type": "Feature",
   "properties": {
    "klima_id": "BIR6.3&6.4",
    "projekt_navn": "Hovmestervej",
    "typologi": "Skybrudsledning",
    "vandopland": "Bispebjerg"
   },
   "geometry": {
    "type": "LineString",
    "coordinates": [
     [
      12.52997,
      55.71052
     ],
     [
      12.53005,
      55.71045
     ],
     [
      12.53009,
      55.71038
     ],
     [
      12.53011,
      55.71026
     ],
     [
      12.53011,
      55.71016
     ]
    ]
   }
  },
  {
   "type": "Feature",
   "properties": {
    "klima_id": "OS16",
    "projekt_navn": "Jagtvej",
    "typologi": "Forsinkelsesveje",
    "vandopland": "Østerbro"
   },
   "geometry": {
    "type": "LineString",
    "coordinates": [
     [
      12.56969,
      55.70926
     ],
     [
      12.56716,
      55.7087
     ]
    ]
   }
  },
  {
   "type": "Feature",
   "properties": {
    "klima_id": "Frederiksberg",
    "typologi": "Grønne veje"
   },
   "geometry": {
    "type": "LineString",
    "coordinates": [
     [
      12.54161,
      55.67629
     ],
     [
      12.54054,
      55.67417
     ]
    ]
   }
  },
  {
   "type": "Feature",
   "properties": {
    "klima_id": "Frederiksberg",
    "typologi": "Grønne veje"
   },
   "geometry": {
    "type": "LineString",
    "coordinates": [
     [
      12.53525,
      55.6779
     ],
     [
      12.53566,
      55.67877
     ]
    ]
   }
  },
  {
   "type": "Feature",
   "properties": {
    "klima_id": "Frederiksberg",
    "typologi": "Grønne veje"
   },
   "geometry": {
    "type": "LineString",
    "coordinates": [
     [
      12.52985,
      55.67962
     ],
     [
      12.53357,
      55.67914
     ],
     [
      12.53572,
      55.67892
     ],
     [
      12.53698,
      55.67877
     ],
     [
      12.53819,
      55.67862
     ]
    ]
   }
  },
  {
   "type": "Feature",
   "properties": {
    "klima_id": "Frederiksberg",
    "typologi": "Grønne veje"
   },
   "geometry": {
    "type": "LineString",
    "coordinates": [
     [
      12.5379,
      55.68084
     ],
     [
      12.53706,
      55.67895
     ]
    ]
   }
  },
  {
   "type": "Feature",
   "properties": {
    "klima_id": "AM12B",
    "projekt_navn": "Greisvej. Grækenlandsvej - Engvej Øst",
    "typologi": "mix",
    "vandopland": "Amager"
   },
   "geometry": {
    "type": "LineString",
    "coordinates": [
     [
      12.63658,
      55.64476
     ],
     [
      12.63631,
      55.64512
     ]
    ]
   }
  },
  {
   "type": "Feature",
   "properties": {
    "klima_id": "OS16",
    "projekt_navn": "Jagtvej",
    "typologi": "Forsinkelsesveje",
    "vandopland": "Østerbro"
   },
   "geometry": {
    "type": "LineString",
    "coordinates": [
     [
      12.56419,
      55.70837
     ],
     [
      12.56664,
      55.70889
     ]
    ]
   }
  },
  {
   "type": "Feature",
   "properties": {
    "klima_id": "Frederiksberg",
    "typologi": "Grønne veje"
   },
   "geometry": {
    "type": "LineString",
    "coordinates": [
     [
      12.52966,
      55.67961
     ],
     [
      12.5294,
      55.67904
     ]
    ]
   }
  },
  {
   "type": "Feature",
   "properties": {
    "klima_id": "OS16",
    "projekt_navn": "Jagtvej",
    "typologi": "Forsinkelsesveje",
    "vandopland": "Østerbro"
   },
   "geometry": {
    "type": "LineString",
    "coordinates": [
     [
      12.56476,
      55.70921
     ],
     [
      12.5663,
      55.70954
     ]
    ]
   }
  },
  {
   "type": "Feature",
   "properties": {
    "klima_id": "Frederiksberg",
    "typologi": "Grønne veje"
   },
   "geometry": {
    "type": "LineString",
    "coordinates": [
     [
      12.53002,
      55.67719
     ],
     [
      12.53032,
      55.67804
     ],
     [
      12.53241,
      55.67778
     ]
    ]
   }
  },
  {
   "type": "Feature",
   "properties": {
    "klima_id": "OS16",
    "projekt_navn": "Jagtvej",
    "typologi": "Forsinkelsesveje",
    "vandopland": "Østerbro"
   },
   "geometry": {
    "type": "LineString",
    "coordinates": [
     [
      12.56749,
      55.70977
     ],
     [
      12.56666,
      55.70961
     ]
    ]
   }
  },
  {
   "type": "Feature",
   "properties": {
    "klima_id": "Frederiksberg",
    "typologi": "Grønne veje"
   },
   "geometry": {
    "type": "LineString",
    "coordinates": [
     [
      12.53234,
      55.67488
     ],
     [
      12.53286,
      55.67669
     ]
    ]
   }
  },
  {
   "type": "Feature",
   "properties": {
    "klima_id": "Frederiksberg",
    "typologi": "Grønne veje"
   },
   "geometry": {
    "type": "LineString",
    "coordinates": [
     [
      12.52461,
      55.67772
     ],
     [
      12.52564,
      55.67761
     ],
     [
      12.52582,
      55.67819
     ]
    ]
   }
  },
  {
   "type": "Feature",
   "properties": {
    "klima_id": "AM32",
    "projekt_navn": "Kongedybet",
    "typologi": "Skybrudsledning",
    "vandopland": "Amager"
   },
   "geometry": {
    "type": "LineString",
    "coordinates": [
     [
      12.59675,
      55.66308
     ],
     [
      12.59772,
      55.66305
     ],
     [
      12.5979,
      55.66309
     ]
    ]
   }
  },
  {
   "type": "Feature",
   "properties": {
    "klima_id": "Frederiksberg",
    "typologi": "Grønne veje"
   },
   "geometry": {
    "type": "LineString",
    "coordinates": [
     [
      12.52984,
      55.67704
     ],
     [
      12.5321,
      55.67678
     ]
    ]
   }
  },
  {
   "type": "Feature",
   "properties": {
    "klima_id": "Frederiksberg",
    "typologi": "Grønne veje"
   },
   "geometry": {
    "type": "LineString",
    "coordinates": [
     [
      12.53878,
      55.6793
     ],
     [
      12.5401,
      55.67896
     ],
     [
      12.54199,
      55.67855
     ]
    ]
   }
  },
  {
   "type": "Feature",
   "properties": {
    "klima_id": "Frederiksberg",
    "typologi": "Grønne veje"
   },
   "geometry": {
    "type": "LineString",
    "coordinates": [
     [
      12.52362,
      55.67958
     ],
     [
      12.5281,
      55.67903
     ],
     [
      12.53234,
      55.67855
     ],
     [
      12.53266,
      55.67816
     ]
    ]
   }
  },
  {
   "type": "Feature",
   "properties": {
    "klima_id": "Frederiksberg",
    "typologi": "Grønne veje"
   },
   "geometry": {
    "type": "LineString",
    "coordinates": [
     [
      12.53689,
      55.67059
     ],
     [
      12.53699,
      55.67092
     ],
     [
      12.53807,
      55.67394
     ]
    ]
   }
  },
  {
   "type": "Feature",
   "properties": {
    "klima_id": "Frederiksberg",
    "typologi": "Grønne veje"
   },
   "geometry": {
    "type": "LineString",
    "coordinates": [
     [
      12.53994,
      55.67241
     ],
     [
      12.54028,
      55.67375
     ]
    ]
   }
  },
  {
   "type": "Feature",
   "properties": {
    "klima_id": "Frederiksberg",
    "typologi": "Grønne veje"
   },
   "geometry": {
    "type": "LineString",
    "coordinates": [
     [
      12.54122,
      55.67266
     ],
     [
      12.54138,
      55.67363
     ]
    ]
   }
  },
  {
   "type": "Feature",
   "properties": {
    "klima_id": "Frederiksberg",
    "typologi": "Grønne veje"
   },
   "geometry": {
    "type": "LineString",
    "coordinates": [
     [
      12.52764,
      55.68346
     ],
     [
      12.52677,
      55.68233
     ],
     [
      12.52811,
      55.68205
     ]
    ]
   }
  },
  {
   "type": "Feature",
   "properties": {
    "klima_id": "AM21",
    "projekt_navn": "Remiseparken og ”Stierne” til Urbanplanen",
    "typologi": "mix",
    "vandopland": "Amager"
   },
   "geometry": {
    "type": "LineString",
    "coordinates": [
     [
      12.59247,
      55.64918
     ],
     [
      12.5933,
      55.64908
     ]
    ]
   }
  },
  {
   "type": "Feature",
   "properties": {
    "klima_id": "OS16",
    "projekt_navn": "Jagtvej",
    "typologi": "Skybrudsledning",
    "vandopland": "Østerbro"
   },
   "geometry": {
    "type": "LineString",
    "coordinates": [
     [
      12.56763,
      55.70746
     ],
     [
      12.56766,
      55.70741
     ],
     [
      12.56748,
      55.70726
     ]
    ]
   }
  },
  {
   "type": "Feature",
   "properties": {
    "klima_id": "NO5",
    "projekt_navn": "Frederik V's Vej",
    "typologi": "Skybrudsveje",
    "vandopland": "Nørrebro"
   },
   "geometry": {
    "type": "LineString",
    "coordinates": [
     [
      12.56556,
      55.69915
     ],
     [
      12.56681,
      55.69922
     ]
    ]
   }
  },
  {
   "type": "Feature",
   "properties": {
    "klima_id": "Frederiksberg",
    "typologi": "Grønne veje"
   },
   "geometry": {
    "type": "LineString",
    "coordinates": [
     [
      12.5262,
      55.67927
     ],
     [
      12.5259,
      55.67841
     ],
     [
      12.52757,
      55.67848
     ]
    ]
   }
  },
  {
   "type": "Feature",
   "properties": {
    "klima_id": "Frederiksberg",
    "typologi": "Grønne veje"
   },
   "geometry": {
    "type": "LineString",
    "coordinates": [
     [
      12.53099,
      55.68713
     ],
     [
      12.53152,
      55.68786
     ]
    ]
   }
  },
  {
   "type": "Feature",
   "properties": {
    "klima_id": "Frederiksberg",
    "typologi": "Grønne veje"
   },
   "geometry": {
    "type": "LineString",
    "coordinates": [
     [
      12.55121,
      55.67738
     ],
     [
      12.55096,
      55.67702
     ]
    ]
   }
  },
  {
   "type": "Feature",
   "properties": {
    "klima_id": "NO3A",
    "projekt_navn": "Ryesgade Nord",
    "typologi": "Forsinkelsesveje",
    "vandopland": "Nørrebro"
   },
   "geometry": {
    "type": "LineString",
    "coordinates": [
     [
      12.57174,
      55.6952
     ],
     [
      12.57148,
      55.69505
     ],
     [
      12.57018,
      55.69418
     ],
     [
      12.56894,
      55.69337
     ],
     [
      12.56881,
      55.69334
     ]
    ]
   }
  },
  {
   "type": "Feature",
   "properties": {
    "klima_id": "NO4",
    "projekt_navn": "Blegdamsvej Nord",
    "typologi": "Forsinkelsesveje",
    "vandopland": "Nørrebro"
   },
   "geometry": {
    "type": "LineString",
    "coordinates": [
     [
      12.57637,
      55.69905
     ],
     [
      12.57343,
      55.69748
     ],
     [
      12.57125,
      55.69632
     ],
     [
      12.57101,
      55.6962
     ],
     [
      12.57078,
      55.69607
     ],
     [
      12.57052,
      55.69594
     ],
     [
      12.56763,
      55.69439
     ]
    ]
   }
  },
  {
   "type": "Feature",
   "properties": {
    "klima_id": "BIR7.5",
    "projekt_navn": "Bispebjerg Bakke",
    "typologi": "Skybrudsveje",
    "vandopland": "Bispebjerg"
   },
   "geometry": {
    "type": "LineString",
    "coordinates": [
     [
      12.54226,
      55.71186
     ],
     [
      12.54108,
      55.71133
     ]
    ]
   }
  },
  {
   "type": "Feature",
   "properties": {
    "klima_id": "BIR6.2",
    "projekt_navn": "Bispeparken Syd",
    "typologi": "Skybrudsveje",
    "vandopland": "Bispebjerg"
   },
   "geometry": {
    "type": "LineString",
    "coordinates": [
     [
      12.53209,
      55.71102
     ],
     [
      12.53208,
      55.71071
     ]
    ]
   }
  },
  {
   "type": "Feature",
   "properties": {
    "klima_id": "BIR6.2",
    "projekt_navn": "Bispeparken Syd",
    "typologi": "Skybrudsveje",
    "vandopland": "Bispebjerg"
   },
   "geometry": {
    "type": "LineString",
    "coordinates": [
     [
      12.5338,
      55.71114
     ],
     [
      12.53388,
      55.71107
     ]
    ]
   }
  },
  {
   "type": "Feature",
   "properties": {
    "klima_id": "BIR6.2",
    "projekt_navn": "Bispeparken Syd",
    "typologi": "Skybrudsveje",
    "vandopland": "Bispebjerg"
   },
   "geometry": {
    "type": "LineString",
    "coordinates": [
     [
      12.5346,
      55.71146
     ],
     [
      12.53424,
      55.71145
     ],
     [
      12.53401,
      55.71136
     ]
    ]
   }
  },
  {
   "type": "Feature",
   "properties": {
    "klima_id": "BIR6.2",
    "projekt_navn": "Bispeparken Syd",
    "typologi": "Skybrudsveje",
    "vandopland": "Bispebjerg"
   },
   "geometry": {
    "type": "LineString",
    "coordinates": [
     [
      12.53334,
      55.7115
     ],
     [
      12.53369,
      55.71149
     ],
     [
      12.53379,
      55.71154
     ]
    ]
   }
  },
  {
   "type": "Feature",
   "properties": {
    "klima_id": "BIR6.3&6.4",
    "projekt_navn": "Hovmestervej",
    "typologi": "Skybrudsledning",
    "vandopland": "Bispebjerg"
   },
   "geometry": {
    "type": "LineString",
    "coordinates": [
     [
      12.53406,
      55.71035
     ],
     [
      12.53407,
      55.7102
     ]
    ]
   }
  },
  {
   "type": "Feature",
   "properties": {
    "klima_id": "BIR6.2",
    "projekt_navn": "Bispeparken Syd",
    "typologi": "Skybrudsveje",
    "vandopland": "Bispebjerg"
   },
   "geometry": {
    "type": "LineString",
    "coordinates": [
     [
      12.53334,
      55.71077
     ],
     [
      12.53377,
      55.71078
     ],
     [
      12.53396,
      55.71072
     ]
    ]
   }
  },
  {
   "type": "Feature",
   "properties": {
    "klima_id": "Frederiksberg",
    "typologi": "Skybrudsveje"
   },
   "geometry": {
    "type": "LineString",
    "coordinates": [
     [
      12.53475,
      55.68195
     ],
     [
      12.53791,
      55.6847
     ],
     [
      12.53823,
      55.685
     ]
    ]
   }
  },
  {
   "type": "Feature",
   "properties": {
    "klima_id": "OS9",
    "projekt_navn": "Østerbrogade",
    "typologi": "Skybrudsledning",
    "vandopland": "Østerbro"
   },
   "geometry": {
    "type": "LineString",
    "coordinates": [
     [
      12.57615,
      55.71466
     ],
     [
      12.57747,
      55.71475
     ],
     [
      12.57737,
      55.71288
     ]
    ]
   }
  },
  {
   "type": "Feature",
   "properties": {
    "klima_id": "AM1D",
    "projekt_navn": "Amagerbanen. Vermlandsgade - Prags Boulevard",
    "typologi": "Forsinkelsesveje",
    "vandopland": "Amager"
   },
   "geometry": {
    "type": "LineString",
    "coordinates": [
     [
      12.60425,
      55.66828
     ],
     [
      12.60441,
      55.66836
     ],
     [
      12.60476,
      55.66849
     ],
     [
      12.60538,
      55.6687
     ],
     [
      12.6061,
      55.66892
     ],
     [
      12.60706,
      55.66919
     ],
     [
      12.60832,
      55.6694
     ],
     [
      12.60954,
      55.66953
     ],
     [
      12.61064,
      55.66956
     ],
     [
      12.61127,
      55.66955
     ],
     [
      12.61186,
      55.66952
     ],
     [
      12.61592,
      55.66912
     ],
     [
      12.61838,
      55.66888
     ],
     [
      12.61885,
      55.66884
     ]
    ]
   }
  },
  {
   "type": "Feature",
   "properties": {
    "klima_id": "OS42",
    "projekt_navn": "Rensning Kildevældssøen",
    "typologi": "Skybrudsledning",
    "vandopland": "Østerbro"
   },
   "geometry": {
    "type": "LineString",
    "coordinates": [
     [
      12.56602,
      55.71635
     ],
     [
      12.56678,
      55.71586
     ]
    ]
   }
  },
  {
   "type": "Feature",
   "properties": {
    "klima_id": "OS42",
    "projekt_navn": "Rensning Kildevældssøen",
    "typologi": "Skybrudsledning",
    "vandopland": "Østerbro"
   },
   "geometry": {
    "type": "LineString",
    "coordinates": [
     [
      12.56712,
      55.71557
     ],
     [
      12.56746,
      55.7152
     ]
    ]
   }
  },
  {
   "type": "Feature",
   "properties": {
    "klima_id": "OS16",
    "projekt_navn": "Jagtvej",
    "typologi": "Forsinkelsesveje",
    "vandopland": "Østerbro"
   },
   "geometry": {
    "type": "LineString",
    "coordinates": [
     [
      12.56408,
      55.70821
     ],
     [
      12.56478,
      55.707
     ]
    ]
   }
  },
  {
   "type": "Feature",
   "properties": {
    "klima_id": "OS16",
    "projekt_navn": "Jagtvej",
    "typologi": "Forsinkelsesveje",
    "vandopland": "Østerbro"
   },
   "geometry": {
    "type": "LineString",
    "coordinates": [
     [
      12.57066,
      55.70984
     ],
     [
      12.57111,
      55.70814
     ]
    ]
   }
  },
  {
   "type": "Feature",
   "properties": {
    "klima_id": "OS16",
    "projekt_navn": "Jagtvej",
    "typologi": "Forsinkelsesveje",
    "vandopland": "Østerbro"
   },
   "geometry": {
    "type": "LineString",
    "coordinates": [
     [
      12.56633,
      55.70979
     ],
     [
      12.56763,
      55.70746
     ]
    ]
   }
  },
  {
   "type": "Feature",
   "properties": {
    "klima_id": "OS14",
    "projekt_navn": "Reersøgade m.fl. ",
    "typologi": "Forsinkelsesveje",
    "vandopland": "Østerbro"
   },
   "geometry": {
    "type": "LineString",
    "coordinates": [
     [
      12.57461,
      55.70998
     ],
     [
      12.57459,
      55.71075
     ]
    ]
   }
  },
  {
   "type": "Feature",
   "properties": {
    "klima_id": "KV32",
    "projekt_navn": "Gårdstedet",
    "typologi": "Grønne veje",
    "vandopland": "København Vest"
   },
   "geometry": {
    "type": "LineString",
    "coordinates": [
     [
      12.48888,
      55.65889
     ],
     [
      12.48888,
      55.65873
     ],
     [
      12.48841,
      55.6583
     ],
     [
      12.487,
      55.65828
     ],
     [
      12.48501,
      55.65825
     ],
     [
      12.48483,
      55.65824
     ]
    ]
   }
  },
  {
   "type": "Feature",
   "properties": {
    "klima_id": "IB6",
    "projekt_navn": "Bredgade og Fredericiagade",
    "typologi": "Skybrudsledning",
    "vandopland": "Indre By"
   },
   "geometry": {
    "type": "LineString",
    "coordinates": [
     [
      12.57089,
      55.68236
     ],
     [
      12.57103,
      55.68195
     ],
     [
      12.57109,
      55.68164
     ],
     [
      12.57116,
      55.68132
     ],
     [
      12.57116,
      55.68101
     ],
     [
      12.57118,
      55.68073
     ],
     [
      12.57117,
      55.68042
     ],
     [
      12.57132,
      55.68011
     ],
     [
      12.57155,
      55.67985
     ],
     [
      12.57182,
      55.67948
     ],
     [
      12.57198,
      55.67917
     ],
     [
      12.57211,
      55.67881
     ],
     [
      12.57225,
      55.67848
     ],
     [
      12.5724,
      55.67834
     ],
     [
      12.57292,
      55.67794
     ],
     [
      12.57363,
      55.67735
     ],
     [
      12.57382,
      55.67723
     ],
     [
      12.57414,
      55.67692
     ],
     [
      12.57445,
      55.67654
     ],
     [
      12.57477,
      55.67617
     ],
     [
      12.57521,
      55.67583
     ],
     [
      12.57585,
      55.67591
     ]
    ]
   }
  },
  {
   "type": "Feature",
   "properties": {
    "klima_id": "Frederiksberg",
    "typologi": "Skybrudsveje"
   },
   "geometry": {
    "type": "LineString",
    "coordinates": [
     [
      12.52726,
      55.69578
     ],
     [
      12.52848,
      55.69513
     ],
     [
      12.52988,
      55.69455
     ],
     [
      12.53168,
      55.69399
     ],
     [
      12.53349,
      55.69346
     ],
     [
      12.53501,
      55.69299
     ],
     [
      12.53532,
      55.69287
     ]
    ]
   }
  },
  {
   "type": "Feature",
   "properties": {
    "klima_id": "IB19",
    "projekt_navn": "Strøget og Købmagergade",
    "typologi": "Skybrudsledning",
    "vandopland": "Indre By"
   },
   "geometry": {
    "type": "LineString",
    "coordinates": [
     [
      12.574,
      55.67852
     ],
     [
      12.57441,
      55.67861
     ],
     [
      12.57476,
      55.67864
     ],
     [
      12.57501,
      55.67865
     ],
     [
      12.57532,
      55.67863
     ],
     [
      12.57577,
      55.6786
     ],
     [
      12.57615,
      55.67861
     ],
     [
      12.57656,
      55.67863
     ],
     [
      12.57707,
      55.67865
     ],
     [
      12.57768,
      55.67866
     ],
     [
      12.57801,
      55.6787
     ],
     [
      12.57826,
      55.67873
     ],
     [
      12.57879,
      55.67878
     ],
     [
      12.57918,
      55.67881
     ],
     [
      12.5793,
      55.67883
     ]
    ]
   }
  },
  {
   "type": "Feature",
   "properties": {
    "klima_id": "OS6",
    "projekt_navn": "Stockholmsgade",
    "typologi": "mix",
    "vandopland": "Østerbro"
   },
   "geometry": {
    "type": "LineString",
    "coordinates": [
     [
      12.57514,
      55.68941
     ],
     [
      12.57516,
      55.68943
     ],
     [
      12.57526,
      55.6895
     ],
     [
      12.58013,
      55.69125
     ],
     [
      12.58454,
      55.69289
     ]
    ]
   }
  },
  {
   "type": "Feature",
   "properties": {
    "klima_id": "Frederiksberg",
    "typologi": "Skybrudsveje"
   },
   "geometry": {
    "type": "LineString",
    "coordinates": [
     [
      12.54402,
      55.68125
     ],
     [
      12.54703,
      55.68054
     ],
     [
      12.54822,
      55.68028
     ],
     [
      12.54832,
      55.68025
     ],
     [
      12.54837,
      55.68023
     ],
     [
      12.5484,
      55.6802
     ],
     [
      12.54843,
      55.68016
     ],
     [
      12.54855,
      55.68
     ],
     [
      12.54864,
      55.6799
     ],
     [
      12.54868,
      55.67987
     ],
     [
      12.54873,
      55.67984
     ],
     [
      12.54878,
      55.67982
     ],
     [
      12.54884,
      55.6798
     ],
     [
      12.54904,
      55.67976
     ],
     [
      12.54951,
      55.67965
     ],
     [
      12.55063,
      55.67938
     ],
     [
      12.55151,
      55.67917
     ],
     [
      12.55179,
      55.6791
     ],
     [
      12.55201,
      55.67904
     ],
     [
      12.55238,
      55.67896
     ],
     [
      12.55243,
      55.67895
     ],
     [
      12.55246,
      55.67894
     ],
     [
      12.55249,
      55.67892
     ],
     [
      12.55251,
      55.67891
     ],
     [
      12.55253,
      55.67891
     ],
     [
      12.55256,
      55.67889
     ],
     [
      12.55179,
      55.67792
     ],
     [
      12.55418,
      55.67744
     ],
     [
      12.55446,
      55.67766
     ],
     [
      12.55633,
      55.67746
     ]
    ]
   }
  },
  {
   "type": "Feature",
   "properties": {
    "klima_id": "Frederiksberg",
    "typologi": "Skybrudsveje"
   },
   "geometry": {
    "type": "LineString",
    "coordinates": [
     [
      12.53029,
      55.66843
     ],
     [
      12.53226,
      55.67456
     ]
    ]
   }
  },
  {
   "type": "Feature",
   "properties": {
    "klima_id": "Frederiksberg",
    "typologi": "Skybrudsveje"
   },
   "geometry": {
    "type": "LineString",
    "coordinates": [
     [
      12.52927,
      55.68852
     ],
     [
      12.52989,
      55.68929
     ],
     [
      12.53141,
      55.68893
     ],
     [
      12.53263,
      55.69037
     ]
    ]
   }
  },
  {
   "type": "Feature",
   "properties": {
    "klima_id": "Frederiksberg",
    "typologi": "Skybrudsveje"
   },
   "geometry": {
    "type": "LineString",
    "coordinates": [
     [
      12.52466,
      55.68427
     ],
     [
      12.52743,
      55.68787
     ],
     [
      12.52762,
      55.68792
     ],
     [
      12.5284,
      55.68875
     ],
     [
      12.52874,
      55.68865
     ]
    ]
   }
  },
  {
   "type": "Feature",
   "properties": {
    "klima_id": "Frederiksberg",
    "typologi": "Grønne veje"
   },
   "geometry": {
    "type": "LineString",
    "coordinates": [
     [
      12.55007,
      55.67846
     ],
     [
      12.55054,
      55.67922
     ]
    ]
   }
  },
  {
   "type": "Feature",
   "properties": {
    "klima_id": "BIR11.1",
    "projekt_navn": "Ryparken",
    "typologi": "Skybrudsledning",
    "vandopland": "Bispebjerg"
   },
   "geometry": {
    "type": "LineString",
    "coordinates": [
     [
      12.55909,
      55.71544
     ],
     [
      12.55826,
      55.71701
     ],
     [
      12.55859,
      55.71705
     ]
    ]
   }
  },
  {
   "type": "Feature",
   "properties": {
    "klima_id": "OS5",
    "projekt_navn": "Rothesgade m.fl.",
    "typologi": "mix",
    "vandopland": "Østerbro"
   },
   "geometry": {
    "type": "LineString",
    "coordinates": [
     [
      12.58396,
      55.70477
     ],
     [
      12.58493,
      55.70486
     ],
     [
      12.58509,
      55.70439
     ]
    ]
   }
  },
  {
   "type": "Feature",
   "properties": {
    "klima_id": "OS19",
    "projekt_navn": "Nordre Frihavnsgade m.fl.",
    "typologi": "Skybrudsveje",
    "vandopland": "Østerbro"
   },
   "geometry": {
    "type": "LineString",
    "coordinates": [
     [
      12.57988,
      55.70342
     ],
     [
      12.5803,
      55.702
     ]
    ]
   }
  },
  {
   "type": "Feature",
   "properties": {
    "klima_id": "OS19",
    "projekt_navn": "Nordre Frihavnsgade m.fl.",
    "typologi": "Skybrudsveje",
    "vandopland": "Østerbro"
   },
   "geometry": {
    "type": "LineString",
    "coordinates": [
     [
      12.57766,
      55.70157
     ],
     [
      12.58039,
      55.70164
     ],
     [
      12.58116,
      55.70159
     ],
     [
      12.58212,
      55.70202
     ],
     [
      12.58555,
      55.7032
     ],
     [
      12.58712,
      55.70335
     ]
    ]
   }
  },
  {
   "type": "Feature",
   "properties": {
    "klima_id": "OS13",
    "projekt_navn": "Skt. Kjelds Plads og Bryggervangen",
    "typologi": "mix",
    "vandopland": "Østerbro"
   },
   "geometry": {
    "type": "LineString",
    "coordinates": [
     [
      12.56406,
      55.70847
     ],
     [
      12.56489,
      55.71029
     ]
    ]
   }
  },
  {
   "type": "Feature",
   "properties": {
    "klima_id": "VEL47",
    "projekt_navn": "Skybrudsledning fra Åboulevard til Skt. Jørgens Sø ",
    "typologi": "Skybrudsledning",
    "vandopland": "Vesterbro-ladegaardså"
   },
   "geometry": {
    "type": "LineString",
    "coordinates": [
     [
      12.54475,
      55.68613
     ],
     [
      12.54725,
      55.68518
     ],
     [
      12.55022,
      55.68507
     ],
     [
      12.55691,
      55.6798
     ],
     [
      12.55644,
      55.67789
     ],
     [
      12.55677,
      55.67755
     ]
    ]
   }
  },
  {
   "type": "Feature",
   "properties": {
    "klima_id": "OS12",
    "projekt_navn": "Hesseløgade m.fl.",
    "typologi": "Forsinkelsesveje",
    "vandopland": "Østerbro"
   },
   "geometry": {
    "type": "LineString",
    "coordinates": [
     [
      12.57273,
      55.71005
     ],
     [
      12.57267,
      55.71091
     ],
     [
      12.57227,
      55.7119
     ]
    ]
   }
  },
  {
   "type": "Feature",
   "properties": {
    "klima_id": "OS12",
    "projekt_navn": "Hesseløgade m.fl.",
    "typologi": "Forsinkelsesveje",
    "vandopland": "Østerbro"
   },
   "geometry": {
    "type": "LineString",
    "coordinates": [
     [
      12.57178,
      55.71014
     ],
     [
      12.57157,
      55.71135
     ],
     [
      12.57135,
      55.7117
     ]
    ]
   }
  },
  {
   "type": "Feature",
   "properties": {
    "klima_id": "OS18",
    "projekt_navn": "Tåsinge Plads",
    "typologi": "Forsinkelsesveje",
    "vandopland": "Østerbro"
   },
   "geometry": {
    "type": "LineString",
    "coordinates": [
     [
      12.56629,
      55.71036
     ],
     [
      12.56971,
      55.71016
     ]
    ]
   }
  },
  {
   "type": "Feature",
   "properties": {
    "klima_id": "OS28",
    "projekt_navn": "Østerbro skybrudstunnel ",
    "typologi": "Skybrudsledning",
    "vandopland": "Østerbro"
   },
   "geometry": {
    "type": "LineString",
    "coordinates": [
     [
      12.58112,
      55.7132
     ],
     [
      12.58182,
      55.71315
     ],
     [
      12.58178,
      55.71283
     ],
     [
      12.58181,
      55.71238
     ]
    ]
   }
  },
  {
   "type": "Feature",
   "properties": {
    "klima_id": "OS18",
    "projekt_navn": "Tåsinge Plads",
    "typologi": "Forsinkelsesveje",
    "vandopland": "Østerbro"
   },
   "geometry": {
    "type": "LineString",
    "coordinates": [
     [
      12.56754,
      55.71026
     ],
     [
      12.5676,
      55.70984
     ]
    ]
   }
  },
  {
   "type": "Feature",
   "properties": {
    "klima_id": "OS12",
    "projekt_navn": "Hesseløgade m.fl.",
    "typologi": "Forsinkelsesveje",
    "vandopland": "Østerbro"
   },
   "geometry": {
    "type": "LineString",
    "coordinates": [
     [
      12.57367,
      55.71109
     ],
     [
      12.57326,
      55.71212
     ]
    ]
   }
  },
  {
   "type": "Feature",
   "properties": {
    "klima_id": "OS30",
    "projekt_navn": "Landskronagade",
    "typologi": "Skybrudsledning",
    "vandopland": "Østerbro"
   },
   "geometry": {
    "type": "LineString",
    "coordinates": [
     [
      12.56704,
      55.71269
     ],
     [
      12.56807,
      55.71274
     ],
     [
      12.56897,
      55.71282
     ],
     [
      12.56986,
      55.71289
     ],
     [
      12.57176,
      55.71305
     ],
     [
      12.57324,
      55.71318
     ],
     [
      12.57524,
      55.71336
     ],
     [
      12.57664,
      55.71348
     ],
     [
      12.57727,
      55.71354
     ]
    ]
   }
  },
  {
   "type": "Feature",
   "properties": {
    "klima_id": "AM46",
    "projekt_navn": "Krimsvejområdet Øresundsvej, Krimsvej og Tovelillevej",
    "typologi": "mix",
    "vandopland": "Amager"
   },
   "geometry": {
    "type": "LineString",
    "coordinates": [
     [
      12.63046,
      55.65924
     ],
     [
      12.63076,
      55.65857
     ],
     [
      12.63105,
      55.65789
     ],
     [
      12.63163,
      55.65689
     ]
    ]
   }
  },
  {
   "type": "Feature",
   "properties": {
    "klima_id": "AM20A",
    "projekt_navn": "Vejlands Allé. Englandsvej – Derbyvej",
    "typologi": "mix",
    "vandopland": "Amager"
   },
   "geometry": {
    "type": "LineString",
    "coordinates": [
     [
      12.60362,
      55.64275
     ],
     [
      12.60087,
      55.64261
     ],
     [
      12.59941,
      55.64254
     ],
     [
      12.59871,
      55.64252
     ]
    ]
   }
  },
  {
   "type": "Feature",
   "properties": {
    "klima_id": "Frederiksberg",
    "typologi": "Grønne veje"
   },
   "geometry": {
    "type": "LineString",
    "coordinates": [
     [
      12.53415,
      55.66974
     ],
     [
      12.53439,
      55.66944
     ]
    ]
   }
  },
  {
   "type": "Feature",
   "properties": {
    "klima_id": "Frederiksberg",
    "typologi": "Grønne veje"
   },
   "geometry": {
    "type": "LineString",
    "coordinates": [
     [
      12.5532,
      55.68016
     ],
     [
      12.55317,
      55.68003
     ],
     [
      12.55307,
      55.67987
     ],
     [
      12.55306,
      55.67985
     ],
     [
      12.55305,
      55.6798
     ],
     [
      12.55303,
      55.67972
     ]
    ]
   }
  },
  {
   "type": "Feature",
   "properties": {
    "klima_id": "Frederiksberg",
    "typologi": "Grønne veje"
   },
   "geometry": {
    "type": "LineString",
    "coordinates": [
     [
      12.54486,
      55.67978
     ],
     [
      12.54335,
      55.68012
     ]
    ]
   }
  },
  {
   "type": "Feature",
   "properties": {
    "klima_id": "Frederiksberg",
    "typologi": "Skybrudsveje"
   },
   "geometry": {
    "type": "LineString",
    "coordinates": [
     [
      12.52995,
      55.68748
     ],
     [
      12.5305,
      55.68826
     ],
     [
      12.52985,
      55.6884
     ]
    ]
   }
  },
  {
   "type": "Feature",
   "properties": {
    "klima_id": "Frederiksberg",
    "typologi": "Forsinkelsesveje"
   },
   "geometry": {
    "type": "LineString",
    "coordinates": [
     [
      12.53859,
      55.68534
     ],
     [
      12.54149,
      55.68466
     ]
    ]
   }
  },
  {
   "type": "Feature",
   "properties": {
    "klima_id": "BIR9.1",
    "projekt_navn": "Meteorologisk Institut",
    "typologi": "Skybrudsveje",
    "vandopland": "Bispebjerg"
   },
   "geometry": {
    "type": "LineString",
    "coordinates": [
     [
      12.56239,
      55.71505
     ],
     [
      12.56327,
      55.71523
     ],
     [
      12.56349,
      55.7153
     ],
     [
      12.56397,
      55.71539
     ],
     [
      12.56443,
      55.71548
     ],
     [
      12.56456,
      55.71546
     ]
    ]
   }
  },
  {
   "type": "Feature",
   "properties": {
    "klima_id": "OS14",
    "projekt_navn": "Reersøgade m.fl. ",
    "typologi": "Forsinkelsesveje",
    "vandopland": "Østerbro"
   },
   "geometry": {
    "type": "LineString",
    "coordinates": [
     [
      12.57367,
      55.7109
     ],
     [
      12.5737,
      55.71
     ]
    ]
   }
  },
  {
   "type": "Feature",
   "properties": {
    "klima_id": "AM17",
    "projekt_navn": "Gyldenlakvej og Funkiavej",
    "typologi": "mix",
    "vandopland": "Amager"
   },
   "geometry": {
    "type": "LineString",
    "coordinates": [
     [
      12.61266,
      55.64958
     ],
     [
      12.6115,
      55.64941
     ],
     [
      12.612,
      55.64835
     ],
     [
      12.61211,
      55.64806
     ],
     [
      12.6119,
      55.64804
     ],
     [
      12.61198,
      55.64646
     ]
    ]
   }
  },
  {
   "type": "Feature",
   "properties": {
    "klima_id": "VEL6",
    "projekt_navn": "Ny Carlsberg Vej",
    "typologi": "Skybrudsveje",
    "vandopland": "Vesterbro-ladegaardså"
   },
   "geometry": {
    "type": "LineString",
    "coordinates": [
     [
      12.54013,
      55.66642
     ],
     [
      12.54052,
      55.66715
     ],
     [
      12.54061,
      55.66713
     ]
    ]
   }
  },
  {
   "type": "Feature",
   "properties": {
    "klima_id": "AM19B",
    "projekt_navn": "Bygrænsen",
    "typologi": "mix",
    "vandopland": "Amager"
   },
   "geometry": {
    "type": "LineString",
    "coordinates": [
     [
      12.5994,
      55.63973
     ],
     [
      12.59996,
      55.63807
     ],
     [
      12.59905,
      55.63792
     ],
     [
      12.59244,
      55.638
     ],
     [
      12.59234,
      55.638
     ],
     [
      12.59233,
      55.63803
     ],
     [
      12.59185,
      55.63978
     ],
     [
      12.59164,
      55.64072
     ],
     [
      12.59145,
      55.6413
     ]
    ]
   }
  },
  {
   "type": "Feature",
   "properties": {
    "klima_id": "Frederiksberg",
    "typologi": "Grønne veje"
   },
   "geometry": {
    "type": "LineString",
    "coordinates": [
     [
      12.5244,
      55.68005
     ],
     [
      12.52446,
      55.67966
     ]
    ]
   }
  },
  {
   "type": "Feature",
   "properties": {
    "klima_id": "AM1E",
    "projekt_navn": "Amagerbanen. Prags Boulevard til Lindgreens Allé",
    "typologi": "Skybrudsveje",
    "vandopland": "Amager"
   },
   "geometry": {
    "type": "LineString",
    "coordinates": [
     [
      12.62677,
      55.66465
     ],
     [
      12.62531,
      55.66625
     ],
     [
      12.62475,
      55.66687
     ],
     [
      12.62419,
      55.66749
     ],
     [
      12.62402,
      55.66761
     ]
    ]
   }
  },
  {
   "type": "Feature",
   "properties": {
    "klima_id": "AM1B",
    "projekt_navn": "Amagerbanen. Amagerfælledvej – Artillerivej",
    "typologi": "Skybrudsledning",
    "vandopland": "Amager"
   },
   "geometry": {
    "type": "LineString",
    "coordinates": [
     [
      12.59398,
      55.6641
     ],
     [
      12.59368,
      55.66422
     ],
     [
      12.59194,
      55.6644
     ],
     [
      12.58983,
      55.66461
     ],
     [
      12.58772,
      55.66482
     ],
     [
      12.58691,
      55.66509
     ],
     [
      12.58638,
      55.66564
     ]
    ]
   }
  },
  {
   "type": "Feature",
   "properties": {
    "klima_id": "AM9",
    "projekt_navn": "Italiensvej. Kastrupvej – Amager Strandvej",
    "typologi": "mix",
    "vandopland": "Amager"
   },
   "geometry": {
    "type": "LineString",
    "coordinates": [
     [
      12.62968,
      55.65623
     ],
     [
      12.63086,
      55.65644
     ],
     [
      12.6318,
      55.65655
     ],
     [
      12.63275,
      55.65669
     ],
     [
      12.63385,
      55.65684
     ],
     [
      12.63393,
      55.65686
     ],
     [
      12.63482,
      55.65696
     ],
     [
      12.63556,
      55.65707
     ],
     [
      12.63617,
      55.65713
     ]
    ]
   }
  },
  {
   "type": "Feature",
   "properties": {
    "klima_id": "AM15",
    "projekt_navn": "Gyldenrisvej og P-plads bag Kvickly",
    "typologi": "mix",
    "vandopland": "Amager"
   },
   "geometry": {
    "type": "LineString",
    "coordinates": [
     [
      12.611,
      55.64076
     ],
     [
      12.61323,
      55.64102
     ],
     [
      12.61523,
      55.64123
     ],
     [
      12.61515,
      55.64144
     ]
    ]
   }
  },
  {
   "type": "Feature",
   "properties": {
    "klima_id": "OS24",
    "projekt_navn": "Koldinggade",
    "typologi": "Skybrudsledning",
    "vandopland": "Østerbro"
   },
   "geometry": {
    "type": "LineString",
    "coordinates": [
     [
      12.58034,
      55.7068
     ],
     [
      12.58033,
      55.7068
     ],
     [
      12.57994,
      55.70798
     ],
     [
      12.57994,
      55.70799
     ]
    ]
   }
  },
  {
   "type": "Feature",
   "properties": {
    "klima_id": "AM16",
    "projekt_navn": "Oxford Have og Store Krog",
    "typologi": "mix",
    "vandopland": "Amager"
   },
   "geometry": {
    "type": "LineString",
    "coordinates": [
     [
      12.6075,
      55.6413
     ],
     [
      12.60908,
      55.64149
     ],
     [
      12.61054,
      55.64166
     ],
     [
      12.61034,
      55.64222
     ],
     [
      12.61018,
      55.64268
     ],
     [
      12.61216,
      55.6429
     ],
     [
      12.61568,
      55.64331
     ],
     [
      12.61542,
      55.64377
     ],
     [
      12.61555,
      55.6438
     ]
    ]
   }
  },
  {
   "type": "Feature",
   "properties": {
    "klima_id": "AM2",
    "projekt_navn": "Prags Boulevard",
    "typologi": "mix",
    "vandopland": "Amager"
   },
   "geometry": {
    "type": "LineString",
    "coordinates": [
     [
      12.61127,
      55.66722
     ],
     [
      12.61365,
      55.66773
     ],
     [
      12.61491,
      55.66801
     ],
     [
      12.61689,
      55.66843
     ],
     [
      12.61887,
      55.66886
     ],
     [
      12.62143,
      55.66941
     ],
     [
      12.62485,
      55.67015
     ]
    ]
   }
  },
  {
   "type": "Feature",
   "properties": {
    "klima_id": "AM8A",
    "projekt_navn": "Engvej Nord",
    "typologi": "Skybrudsveje",
    "vandopland": "Amager"
   },
   "geometry": {
    "type": "LineString",
    "coordinates": [
     [
      12.62731,
      55.66044
     ],
     [
      12.62813,
      55.65888
     ],
     [
      12.62927,
      55.65674
     ],
     [
      12.62938,
      55.6565
     ]
    ]
   }
  },
  {
   "type": "Feature",
   "properties": {
    "klima_id": "AM3",
    "projekt_navn": "Lergravsvej og Lergravsparken. Østrigsgade – Øresund",
    "typologi": "Skybrudsledning",
    "vandopland": "Amager"
   },
   "geometry": {
    "type": "LineString",
    "coordinates": [
     [
      12.61583,
      55.66233
     ],
     [
      12.61758,
      55.66253
     ],
     [
      12.62068,
      55.66336
     ],
     [
      12.62325,
      55.66388
     ],
     [
      12.62525,
      55.66412
     ],
     [
      12.62724,
      55.66429
     ],
     [
      12.63033,
      55.66456
     ],
     [
      12.63422,
      55.66542
     ]
    ]
   }
  },
  {
   "type": "Feature",
   "properties": {
    "klima_id": "AM12B",
    "projekt_navn": "Greisvej. Grækenlandsvej - Engvej Øst",
    "typologi": "mix",
    "vandopland": "Amager"
   },
   "geometry": {
    "type": "LineString",
    "coordinates": [
     [
      12.63428,
      55.64806
     ],
     [
      12.63455,
      55.64774
     ],
     [
      12.63609,
      55.64542
     ],
     [
      12.63841,
      55.64573
     ],
     [
      12.64313,
      55.64633
     ]
    ]
   }
  },
  {
   "type": "Feature",
   "properties": {
    "klima_id": "OS11",
    "projekt_navn": "Vennemindevej m.fl.",
    "typologi": "Forsinkelsesveje",
    "vandopland": "Østerbro"
   },
   "geometry": {
    "type": "LineString",
    "coordinates": [
     [
      12.57018,
      55.71171
     ],
     [
      12.56987,
      55.71279
     ]
    ]
   }
  },
  {
   "type": "Feature",
   "properties": {
    "klima_id": "OS11",
    "projekt_navn": "Vennemindevej m.fl.",
    "typologi": "mix",
    "vandopland": "Østerbro"
   },
   "geometry": {
    "type": "LineString",
    "coordinates": [
     [
      12.57045,
      55.71472
     ],
     [
      12.57057,
      55.71426
     ]
    ]
   }
  },
  {
   "type": "Feature",
   "properties": {
    "klima_id": "OS11",
    "projekt_navn": "Vennemindevej m.fl.",
    "typologi": "Forsinkelsesveje",
    "vandopland": "Østerbro"
   },
   "geometry": {
    "type": "LineString",
    "coordinates": [
     [
      12.57301,
      55.71277
     ],
     [
      12.5729,
      55.71305
     ]
    ]
   }
  },
  {
   "type": "Feature",
   "properties": {
    "klima_id": "OS11",
    "projekt_navn": "Vennemindevej m.fl.",
    "typologi": "Forsinkelsesveje",
    "vandopland": "Østerbro"
   },
   "geometry": {
    "type": "LineString",
    "coordinates": [
     [
      12.56932,
      55.71149
     ],
     [
      12.56901,
      55.7127
     ]
    ]
   }
  },
  {
   "type": "Feature",
   "properties": {
    "klima_id": "OS11",
    "projekt_navn": "Vennemindevej m.fl.",
    "typologi": "Forsinkelsesveje",
    "vandopland": "Østerbro"
   },
   "geometry": {
    "type": "LineString",
    "coordinates": [
     [
      12.56868,
      55.71388
     ],
     [
      12.56892,
      55.7129
     ]
    ]
   }
  },
  {
   "type": "Feature",
   "properties": {
    "klima_id": "BIR5.4",
    "projekt_navn": "Tomsgårdsvej",
    "typologi": "Skybrudsledning",
    "vandopland": "Bispebjerg"
   },
   "geometry": {
    "type": "LineString",
    "coordinates": [
     [
      12.52491,
      55.71008
     ],
     [
      12.52475,
      55.71006
     ],
     [
      12.52489,
      55.70935
     ]
    ]
   }
  },
  {
   "type": "Feature",
   "properties": {
    "klima_id": "BIR5.3",
    "projekt_navn": "Smedetoften m.fl.",
    "typologi": "Forsinkelsesveje",
    "vandopland": "Bispebjerg"
   },
   "geometry": {
    "type": "LineString",
    "coordinates": [
     [
      12.52465,
      55.70863
     ],
     [
      12.5224,
      55.70917
     ],
     [
      12.52143,
      55.70937
     ],
     [
      12.52143,
      55.70937
     ]
    ]
   }
  },
  {
   "type": "Feature",
   "properties": {
    "klima_id": "AM32",
    "projekt_navn": "Kongedybet",
    "typologi": "Skybrudsledning",
    "vandopland": "Amager"
   },
   "geometry": {
    "type": "LineString",
    "coordinates": [
     [
      12.60166,
      55.6629
     ],
     [
      12.59897,
      55.66214
     ],
     [
      12.59807,
      55.66236
     ],
     [
      12.59824,
      55.6626
     ],
     [
      12.59787,
      55.66312
     ],
     [
      12.59758,
      55.66356
     ]
    ]
   }
  },
  {
   "type": "Feature",
   "properties": {
    "klima_id": "BIR7.3&10.1",
    "projekt_navn": "Lundehus Kirke",
    "typologi": "Skybrudsveje",
    "vandopland": "Bispebjerg"
   },
   "geometry": {
    "type": "LineString",
    "coordinates": [
     [
      12.55614,
      55.7185
     ],
     [
      12.55602,
      55.71802
     ],
     [
      12.55542,
      55.71751
     ],
     [
      12.55475,
      55.71706
     ],
     [
      12.55516,
      55.71694
     ]
    ]
   }
  },
  {
   "type": "Feature",
   "properties": {
    "klima_id": "BIR10.2",
    "projekt_navn": "Fruebjergvej",
    "typologi": "Forsinkelsesveje",
    "vandopland": "Bispebjerg"
   },
   "geometry": {
    "type": "LineString",
    "coordinates": [
     [
      12.54403,
      55.71871
     ],
     [
      12.54545,
      55.719
     ],
     [
      12.54979,
      55.71817
     ],
     [
      12.54871,
      55.71637
     ]
    ]
   }
  },
  {
   "type": "Feature",
   "properties": {
    "klima_id": "AM27",
    "projekt_navn": "Brydes Allé",
    "typologi": "Forsinkelsesveje",
    "vandopland": "Amager"
   },
   "geometry": {
    "type": "LineString",
    "coordinates": [
     [
      12.59932,
      55.65775
     ],
     [
      12.59825,
      55.65819
     ]
    ]
   }
  },
  {
   "type": "Feature",
   "properties": {
    "klima_id": "AM27",
    "projekt_navn": "Brydes Allé",
    "typologi": "Forsinkelsesveje",
    "vandopland": "Amager"
   },
   "geometry": {
    "type": "LineString",
    "coordinates": [
     [
      12.60054,
      55.65859
     ],
     [
      12.59971,
      55.65892
     ]
    ]
   }
  },
  {
   "type": "Feature",
   "properties": {
    "klima_id": "VEL2",
    "projekt_navn": "Sønder Boulevard",
    "typologi": "mix",
    "vandopland": "Vesterbro-ladegaardså"
   },
   "geometry": {
    "type": "LineString",
    "coordinates": [
     [
      12.56164,
      55.67073
     ],
     [
      12.56074,
      55.67045
     ],
     [
      12.55983,
      55.67004
     ],
     [
      12.55903,
      55.66969
     ]
    ]
   }
  },
  {
   "type": "Feature",
   "properties": {
    "klima_id": "OS20",
    "projekt_navn": "Willemoesgade m.fl.",
    "typologi": "Skybrudsledning",
    "vandopland": "Østerbro"
   },
   "geometry": {
    "type": "LineString",
    "coordinates": [
     [
      12.59146,
      55.69988
     ],
     [
      12.59005,
      55.69958
     ]
    ]
   }
  },
  {
   "type": "Feature",
   "properties": {
    "klima_id": "OS20",
    "projekt_navn": "Willemoesgade m.fl.",
    "typologi": "Skybrudsledning",
    "vandopland": "Østerbro"
   },
   "geometry": {
    "type": "LineString",
    "coordinates": [
     [
      12.59124,
      55.70121
     ],
     [
      12.59146,
      55.69988
     ],
     [
      12.59159,
      55.69904
     ],
     [
      12.58547,
      55.69759
     ],
     [
      12.58456,
      55.69887
     ]
    ]
   }
  },
  {
   "type": "Feature",
   "properties": {
    "klima_id": "Frederiksberg",
    "typologi": "Forsinkelsesveje"
   },
   "geometry": {
    "type": "LineString",
    "coordinates": [
     [
      12.53428,
      55.69496
     ],
     [
      12.533,
      55.6936
     ]
    ]
   }
  },
  {
   "type": "Feature",
   "properties": {
    "klima_id": "BIR10.3",
    "projekt_navn": "Lundehus Skole",
    "typologi": "Skybrudsveje",
    "vandopland": "Bispebjerg"
   },
   "geometry": {
    "type": "LineString",
    "coordinates": [
     [
      12.5445,
      55.71762
     ],
     [
      12.54498,
      55.71698
     ],
     [
      12.54578,
      55.71685
     ]
    ]
   }
  },
  {
   "type": "Feature",
   "properties": {
    "klima_id": "NO19",
    "projekt_navn": "Kartoffelrækkerne",
    "typologi": "Skybrudsledning",
    "vandopland": "Nørrebro"
   },
   "geometry": {
    "type": "LineString",
    "coordinates": [
     [
      12.57149,
      55.69071
     ],
     [
      12.57199,
      55.69107
     ],
     [
      12.57177,
      55.69147
     ]
    ]
   }
  },
  {
   "type": "Feature",
   "properties": {
    "klima_id": "Frederiksberg",
    "typologi": "Grønne veje"
   },
   "geometry": {
    "type": "LineString",
    "coordinates": [
     [
      12.552,
      55.68199
     ],
     [
      12.55112,
      55.68063
     ],
     [
      12.55257,
      55.6803
     ]
    ]
   }
  },
  {
   "type": "Feature",
   "properties": {
    "klima_id": "KV69",
    "projekt_navn": "Vestre Kirkegård",
    "typologi": "Skybrudsveje",
    "vandopland": "København Vest"
   },
   "geometry": {
    "type": "LineString",
    "coordinates": [
     [
      12.52859,
      55.65282
     ],
     [
      12.52836,
      55.65278
     ]
    ]
   }
  },
  {
   "type": "Feature",
   "properties": {
    "klima_id": "OS6",
    "projekt_navn": "Stockholmsgade",
    "typologi": "mix",
    "vandopland": "Østerbro"
   },
   "geometry": {
    "type": "LineString",
    "coordinates": [
     [
      12.58033,
      55.69562
     ],
     [
      12.58485,
      55.69322
     ]
    ]
   }
  },
  {
   "type": "Feature",
   "properties": {
    "klima_id": "OS20",
    "projekt_navn": "Willemoesgade m.fl.",
    "typologi": "Skybrudsledning",
    "vandopland": "Østerbro"
   },
   "geometry": {
    "type": "LineString",
    "coordinates": [
     [
      12.58964,
      55.70018
     ],
     [
      12.59132,
      55.70056
     ]
    ]
   }
  },
  {
   "type": "Feature",
   "properties": {
    "klima_id": "Frederiksberg",
    "typologi": "Forsinkelsesveje"
   },
   "geometry": {
    "type": "LineString",
    "coordinates": [
     [
      12.51316,
      55.68168
     ],
     [
      12.51095,
      55.68183
     ],
     [
      12.50543,
      55.68215
     ],
     [
      12.50491,
      55.68218
     ]
    ]
   }
  },
  {
   "type": "Feature",
   "properties": {
    "klima_id": "Frederiksberg",
    "typologi": "Grønne veje"
   },
   "geometry": {
    "type": "LineString",
    "coordinates": [
     [
      12.54959,
      55.68132
     ],
     [
      12.55103,
      55.68098
     ]
    ]
   }
  },
  {
   "type": "Feature",
   "properties": {
    "klima_id": "OS5",
    "projekt_navn": "Rothesgade m.fl.",
    "typologi": "mix",
    "vandopland": "Østerbro"
   },
   "geometry": {
    "type": "LineString",
    "coordinates": [
     [
      12.57971,
      55.70415
     ],
     [
      12.57975,
      55.7039
     ]
    ]
   }
  },
  {
   "type": "Feature",
   "properties": {
    "klima_id": "OS5",
    "projekt_navn": "Rothesgade m.fl.",
    "typologi": "Skybrudsledning",
    "vandopland": "Østerbro"
   },
   "geometry": {
    "type": "LineString",
    "coordinates": [
     [
      12.5873,
      55.70427
     ],
     [
      12.58516,
      55.70408
     ],
     [
      12.58121,
      55.70369
     ],
     [
      12.57735,
      55.70331
     ]
    ]
   }
  },
  {
   "type": "Feature",
   "properties": {
    "klima_id": "OS5",
    "projekt_navn": "Rothesgade m.fl.",
    "typologi": "Skybrudsledning",
    "vandopland": "Østerbro"
   },
   "geometry": {
    "type": "LineString",
    "coordinates": [
     [
      12.57971,
      55.70415
     ],
     [
      12.57976,
      55.70394
     ]
    ]
   }
  },
  {
   "type": "Feature",
   "properties": {
    "klima_id": "NO25",
    "projekt_navn": "Læssøesgade",
    "typologi": "Skybrudsledning",
    "vandopland": "Nørrebro"
   },
   "geometry": {
    "type": "LineString",
    "coordinates": [
     [
      12.56475,
      55.69062
     ],
     [
      12.56623,
      55.68991
     ]
    ]
   }
  },
  {
   "type": "Feature",
   "properties": {
    "klima_id": "KV65",
    "projekt_navn": "Grønne veje i øvrigt Gåsebækrenden",
    "typologi": "Grønne veje",
    "vandopland": "København Vest"
   },
   "geometry": {
    "type": "LineString",
    "coordinates": [
     [
      12.49155,
      55.66626
     ],
     [
      12.4906,
      55.66669
     ]
    ]
   }
  },
  {
   "type": "Feature",
   "properties": {
    "klima_id": "KV65",
    "projekt_navn": "Grønne veje i øvrigt Gåsebækrenden",
    "typologi": "Grønne veje",
    "vandopland": "København Vest"
   },
   "geometry": {
    "type": "LineString",
    "coordinates": [
     [
      12.48828,
      55.66761
     ],
     [
      12.48986,
      55.667
     ]
    ]
   }
  },
  {
   "type": "Feature",
   "properties": {
    "klima_id": "OS6",
    "projekt_navn": "Stockholmsgade",
    "typologi": "mix",
    "vandopland": "Østerbro"
   },
   "geometry": {
    "type": "LineString",
    "coordinates": [
     [
      12.5778,
      55.69144
     ],
     [
      12.57888,
      55.69104
     ]
    ]
   }
  },
  {
   "type": "Feature",
   "properties": {
    "klima_id": "OS40",
    "projekt_navn": "Amerikakaj og DFDS-terminalen",
    "typologi": "Skybrudsledning",
    "vandopland": "Østerbro"
   },
   "geometry": {
    "type": "LineString",
    "coordinates": [
     [
      12.59124,
      55.70121
     ],
     [
      12.59266,
      55.70274
     ]
    ]
   }
  },
  {
   "type": "Feature",
   "properties": {
    "klima_id": "KV27",
    "projekt_navn": "Nakskovvej",
    "typologi": "Skybrudsveje",
    "vandopland": "København Vest"
   },
   "geometry": {
    "type": "LineString",
    "coordinates": [
     [
      12.48281,
      55.66353
     ],
     [
      12.48289,
      55.66381
     ],
     [
      12.48297,
      55.664
     ]
    ]
   }
  },
  {
   "type": "Feature",
   "properties": {
    "klima_id": "OS6",
    "projekt_navn": "Stockholmsgade",
    "typologi": "mix",
    "vandopland": "Østerbro"
   },
   "geometry": {
    "type": "LineString",
    "coordinates": [
     [
      12.58224,
      55.69349
     ],
     [
      12.58366,
      55.69272
     ]
    ]
   }
  },
  {
   "type": "Feature",
   "properties": {
    "klima_id": "OS6",
    "projekt_navn": "Stockholmsgade",
    "typologi": "mix",
    "vandopland": "Østerbro"
   },
   "geometry": {
    "type": "LineString",
    "coordinates": [
     [
      12.57897,
      55.69251
     ],
     [
      12.58075,
      55.69234
     ],
     [
      12.58089,
      55.69231
     ],
     [
      12.58104,
      55.69227
     ],
     [
      12.58144,
      55.69204
     ]
    ]
   }
  },
  {
   "type": "Feature",
   "properties": {
    "klima_id": "OS5",
    "projekt_navn": "Rothesgade m.fl.",
    "typologi": "mix",
    "vandopland": "Østerbro"
   },
   "geometry": {
    "type": "LineString",
    "coordinates": [
     [
      12.58177,
      55.70455
     ],
     [
      12.58098,
      55.70448
     ],
     [
      12.5811,
      55.70406
     ]
    ]
   }
  },
  {
   "type": "Feature",
   "properties": {
    "klima_id": "OS7",
    "projekt_navn": "Løgstørgade",
    "typologi": "Skybrudsveje",
    "vandopland": "Østerbro"
   },
   "geometry": {
    "type": "LineString",
    "coordinates": [
     [
      12.5838,
      55.70794
     ],
     [
      12.58475,
      55.70796
     ]
    ]
   }
  },
  {
   "type": "Feature",
   "properties": {
    "klima_id": "OS20",
    "projekt_navn": "Willemoesgade m.fl.",
    "typologi": "Forsinkelsesveje",
    "vandopland": "Østerbro"
   },
   "geometry": {
    "type": "LineString",
    "coordinates": [
     [
      12.57958,
      55.69717
     ],
     [
      12.58812,
      55.699
     ]
    ]
   }
  },
  {
   "type": "Feature",
   "properties": {
    "klima_id": "OS20",
    "projekt_navn": "Willemoesgade m.fl.",
    "typologi": "Forsinkelsesveje",
    "vandopland": "Østerbro"
   },
   "geometry": {
    "type": "LineString",
    "coordinates": [
     [
      12.58257,
      55.6979
     ],
     [
      12.58203,
      55.6986
     ]
    ]
   }
  },
  {
   "type": "Feature",
   "properties": {
    "klima_id": "OS38",
    "projekt_navn": "Østerfælledtorv",
    "typologi": "Forsinkelsesveje",
    "vandopland": "Østerbro"
   },
   "geometry": {
    "type": "LineString",
    "coordinates": [
     [
      12.57658,
      55.70546
     ],
     [
      12.57512,
      55.70621
     ]
    ]
   }
  },
  {
   "type": "Feature",
   "properties": {
    "klima_id": "KV71",
    "projekt_navn": "Ellebjergvej",
    "typologi": "Skybrudsledning",
    "vandopland": "København Vest"
   },
   "geometry": {
    "type": "LineString",
    "coordinates": [
     [
      12.52483,
      55.65058
     ],
     [
      12.52475,
      55.65031
     ],
     [
      12.52479,
      55.65026
     ],
     [
      12.52485,
      55.65024
     ],
     [
      12.52722,
      55.65021
     ],
     [
      12.52794,
      55.65026
     ]
    ]
   }
  },
  {
   "type": "Feature",
   "properties": {
    "klima_id": "KV60",
    "projekt_navn": "Vigerslev allé",
    "typologi": "Forsinkelsesveje",
    "vandopland": "København Vest"
   },
   "geometry": {
    "type": "LineString",
    "coordinates": [
     [
      12.50607,
      55.66211
     ],
     [
      12.50665,
      55.66183
     ],
     [
      12.50674,
      55.66132
     ]
    ]
   }
  },
  {
   "type": "Feature",
   "properties": {
    "klima_id": "OS38",
    "projekt_navn": "Østerfælledtorv",
    "typologi": "Forsinkelsesveje",
    "vandopland": "Østerbro"
   },
   "geometry": {
    "type": "LineString",
    "coordinates": [
     [
      12.57408,
      55.70564
     ],
     [
      12.57615,
      55.70678
     ]
    ]
   }
  },
  {
   "type": "Feature",
   "properties": {
    "klima_id": "OS6",
    "projekt_navn": "Stockholmsgade",
    "typologi": "mix",
    "vandopland": "Østerbro"
   },
   "geometry": {
    "type": "LineString",
    "coordinates": [
     [
      12.57853,
      55.69207
     ],
     [
      12.58003,
      55.69147
     ]
    ]
   }
  },
  {
   "type": "Feature",
   "properties": {
    "klima_id": "KV71",
    "projekt_navn": "Ellebjergvej",
    "typologi": "Skybrudsledning",
    "vandopland": "København Vest"
   },
   "geometry": {
    "type": "LineString",
    "coordinates": [
     [
      12.52795,
      55.65068
     ],
     [
      12.52807,
      55.65029
     ],
     [
      12.52794,
      55.65026
     ]
    ]
   }
  },
  {
   "type": "Feature",
   "properties": {
    "klima_id": "VEL43",
    "projekt_navn": "Supplerende mindre Skybrudsveje Bispeengbuen",
    "typologi": "Skybrudsveje",
    "vandopland": "Vesterbro-ladegaardså"
   },
   "geometry": {
    "type": "LineString",
    "coordinates": [
     [
      12.53228,
      55.70075
     ],
     [
      12.53363,
      55.70026
     ],
     [
      12.53504,
      55.69991
     ],
     [
      12.53643,
      55.69954
     ],
     [
      12.53567,
      55.69811
     ]
    ]
   }
  },
  {
   "type": "Feature",
   "properties": {
    "klima_id": "VEL2",
    "projekt_navn": "Sønder Boulevard",
    "typologi": "mix",
    "vandopland": "Vesterbro-ladegaardså"
   },
   "geometry": {
    "type": "LineString",
    "coordinates": [
     [
      12.54233,
      55.66374
     ],
     [
      12.54484,
      55.66415
     ],
     [
      12.54788,
      55.66482
     ],
     [
      12.55031,
      55.66566
     ],
     [
      12.55235,
      55.66642
     ],
     [
      12.55481,
      55.66756
     ],
     [
      12.55584,
      55.66809
     ],
     [
      12.55789,
      55.66914
     ],
     [
      12.55823,
      55.66932
     ]
    ]
   }
  },
  {
   "type": "Feature",
   "properties": {
    "klima_id": "Frederiksberg",
    "typologi": "Grønne veje"
   },
   "geometry": {
    "type": "LineString",
    "coordinates": [
     [
      12.52563,
      55.69316
     ],
     [
      12.52634,
      55.69272
     ],
     [
      12.52672,
      55.69271
     ],
     [
      12.52878,
      55.69475
     ]
    ]
   }
  },
  {
   "type": "Feature",
   "properties": {
    "klima_id": "KV78",
    "projekt_navn": "Scandiagade del 1",
    "typologi": "mix",
    "vandopland": "København Vest"
   },
   "geometry": {
    "type": "LineString",
    "coordinates": [
     [
      12.53675,
      55.64841
     ],
     [
      12.53977,
      55.65146
     ],
     [
      12.54188,
      55.65347
     ]
    ]
   }
  },
  {
   "type": "Feature",
   "properties": {
    "klima_id": "KV21",
    "projekt_navn": "Hanstholmvej",
    "typologi": "Skybrudsveje",
    "vandopland": "København Vest"
   },
   "geometry": {
    "type": "LineString",
    "coordinates": [
     [
      12.48575,
      55.68517
     ],
     [
      12.48487,
      55.68504
     ],
     [
      12.48399,
      55.68491
     ],
     [
      12.48234,
      55.68475
     ],
     [
      12.48131,
      55.68465
     ],
     [
      12.48014,
      55.68464
     ],
     [
      12.47992,
      55.68464
     ],
     [
      12.47888,
      55.68482
     ]
    ]
   }
  },
  {
   "type": "Feature",
   "properties": {
    "klima_id": "KV8",
    "projekt_navn": "Sonnerupvej",
    "typologi": "Skybrudsveje",
    "vandopland": "København Vest"
   },
   "geometry": {
    "type": "LineString",
    "coordinates": [
     [
      12.48981,
      55.70172
     ],
     [
      12.48971,
      55.70182
     ],
     [
      12.48776,
      55.70334
     ],
     [
      12.48581,
      55.70501
     ],
     [
      12.48389,
      55.70658
     ],
     [
      12.48113,
      55.70879
     ],
     [
      12.48115,
      55.7089
     ]
    ]
   }
  },
  {
   "type": "Feature",
   "properties": {
    "klima_id": "KV18",
    "projekt_navn": "Lyngholmvej",
    "typologi": "Skybrudsveje",
    "vandopland": "København Vest"
   },
   "geometry": {
    "type": "LineString",
    "coordinates": [
     [
      12.48115,
      55.68869
     ],
     [
      12.47862,
      55.68841
     ],
     [
      12.47719,
      55.68825
     ],
     [
      12.47701,
      55.68823
     ],
     [
      12.47616,
      55.6883
     ],
     [
      12.47598,
      55.68835
     ],
     [
      12.47535,
      55.68851
     ],
     [
      12.47472,
      55.68867
     ],
     [
      12.47401,
      55.68886
     ],
     [
      12.47343,
      55.68901
     ],
     [
      12.47226,
      55.6893
     ],
     [
      12.47209,
      55.68939
     ],
     [
      12.47083,
      55.68921
     ]
    ]
   }
  },
  {
   "type": "Feature",
   "properties": {
    "klima_id": "VEL15",
    "projekt_navn": "Supplerende skybrudsveje Sønder Boulevard",
    "typologi": "Skybrudsveje",
    "vandopland": "Vesterbro-ladegaardså"
   },
   "geometry": {
    "type": "LineString",
    "coordinates": [
     [
      12.53796,
      55.67031
     ],
     [
      12.53956,
      55.67018
     ],
     [
      12.54002,
      55.66936
     ],
     [
      12.54006,
      55.66849
     ],
     [
      12.54043,
      55.66847
     ],
     [
      12.54119,
      55.66828
     ],
     [
      12.54137,
      55.66806
     ]
    ]
   }
  },
  {
   "type": "Feature",
   "properties": {
    "klima_id": "VEL4",
    "projekt_navn": "Enghave Plads",
    "typologi": "Skybrudsveje",
    "vandopland": "Vesterbro-ladegaardså"
   },
   "geometry": {
    "type": "LineString",
    "coordinates": [
     [
      12.54581,
      55.66717
     ],
     [
      12.54692,
      55.66717
     ]
    ]
   }
  },
  {
   "type": "Feature",
   "properties": {
    "klima_id": "KV85",
    "projekt_navn": "Skybrudsledning til Renden",
    "typologi": "Skybrudsledning",
    "vandopland": "København Vest"
   },
   "geometry": {
    "type": "LineString",
    "coordinates": [
     [
      12.52937,
      55.64476
     ],
     [
      12.53125,
      55.64219
     ]
    ]
   }
  },
  {
   "type": "Feature",
   "properties": {
    "klima_id": "Frederiksberg",
    "typologi": "Grønne veje"
   },
   "geometry": {
    "type": "LineString",
    "coordinates": [
     [
      12.5165,
      55.66955
     ],
     [
      12.51451,
      55.66965
     ],
     [
      12.51195,
      55.66979
     ],
     [
      12.5118,
      55.6695
     ]
    ]
   }
  },
  {
   "type": "Feature",
   "properties": {
    "klima_id": "Frederiksberg",
    "typologi": "Skybrudsledning"
   },
   "geometry": {
    "type": "LineString",
    "coordinates": [
     [
      12.51229,
      55.68358
     ],
     [
      12.5124,
      55.68373
     ],
     [
      12.51277,
      55.68421
     ],
     [
      12.51313,
      55.68468
     ],
     [
      12.51349,
      55.68515
     ],
     [
      12.51363,
      55.68533
     ],
     [
      12.51452,
      55.68649
     ],
     [
      12.51391,
      55.68753
     ],
     [
      12.51342,
      55.68834
     ],
     [
      12.51329,
      55.68856
     ],
     [
      12.51246,
      55.68985
     ]
    ]
   }
  },
  {
   "type": "Feature",
   "properties": {
    "klima_id": "VEL13",
    "projekt_navn": "Kingosgade–Enghavevej",
    "typologi": "Skybrudsveje",
    "vandopland": "Vesterbro-ladegaardså"
   },
   "geometry": {
    "type": "LineString",
    "coordinates": [
     [
      12.54508,
      55.67222
     ],
     [
      12.54512,
      55.67215
     ],
     [
      12.54548,
      55.67167
     ],
     [
      12.54576,
      55.6715
     ],
     [
      12.54606,
      55.67081
     ],
     [
      12.54561,
      55.66991
     ]
    ]
   }
  },
  {
   "type": "Feature",
   "properties": {
    "klima_id": "KV26A",
    "projekt_navn": "Vigerslevparken Nord",
    "typologi": "Skybrudsveje",
    "vandopland": "København Vest"
   },
   "geometry": {
    "type": "LineString",
    "coordinates": [
     [
      12.4809,
      55.67252
     ],
     [
      12.4786,
      55.66444
     ]
    ]
   }
  },
  {
   "type": "Feature",
   "properties": {
    "klima_id": "KV7",
    "projekt_navn": "Frederikssundsvej",
    "typologi": "mix",
    "vandopland": "København Vest"
   },
   "geometry": {
    "type": "LineString",
    "coordinates": [
     [
      12.49247,
      55.70542
     ],
     [
      12.49161,
      55.70558
     ],
     [
      12.49064,
      55.7058
     ],
     [
      12.48999,
      55.70597
     ],
     [
      12.48472,
      55.70799
     ],
     [
      12.4812,
      55.70926
     ],
     [
      12.47981,
      55.70973
     ],
     [
      12.47791,
      55.71035
     ],
     [
      12.47778,
      55.71038
     ]
    ]
   }
  },
  {
   "type": "Feature",
   "properties": {
    "klima_id": "KV10",
    "projekt_navn": "Husumvej",
    "typologi": "Skybrudsveje",
    "vandopland": "København Vest"
   },
   "geometry": {
    "type": "LineString",
    "coordinates": [
     [
      12.47917,
      55.70318
     ],
     [
      12.47853,
      55.70545
     ],
     [
      12.47759,
      55.70864
     ],
     [
      12.47728,
      55.70857
     ],
     [
      12.47602,
      55.70827
     ],
     [
      12.47505,
      55.70804
     ]
    ]
   }
  },
  {
   "type": "Feature",
   "properties": {
    "klima_id": "Frederiksberg",
    "typologi": "mix"
   },
   "geometry": {
    "type": "LineString",
    "coordinates": [
     [
      12.52035,
      55.6866
     ],
     [
      12.51948,
      55.68532
     ],
     [
      12.51505,
      55.68637
     ]
    ]
   }
  },
  {
   "type": "Feature",
   "properties": {
    "klima_id": "KV76",
    "projekt_navn": "Enghavevej",
    "typologi": "Skybrudsveje",
    "vandopland": "København Vest"
   },
   "geometry": {
    "type": "LineString",
    "coordinates": [
     [
      12.54159,
      55.66261
     ],
     [
      12.54059,
      55.66072
     ],
     [
      12.53936,
      55.65857
     ],
     [
      12.53899,
      55.65789
     ],
     [
      12.53885,
      55.65763
     ],
     [
      12.53871,
      55.65744
     ],
     [
      12.5384,
      55.65671
     ],
     [
      12.53792,
      55.6557
     ],
     [
      12.53804,
      55.65489
     ],
     [
      12.53858,
      55.65374
     ]
    ]
   }
  },
  {
   "type": "Feature",
   "properties": {
    "klima_id": "VEL43",
    "projekt_navn": "Supplerende mindre Skybrudsveje Bispeengbuen",
    "typologi": "Skybrudsveje",
    "vandopland": "Vesterbro-ladegaardså"
   },
   "geometry": {
    "type": "LineString",
    "coordinates": [
     [
      12.53831,
      55.69799
     ],
     [
      12.53735,
      55.69801
     ],
     [
      12.53675,
      55.69785
     ]
    ]
   }
  },
  {
   "type": "Feature",
   "properties": {
    "klima_id": "OS3",
    "projekt_navn": "Rosenvængets Hovedvej m.fl.",
    "typologi": "Skybrudsledning",
    "vandopland": "Østerbro"
   },
   "geometry": {
    "type": "LineString",
    "coordinates": [
     [
      12.58497,
      55.70009
     ],
     [
      12.58447,
      55.7008
     ],
     [
      12.5843,
      55.701
     ],
     [
      12.58494,
      55.70117
     ],
     [
      12.58727,
      55.70174
     ],
     [
      12.58823,
      55.70199
     ],
     [
      12.58833,
      55.70198
     ],
     [
      12.58843,
      55.70197
     ]
    ]
   }
  },
  {
   "type": "Feature",
   "properties": {
    "klima_id": "KV77",
    "projekt_navn": "P. Knudsens Gade",
    "typologi": "mix",
    "vandopland": "København Vest"
   },
   "geometry": {
    "type": "LineString",
    "coordinates": [
     [
      12.53441,
      55.65224
     ],
     [
      12.53877,
      55.65339
     ],
     [
      12.53962,
      55.65361
     ]
    ]
   }
  },
  {
   "type": "Feature",
   "properties": {
    "klima_id": "KV58",
    "projekt_navn": "J.P.E. Hartmanns allé",
    "typologi": "Skybrudsledning",
    "vandopland": "København Vest"
   },
   "geometry": {
    "type": "LineString",
    "coordinates": [
     [
      12.50092,
      55.66453
     ],
     [
      12.50325,
      55.6645
     ],
     [
      12.5063,
      55.66447
     ]
    ]
   }
  },
  {
   "type": "Feature",
   "properties": {
    "klima_id": "Frederiksberg",
    "typologi": "Skybrudsledning"
   },
   "geometry": {
    "type": "LineString",
    "coordinates": [
     [
      12.51482,
      55.68491
     ],
     [
      12.51349,
      55.68515
     ]
    ]
   }
  },
  {
   "type": "Feature",
   "properties": {
    "klima_id": "OS23",
    "projekt_navn": "Vordingborggade",
    "typologi": "Skybrudsledning",
    "vandopland": "Østerbro"
   },
   "geometry": {
    "type": "LineString",
    "coordinates": [
     [
      12.58536,
      55.70797
     ],
     [
      12.58673,
      55.70803
     ],
     [
      12.58866,
      55.70878
     ],
     [
      12.5894,
      55.70908
     ],
     [
      12.58951,
      55.70912
     ]
    ]
   }
  },
  {
   "type": "Feature",
   "properties": {
    "klima_id": "OS23",
    "projekt_navn": "Vordingborggade",
    "typologi": "Skybrudsledning",
    "vandopland": "Østerbro"
   },
   "geometry": {
    "type": "LineString",
    "coordinates": [
     [
      12.58381,
      55.70797
     ],
     [
      12.5777,
      55.70797
     ]
    ]
   }
  },
  {
   "type": "Feature",
   "properties": {
    "klima_id": "OS27",
    "projekt_navn": "Skybrudstunnel fra Østbanegade til Nordbassinet ",
    "typologi": "Skybrudsledning",
    "vandopland": "Østerbro"
   },
   "geometry": {
    "type": "LineString",
    "coordinates": [
     [
      12.59253,
      55.70468
     ],
     [
      12.5908,
      55.70457
     ]
    ]
   }
  },
  {
   "type": "Feature",
   "properties": {
    "klima_id": "KV11",
    "projekt_navn": "Veksøvej",
    "typologi": "Skybrudsveje",
    "vandopland": "København Vest"
   },
   "geometry": {
    "type": "LineString",
    "coordinates": [
     [
      12.47484,
      55.70251
     ],
     [
      12.47426,
      55.70244
     ],
     [
      12.47265,
      55.70229
     ],
     [
      12.47229,
      55.70226
     ],
     [
      12.47193,
      55.70222
     ],
     [
      12.47036,
      55.702
     ],
     [
      12.4692,
      55.70184
     ],
     [
      12.46996,
      55.6999
     ]
    ]
   }
  },
  {
   "type": "Feature",
   "properties": {
    "klima_id": "Frederiksberg",
    "typologi": "Grønne veje"
   },
   "geometry": {
    "type": "LineString",
    "coordinates": [
     [
      12.52049,
      55.68956
     ],
     [
      12.52141,
      55.69082
     ]
    ]
   }
  },
  {
   "type": "Feature",
   "properties": {
    "klima_id": "Frederiksberg",
    "typologi": "Grønne veje"
   },
   "geometry": {
    "type": "LineString",
    "coordinates": [
     [
      12.52282,
      55.66711
     ],
     [
      12.51943,
      55.66825
     ],
     [
      12.51891,
      55.66865
     ],
     [
      12.51773,
      55.66911
     ],
     [
      12.5174,
      55.66911
     ]
    ]
   }
  },
  {
   "type": "Feature",
   "properties": {
    "klima_id": "Frederiksberg",
    "typologi": "Skybrudsveje"
   },
   "geometry": {
    "type": "LineString",
    "coordinates": [
     [
      12.49924,
      55.68249
     ],
     [
      12.49911,
      55.68163
     ],
     [
      12.49927,
      55.68135
     ],
     [
      12.49991,
      55.68108
     ],
     [
      12.50001,
      55.68072
     ],
     [
      12.50069,
      55.68045
     ],
     [
      12.50062,
      55.68009
     ],
     [
      12.50014,
      55.67972
     ],
     [
      12.50004,
      55.67929
     ],
     [
      12.49899,
      55.67921
     ],
     [
      12.49798,
      55.67916
     ],
     [
      12.49765,
      55.67914
     ],
     [
      12.49629,
      55.67911
     ],
     [
      12.49454,
      55.67906
     ],
     [
      12.49447,
      55.67906
     ],
     [
      12.49418,
      55.67905
     ],
     [
      12.49314,
      55.67901
     ],
     [
      12.49219,
      55.67911
     ]
    ]
   }
  },
  {
   "type": "Feature",
   "properties": {
    "klima_id": "Frederiksberg",
    "typologi": "Grønne veje"
   },
   "geometry": {
    "type": "LineString",
    "coordinates": [
     [
      12.51812,
      55.67186
     ],
     [
      12.5171,
      55.66968
     ],
     [
      12.51713,
      55.66905
     ],
     [
      12.51718,
      55.66812
     ]
    ]
   }
  },
  {
   "type": "Feature",
   "properties": {
    "klima_id": "KV10",
    "projekt_navn": "Husumvej",
    "typologi": "Skybrudsveje",
    "vandopland": "København Vest"
   },
   "geometry": {
    "type": "LineString",
    "coordinates": [
     [
      12.48048,
      55.69806
     ],
     [
      12.48045,
      55.69875
     ],
     [
      12.47996,
      55.70053
     ],
     [
      12.47975,
      55.70128
     ],
     [
      12.47961,
      55.70177
     ],
     [
      12.47953,
      55.70206
     ],
     [
      12.47944,
      55.70245
     ],
     [
      12.47936,
      55.70266
     ]
    ]
   }
  },
  {
   "type": "Feature",
   "properties": {
    "klima_id": "OS24",
    "projekt_navn": "Koldinggade",
    "typologi": "Skybrudsledning",
    "vandopland": "Østerbro"
   },
   "geometry": {
    "type": "LineString",
    "coordinates": [
     [
      12.58016,
      55.70729
     ],
     [
      12.58314,
      55.70729
     ]
    ]
   }
  },
  {
   "type": "Feature",
   "properties": {
    "klima_id": "KV50",
    "projekt_navn": "Ådalsvej",
    "typologi": "Skybrudsveje",
    "vandopland": "København Vest"
   },
   "geometry": {
    "type": "LineString",
    "coordinates": [
     [
      12.45439,
      55.7064
     ],
     [
      12.45447,
      55.70632
     ],
     [
      12.45452,
      55.70628
     ],
     [
      12.45456,
      55.70623
     ],
     [
      12.45466,
      55.70614
     ],
     [
      12.45471,
      55.70609
     ],
     [
      12.45538,
      55.70524
     ],
     [
      12.45553,
      55.70508
     ],
     [
      12.45565,
      55.70497
     ],
     [
      12.45574,
      55.70489
     ],
     [
      12.45587,
      55.70481
     ],
     [
      12.456,
      55.70474
     ],
     [
      12.45608,
      55.7047
     ],
     [
      12.45621,
      55.70465
     ],
     [
      12.45643,
      55.70456
     ],
     [
      12.45669,
      55.70445
     ],
     [
      12.45697,
      55.70436
     ],
     [
      12.45709,
      55.70433
     ],
     [
      12.45788,
      55.7041
     ],
     [
      12.45815,
      55.70403
     ],
     [
      12.45833,
      55.70399
     ],
     [
      12.45855,
      55.70395
     ],
     [
      12.45872,
      55.7039
     ],
     [
      12.45945,
      55.70368
     ],
     [
      12.45982,
      55.70355
     ],
     [
      12.4605,
      55.70333
     ],
     [
      12.46071,
      55.70327
     ],
     [
      12.46095,
      55.70323
     ],
     [
      12.46118,
      55.7032
     ],
     [
      12.46144,
      55.70317
     ],
     [
      12.46278,
      55.7031
     ],
     [
      12.46303,
      55.70308
     ],
     [
      12.46319,
      55.70306
     ],
     [
      12.46327,
      55.70304
     ],
     [
      12.46342,
      55.703
     ],
     [
      12.46353,
      55.70297
     ],
     [
      12.46366,
      55.70291
     ],
     [
      12.46377,
      55.70284
     ],
     [
      12.46384,
      55.7028
     ],
     [
      12.46389,
      55.70276
     ],
     [
      12.46414,
      55.70254
     ],
     [
      12.46419,
      55.70247
     ],
     [
      12.46423,
      55.70239
     ],
     [
      12.46424,
      55.70232
     ],
     [
      12.46423,
      55.70226
     ],
     [
      12.46422,
      55.70222
     ],
     [
      12.46418,
      55.70215
     ],
     [
      12.46413,
      55.7021
     ],
     [
      12.46409,
      55.70205
     ],
     [
      12.46406,
      55.70197
     ],
     [
      12.46403,
      55.70188
     ],
     [
      12.46395,
      55.7014
     ],
     [
      12.46394,
      55.70123
     ],
     [
      12.46395,
      55.7011
     ],
     [
      12.46391,
      55.70098
     ]
    ]
   }
  },
  {
   "type": "Feature",
   "properties": {
    "klima_id": "KV36",
    "projekt_navn": "Vigerslevparken Syd",
    "typologi": "Skybrudsveje",
    "vandopland": "København Vest"
   },
   "geometry": {
    "type": "LineString",
    "coordinates": [
     [
      12.48875,
      55.64895
     ],
     [
      12.48876,
      55.64894
     ],
     [
      12.48881,
      55.6489
     ],
     [
      12.48887,
      55.64886
     ],
     [
      12.48916,
      55.64869
     ],
     [
      12.48925,
      55.64862
     ],
     [
      12.48934,
      55.64851
     ],
     [
      12.48948,
      55.64835
     ],
     [
      12.48958,
      55.64822
     ],
     [
      12.48962,
      55.64818
     ],
     [
      12.48967,
      55.64813
     ],
     [
      12.48986,
      55.64789
     ],
     [
      12.49006,
      55.64766
     ],
     [
      12.49013,
      55.64756
     ],
     [
      12.49016,
      55.64745
     ],
     [
      12.49018,
      55.6474
     ],
     [
      12.49022,
      55.64737
     ],
     [
      12.49027,
      55.64724
     ],
     [
      12.49028,
      55.6472
     ],
     [
      12.4903,
      55.64715
     ],
     [
      12.49031,
      55.64707
     ],
     [
      12.49031,
      55.64695
     ],
     [
      12.49038,
      55.64666
     ],
     [
      12.49041,
      55.64663
     ],
     [
      12.49044,
      55.64658
     ],
     [
      12.49048,
      55.64647
     ],
     [
      12.4906,
      55.6464
     ],
     [
      12.49074,
      55.64636
     ],
     [
      12.49122,
      55.64607
     ],
     [
      12.49224,
      55.64583
     ],
     [
      12.49288,
      55.64578
     ],
     [
      12.49303,
      55.64575
     ],
     [
      12.4941,
      55.6455
     ],
     [
      12.49411,
      55.6455
     ],
     [
      12.49431,
      55.64541
     ],
     [
      12.49467,
      55.64519
     ],
     [
      12.49496,
      55.64497
     ],
     [
      12.49509,
      55.64486
     ],
     [
      12.49511,
      55.64484
     ],
     [
      12.49557,
      55.64445
     ],
     [
      12.49581,
      55.64427
     ],
     [
      12.49632,
      55.64388
     ],
     [
      12.49677,
      55.64354
     ],
     [
      12.49695,
      55.64342
     ],
     [
      12.49711,
      55.64332
     ],
     [
      12.49722,
      55.64321
     ],
     [
      12.49725,
      55.64303
     ],
     [
      12.4974,
      55.64295
     ],
     [
      12.49779,
      55.64278
     ],
     [
      12.49822,
      55.64269
     ],
     [
      12.49865,
      55.64259
     ],
     [
      12.49874,
      55.64256
     ],
     [
      12.49887,
      55.64249
     ],
     [
      12.49919,
      55.64232
     ],
     [
      12.49943,
      55.6422
     ],
     [
      12.49969,
      55.64204
     ],
     [
      12.49986,
      55.64194
     ],
     [
      12.50002,
      55.64185
     ],
     [
      12.50012,
      55.6418
     ],
     [
      12.50031,
      55.6417
     ],
     [
      12.50049,
      55.64162
     ],
     [
      12.50053,
      55.64158
     ],
     [
      12.50059,
      55.64154
     ],
     [
      12.50067,
      55.6415
     ],
     [
      12.50079,
      55.64147
     ],
     [
      12.5009,
      55.64143
     ],
     [
      12.50101,
      55.64138
     ],
     [
      12.50109,
      55.6413
     ],
     [
      12.50117,
      55.64122
     ],
     [
      12.50123,
      55.64114
     ],
     [
      12.50129,
      55.64107
     ],
     [
      12.50134,
      55.64103
     ],
     [
      12.50136,
      55.64099
     ],
     [
      12.50143,
      55.64093
     ],
     [
      12.5015,
      55.64088
     ],
     [
      12.50165,
      55.6406
     ],
     [
      12.50167,
      55.64057
     ],
     [
      12.50178,
      55.64041
     ],
     [
      12.50181,
      55.64037
     ],
     [
      12.5018,
      55.64033
     ],
     [
      12.50178,
      55.64027
     ],
     [
      12.50177,
      55.64022
     ],
     [
      12.50206,
      55.63978
     ],
     [
      12.50217,
      55.6396
     ],
     [
      12.50234,
      55.63935
     ],
     [
      12.50245,
      55.63919
     ],
     [
      12.50258,
      55.63905
     ],
     [
      12.50299,
      55.63872
     ],
     [
      12.50346,
      55.63833
     ],
     [
      12.50401,
      55.63789
     ],
     [
      12.50449,
      55.6375
     ],
     [
      12.50541,
      55.63678
     ],
     [
      12.50646,
      55.63595
     ],
     [
      12.50657,
      55.6359
     ],
     [
      12.5066,
      55.63589
     ],
     [
      12.5066,
      55.63589
     ],
     [
      12.50664,
      55.63583
     ],
     [
      12.50664,
      55.63583
     ],
     [
      12.50662,
      55.63577
     ]
    ]
   }
  },
  {
   "type": "Feature",
   "properties": {
    "klima_id": "KV26B",
    "projekt_navn": "Vigerslevparken Midt",
    "typologi": "Skybrudsveje",
    "vandopland": "København Vest"
   },
   "geometry": {
    "type": "LineString",
    "coordinates": [
     [
      12.47861,
      55.66444
     ],
     [
      12.47855,
      55.664
     ],
     [
      12.47826,
      55.66375
     ],
     [
      12.47817,
      55.66313
     ],
     [
      12.47817,
      55.66307
     ],
     [
      12.47813,
      55.6624
     ],
     [
      12.47812,
      55.66228
     ],
     [
      12.4781,
      55.66166
     ],
     [
      12.47808,
      55.66156
     ],
     [
      12.47802,
      55.66143
     ],
     [
      12.4779,
      55.6612
     ],
     [
      12.47773,
      55.66087
     ],
     [
      12.4777,
      55.66082
     ],
     [
      12.47758,
      55.66052
     ],
     [
      12.47755,
      55.66043
     ],
     [
      12.47751,
      55.66033
     ],
     [
      12.4774,
      55.66002
     ],
     [
      12.47735,
      55.65954
     ],
     [
      12.47732,
      55.65919
     ],
     [
      12.47732,
      55.65895
     ],
     [
      12.47733,
      55.65872
     ],
     [
      12.47735,
      55.65852
     ],
     [
      12.47736,
      55.65844
     ],
     [
      12.4774,
      55.65823
     ],
     [
      12.47745,
      55.658
     ],
     [
      12.47752,
      55.65778
     ],
     [
      12.47772,
      55.65735
     ],
     [
      12.47781,
      55.65717
     ],
     [
      12.47782,
      55.65712
     ],
     [
      12.47782,
      55.65707
     ],
     [
      12.47789,
      55.65698
     ],
     [
      12.4779,
      55.65698
     ],
     [
      12.47803,
      55.65689
     ],
     [
      12.47812,
      55.65678
     ],
     [
      12.47818,
      55.6567
     ],
     [
      12.47842,
      55.65646
     ],
     [
      12.479,
      55.65598
     ],
     [
      12.479,
      55.65598
     ],
     [
      12.47949,
      55.65563
     ],
     [
      12.47988,
      55.65533
     ],
     [
      12.4802,
      55.65512
     ],
     [
      12.48084,
      55.65466
     ],
     [
      12.48127,
      55.65436
     ],
     [
      12.48155,
      55.65416
     ],
     [
      12.48162,
      55.65411
     ],
     [
      12.48174,
      55.6541
     ],
     [
      12.4822,
      55.65412
     ],
     [
      12.48235,
      55.6541
     ],
     [
      12.48246,
      55.65408
     ],
     [
      12.48283,
      55.65399
     ],
     [
      12.48308,
      55.6539
     ],
     [
      12.48354,
      55.65369
     ],
     [
      12.48378,
      55.65353
     ],
     [
      12.48385,
      55.65347
     ],
     [
      12.48394,
      55.6534
     ],
     [
      12.48398,
      55.65336
     ],
     [
      12.48406,
      55.6533
     ],
     [
      12.48418,
      55.65321
     ],
     [
      12.48438,
      55.65308
     ],
     [
      12.48439,
      55.65307
     ],
     [
      12.48459,
      55.65293
     ],
     [
      12.48496,
      55.65267
     ],
     [
      12.48504,
      55.6526
     ],
     [
      12.48515,
      55.65252
     ],
     [
      12.48525,
      55.65247
     ],
     [
      12.48552,
      55.65232
     ],
     [
      12.48587,
      55.65212
     ],
     [
      12.48606,
      55.65201
     ],
     [
      12.48617,
      55.65195
     ],
     [
      12.48628,
      55.65189
     ],
     [
      12.48648,
      55.65178
     ],
     [
      12.48681,
      55.65162
     ],
     [
      12.48694,
      55.65155
     ],
     [
      12.48706,
      55.65148
     ],
     [
      12.48721,
      55.65139
     ],
     [
      12.48733,
      55.65131
     ],
     [
      12.48746,
      55.6512
     ],
     [
      12.48757,
      55.65108
     ],
     [
      12.48768,
      55.65094
     ],
     [
      12.48777,
      55.65077
     ],
     [
      12.48787,
      55.65061
     ],
     [
      12.48797,
      55.65044
     ],
     [
      12.48807,
      55.65025
     ],
     [
      12.48813,
      55.65011
     ],
     [
      12.48818,
      55.64997
     ],
     [
      12.48826,
      55.64991
     ],
     [
      12.48836,
      55.64984
     ],
     [
      12.48842,
      55.64973
     ],
     [
      12.48842,
      55.64968
     ],
     [
      12.48846,
      55.64966
     ],
     [
      12.48865,
      55.64938
     ],
     [
      12.48855,
      55.64917
     ],
     [
      12.48875,
      55.64895
     ]
    ]
   }
  },
  {
   "type": "Feature",
   "properties": {
    "klima_id": "Frederiksberg",
    "typologi": "Forsinkelsesveje"
   },
   "geometry": {
    "type": "LineString",
    "coordinates": [
     [
      12.52101,
      55.68761
     ],
     [
      12.52035,
      55.6866
     ]
    ]
   }
  },
  {
   "type": "Feature",
   "properties": {
    "klima_id": "KV20",
    "projekt_navn": "Damhusengen",
    "typologi": "Skybrudsveje",
    "vandopland": "København Vest"
   },
   "geometry": {
    "type": "LineString",
    "coordinates": [
     [
      12.46703,
      55.69132
     ],
     [
      12.46773,
      55.69076
     ],
     [
      12.4701,
      55.6889
     ],
     [
      12.47151,
      55.6876
     ],
     [
      12.47135,
      55.68683
     ],
     [
      12.47141,
      55.6858
     ],
     [
      12.47151,
      55.68483
     ],
     [
      12.47184,
      55.68428
     ],
     [
      12.47301,
      55.68287
     ],
     [
      12.47176,
      55.68143
     ],
     [
      12.46978,
      55.68084
     ],
     [
      12.46953,
      55.68039
     ],
     [
      12.47044,
      55.67904
     ],
     [
      12.47107,
      55.67852
     ],
     [
      12.47218,
      55.67754
     ],
     [
      12.47233,
      55.67676
     ],
     [
      12.47307,
      55.67584
     ],
     [
      12.47332,
      55.6742
     ],
     [
      12.47429,
      55.67369
     ],
     [
      12.47525,
      55.67357
     ],
     [
      12.47677,
      55.67326
     ],
     [
      12.47847,
      55.67319
     ],
     [
      12.47958,
      55.67311
     ],
     [
      12.47992,
      55.67287
     ],
     [
      12.47941,
      55.6717
     ]
    ]
   }
  },
  {
   "type": "Feature",
   "properties": {
    "klima_id": "KV1",
    "projekt_navn": "Korsager allé",
    "typologi": "Skybrudsveje",
    "vandopland": "København Vest"
   },
   "geometry": {
    "type": "LineString",
    "coordinates": [
     [
      12.47677,
      55.71495
     ],
     [
      12.47638,
      55.71407
     ],
     [
      12.47627,
      55.71347
     ],
     [
      12.47628,
      55.7132
     ],
     [
      12.47637,
      55.71284
     ],
     [
      12.47719,
      55.71283
     ],
     [
      12.47801,
      55.71261
     ],
     [
      12.47873,
      55.71238
     ],
     [
      12.47751,
      55.71088
     ]
    ]
   }
  },
  {
   "type": "Feature",
   "properties": {
    "klima_id": "KV75",
    "projekt_navn": "Enghave Brygge",
    "typologi": "Skybrudsveje",
    "vandopland": "København Vest"
   },
   "geometry": {
    "type": "LineString",
    "coordinates": [
     [
      12.55789,
      55.66147
     ],
     [
      12.55782,
      55.66142
     ],
     [
      12.55758,
      55.66115
     ],
     [
      12.5575,
      55.66102
     ],
     [
      12.55743,
      55.66088
     ],
     [
      12.55738,
      55.66077
     ],
     [
      12.55734,
      55.66068
     ],
     [
      12.55729,
      55.66055
     ],
     [
      12.55726,
      55.66043
     ],
     [
      12.55719,
      55.65994
     ],
     [
      12.55717,
      55.65951
     ],
     [
      12.55716,
      55.65911
     ],
     [
      12.55711,
      55.65885
     ]
    ]
   }
  },
  {
   "type": "Feature",
   "properties": {
    "klima_id": "Frederiksberg",
    "typologi": "Grønne veje"
   },
   "geometry": {
    "type": "LineString",
    "coordinates": [
     [
      12.49426,
      55.68041
     ],
     [
      12.49412,
      55.67978
     ],
     [
      12.49413,
      55.67941
     ],
     [
      12.49418,
      55.67918
     ]
    ]
   }
  },
  {
   "type": "Feature",
   "properties": {
    "klima_id": "Frederiksberg",
    "typologi": "Grønne veje"
   },
   "geometry": {
    "type": "LineString",
    "coordinates": [
     [
      12.49572,
      55.6831
     ],
     [
      12.49681,
      55.68384
     ],
     [
      12.49763,
      55.68417
     ],
     [
      12.49835,
      55.6842
     ],
     [
      12.49894,
      55.68391
     ],
     [
      12.49975,
      55.68267
     ]
    ]
   }
  },
  {
   "type": "Feature",
   "properties": {
    "klima_id": "KV75",
    "projekt_navn": "Enghave Brygge",
    "typologi": "mix",
    "vandopland": "København Vest"
   },
   "geometry": {
    "type": "LineString",
    "coordinates": [
     [
      12.55711,
      55.65885
     ],
     [
      12.557,
      55.65864
     ],
     [
      12.5568,
      55.65835
     ],
     [
      12.55659,
      55.65815
     ],
     [
      12.55634,
      55.65794
     ],
     [
      12.55598,
      55.65776
     ],
     [
      12.55561,
      55.6576
     ],
     [
      12.55501,
      55.65742
     ],
     [
      12.5546,
      55.65734
     ],
     [
      12.55418,
      55.65727
     ],
     [
      12.55083,
      55.65679
     ],
     [
      12.55027,
      55.65671
     ],
     [
      12.54745,
      55.65631
     ],
     [
      12.54618,
      55.65613
     ],
     [
      12.54566,
      55.65606
     ],
     [
      12.54531,
      55.65599
     ],
     [
      12.54381,
      55.65554
     ],
     [
      12.54289,
      55.65454
     ]
    ]
   }
  },
  {
   "type": "Feature",
   "properties": {
    "klima_id": "Frederiksberg",
    "typologi": "Forsinkelsesveje"
   },
   "geometry": {
    "type": "LineString",
    "coordinates": [
     [
      12.51452,
      55.68649
     ],
     [
      12.51363,
      55.68533
     ],
     [
      12.51349,
      55.68515
     ],
     [
      12.51313,
      55.68468
     ],
     [
      12.51277,
      55.68421
     ],
     [
      12.5124,
      55.68373
     ],
     [
      12.51229,
      55.68358
     ],
     [
      12.51162,
      55.68271
     ],
     [
      12.51095,
      55.68183
     ]
    ]
   }
  },
  {
   "type": "Feature",
   "properties": {
    "klima_id": "KV84",
    "projekt_navn": "Valby skybrudstunnel ",
    "typologi": "Skybrudsledning",
    "vandopland": "København Vest"
   },
   "geometry": {
    "type": "LineString",
    "coordinates": [
     [
      12.50818,
      55.65674
     ],
     [
      12.50802,
      55.65313
     ],
     [
      12.50905,
      55.6494
     ],
     [
      12.52657,
      55.64309
     ],
     [
      12.53125,
      55.64219
     ]
    ]
   }
  },
  {
   "type": "Feature",
   "properties": {
    "klima_id": "KV42",
    "projekt_navn": "Slotsherrensvej Øst",
    "typologi": "Forsinkelsesveje",
    "vandopland": "København Vest"
   },
   "geometry": {
    "type": "LineString",
    "coordinates": [
     [
      12.48149,
      55.69782
     ],
     [
      12.48227,
      55.69783
     ]
    ]
   }
  },
  {
   "type": "Feature",
   "properties": {
    "klima_id": "AM7",
    "projekt_navn": "Messinavej",
    "typologi": "Forsinkelsesveje",
    "vandopland": "Amager"
   },
   "geometry": {
    "type": "LineString",
    "coordinates": [
     [
      12.62457,
      55.65775
     ],
     [
      12.62223,
      55.65832
     ],
     [
      12.62049,
      55.6588
     ]
    ]
   }
  },
  {
   "type": "Feature",
   "properties": {
    "klima_id": "AM7",
    "projekt_navn": "Messinavej",
    "typologi": "Forsinkelsesveje",
    "vandopland": "Amager"
   },
   "geometry": {
    "type": "LineString",
    "coordinates": [
     [
      12.62049,
      55.6588
     ],
     [
      12.62131,
      55.65898
     ],
     [
      12.62213,
      55.65916
     ]
    ]
   }
  },
  {
   "type": "Feature",
   "properties": {
    "klima_id": "AM7",
    "projekt_navn": "Messinavej",
    "typologi": "Forsinkelsesveje",
    "vandopland": "Amager"
   },
   "geometry": {
    "type": "LineString",
    "coordinates": [
     [
      12.62223,
      55.65832
     ],
     [
      12.62256,
      55.65876
     ],
     [
      12.62213,
      55.65916
     ],
     [
      12.62168,
      55.65962
     ],
     [
      12.62124,
      55.66008
     ],
     [
      12.62064,
      55.66116
     ],
     [
      12.62062,
      55.66121
     ]
    ]
   }
  },
  {
   "type": "Feature",
   "properties": {
    "klima_id": "KV38",
    "projekt_navn": "Folehaven",
    "typologi": "Forsinkelsesveje",
    "vandopland": "København Vest"
   },
   "geometry": {
    "type": "LineString",
    "coordinates": [
     [
      12.51212,
      55.65044
     ],
     [
      12.51209,
      55.65044
     ],
     [
      12.51075,
      55.65048
     ],
     [
      12.5079,
      55.65067
     ],
     [
      12.50739,
      55.65071
     ],
     [
      12.50696,
      55.65073
     ],
     [
      12.5065,
      55.65074
     ],
     [
      12.50606,
      55.65077
     ]
    ]
   }
  },
  {
   "type": "Feature",
   "properties": {
    "klima_id": "AM3",
    "projekt_navn": "Lergravsvej og Lergravsparken. Østrigsgade – Øresund",
    "typologi": "mix",
    "vandopland": "Amager"
   },
   "geometry": {
    "type": "LineString",
    "coordinates": [
     [
      12.61592,
      55.6623
     ],
     [
      12.61759,
      55.66264
     ],
     [
      12.61826,
      55.66277
     ],
     [
      12.61858,
      55.6629
     ],
     [
      12.62018,
      55.66325
     ],
     [
      12.62284,
      55.66378
     ],
     [
      12.62319,
      55.66384
     ],
     [
      12.62516,
      55.66404
     ],
     [
      12.62713,
      55.66425
     ],
     [
      12.62972,
      55.66455
     ],
     [
      12.63021,
      55.66457
     ],
     [
      12.63045,
      55.66459
     ],
     [
      12.63062,
      55.6646
     ]
    ]
   }
  },
  {
   "type": "Feature",
   "properties": {
    "klima_id": "AM48",
    "projekt_navn": "Christianshavns Torv og Torvegade",
    "typologi": "mix",
    "vandopland": "Amager"
   },
   "geometry": {
    "type": "LineString",
    "coordinates": [
     [
      12.59307,
      55.67155
     ],
     [
      12.59205,
      55.67208
     ],
     [
      12.59166,
      55.67181
     ],
     [
      12.59071,
      55.67223
     ]
    ]
   }
  },
  {
   "type": "Feature",
   "properties": {
    "klima_id": "AM4",
    "projekt_navn": "Strandlodsvej, Nyrnberggade og Bremensgade",
    "typologi": "mix",
    "vandopland": "Amager"
   },
   "geometry": {
    "type": "LineString",
    "coordinates": [
     [
      12.62212,
      55.66474
     ],
     [
      12.62123,
      55.66586
     ],
     [
      12.62112,
      55.666
     ],
     [
      12.62033,
      55.66702
     ],
     [
      12.61916,
      55.66854
     ]
    ]
   }
  },
  {
   "type": "Feature",
   "properties": {
    "klima_id": "AM39",
    "projekt_navn": "Vermlandsgade. Uplandsgade – Prags Boulevard",
    "typologi": "Forsinkelsesveje",
    "vandopland": "Amager"
   },
   "geometry": {
    "type": "LineString",
    "coordinates": [
     [
      12.61191,
      55.66736
     ],
     [
      12.61163,
      55.668
     ],
     [
      12.61128,
      55.66954
     ]
    ]
   }
  },
  {
   "type": "Feature",
   "properties": {
    "klima_id": "AM4",
    "projekt_navn": "Strandlodsvej, Nyrnberggade og Bremensgade",
    "typologi": "mix",
    "vandopland": "Amager"
   },
   "geometry": {
    "type": "LineString",
    "coordinates": [
     [
      12.6225,
      55.66421
     ],
     [
      12.62262,
      55.66409
     ]
    ]
   }
  },
  {
   "type": "Feature",
   "properties": {
    "klima_id": "AM37",
    "projekt_navn": "Sturlasgade",
    "typologi": "Skybrudsveje",
    "vandopland": "Amager"
   },
   "geometry": {
    "type": "LineString",
    "coordinates": [
     [
      12.57686,
      55.66243
     ],
     [
      12.57488,
      55.66326
     ],
     [
      12.5729,
      55.66408
     ],
     [
      12.5721,
      55.66417
     ]
    ]
   }
  },
  {
   "type": "Feature",
   "properties": {
    "klima_id": "AM39",
    "projekt_navn": "Vermlandsgade. Uplandsgade – Prags Boulevard",
    "typologi": "Forsinkelsesveje",
    "vandopland": "Amager"
   },
   "geometry": {
    "type": "LineString",
    "coordinates": [
     [
      12.60425,
      55.66828
     ],
     [
      12.60667,
      55.66809
     ],
     [
      12.60826,
      55.66787
     ],
     [
      12.61191,
      55.66736
     ]
    ]
   }
  },
  {
   "type": "Feature",
   "properties": {
    "klima_id": "AM11",
    "projekt_navn": "Grækenslandsgade. Kretavej – Greisvej",
    "typologi": "Forsinkelsesveje",
    "vandopland": "Amager"
   },
   "geometry": {
    "type": "LineString",
    "coordinates": [
     [
      12.61605,
      55.65222
     ],
     [
      12.61638,
      55.65169
     ],
     [
      12.61682,
      55.65059
     ],
     [
      12.61757,
      55.64978
     ],
     [
      12.61784,
      55.64922
     ],
     [
      12.61811,
      55.64866
     ],
     [
      12.61862,
      55.64774
     ],
     [
      12.61969,
      55.64631
     ],
     [
      12.6204,
      55.64516
     ]
    ]
   }
  },
  {
   "type": "Feature",
   "properties": {
    "klima_id": "AM38",
    "projekt_navn": "Weidekampsgade",
    "typologi": "Skybrudsveje",
    "vandopland": "Amager"
   },
   "geometry": {
    "type": "LineString",
    "coordinates": [
     [
      12.5813,
      55.66769
     ],
     [
      12.58591,
      55.66573
     ]
    ]
   }
  },
  {
   "type": "Feature",
   "properties": {
    "klima_id": "AM39",
    "projekt_navn": "Vermlandsgade. Uplandsgade – Prags Boulevard",
    "typologi": "Forsinkelsesveje",
    "vandopland": "Amager"
   },
   "geometry": {
    "type": "LineString",
    "coordinates": [
     [
      12.60667,
      55.66809
     ],
     [
      12.60771,
      55.66652
     ]
    ]
   }
  },
  {
   "type": "Feature",
   "properties": {
    "klima_id": "AM14",
    "projekt_navn": "Hedegaardsvej og Jorisvej",
    "typologi": "Skybrudsveje",
    "vandopland": "Amager"
   },
   "geometry": {
    "type": "LineString",
    "coordinates": [
     [
      12.63815,
      55.65093
     ],
     [
      12.63731,
      55.65088
     ],
     [
      12.6361,
      55.64963
     ],
     [
      12.63607,
      55.6495
     ],
     [
      12.63611,
      55.64933
     ]
    ]
   }
  },
  {
   "type": "Feature",
   "properties": {
    "klima_id": "Frederiksberg",
    "typologi": "Grønne veje"
   },
   "geometry": {
    "type": "LineString",
    "coordinates": [
     [
      12.53512,
      55.68469
     ],
     [
      12.53696,
      55.6842
     ]
    ]
   }
  },
  {
   "type": "Feature",
   "properties": {
    "klima_id": "AM4",
    "projekt_navn": "Strandlodsvej, Nyrnberggade og Bremensgade",
    "typologi": "mix",
    "vandopland": "Amager"
   },
   "geometry": {
    "type": "LineString",
    "coordinates": [
     [
      12.61782,
      55.66384
     ],
     [
      12.61619,
      55.66603
     ],
     [
      12.6159,
      55.66649
     ],
     [
      12.61557,
      55.66696
     ],
     [
      12.61512,
      55.66766
     ]
    ]
   }
  },
  {
   "type": "Feature",
   "properties": {
    "klima_id": "AM4",
    "projekt_navn": "Strandlodsvej, Nyrnberggade og Bremensgade",
    "typologi": "mix",
    "vandopland": "Amager"
   },
   "geometry": {
    "type": "LineString",
    "coordinates": [
     [
      12.61782,
      55.66384
     ],
     [
      12.61829,
      55.66323
     ]
    ]
   }
  },
  {
   "type": "Feature",
   "properties": {
    "klima_id": "AM4",
    "projekt_navn": "Strandlodsvej, Nyrnberggade og Bremensgade",
    "typologi": "mix",
    "vandopland": "Amager"
   },
   "geometry": {
    "type": "LineString",
    "coordinates": [
     [
      12.61941,
      55.66423
     ],
     [
      12.6199,
      55.66357
     ]
    ]
   }
  },
  {
   "type": "Feature",
   "properties": {
    "klima_id": "AM4",
    "projekt_navn": "Strandlodsvej, Nyrnberggade og Bremensgade",
    "typologi": "Skybrudsveje",
    "vandopland": "Amager"
   },
   "geometry": {
    "type": "LineString",
    "coordinates": [
     [
      12.61233,
      55.66636
     ],
     [
      12.61188,
      55.66697
     ]
    ]
   }
  },
  {
   "type": "Feature",
   "properties": {
    "klima_id": "AM12A",
    "projekt_navn": "Greisvej. Amagerbrogade - Grækenlandsvej Vest",
    "typologi": "mix",
    "vandopland": "Amager"
   },
   "geometry": {
    "type": "LineString",
    "coordinates": [
     [
      12.61611,
      55.64393
     ],
     [
      12.6174,
      55.64426
     ],
     [
      12.61798,
      55.6444
     ],
     [
      12.61852,
      55.64473
     ],
     [
      12.61903,
      55.64483
     ],
     [
      12.62027,
      55.64506
     ]
    ]
   }
  },
  {
   "type": "Feature",
   "properties": {
    "klima_id": "KV38",
    "projekt_navn": "Folehaven",
    "typologi": "Forsinkelsesveje",
    "vandopland": "København Vest"
   },
   "geometry": {
    "type": "LineString",
    "coordinates": [
     [
      12.48704,
      55.6527
     ],
     [
      12.48666,
      55.6527
     ],
     [
      12.48583,
      55.65268
     ],
     [
      12.48564,
      55.65268
     ],
     [
      12.48499,
      55.65267
     ],
     [
      12.48497,
      55.65267
     ]
    ]
   }
  },
  {
   "type": "Feature",
   "properties": {
    "klima_id": "BIR15.1",
    "projekt_navn": "Svenskelejren",
    "typologi": "Skybrudsledning",
    "vandopland": "Bispebjerg"
   },
   "geometry": {
    "type": "LineString",
    "coordinates": [
     [
      12.50616,
      55.7045
     ],
     [
      12.50617,
      55.70478
     ],
     [
      12.50591,
      55.70536
     ]
    ]
   }
  },
  {
   "type": "Feature",
   "properties": {
    "klima_id": "BIR15.1",
    "projekt_navn": "Svenskelejren",
    "typologi": "Skybrudsledning",
    "vandopland": "Bispebjerg"
   },
   "geometry": {
    "type": "LineString",
    "coordinates": [
     [
      12.50614,
      55.70428
     ],
     [
      12.50616,
      55.7045
     ]
    ]
   }
  },
  {
   "type": "Feature",
   "properties": {
    "klima_id": "BIR19.1,19.2&19.5",
    "projekt_navn": "Emdrupparken",
    "typologi": "Skybrudsledning",
    "vandopland": "Bispebjerg"
   },
   "geometry": {
    "type": "LineString",
    "coordinates": [
     [
      12.53097,
      55.72496
     ],
     [
      12.5313,
      55.72495
     ],
     [
      12.5327,
      55.72491
     ],
     [
      12.53273,
      55.72521
     ]
    ]
   }
  },
  {
   "type": "Feature",
   "properties": {
    "klima_id": "BIR20.2",
    "projekt_navn": "Søborghusrenden/Tuborgvej",
    "typologi": "Skybrudsledning",
    "vandopland": "Bispebjerg"
   },
   "geometry": {
    "type": "LineString",
    "coordinates": [
     [
      12.54584,
      55.72289
     ],
     [
      12.54618,
      55.72276
     ]
    ]
   }
  },
  {
   "type": "Feature",
   "properties": {
    "klima_id": "BIR18.2",
    "projekt_navn": "Pragtstjernevej",
    "typologi": "Skybrudsledning",
    "vandopland": "Bispebjerg"
   },
   "geometry": {
    "type": "LineString",
    "coordinates": [
     [
      12.53182,
      55.72201
     ],
     [
      12.53171,
      55.72103
     ],
     [
      12.53111,
      55.72102
     ],
     [
      12.53094,
      55.72096
     ],
     [
      12.53123,
      55.72071
     ],
     [
      12.53133,
      55.72059
     ],
     [
      12.53139,
      55.72046
     ],
     [
      12.53145,
      55.72026
     ],
     [
      12.5315,
      55.72006
     ],
     [
      12.52856,
      55.71989
     ]
    ]
   }
  },
  {
   "type": "Feature",
   "properties": {
    "klima_id": "BIR11.5",
    "projekt_navn": "Rebekkavej",
    "typologi": "Skybrudsveje",
    "vandopland": "Bispebjerg"
   },
   "geometry": {
    "type": "LineString",
    "coordinates": [
     [
      12.5638,
      55.72974
     ],
     [
      12.56332,
      55.72812
     ]
    ]
   }
  },
  {
   "type": "Feature",
   "properties": {
    "klima_id": "BIR16.4",
    "projekt_navn": "Ørevadsvej",
    "typologi": "Skybrudsveje",
    "vandopland": "Bispebjerg"
   },
   "geometry": {
    "type": "LineString",
    "coordinates": [
     [
      12.51725,
      55.7156
     ],
     [
      12.51738,
      55.71545
     ],
     [
      12.51753,
      55.71533
     ],
     [
      12.51788,
      55.7152
     ],
     [
      12.51856,
      55.71502
     ]
    ]
   }
  },
  {
   "type": "Feature",
   "properties": {
    "klima_id": "BIR5.7",
    "projekt_navn": "Dortheavej",
    "typologi": "Skybrudsledning",
    "vandopland": "Bispebjerg"
   },
   "geometry": {
    "type": "LineString",
    "coordinates": [
     [
      12.53211,
      55.70687
     ],
     [
      12.53211,
      55.70642
     ],
     [
      12.53229,
      55.70643
     ],
     [
      12.53666,
      55.70643
     ],
     [
      12.53677,
      55.70641
     ],
     [
      12.53824,
      55.70614
     ],
     [
      12.54039,
      55.70574
     ]
    ]
   }
  },
  {
   "type": "Feature",
   "properties": {
    "klima_id": "BIR5.8",
    "projekt_navn": "Lygten",
    "typologi": "Skybrudsledning",
    "vandopland": "Bispebjerg"
   },
   "geometry": {
    "type": "LineString",
    "coordinates": [
     [
      12.53675,
      55.70235
     ],
     [
      12.53748,
      55.70225
     ],
     [
      12.53772,
      55.70329
     ]
    ]
   }
  },
  {
   "type": "Feature",
   "properties": {
    "klima_id": "KV7",
    "projekt_navn": "Frederikssundsvej",
    "typologi": "mix",
    "vandopland": "København Vest"
   },
   "geometry": {
    "type": "LineString",
    "coordinates": [
     [
      12.46481,
      55.71421
     ],
     [
      12.46813,
      55.71304
     ],
     [
      12.47077,
      55.71233
     ],
     [
      12.47497,
      55.71119
     ]
    ]
   }
  },
  {
   "type": "Feature",
   "properties": {
    "klima_id": "BIR7.9",
    "projekt_navn": "Pernillevej",
    "typologi": "Skybrudsveje",
    "vandopland": "Bispebjerg"
   },
   "geometry": {
    "type": "LineString",
    "coordinates": [
     [
      12.53863,
      55.7191
     ],
     [
      12.53823,
      55.71854
     ]
    ]
   }
  },
  {
   "type": "Feature",
   "properties": {
    "klima_id": "BIR18.5",
    "projekt_navn": "Grønnemose Allé",
    "typologi": "Skybrudsveje",
    "vandopland": "Bispebjerg"
   },
   "geometry": {
    "type": "LineString",
    "coordinates": [
     [
      12.52519,
      55.7253
     ],
     [
      12.52512,
      55.72515
     ],
     [
      12.52505,
      55.72498
     ],
     [
      12.52501,
      55.72483
     ],
     [
      12.52499,
      55.7247
     ],
     [
      12.52496,
      55.72445
     ],
     [
      12.52495,
      55.72439
     ],
     [
      12.52494,
      55.72423
     ],
     [
      12.52496,
      55.72379
     ],
     [
      12.525,
      55.72355
     ],
     [
      12.52506,
      55.72328
     ],
     [
      12.5252,
      55.72279
     ],
     [
      12.52385,
      55.72267
     ],
     [
      12.52274,
      55.72258
     ],
     [
      12.52261,
      55.72256
     ],
     [
      12.52254,
      55.72247
     ]
    ]
   }
  },
  {
   "type": "Feature",
   "properties": {
    "klima_id": "BIR7.9",
    "projekt_navn": "Pernillevej",
    "typologi": "Skybrudsveje",
    "vandopland": "Bispebjerg"
   },
   "geometry": {
    "type": "LineString",
    "coordinates": [
     [
      12.53755,
      55.71733
     ],
     [
      12.53792,
      55.71806
     ]
    ]
   }
  },
  {
   "type": "Feature",
   "properties": {
    "klima_id": "BIR12.2",
    "projekt_navn": "Ruten Øst ",
    "typologi": "Skybrudsledning",
    "vandopland": "Bispebjerg"
   },
   "geometry": {
    "type": "LineString",
    "coordinates": [
     [
      12.48369,
      55.71795
     ],
     [
      12.48328,
      55.71719
     ],
     [
      12.4836,
      55.71711
     ],
     [
      12.48301,
      55.71636
     ]
    ]
   }
  },
  {
   "type": "Feature",
   "properties": {
    "klima_id": "BIR12.1&12.3",
    "projekt_navn": "Tingbjerg ",
    "typologi": "Skybrudsledning",
    "vandopland": "Bispebjerg"
   },
   "geometry": {
    "type": "LineString",
    "coordinates": [
     [
      12.48916,
      55.71743
     ],
     [
      12.48936,
      55.7174
     ],
     [
      12.48911,
      55.71702
     ],
     [
      12.48945,
      55.71667
     ]
    ]
   }
  },
  {
   "type": "Feature",
   "properties": {
    "klima_id": "BIR5.3",
    "projekt_navn": "Smedetoften m.fl.",
    "typologi": "Forsinkelsesveje",
    "vandopland": "Bispebjerg"
   },
   "geometry": {
    "type": "LineString",
    "coordinates": [
     [
      12.51941,
      55.70973
     ],
     [
      12.52143,
      55.70937
     ]
    ]
   }
  },
  {
   "type": "Feature",
   "properties": {
    "klima_id": "AM33",
    "projekt_navn": "Frankrigsgade",
    "typologi": "Forsinkelsesveje",
    "vandopland": "Amager"
   },
   "geometry": {
    "type": "LineString",
    "coordinates": [
     [
      12.60713,
      55.66133
     ],
     [
      12.60528,
      55.66048
     ]
    ]
   }
  },
  {
   "type": "Feature",
   "properties": {
    "klima_id": "Frederiksberg",
    "typologi": "Skybrudsveje"
   },
   "geometry": {
    "type": "LineString",
    "coordinates": [
     [
      12.51316,
      55.68168
     ],
     [
      12.51143,
      55.68142
     ]
    ]
   }
  },
  {
   "type": "Feature",
   "properties": {
    "klima_id": "Frederiksberg",
    "typologi": "mix"
   },
   "geometry": {
    "type": "LineString",
    "coordinates": [
     [
      12.5177,
      55.68282
     ],
     [
      12.51295,
      55.68361
     ]
    ]
   }
  },
  {
   "type": "Feature",
   "properties": {
    "klima_id": "BIR15.1",
    "projekt_navn": "Svenskelejren",
    "typologi": "Skybrudsledning",
    "vandopland": "Bispebjerg"
   },
   "geometry": {
    "type": "LineString",
    "coordinates": [
     [
      12.50591,
      55.70536
     ],
     [
      12.50723,
      55.70555
     ]
    ]
   }
  },
  {
   "type": "Feature",
   "properties": {
    "klima_id": "AM4",
    "projekt_navn": "Strandlodsvej, Nyrnberggade og Bremensgade",
    "typologi": "mix",
    "vandopland": "Amager"
   },
   "geometry": {
    "type": "LineString",
    "coordinates": [
     [
      12.61619,
      55.66646
     ],
     [
      12.6206,
      55.66595
     ]
    ]
   }
  },
  {
   "type": "Feature",
   "properties": {
    "klima_id": "KV22",
    "projekt_navn": "Lønstrupvej",
    "typologi": "Skybrudsveje",
    "vandopland": "København Vest"
   },
   "geometry": {
    "type": "LineString",
    "coordinates": [
     [
      12.47967,
      55.68565
     ],
     [
      12.47893,
      55.68542
     ],
     [
      12.4781,
      55.68492
     ],
     [
      12.47748,
      55.68445
     ],
     [
      12.47719,
      55.68405
     ],
     [
      12.47704,
      55.6836
     ],
     [
      12.47693,
      55.68302
     ],
     [
      12.47683,
      55.68244
     ],
     [
      12.47595,
      55.68228
     ],
     [
      12.4747,
      55.68204
     ],
     [
      12.4739,
      55.68186
     ]
    ]
   }
  },
  {
   "type": "Feature",
   "properties": {
    "klima_id": "BIR5.8",
    "projekt_navn": "Lygten",
    "typologi": "Skybrudsveje",
    "vandopland": "Bispebjerg"
   },
   "geometry": {
    "type": "LineString",
    "coordinates": [
     [
      12.53792,
      55.704
     ],
     [
      12.53825,
      55.70571
     ],
     [
      12.53829,
      55.70581
     ]
    ]
   }
  },
  {
   "type": "Feature",
   "properties": {
    "klima_id": "BIR5.5",
    "projekt_navn": "Fuglekvarteret Vest",
    "typologi": "Skybrudsveje",
    "vandopland": "Bispebjerg"
   },
   "geometry": {
    "type": "LineString",
    "coordinates": [
     [
      12.52575,
      55.70487
     ],
     [
      12.52649,
      55.70457
     ],
     [
      12.52706,
      55.70434
     ]
    ]
   }
  },
  {
   "type": "Feature",
   "properties": {
    "klima_id": "BIR5.6",
    "projekt_navn": "Rentemestervej",
    "typologi": "Skybrudsveje",
    "vandopland": "Bispebjerg"
   },
   "geometry": {
    "type": "LineString",
    "coordinates": [
     [
      12.52763,
      55.70793
     ],
     [
      12.52817,
      55.70781
     ],
     [
      12.52812,
      55.70769
     ],
     [
      12.52816,
      55.70755
     ],
     [
      12.52832,
      55.70748
     ],
     [
      12.52853,
      55.70742
     ],
     [
      12.52899,
      55.70729
     ],
     [
      12.52949,
      55.70715
     ],
     [
      12.52911,
      55.70673
     ]
    ]
   }
  },
  {
   "type": "Feature",
   "properties": {
    "klima_id": "BIR7.9",
    "projekt_navn": "Pernillevej",
    "typologi": "Skybrudsveje",
    "vandopland": "Bispebjerg"
   },
   "geometry": {
    "type": "LineString",
    "coordinates": [
     [
      12.53969,
      55.71909
     ],
     [
      12.53907,
      55.71838
     ]
    ]
   }
  },
  {
   "type": "Feature",
   "properties": {
    "klima_id": "BIR5.5",
    "projekt_navn": "Fuglekvarteret Vest",
    "typologi": "Skybrudsveje",
    "vandopland": "Bispebjerg"
   },
   "geometry": {
    "type": "LineString",
    "coordinates": [
     [
      12.52617,
      55.70311
     ],
     [
      12.52514,
      55.70348
     ],
     [
      12.52487,
      55.70331
     ]
    ]
   }
  },
  {
   "type": "Feature",
   "properties": {
    "klima_id": "BIR11.4",
    "projekt_navn": "Ryparken Øst",
    "typologi": "Skybrudsledning",
    "vandopland": "Bispebjerg"
   },
   "geometry": {
    "type": "LineString",
    "coordinates": [
     [
      12.5618,
      55.72396
     ],
     [
      12.56161,
      55.72248
     ]
    ]
   }
  },
  {
   "type": "Feature",
   "properties": {
    "klima_id": "BIR11.4",
    "projekt_navn": "Ryparken Øst",
    "typologi": "Skybrudsledning",
    "vandopland": "Bispebjerg"
   },
   "geometry": {
    "type": "LineString",
    "coordinates": [
     [
      12.55862,
      55.72241
     ],
     [
      12.56161,
      55.72248
     ]
    ]
   }
  },
  {
   "type": "Feature",
   "properties": {
    "klima_id": "BIR3.1",
    "projekt_navn": "Vesterled",
    "typologi": "Skybrudsveje",
    "vandopland": "Bispebjerg"
   },
   "geometry": {
    "type": "LineString",
    "coordinates": [
     [
      12.58055,
      55.72033
     ],
     [
      12.58049,
      55.71995
     ],
     [
      12.58068,
      55.71939
     ],
     [
      12.58076,
      55.71915
     ],
     [
      12.58076,
      55.71915
     ],
     [
      12.58086,
      55.71872
     ]
    ]
   }
  },
  {
   "type": "Feature",
   "properties": {
    "klima_id": "BIR3.1",
    "projekt_navn": "Vesterled",
    "typologi": "Skybrudsveje",
    "vandopland": "Bispebjerg"
   },
   "geometry": {
    "type": "LineString",
    "coordinates": [
     [
      12.5814,
      55.71691
     ],
     [
      12.58118,
      55.71768
     ],
     [
      12.58104,
      55.71813
     ]
    ]
   }
  },
  {
   "type": "Feature",
   "properties": {
    "klima_id": "BIR11.4",
    "projekt_navn": "Ryparken Øst",
    "typologi": "Skybrudsledning",
    "vandopland": "Bispebjerg"
   },
   "geometry": {
    "type": "LineString",
    "coordinates": [
     [
      12.56161,
      55.72248
     ],
     [
      12.56281,
      55.7221
     ],
     [
      12.56326,
      55.72198
     ]
    ]
   }
  },
  {
   "type": "Feature",
   "properties": {
    "klima_id": "BIR3.1",
    "projekt_navn": "Vesterled",
    "typologi": "Skybrudsveje",
    "vandopland": "Bispebjerg"
   },
   "geometry": {
    "type": "LineString",
    "coordinates": [
     [
      12.5784,
      55.71888
     ],
     [
      12.58015,
      55.71909
     ]
    ]
   }
  },
  {
   "type": "Feature",
   "properties": {
    "klima_id": "BIR13.3",
    "projekt_navn": "Brønshøj Gadekær",
    "typologi": "Skybrudsveje",
    "vandopland": "Bispebjerg"
   },
   "geometry": {
    "type": "LineString",
    "coordinates": [
     [
      12.50019,
      55.70161
     ],
     [
      12.49997,
      55.70237
     ],
     [
      12.49985,
      55.70257
     ],
     [
      12.49955,
      55.70284
     ],
     [
      12.49923,
      55.7031
     ],
     [
      12.49909,
      55.70315
     ]
    ]
   }
  },
  {
   "type": "Feature",
   "properties": {
    "klima_id": "BIR14.1",
    "projekt_navn": "Præstegårds Allé",
    "typologi": "Skybrudsledning",
    "vandopland": "Bispebjerg"
   },
   "geometry": {
    "type": "LineString",
    "coordinates": [
     [
      12.49386,
      55.70517
     ],
     [
      12.49454,
      55.70509
     ],
     [
      12.49473,
      55.70583
     ],
     [
      12.49435,
      55.7065
     ],
     [
      12.4944,
      55.70702
     ]
    ]
   }
  },
  {
   "type": "Feature",
   "properties": {
    "klima_id": "BIR16.1",
    "projekt_navn": "Hyrdevangen",
    "typologi": "mix",
    "vandopland": "Bispebjerg"
   },
   "geometry": {
    "type": "LineString",
    "coordinates": [
     [
      12.51202,
      55.7087
     ],
     [
      12.51222,
      55.70891
     ],
     [
      12.51241,
      55.70913
     ],
     [
      12.51249,
      55.70925
     ],
     [
      12.51262,
      55.70951
     ],
     [
      12.51268,
      55.7097
     ],
     [
      12.51272,
      55.70997
     ],
     [
      12.51273,
      55.71011
     ],
     [
      12.51271,
      55.71037
     ],
     [
      12.51259,
      55.71078
     ],
     [
      12.51252,
      55.71094
     ],
     [
      12.51219,
      55.71168
     ],
     [
      12.5125,
      55.71196
     ]
    ]
   }
  },
  {
   "type": "Feature",
   "properties": {
    "klima_id": "BIR7.9",
    "projekt_navn": "Pernillevej",
    "typologi": "Skybrudsveje",
    "vandopland": "Bispebjerg"
   },
   "geometry": {
    "type": "LineString",
    "coordinates": [
     [
      12.53805,
      55.71718
     ],
     [
      12.5387,
      55.71792
     ]
    ]
   }
  },
  {
   "type": "Feature",
   "properties": {
    "klima_id": "BIR12.1&12.3",
    "projekt_navn": "Tingbjerg ",
    "typologi": "Skybrudsveje",
    "vandopland": "Bispebjerg"
   },
   "geometry": {
    "type": "LineString",
    "coordinates": [
     [
      12.47979,
      55.71881
     ],
     [
      12.47923,
      55.71814
     ]
    ]
   }
  },
  {
   "type": "Feature",
   "properties": {
    "klima_id": "BIR5.3",
    "projekt_navn": "Smedetoften m.fl.",
    "typologi": "Forsinkelsesveje",
    "vandopland": "Bispebjerg"
   },
   "geometry": {
    "type": "LineString",
    "coordinates": [
     [
      12.5212,
      55.70861
     ],
     [
      12.52143,
      55.70939
     ],
     [
      12.52145,
      55.70944
     ],
     [
      12.5217,
      55.70993
     ]
    ]
   }
  },
  {
   "type": "Feature",
   "properties": {
    "klima_id": "KV27",
    "projekt_navn": "Nakskovvej",
    "typologi": "Skybrudsveje",
    "vandopland": "København Vest"
   },
   "geometry": {
    "type": "LineString",
    "coordinates": [
     [
      12.48379,
      55.665
     ],
     [
      12.48345,
      55.6647
     ],
     [
      12.48317,
      55.66438
     ],
     [
      12.48308,
      55.66421
     ]
    ]
   }
  },
  {
   "type": "Feature",
   "properties": {
    "klima_id": "BIR5.5",
    "projekt_navn": "Fuglekvarteret Vest",
    "typologi": "Skybrudsveje",
    "vandopland": "Bispebjerg"
   },
   "geometry": {
    "type": "LineString",
    "coordinates": [
     [
      12.5234,
      55.70704
     ],
     [
      12.5254,
      55.70639
     ],
     [
      12.52531,
      55.7063
     ],
     [
      12.52512,
      55.70614
     ],
     [
      12.5274,
      55.70524
     ],
     [
      12.52919,
      55.70454
     ]
    ]
   }
  },
  {
   "type": "Feature",
   "properties": {
    "klima_id": "BIR15.1",
    "projekt_navn": "Svenskelejren",
    "typologi": "Skybrudsveje",
    "vandopland": "Bispebjerg"
   },
   "geometry": {
    "type": "LineString",
    "coordinates": [
     [
      12.50499,
      55.70486
     ],
     [
      12.505,
      55.70522
     ],
     [
      12.50573,
      55.70533
     ]
    ]
   }
  },
  {
   "type": "Feature",
   "properties": {
    "klima_id": "BIR2.3",
    "projekt_navn": "Vestagervej",
    "typologi": "Forsinkelsesveje",
    "vandopland": "Bispebjerg"
   },
   "geometry": {
    "type": "LineString",
    "coordinates": [
     [
      12.57278,
      55.72444
     ],
     [
      12.57441,
      55.7244
     ]
    ]
   }
  },
  {
   "type": "Feature",
   "properties": {
    "klima_id": "BIR3.1",
    "projekt_navn": "Vesterled",
    "typologi": "Skybrudsveje",
    "vandopland": "Bispebjerg"
   },
   "geometry": {
    "type": "LineString",
    "coordinates": [
     [
      12.58293,
      55.71782
     ],
     [
      12.5818,
      55.71774
     ]
    ]
   }
  },
  {
   "type": "Feature",
   "properties": {
    "klima_id": "BIR20.1",
    "projekt_navn": "Emdrup Huse",
    "typologi": "Skybrudsledning",
    "vandopland": "Bispebjerg"
   },
   "geometry": {
    "type": "LineString",
    "coordinates": [
     [
      12.54605,
      55.72125
     ],
     [
      12.54725,
      55.72192
     ]
    ]
   }
  },
  {
   "type": "Feature",
   "properties": {
    "klima_id": "Frederiksberg",
    "typologi": "Grønne veje"
   },
   "geometry": {
    "type": "LineString",
    "coordinates": [
     [
      12.51616,
      55.68106
     ],
     [
      12.51534,
      55.68
     ],
     [
      12.51492,
      55.68005
     ],
     [
      12.5144,
      55.67916
     ]
    ]
   }
  },
  {
   "type": "Feature",
   "properties": {
    "klima_id": "Frederiksberg",
    "typologi": "Grønne veje"
   },
   "geometry": {
    "type": "LineString",
    "coordinates": [
     [
      12.5146,
      55.67033
     ],
     [
      12.51451,
      55.66984
     ]
    ]
   }
  },
  {
   "type": "Feature",
   "properties": {
    "klima_id": "Frederiksberg",
    "typologi": "Grønne veje"
   },
   "geometry": {
    "type": "LineString",
    "coordinates": [
     [
      12.5255,
      55.69324
     ],
     [
      12.52696,
      55.69465
     ]
    ]
   }
  },
  {
   "type": "Feature",
   "properties": {
    "klima_id": "BIR2.3",
    "projekt_navn": "Vestagervej",
    "typologi": "mix",
    "vandopland": "Bispebjerg"
   },
   "geometry": {
    "type": "LineString",
    "coordinates": [
     [
      12.57434,
      55.72528
     ],
     [
      12.57441,
      55.7244
     ],
     [
      12.57451,
      55.72357
     ],
     [
      12.57461,
      55.72286
     ]
    ]
   }
  },
  {
   "type": "Feature",
   "properties": {
    "klima_id": "BIR5.8",
    "projekt_navn": "Lygten",
    "typologi": "Skybrudsledning",
    "vandopland": "Bispebjerg"
   },
   "geometry": {
    "type": "LineString",
    "coordinates": [
     [
      12.53648,
      55.70351
     ],
     [
      12.53651,
      55.70324
     ],
     [
      12.53715,
      55.70327
     ],
     [
      12.53772,
      55.70329
     ],
     [
      12.53792,
      55.704
     ],
     [
      12.53811,
      55.70493
     ],
     [
      12.53833,
      55.70612
     ],
     [
      12.53833,
      55.70611
     ]
    ]
   }
  },
  {
   "type": "Feature",
   "properties": {
    "klima_id": "BIR18.3",
    "projekt_navn": "Rådvadsvej",
    "typologi": "Grønne veje",
    "vandopland": "Bispebjerg"
   },
   "geometry": {
    "type": "LineString",
    "coordinates": [
     [
      12.52891,
      55.71962
     ],
     [
      12.52844,
      55.71931
     ],
     [
      12.5281,
      55.71916
     ],
     [
      12.52776,
      55.71907
     ]
    ]
   }
  },
  {
   "type": "Feature",
   "properties": {
    "klima_id": "AM9",
    "projekt_navn": "Italiensvej. Kastrupvej – Amager Strandvej",
    "typologi": "mix",
    "vandopland": "Amager"
   },
   "geometry": {
    "type": "LineString",
    "coordinates": [
     [
      12.61905,
      55.65417
     ],
     [
      12.62277,
      55.65494
     ],
     [
      12.62533,
      55.65548
     ],
     [
      12.62671,
      55.65576
     ],
     [
      12.62906,
      55.65613
     ]
    ]
   }
  },
  {
   "type": "Feature",
   "properties": {
    "klima_id": "AM49",
    "projekt_navn": "Floridavej",
    "typologi": "Skybrudsveje",
    "vandopland": "Amager"
   },
   "geometry": {
    "type": "LineString",
    "coordinates": [
     [
      12.58552,
      55.63799
     ],
     [
      12.58674,
      55.63807
     ],
     [
      12.58809,
      55.63813
     ],
     [
      12.58871,
      55.63812
     ],
     [
      12.5887,
      55.63739
     ]
    ]
   }
  },
  {
   "type": "Feature",
   "properties": {
    "klima_id": "OS24",
    "projekt_navn": "Koldinggade",
    "typologi": "Skybrudsledning",
    "vandopland": "Østerbro"
   },
   "geometry": {
    "type": "LineString",
    "coordinates": [
     [
      12.58379,
      55.70794
     ],
     [
      12.58314,
      55.70729
     ],
     [
      12.58265,
      55.7068
     ],
     [
      12.58033,
      55.7068
     ],
     [
      12.57768,
      55.7068
     ]
    ]
   }
  },
  {
   "type": "Feature",
   "properties": {
    "klima_id": "Frederiksberg",
    "typologi": "Grønne veje"
   },
   "geometry": {
    "type": "LineString",
    "coordinates": [
     [
      12.51816,
      55.6808
     ],
     [
      12.51739,
      55.67941
     ]
    ]
   }
  },
  {
   "type": "Feature",
   "properties": {
    "klima_id": "BIR14.4",
    "projekt_navn": "Pilesvinget",
    "typologi": "Grønne veje",
    "vandopland": "Bispebjerg"
   },
   "geometry": {
    "type": "LineString",
    "coordinates": [
     [
      12.48665,
      55.7087
     ],
     [
      12.48722,
      55.70879
     ],
     [
      12.48751,
      55.70885
     ],
     [
      12.48779,
      55.70893
     ],
     [
      12.488,
      55.70901
     ],
     [
      12.4882,
      55.70915
     ],
     [
      12.48831,
      55.70925
     ],
     [
      12.48845,
      55.70944
     ],
     [
      12.48856,
      55.70958
     ]
    ]
   }
  },
  {
   "type": "Feature",
   "properties": {
    "klima_id": "BIR14.4",
    "projekt_navn": "Pilesvinget",
    "typologi": "Grønne veje",
    "vandopland": "Bispebjerg"
   },
   "geometry": {
    "type": "LineString",
    "coordinates": [
     [
      12.49198,
      55.71113
     ],
     [
      12.49248,
      55.71103
     ],
     [
      12.49316,
      55.71099
     ],
     [
      12.49363,
      55.71108
     ],
     [
      12.4939,
      55.71119
     ],
     [
      12.4941,
      55.71129
     ]
    ]
   }
  },
  {
   "type": "Feature",
   "properties": {
    "klima_id": "BIR14.2",
    "projekt_navn": "Brønshøj Kirkevej",
    "typologi": "Skybrudsveje",
    "vandopland": "Bispebjerg"
   },
   "geometry": {
    "type": "LineString",
    "coordinates": [
     [
      12.49916,
      55.70666
     ],
     [
      12.49841,
      55.70667
     ],
     [
      12.49833,
      55.70667
     ],
     [
      12.49894,
      55.70986
     ],
     [
      12.49905,
      55.7104
     ],
     [
      12.49909,
      55.71053
     ],
     [
      12.49945,
      55.71141
     ],
     [
      12.4997,
      55.71265
     ]
    ]
   }
  },
  {
   "type": "Feature",
   "properties": {
    "klima_id": "BIR14.2",
    "projekt_navn": "Brønshøj Kirkevej",
    "typologi": "Skybrudsledning",
    "vandopland": "Bispebjerg"
   },
   "geometry": {
    "type": "LineString",
    "coordinates": [
     [
      12.49932,
      55.70723
     ],
     [
      12.49871,
      55.7072
     ],
     [
      12.49844,
      55.70722
     ],
     [
      12.49849,
      55.70747
     ]
    ]
   }
  },
  {
   "type": "Feature",
   "properties": {
    "klima_id": "BIR13.2",
    "projekt_navn": "Nordfeldvej",
    "typologi": "Skybrudsveje",
    "vandopland": "Bispebjerg"
   },
   "geometry": {
    "type": "LineString",
    "coordinates": [
     [
      12.49281,
      55.70464
     ],
     [
      12.49361,
      55.70459
     ],
     [
      12.49433,
      55.70454
     ]
    ]
   }
  },
  {
   "type": "Feature",
   "properties": {
    "klima_id": "BIR14.1",
    "projekt_navn": "Præstegårds Allé",
    "typologi": "Skybrudsveje",
    "vandopland": "Bispebjerg"
   },
   "geometry": {
    "type": "LineString",
    "coordinates": [
     [
      12.49447,
      55.70844
     ],
     [
      12.4945,
      55.70922
     ],
     [
      12.49475,
      55.70999
     ],
     [
      12.49451,
      55.71074
     ],
     [
      12.49427,
      55.71155
     ]
    ]
   }
  },
  {
   "type": "Feature",
   "properties": {
    "klima_id": "BIR11.5",
    "projekt_navn": "Rebekkavej",
    "typologi": "Skybrudsveje",
    "vandopland": "Bispebjerg"
   },
   "geometry": {
    "type": "LineString",
    "coordinates": [
     [
      12.56566,
      55.72863
     ],
     [
      12.56565,
      55.72861
     ],
     [
      12.56566,
      55.72856
     ],
     [
      12.56574,
      55.72857
     ],
     [
      12.56575,
      55.72854
     ],
     [
      12.56569,
      55.72852
     ],
     [
      12.56577,
      55.72843
     ],
     [
      12.56568,
      55.72839
     ],
     [
      12.56576,
      55.72828
     ],
     [
      12.56592,
      55.72808
     ],
     [
      12.56588,
      55.72793
     ],
     [
      12.56576,
      55.72783
     ]
    ]
   }
  },
  {
   "type": "Feature",
   "properties": {
    "klima_id": "BIR20.3",
    "projekt_navn": "Emdrup Sø",
    "typologi": "Grønne veje",
    "vandopland": "Bispebjerg"
   },
   "geometry": {
    "type": "LineString",
    "coordinates": [
     [
      12.54996,
      55.72161
     ],
     [
      12.54963,
      55.72153
     ],
     [
      12.54908,
      55.72145
     ],
     [
      12.54847,
      55.72145
     ],
     [
      12.54713,
      55.72149
     ],
     [
      12.54678,
      55.7215
     ],
     [
      12.54656,
      55.72151
     ],
     [
      12.54608,
      55.72175
     ],
     [
      12.54566,
      55.72196
     ],
     [
      12.54557,
      55.72203
     ]
    ]
   }
  },
  {
   "type": "Feature",
   "properties": {
    "klima_id": "AM53",
    "projekt_navn": "Ørestads Boulevard",
    "typologi": "Skybrudsledning",
    "vandopland": "Amager"
   },
   "geometry": {
    "type": "LineString",
    "coordinates": [
     [
      12.58636,
      55.66566
     ],
     [
      12.58631,
      55.66592
     ],
     [
      12.58714,
      55.66663
     ],
     [
      12.58742,
      55.66711
     ],
     [
      12.58751,
      55.66761
     ],
     [
      12.58753,
      55.66779
     ]
    ]
   }
  },
  {
   "type": "Feature",
   "properties": {
    "klima_id": "BIR18.3",
    "projekt_navn": "Rådvadsvej",
    "typologi": "Grønne veje",
    "vandopland": "Bispebjerg"
   },
   "geometry": {
    "type": "LineString",
    "coordinates": [
     [
      12.52711,
      55.72057
     ],
     [
      12.52737,
      55.72069
     ],
     [
      12.52767,
      55.72073
     ],
     [
      12.52791,
      55.72065
     ]
    ]
   }
  },
  {
   "type": "Feature",
   "properties": {
    "klima_id": "BIR16.5",
    "projekt_navn": "Mosesvinget",
    "typologi": "Grønne veje",
    "vandopland": "Bispebjerg"
   },
   "geometry": {
    "type": "LineString",
    "coordinates": [
     [
      12.50569,
      55.71344
     ],
     [
      12.50595,
      55.71379
     ],
     [
      12.50625,
      55.71414
     ],
     [
      12.50654,
      55.71433
     ],
     [
      12.50704,
      55.71453
     ]
    ]
   }
  },
  {
   "type": "Feature",
   "properties": {
    "klima_id": "BIR16.1",
    "projekt_navn": "Hyrdevangen",
    "typologi": "mix",
    "vandopland": "Bispebjerg"
   },
   "geometry": {
    "type": "LineString",
    "coordinates": [
     [
      12.51419,
      55.71301
     ],
     [
      12.51506,
      55.71346
     ]
    ]
   }
  },
  {
   "type": "Feature",
   "properties": {
    "klima_id": "BIR16.5",
    "projekt_navn": "Mosesvinget",
    "typologi": "Grønne veje",
    "vandopland": "Bispebjerg"
   },
   "geometry": {
    "type": "LineString",
    "coordinates": [
     [
      12.514,
      55.71673
     ],
     [
      12.51399,
      55.71699
     ],
     [
      12.51385,
      55.71722
     ],
     [
      12.51365,
      55.71738
     ]
    ]
   }
  },
  {
   "type": "Feature",
   "properties": {
    "klima_id": "Frederiksberg",
    "typologi": "Grønne veje"
   },
   "geometry": {
    "type": "LineString",
    "coordinates": [
     [
      12.53468,
      55.68404
     ],
     [
      12.53629,
      55.68364
     ]
    ]
   }
  },
  {
   "type": "Feature",
   "properties": {
    "klima_id": "BIR11.3",
    "projekt_navn": "Ryparken Idrætsanlæg",
    "typologi": "Skybrudsveje",
    "vandopland": "Bispebjerg"
   },
   "geometry": {
    "type": "LineString",
    "coordinates": [
     [
      12.56137,
      55.72004
     ],
     [
      12.56265,
      55.72118
     ]
    ]
   }
  },
  {
   "type": "Feature",
   "properties": {
    "klima_id": "BIR19.3",
    "projekt_navn": "Brønde i Emdrupparkens idrætsanlæg",
    "typologi": "Skybrudsledning",
    "vandopland": "Bispebjerg"
   },
   "geometry": {
    "type": "LineString",
    "coordinates": [
     [
      12.53761,
      55.72439
     ],
     [
      12.53775,
      55.72538
     ],
     [
      12.54016,
      55.7258
     ]
    ]
   }
  },
  {
   "type": "Feature",
   "properties": {
    "klima_id": "OS40",
    "projekt_navn": "Amerikakaj og DFDS-terminalen",
    "typologi": "Skybrudsledning",
    "vandopland": "Østerbro"
   },
   "geometry": {
    "type": "LineString",
    "coordinates": [
     [
      12.59103,
      55.70275
     ],
     [
      12.59497,
      55.70273
     ]
    ]
   }
  },
  {
   "type": "Feature",
   "properties": {
    "klima_id": "BIR5.7",
    "projekt_navn": "Dortheavej",
    "typologi": "mix",
    "vandopland": "Bispebjerg"
   },
   "geometry": {
    "type": "LineString",
    "coordinates": [
     [
      12.53235,
      55.70643
     ],
     [
      12.53666,
      55.70643
     ],
     [
      12.53795,
      55.70618
     ]
    ]
   }
  },
  {
   "type": "Feature",
   "properties": {
    "klima_id": "BIR5.7",
    "projekt_navn": "Dortheavej",
    "typologi": "mix",
    "vandopland": "Bispebjerg"
   },
   "geometry": {
    "type": "LineString",
    "coordinates": [
     [
      12.53686,
      55.70734
     ],
     [
      12.5368,
      55.70674
     ]
    ]
   }
  },
  {
   "type": "Feature",
   "properties": {
    "klima_id": "BIR15.1",
    "projekt_navn": "Svenskelejren",
    "typologi": "Skybrudsveje",
    "vandopland": "Bispebjerg"
   },
   "geometry": {
    "type": "LineString",
    "coordinates": [
     [
      12.50839,
      55.70462
     ],
     [
      12.50632,
      55.7043
     ]
    ]
   }
  },
  {
   "type": "Feature",
   "properties": {
    "klima_id": "AM59",
    "projekt_navn": "Kongedybet skybrudsledning",
    "typologi": "Skybrudsledning",
    "vandopland": "Amager"
   },
   "geometry": {
    "type": "LineString",
    "coordinates": [
     [
      12.59687,
      55.66172
     ],
     [
      12.59394,
      55.66315
     ],
     [
      12.59423,
      55.664
     ],
     [
      12.59397,
      55.66409
     ]
    ]
   }
  },
  {
   "type": "Feature",
   "properties": {
    "klima_id": "BIR5.6",
    "projekt_navn": "Rentemestervej",
    "typologi": "mix",
    "vandopland": "Bispebjerg"
   },
   "geometry": {
    "type": "LineString",
    "coordinates": [
     [
      12.52911,
      55.70641
     ],
     [
      12.53162,
      55.70574
     ]
    ]
   }
  },
  {
   "type": "Feature",
   "properties": {
    "klima_id": "BIR5.5",
    "projekt_navn": "Fuglekvarteret Vest",
    "typologi": "Skybrudsveje",
    "vandopland": "Bispebjerg"
   },
   "geometry": {
    "type": "LineString",
    "coordinates": [
     [
      12.5275,
      55.70416
     ],
     [
      12.5281,
      55.70392
     ],
     [
      12.5286,
      55.70433
     ]
    ]
   }
  },
  {
   "type": "Feature",
   "properties": {
    "klima_id": "BIR2.3",
    "projekt_navn": "Vestagervej",
    "typologi": "Forsinkelsesveje",
    "vandopland": "Bispebjerg"
   },
   "geometry": {
    "type": "LineString",
    "coordinates": [
     [
      12.57067,
      55.72638
     ],
     [
      12.57103,
      55.72517
     ],
     [
      12.57092,
      55.72468
     ],
     [
      12.57224,
      55.72449
     ],
     [
      12.57225,
      55.72449
     ]
    ]
   }
  },
  {
   "type": "Feature",
   "properties": {
    "klima_id": "BIR5.5",
    "projekt_navn": "Fuglekvarteret Vest",
    "typologi": "mix",
    "vandopland": "Bispebjerg"
   },
   "geometry": {
    "type": "LineString",
    "coordinates": [
     [
      12.52621,
      55.7031
     ],
     [
      12.52715,
      55.70389
     ]
    ]
   }
  },
  {
   "type": "Feature",
   "properties": {
    "klima_id": "VEL10",
    "projekt_navn": "Istedgade",
    "typologi": "Forsinkelsesveje",
    "vandopland": "Vesterbro-ladegaardså"
   },
   "geometry": {
    "type": "LineString",
    "coordinates": [
     [
      12.54771,
      55.66748
     ],
     [
      12.55402,
      55.6694
     ]
    ]
   }
  },
  {
   "type": "Feature",
   "properties": {
    "klima_id": "VEL10",
    "projekt_navn": "Istedgade",
    "typologi": "Skybrudsveje",
    "vandopland": "Vesterbro-ladegaardså"
   },
   "geometry": {
    "type": "LineString",
    "coordinates": [
     [
      12.5553,
      55.66979
     ],
     [
      12.55623,
      55.67008
     ],
     [
      12.55699,
      55.6703
     ]
    ]
   }
  },
  {
   "type": "Feature",
   "properties": {
    "klima_id": "VEL30",
    "projekt_navn": "Jagtvej Nord",
    "typologi": "Skybrudsveje",
    "vandopland": "Vesterbro-ladegaardså"
   },
   "geometry": {
    "type": "LineString",
    "coordinates": [
     [
      12.54852,
      55.69408
     ],
     [
      12.54368,
      55.68984
     ]
    ]
   }
  },
  {
   "type": "Feature",
   "properties": {
    "klima_id": "VEL6",
    "projekt_navn": "Ny Carlsberg Vej",
    "typologi": "mix",
    "vandopland": "Vesterbro-ladegaardså"
   },
   "geometry": {
    "type": "LineString",
    "coordinates": [
     [
      12.5391,
      55.66649
     ],
     [
      12.53939,
      55.66647
     ],
     [
      12.54001,
      55.6664
     ]
    ]
   }
  },
  {
   "type": "Feature",
   "properties": {
    "klima_id": "BIR13.3",
    "projekt_navn": "Brønshøj Gadekær",
    "typologi": "Skybrudsveje",
    "vandopland": "Bispebjerg"
   },
   "geometry": {
    "type": "LineString",
    "coordinates": [
     [
      12.49901,
      55.70106
     ],
     [
      12.49885,
      55.70231
     ],
     [
      12.4993,
      55.7026
     ],
     [
      12.49884,
      55.70295
     ]
    ]
   }
  },
  {
   "type": "Feature",
   "properties": {
    "klima_id": "BIR2.2",
    "projekt_navn": "Strandvejen",
    "typologi": "Skybrudsveje",
    "vandopland": "Bispebjerg"
   },
   "geometry": {
    "type": "LineString",
    "coordinates": [
     [
      12.57634,
      55.7265
     ],
     [
      12.57696,
      55.72517
     ],
     [
      12.5776,
      55.72335
     ],
     [
      12.57768,
      55.72277
     ],
     [
      12.57732,
      55.72177
     ]
    ]
   }
  },
  {
   "type": "Feature",
   "properties": {
    "klima_id": "BIR5.8",
    "projekt_navn": "Lygten",
    "typologi": "Skybrudsveje",
    "vandopland": "Bispebjerg"
   },
   "geometry": {
    "type": "LineString",
    "coordinates": [
     [
      12.53336,
      55.70418
     ],
     [
      12.53386,
      55.70427
     ],
     [
      12.5347,
      55.70397
     ],
     [
      12.53592,
      55.70377
     ],
     [
      12.5359,
      55.70362
     ],
     [
      12.53624,
      55.70355
     ]
    ]
   }
  },
  {
   "type": "Feature",
   "properties": {
    "klima_id": "BIR5.6",
    "projekt_navn": "Rentemestervej",
    "typologi": "Skybrudsledning",
    "vandopland": "Bispebjerg"
   },
   "geometry": {
    "type": "LineString",
    "coordinates": [
     [
      12.52915,
      55.70455
     ],
     [
      12.53044,
      55.70405
     ],
     [
      12.53105,
      55.70451
     ],
     [
      12.53111,
      55.70457
     ],
     [
      12.53177,
      55.70521
     ]
    ]
   }
  },
  {
   "type": "Feature",
   "properties": {
    "klima_id": "BIR18.4",
    "projekt_navn": "Engblommevej",
    "typologi": "Grønne veje",
    "vandopland": "Bispebjerg"
   },
   "geometry": {
    "type": "LineString",
    "coordinates": [
     [
      12.52411,
      55.72262
     ],
     [
      12.5243,
      55.72231
     ],
     [
      12.52445,
      55.72209
     ]
    ]
   }
  },
  {
   "type": "Feature",
   "properties": {
    "klima_id": "BIR14.4",
    "projekt_navn": "Pilesvinget",
    "typologi": "Grønne veje",
    "vandopland": "Bispebjerg"
   },
   "geometry": {
    "type": "LineString",
    "coordinates": [
     [
      12.49736,
      55.71228
     ],
     [
      12.49682,
      55.7124
     ],
     [
      12.49642,
      55.71244
     ],
     [
      12.49605,
      55.71245
     ],
     [
      12.49562,
      55.7124
     ]
    ]
   }
  },
  {
   "type": "Feature",
   "properties": {
    "klima_id": "BIR11.1",
    "projekt_navn": "Ryparken",
    "typologi": "Skybrudsledning",
    "vandopland": "Bispebjerg"
   },
   "geometry": {
    "type": "LineString",
    "coordinates": [
     [
      12.55639,
      55.71832
     ],
     [
      12.5579,
      55.71864
     ],
     [
      12.55861,
      55.7174
     ],
     [
      12.559,
      55.71727
     ]
    ]
   }
  },
  {
   "type": "Feature",
   "properties": {
    "klima_id": "Frederiksberg",
    "typologi": "Grønne veje"
   },
   "geometry": {
    "type": "LineString",
    "coordinates": [
     [
      12.52607,
      55.6818
     ],
     [
      12.52848,
      55.68196
     ],
     [
      12.52965,
      55.68204
     ],
     [
      12.53147,
      55.6822
     ],
     [
      12.53186,
      55.68228
     ],
     [
      12.53201,
      55.68244
     ]
    ]
   }
  },
  {
   "type": "Feature",
   "properties": {
    "klima_id": "Frederiksberg",
    "typologi": "Grønne veje"
   },
   "geometry": {
    "type": "LineString",
    "coordinates": [
     [
      12.55,
      55.67455
     ],
     [
      12.55036,
      55.67514
     ],
     [
      12.55072,
      55.67536
     ],
     [
      12.55127,
      55.67616
     ]
    ]
   }
  },
  {
   "type": "Feature",
   "properties": {
    "klima_id": "Frederiksberg",
    "typologi": "Grønne veje"
   },
   "geometry": {
    "type": "LineString",
    "coordinates": [
     [
      12.52245,
      55.68475
     ],
     [
      12.52432,
      55.68434
     ]
    ]
   }
  },
  {
   "type": "Feature",
   "properties": {
    "klima_id": "Frederiksberg",
    "typologi": "Skybrudsveje"
   },
   "geometry": {
    "type": "LineString",
    "coordinates": [
     [
      12.55439,
      55.67777
     ],
     [
      12.55475,
      55.67836
     ],
     [
      12.55487,
      55.67861
     ],
     [
      12.55483,
      55.67902
     ],
     [
      12.55483,
      55.67951
     ],
     [
      12.55574,
      55.67941
     ],
     [
      12.5564,
      55.67937
     ]
    ]
   }
  },
  {
   "type": "Feature",
   "properties": {
    "klima_id": "Frederiksberg",
    "typologi": "Skybrudsveje"
   },
   "geometry": {
    "type": "LineString",
    "coordinates": [
     [
      12.5532,
      55.68016
     ],
     [
      12.55339,
      55.68011
     ],
     [
      12.55401,
      55.67997
     ],
     [
      12.55429,
      55.6799
     ]
    ]
   }
  },
  {
   "type": "Feature",
   "properties": {
    "klima_id": "Frederiksberg",
    "typologi": "Skybrudsveje"
   },
   "geometry": {
    "type": "LineString",
    "coordinates": [
     [
      12.55668,
      55.68167
     ],
     [
      12.55628,
      55.68123
     ],
     [
      12.5556,
      55.68068
     ],
     [
      12.55517,
      55.68018
     ],
     [
      12.55505,
      55.68001
     ]
    ]
   }
  },
  {
   "type": "Feature",
   "properties": {
    "klima_id": "NO17",
    "projekt_navn": "Sjællandsgade",
    "typologi": "mix",
    "vandopland": "Nørrebro"
   },
   "geometry": {
    "type": "LineString",
    "coordinates": [
     [
      12.55609,
      55.6953
     ],
     [
      12.55518,
      55.69485
     ],
     [
      12.55421,
      55.6944
     ],
     [
      12.55308,
      55.69374
     ],
     [
      12.55268,
      55.69323
     ]
    ]
   }
  },
  {
   "type": "Feature",
   "properties": {
    "klima_id": "Frederiksberg",
    "typologi": "Skybrudsveje"
   },
   "geometry": {
    "type": "LineString",
    "coordinates": [
     [
      12.53216,
      55.68685
     ],
     [
      12.5321,
      55.68693
     ],
     [
      12.53338,
      55.68863
     ],
     [
      12.53394,
      55.68926
     ],
     [
      12.53442,
      55.6898
     ]
    ]
   }
  },
  {
   "type": "Feature",
   "properties": {
    "klima_id": "VEL10",
    "projekt_navn": "Istedgade",
    "typologi": "mix",
    "vandopland": "Vesterbro-ladegaardså"
   },
   "geometry": {
    "type": "LineString",
    "coordinates": [
     [
      12.55402,
      55.6694
     ],
     [
      12.55436,
      55.66951
     ],
     [
      12.5548,
      55.66965
     ]
    ]
   }
  },
  {
   "type": "Feature",
   "properties": {
    "klima_id": "BIR5.6",
    "projekt_navn": "Rentemestervej",
    "typologi": "mix",
    "vandopland": "Bispebjerg"
   },
   "geometry": {
    "type": "LineString",
    "coordinates": [
     [
      12.52769,
      55.70682
     ],
     [
      12.52836,
      55.70664
     ]
    ]
   }
  },
  {
   "type": "Feature",
   "properties": {
    "klima_id": "OS4",
    "projekt_navn": "Middelfartsgade m.fl.",
    "typologi": "Skybrudsveje",
    "vandopland": "Østerbro"
   },
   "geometry": {
    "type": "LineString",
    "coordinates": [
     [
      12.58813,
      55.70977
     ],
     [
      12.58828,
      55.70937
     ],
     [
      12.58847,
      55.70922
     ]
    ]
   }
  },
  {
   "type": "Feature",
   "properties": {
    "klima_id": "VEL15",
    "projekt_navn": "Supplerende skybrudsveje Sønder Boulevard",
    "typologi": "mix",
    "vandopland": "Vesterbro-ladegaardså"
   },
   "geometry": {
    "type": "LineString",
    "coordinates": [
     [
      12.54759,
      55.67322
     ],
     [
      12.54834,
      55.67318
     ],
     [
      12.55001,
      55.67271
     ]
    ]
   }
  },
  {
   "type": "Feature",
   "properties": {
    "klima_id": "VEL1",
    "projekt_navn": "Kødbyen",
    "typologi": "Skybrudsveje",
    "vandopland": "Vesterbro-ladegaardså"
   },
   "geometry": {
    "type": "LineString",
    "coordinates": [
     [
      12.56089,
      55.66752
     ],
     [
      12.55869,
      55.66892
     ]
    ]
   }
  },
  {
   "type": "Feature",
   "properties": {
    "klima_id": "OS21",
    "projekt_navn": "Østbanegade, Gammel Kalkbræderigade, Marstalgade",
    "typologi": "Skybrudsledning",
    "vandopland": "Østerbro"
   },
   "geometry": {
    "type": "LineString",
    "coordinates": [
     [
      12.59094,
      55.70116
     ],
     [
      12.59124,
      55.70121
     ],
     [
      12.59103,
      55.70275
     ],
     [
      12.59095,
      55.7032
     ],
     [
      12.59103,
      55.70368
     ],
     [
      12.59089,
      55.70422
     ],
     [
      12.5908,
      55.70457
     ],
     [
      12.59001,
      55.70451
     ],
     [
      12.58809,
      55.70431
     ],
     [
      12.58737,
      55.70418
     ]
    ]
   }
  },
  {
   "type": "Feature",
   "properties": {
    "klima_id": "OS21",
    "projekt_navn": "Østbanegade, Gammel Kalkbræderigade, Marstalgade",
    "typologi": "Skybrudsledning",
    "vandopland": "Østerbro"
   },
   "geometry": {
    "type": "LineString",
    "coordinates": [
     [
      12.59023,
      55.70409
     ],
     [
      12.59064,
      55.70413
     ],
     [
      12.59089,
      55.70422
     ]
    ]
   }
  },
  {
   "type": "Feature",
   "properties": {
    "klima_id": "OS21",
    "projekt_navn": "Østbanegade, Gammel Kalkbræderigade, Marstalgade",
    "typologi": "Skybrudsledning",
    "vandopland": "Østerbro"
   },
   "geometry": {
    "type": "LineString",
    "coordinates": [
     [
      12.59079,
      55.70318
     ],
     [
      12.59095,
      55.7032
     ]
    ]
   }
  },
  {
   "type": "Feature",
   "properties": {
    "klima_id": "OS21",
    "projekt_navn": "Østbanegade, Gammel Kalkbræderigade, Marstalgade",
    "typologi": "Skybrudsledning",
    "vandopland": "Østerbro"
   },
   "geometry": {
    "type": "LineString",
    "coordinates": [
     [
      12.59078,
      55.70269
     ],
     [
      12.59103,
      55.70275
     ]
    ]
   }
  },
  {
   "type": "Feature",
   "properties": {
    "klima_id": "OS21",
    "projekt_navn": "Østbanegade, Gammel Kalkbræderigade, Marstalgade",
    "typologi": "Skybrudsledning",
    "vandopland": "Østerbro"
   },
   "geometry": {
    "type": "LineString",
    "coordinates": [
     [
      12.5878,
      55.70335
     ],
     [
      12.58813,
      55.70341
     ],
     [
      12.59059,
      55.70365
     ],
     [
      12.59103,
      55.70368
     ]
    ]
   }
  },
  {
   "type": "Feature",
   "properties": {
    "klima_id": "OS22",
    "projekt_navn": "Østbanegade og Hjørringgade",
    "typologi": "Skybrudsledning",
    "vandopland": "Østerbro"
   },
   "geometry": {
    "type": "LineString",
    "coordinates": [
     [
      12.58642,
      55.70589
     ],
     [
      12.58662,
      55.70597
     ],
     [
      12.58745,
      55.70609
     ],
     [
      12.58849,
      55.7062
     ],
     [
      12.58884,
      55.70623
     ],
     [
      12.59,
      55.70636
     ],
     [
      12.59215,
      55.70592
     ]
    ]
   }
  },
  {
   "type": "Feature",
   "properties": {
    "klima_id": "OS4",
    "projekt_navn": "Middelfartsgade m.fl.",
    "typologi": "Skybrudsveje",
    "vandopland": "Østerbro"
   },
   "geometry": {
    "type": "LineString",
    "coordinates": [
     [
      12.58601,
      55.70922
     ],
     [
      12.58607,
      55.70911
     ],
     [
      12.58641,
      55.70838
     ]
    ]
   }
  },
  {
   "type": "Feature",
   "properties": {
    "klima_id": "OS8",
    "projekt_navn": "Brumleby",
    "typologi": "Forsinkelsesveje",
    "vandopland": "Østerbro"
   },
   "geometry": {
    "type": "LineString",
    "coordinates": [
     [
      12.57509,
      55.70028
     ],
     [
      12.5773,
      55.70136
     ],
     [
      12.57733,
      55.6997
     ],
     [
      12.57646,
      55.6991
     ]
    ]
   }
  },
  {
   "type": "Feature",
   "properties": {
    "klima_id": "OS8",
    "projekt_navn": "Brumleby",
    "typologi": "Forsinkelsesveje",
    "vandopland": "Østerbro"
   },
   "geometry": {
    "type": "LineString",
    "coordinates": [
     [
      12.57521,
      55.70013
     ],
     [
      12.57696,
      55.70094
     ]
    ]
   }
  },
  {
   "type": "Feature",
   "properties": {
    "klima_id": "OS26",
    "projekt_navn": "Hjørringgade, Viborggade, Bopa Plads og Nøjsomhedsgade",
    "typologi": "Skybrudsledning",
    "vandopland": "Østerbro"
   },
   "geometry": {
    "type": "LineString",
    "coordinates": [
     [
      12.58143,
      55.70541
     ],
     [
      12.58085,
      55.70483
     ],
     [
      12.57771,
      55.70451
     ]
    ]
   }
  },
  {
   "type": "Feature",
   "properties": {
    "klima_id": "OS26",
    "projekt_navn": "Hjørringgade, Viborggade, Bopa Plads og Nøjsomhedsgade",
    "typologi": "Skybrudsledning",
    "vandopland": "Østerbro"
   },
   "geometry": {
    "type": "LineString",
    "coordinates": [
     [
      12.57767,
      55.70501
     ],
     [
      12.58143,
      55.70541
     ],
     [
      12.58628,
      55.7059
     ],
     [
      12.58644,
      55.70588
     ]
    ]
   }
  },
  {
   "type": "Feature",
   "properties": {
    "klima_id": "OS26",
    "projekt_navn": "Hjørringgade, Viborggade, Bopa Plads og Nøjsomhedsgade",
    "typologi": "Skybrudsledning",
    "vandopland": "Østerbro"
   },
   "geometry": {
    "type": "LineString",
    "coordinates": [
     [
      12.57829,
      55.70552
     ],
     [
      12.58061,
      55.70576
     ],
     [
      12.58077,
      55.70534
     ]
    ]
   }
  },
  {
   "type": "Feature",
   "properties": {
    "klima_id": "OS7",
    "projekt_navn": "Løgstørgade",
    "typologi": "mix",
    "vandopland": "Østerbro"
   },
   "geometry": {
    "type": "LineString",
    "coordinates": [
     [
      12.58379,
      55.70794
     ],
     [
      12.58418,
      55.7084
     ],
     [
      12.58453,
      55.70883
     ]
    ]
   }
  },
  {
   "type": "Feature",
   "properties": {
    "klima_id": "OS1",
    "projekt_navn": "Strandboulevarden",
    "typologi": "mix",
    "vandopland": "Østerbro"
   },
   "geometry": {
    "type": "LineString",
    "coordinates": [
     [
      12.58061,
      55.70915
     ],
     [
      12.58061,
      55.70915
     ],
     [
      12.58415,
      55.70914
     ]
    ]
   }
  },
  {
   "type": "Feature",
   "properties": {
    "klima_id": "OS4",
    "projekt_navn": "Middelfartsgade m.fl.",
    "typologi": "Skybrudsveje",
    "vandopland": "Østerbro"
   },
   "geometry": {
    "type": "LineString",
    "coordinates": [
     [
      12.58587,
      55.70799
     ],
     [
      12.58659,
      55.70802
     ],
     [
      12.58673,
      55.70803
     ],
     [
      12.58753,
      55.70834
     ],
     [
      12.58866,
      55.70878
     ]
    ]
   }
  },
  {
   "type": "Feature",
   "properties": {
    "klima_id": "Frederiksberg",
    "typologi": "mix"
   },
   "geometry": {
    "type": "LineString",
    "coordinates": [
     [
      12.51879,
      55.68438
     ],
     [
      12.51417,
      55.68525
     ]
    ]
   }
  },
  {
   "type": "Feature",
   "properties": {
    "klima_id": "AM1A",
    "projekt_navn": "Amagerbanen. Thorshavnsgade - Ørestads Boulevard",
    "typologi": "Forsinkelsesveje",
    "vandopland": "Amager"
   },
   "geometry": {
    "type": "LineString",
    "coordinates": [
     [
      12.58023,
      55.66682
     ],
     [
      12.5813,
      55.66769
     ]
    ]
   }
  },
  {
   "type": "Feature",
   "properties": {
    "klima_id": "OS1",
    "projekt_navn": "Strandboulevarden",
    "typologi": "mix",
    "vandopland": "Østerbro"
   },
   "geometry": {
    "type": "LineString",
    "coordinates": [
     [
      12.58694,
      55.70513
     ],
     [
      12.58736,
      55.70437
     ]
    ]
   }
  },
  {
   "type": "Feature",
   "properties": {
    "klima_id": "KV9",
    "projekt_navn": "Kildebrøndevej",
    "typologi": "Skybrudsveje",
    "vandopland": "København Vest"
   },
   "geometry": {
    "type": "LineString",
    "coordinates": [
     [
      12.48335,
      55.70666
     ],
     [
      12.48099,
      55.70596
     ],
     [
      12.48032,
      55.70576
     ],
     [
      12.47994,
      55.70567
     ],
     [
      12.47948,
      55.70557
     ],
     [
      12.4791,
      55.70553
     ]
    ]
   }
  },
  {
   "type": "Feature",
   "properties": {
    "klima_id": "AM57",
    "projekt_navn": "Amager Fælled",
    "typologi": "Skybrudsveje",
    "vandopland": "Amager"
   },
   "geometry": {
    "type": "LineString",
    "coordinates": [
     [
      12.5768,
      55.64115
     ],
     [
      12.57074,
      55.64142
     ],
     [
      12.56492,
      55.64169
     ]
    ]
   }
  },
  {
   "type": "Feature",
   "properties": {
    "klima_id": "AM8B",
    "projekt_navn": "Engvej Midt",
    "typologi": "mix",
    "vandopland": "Amager"
   },
   "geometry": {
    "type": "LineString",
    "coordinates": [
     [
      12.63296,
      55.65065
     ],
     [
      12.63345,
      55.6497
     ],
     [
      12.63381,
      55.64896
     ],
     [
      12.63402,
      55.64855
     ],
     [
      12.63407,
      55.64844
     ]
    ]
   }
  },
  {
   "type": "Feature",
   "properties": {
    "klima_id": "AM8B",
    "projekt_navn": "Engvej Midt",
    "typologi": "mix",
    "vandopland": "Amager"
   },
   "geometry": {
    "type": "LineString",
    "coordinates": [
     [
      12.63296,
      55.65065
     ],
     [
      12.63267,
      55.65125
     ],
     [
      12.63233,
      55.65178
     ],
     [
      12.63201,
      55.6523
     ],
     [
      12.63135,
      55.65332
     ],
     [
      12.63097,
      55.65388
     ],
     [
      12.63065,
      55.65436
     ],
     [
      12.6301,
      55.6552
     ],
     [
      12.62978,
      55.65579
     ],
     [
      12.62971,
      55.6559
     ]
    ]
   }
  },
  {
   "type": "Feature",
   "properties": {
    "klima_id": "AM6",
    "projekt_navn": "Øresundsvej og Strandlodsvej",
    "typologi": "mix",
    "vandopland": "Amager"
   },
   "geometry": {
    "type": "LineString",
    "coordinates": [
     [
      12.61851,
      55.66111
     ],
     [
      12.6198,
      55.66123
     ],
     [
      12.62213,
      55.6614
     ],
     [
      12.62324,
      55.66144
     ],
     [
      12.62464,
      55.66151
     ]
    ]
   }
  },
  {
   "type": "Feature",
   "properties": {
    "klima_id": "AM12B",
    "projekt_navn": "Greisvej. Grækenlandsvej - Engvej Øst",
    "typologi": "mix",
    "vandopland": "Amager"
   },
   "geometry": {
    "type": "LineString",
    "coordinates": [
     [
      12.62059,
      55.64522
     ],
     [
      12.6257,
      55.64629
     ],
     [
      12.62774,
      55.64663
     ],
     [
      12.62845,
      55.64694
     ],
     [
      12.62988,
      55.64718
     ],
     [
      12.6324,
      55.64758
     ],
     [
      12.63361,
      55.64793
     ]
    ]
   }
  },
  {
   "type": "Feature",
   "properties": {
    "klima_id": "KV81",
    "projekt_navn": "Teglholmsgade",
    "typologi": "Skybrudsveje",
    "vandopland": "København Vest"
   },
   "geometry": {
    "type": "LineString",
    "coordinates": [
     [
      12.5428,
      55.65375
     ],
     [
      12.54321,
      55.65351
     ],
     [
      12.54378,
      55.65325
     ],
     [
      12.54471,
      55.65299
     ],
     [
      12.5457,
      55.65255
     ],
     [
      12.54584,
      55.65155
     ]
    ]
   }
  },
  {
   "type": "Feature",
   "properties": {
    "klima_id": "OS5",
    "projekt_navn": "Rothesgade m.fl.",
    "typologi": "Skybrudsledning",
    "vandopland": "Østerbro"
   },
   "geometry": {
    "type": "LineString",
    "coordinates": [
     [
      12.57854,
      55.70452
     ],
     [
      12.57888,
      55.70346
     ]
    ]
   }
  },
  {
   "type": "Feature",
   "properties": {
    "klima_id": "KV65",
    "projekt_navn": "Grønne veje i øvrigt Gåsebækrenden",
    "typologi": "Grønne veje",
    "vandopland": "København Vest"
   },
   "geometry": {
    "type": "LineString",
    "coordinates": [
     [
      12.48558,
      55.66871
     ],
     [
      12.48704,
      55.66813
     ]
    ]
   }
  },
  {
   "type": "Feature",
   "properties": {
    "klima_id": "KV65",
    "projekt_navn": "Grønne veje i øvrigt Gåsebækrenden",
    "typologi": "Grønne veje",
    "vandopland": "København Vest"
   },
   "geometry": {
    "type": "LineString",
    "coordinates": [
     [
      12.48727,
      55.66574
     ],
     [
      12.48706,
      55.66535
     ],
     [
      12.48706,
      55.66499
     ]
    ]
   }
  },
  {
   "type": "Feature",
   "properties": {
    "klima_id": "AM4",
    "projekt_navn": "Strandlodsvej, Nyrnberggade og Bremensgade",
    "typologi": "Grønne veje",
    "vandopland": "Amager"
   },
   "geometry": {
    "type": "LineString",
    "coordinates": [
     [
      12.62513,
      55.66831
     ],
     [
      12.62415,
      55.66803
     ]
    ]
   }
  },
  {
   "type": "Feature",
   "properties": {
    "klima_id": "AM1A",
    "projekt_navn": "Amagerbanen. Thorshavnsgade - Ørestads Boulevard",
    "typologi": "Grønne veje",
    "vandopland": "Amager"
   },
   "geometry": {
    "type": "LineString",
    "coordinates": [
     [
      12.58902,
      55.64329
     ],
     [
      12.58906,
      55.64265
     ],
     [
      12.5891,
      55.64235
     ]
    ]
   }
  },
  {
   "type": "Feature",
   "properties": {
    "klima_id": "VEL43",
    "projekt_navn": "Supplerende mindre Skybrudsveje Bispeengbuen",
    "typologi": "Skybrudsveje",
    "vandopland": "Vesterbro-ladegaardså"
   },
   "geometry": {
    "type": "LineString",
    "coordinates": [
     [
      12.53416,
      55.69878
     ],
     [
      12.53474,
      55.69956
     ]
    ]
   }
  },
  {
   "type": "Feature",
   "properties": {
    "klima_id": "VEL11",
    "projekt_navn": "Matthæusgade",
    "typologi": "Skybrudsveje",
    "vandopland": "Vesterbro-ladegaardså"
   },
   "geometry": {
    "type": "LineString",
    "coordinates": [
     [
      12.54588,
      55.66962
     ],
     [
      12.54705,
      55.6697
     ],
     [
      12.54938,
      55.66981
     ],
     [
      12.55066,
      55.66984
     ],
     [
      12.55285,
      55.66994
     ],
     [
      12.55386,
      55.67
     ],
     [
      12.55394,
      55.66975
     ]
    ]
   }
  },
  {
   "type": "Feature",
   "properties": {
    "klima_id": "Frederiksberg",
    "typologi": "Grønne veje"
   },
   "geometry": {
    "type": "LineString",
    "coordinates": [
     [
      12.54992,
      55.68233
     ],
     [
      12.54965,
      55.68194
     ],
     [
      12.54857,
      55.68034
     ]
    ]
   }
  },
  {
   "type": "Feature",
   "properties": {
    "klima_id": "Frederiksberg",
    "typologi": "Grønne veje"
   },
   "geometry": {
    "type": "LineString",
    "coordinates": [
     [
      12.54561,
      55.68286
     ],
     [
      12.54936,
      55.68204
     ]
    ]
   }
  },
  {
   "type": "Feature",
   "properties": {
    "klima_id": "Frederiksberg",
    "typologi": "Forsinkelsesveje"
   },
   "geometry": {
    "type": "LineString",
    "coordinates": [
     [
      12.53148,
      55.69578
     ],
     [
      12.53026,
      55.69443
     ]
    ]
   }
  },
  {
   "type": "Feature",
   "properties": {
    "klima_id": "Frederiksberg",
    "typologi": "Forsinkelsesveje"
   },
   "geometry": {
    "type": "LineString",
    "coordinates": [
     [
      12.53323,
      55.68659
     ],
     [
      12.53433,
      55.68633
     ]
    ]
   }
  },
  {
   "type": "Feature",
   "properties": {
    "klima_id": "Frederiksberg",
    "typologi": "Skybrudsveje"
   },
   "geometry": {
    "type": "LineString",
    "coordinates": [
     [
      12.54434,
      55.67341
     ],
     [
      12.54461,
      55.67287
     ],
     [
      12.54468,
      55.67277
     ],
     [
      12.54485,
      55.67251
     ]
    ]
   }
  },
  {
   "type": "Feature",
   "properties": {
    "klima_id": "VEL18",
    "projekt_navn": "Vester Søgade og Kampmannsgade",
    "typologi": "Forsinkelsesveje",
    "vandopland": "Vesterbro-ladegaardså"
   },
   "geometry": {
    "type": "LineString",
    "coordinates": [
     [
      12.55915,
      55.67598
     ],
     [
      12.55922,
      55.67622
     ],
     [
      12.55963,
      55.67781
     ],
     [
      12.55649,
      55.67809
     ]
    ]
   }
  },
  {
   "type": "Feature",
   "properties": {
    "klima_id": "BIR2.1",
    "projekt_navn": "Tuborgvej",
    "typologi": "Skybrudsledning",
    "vandopland": "Bispebjerg"
   },
   "geometry": {
    "type": "LineString",
    "coordinates": [
     [
      12.56665,
      55.72763
     ],
     [
      12.56764,
      55.72751
     ],
     [
      12.56879,
      55.72738
     ],
     [
      12.56945,
      55.72506
     ],
     [
      12.57007,
      55.72397
     ],
     [
      12.56896,
      55.72268
     ]
    ]
   }
  },
  {
   "type": "Feature",
   "properties": {
    "klima_id": "VEL1",
    "projekt_navn": "Kødbyen",
    "typologi": "Skybrudsveje",
    "vandopland": "Vesterbro-ladegaardså"
   },
   "geometry": {
    "type": "LineString",
    "coordinates": [
     [
      12.55924,
      55.66708
     ],
     [
      12.55826,
      55.66779
     ],
     [
      12.55905,
      55.66814
     ]
    ]
   }
  },
  {
   "type": "Feature",
   "properties": {
    "klima_id": "VEL3",
    "projekt_navn": "Dybbølsgade",
    "typologi": "Skybrudsveje",
    "vandopland": "Vesterbro-ladegaardså"
   },
   "geometry": {
    "type": "LineString",
    "coordinates": [
     [
      12.54746,
      55.66716
     ],
     [
      12.54783,
      55.66711
     ],
     [
      12.55152,
      55.66655
     ],
     [
      12.55172,
      55.66653
     ]
    ]
   }
  },
  {
   "type": "Feature",
   "properties": {
    "klima_id": "VEL31",
    "projekt_navn": "Nørrebrogade",
    "typologi": "Skybrudsveje",
    "vandopland": "Vesterbro-ladegaardså"
   },
   "geometry": {
    "type": "LineString",
    "coordinates": [
     [
      12.5602,
      55.68806
     ],
     [
      12.5623,
      55.68729
     ],
     [
      12.56267,
      55.68731
     ]
    ]
   }
  },
  {
   "type": "Feature",
   "properties": {
    "klima_id": "BIR18.4",
    "projekt_navn": "Engblommevej",
    "typologi": "Grønne veje",
    "vandopland": "Bispebjerg"
   },
   "geometry": {
    "type": "LineString",
    "coordinates": [
     [
      12.52537,
      55.72212
     ],
     [
      12.52529,
      55.72243
     ],
     [
      12.52523,
      55.72267
     ]
    ]
   }
  },
  {
   "type": "Feature",
   "properties": {
    "klima_id": "Frederiksberg",
    "typologi": "Grønne veje"
   },
   "geometry": {
    "type": "LineString",
    "coordinates": [
     [
      12.5457,
      55.68339
     ],
     [
      12.54418,
      55.68145
     ]
    ]
   }
  },
  {
   "type": "Feature",
   "properties": {
    "klima_id": "Frederiksberg",
    "typologi": "Grønne veje"
   },
   "geometry": {
    "type": "LineString",
    "coordinates": [
     [
      12.49969,
      55.67491
     ],
     [
      12.5003,
      55.67304
     ]
    ]
   }
  },
  {
   "type": "Feature",
   "properties": {
    "klima_id": "Frederiksberg",
    "typologi": "Grønne veje"
   },
   "geometry": {
    "type": "LineString",
    "coordinates": [
     [
      12.50657,
      55.68137
     ],
     [
      12.50529,
      55.67894
     ]
    ]
   }
  },
  {
   "type": "Feature",
   "properties": {
    "klima_id": "Frederiksberg",
    "typologi": "Grønne veje"
   },
   "geometry": {
    "type": "LineString",
    "coordinates": [
     [
      12.52805,
      55.69212
     ],
     [
      12.5291,
      55.69182
     ]
    ]
   }
  },
  {
   "type": "Feature",
   "properties": {
    "klima_id": "Frederiksberg",
    "typologi": "Grønne veje"
   },
   "geometry": {
    "type": "LineString",
    "coordinates": [
     [
      12.5296,
      55.6923
     ],
     [
      12.52859,
      55.69262
     ]
    ]
   }
  },
  {
   "type": "Feature",
   "properties": {
    "klima_id": "BIR2.3",
    "projekt_navn": "Vestagervej",
    "typologi": "Forsinkelsesveje",
    "vandopland": "Bispebjerg"
   },
   "geometry": {
    "type": "LineString",
    "coordinates": [
     [
      12.57091,
      55.72558
     ],
     [
      12.5728,
      55.72537
     ],
     [
      12.57434,
      55.72528
     ]
    ]
   }
  },
  {
   "type": "Feature",
   "properties": {
    "klima_id": "Frederiksberg",
    "typologi": "Grønne veje"
   },
   "geometry": {
    "type": "LineString",
    "coordinates": [
     [
      12.50582,
      55.67805
     ],
     [
      12.50831,
      55.67812
     ]
    ]
   }
  },
  {
   "type": "Feature",
   "properties": {
    "klima_id": "Frederiksberg",
    "typologi": "Grønne veje"
   },
   "geometry": {
    "type": "LineString",
    "coordinates": [
     [
      12.54634,
      55.68404
     ],
     [
      12.547,
      55.68475
     ],
     [
      12.54726,
      55.68514
     ],
     [
      12.54723,
      55.68506
     ]
    ]
   }
  },
  {
   "type": "Feature",
   "properties": {
    "klima_id": "Frederiksberg",
    "typologi": "Grønne veje"
   },
   "geometry": {
    "type": "LineString",
    "coordinates": [
     [
      12.50107,
      55.68392
     ],
     [
      12.50218,
      55.68252
     ]
    ]
   }
  },
  {
   "type": "Feature",
   "properties": {
    "klima_id": "Frederiksberg",
    "typologi": "Grønne veje"
   },
   "geometry": {
    "type": "LineString",
    "coordinates": [
     [
      12.54057,
      55.68487
     ],
     [
      12.54085,
      55.68543
     ],
     [
      12.54126,
      55.68578
     ],
     [
      12.54168,
      55.6863
     ],
     [
      12.54239,
      55.68618
     ],
     [
      12.54256,
      55.68652
     ],
     [
      12.54278,
      55.68648
     ]
    ]
   }
  },
  {
   "type": "Feature",
   "properties": {
    "klima_id": "VEL46",
    "projekt_navn": "Skybrudsledning i Åboulevard",
    "typologi": "Skybrudsledning",
    "vandopland": "Vesterbro-ladegaardså"
   },
   "geometry": {
    "type": "LineString",
    "coordinates": [
     [
      12.53529,
      55.69411
     ],
     [
      12.53548,
      55.69369
     ],
     [
      12.53564,
      55.69262
     ],
     [
      12.53563,
      55.69217
     ],
     [
      12.53704,
      55.69053
     ]
    ]
   }
  },
  {
   "type": "Feature",
   "properties": {
    "klima_id": "OS14",
    "projekt_navn": "Reersøgade m.fl. ",
    "typologi": "Forsinkelsesveje",
    "vandopland": "Østerbro"
   },
   "geometry": {
    "type": "LineString",
    "coordinates": [
     [
      12.57637,
      55.71093
     ],
     [
      12.57635,
      55.71141
     ]
    ]
   }
  },
  {
   "type": "Feature",
   "properties": {
    "klima_id": "Frederiksberg",
    "typologi": "Grønne veje"
   },
   "geometry": {
    "type": "LineString",
    "coordinates": [
     [
      12.5003,
      55.67304
     ],
     [
      12.49828,
      55.673
     ],
     [
      12.49792,
      55.67307
     ]
    ]
   }
  },
  {
   "type": "Feature",
   "properties": {
    "klima_id": "OS28",
    "projekt_navn": "Østerbro skybrudstunnel ",
    "typologi": "Skybrudsledning",
    "vandopland": "Østerbro"
   },
   "geometry": {
    "type": "LineString",
    "coordinates": [
     [
      12.57745,
      55.71355
     ],
     [
      12.57744,
      55.71307
     ],
     [
      12.57863,
      55.71305
     ],
     [
      12.57863,
      55.71293
     ],
     [
      12.57851,
      55.71279
     ],
     [
      12.57852,
      55.71223
     ],
     [
      12.58162,
      55.71238
     ],
     [
      12.58421,
      55.71245
     ],
     [
      12.58597,
      55.71237
     ],
     [
      12.58862,
      55.7123
     ]
    ]
   }
  },
  {
   "type": "Feature",
   "properties": {
    "klima_id": "Frederiksberg",
    "typologi": "Grønne veje"
   },
   "geometry": {
    "type": "LineString",
    "coordinates": [
     [
      12.53145,
      55.68414
     ],
     [
      12.53387,
      55.68351
     ],
     [
      12.53558,
      55.68307
     ]
    ]
   }
  },
  {
   "type": "Feature",
   "properties": {
    "klima_id": "OS14",
    "projekt_navn": "Reersøgade m.fl. ",
    "typologi": "Forsinkelsesveje",
    "vandopland": "Østerbro"
   },
   "geometry": {
    "type": "LineString",
    "coordinates": [
     [
      12.57413,
      55.71095
     ],
     [
      12.57481,
      55.71067
     ],
     [
      12.57541,
      55.71067
     ],
     [
      12.57634,
      55.71081
     ],
     [
      12.5773,
      55.71088
     ]
    ]
   }
  },
  {
   "type": "Feature",
   "properties": {
    "klima_id": "OS11",
    "projekt_navn": "Vennemindevej m.fl.",
    "typologi": "Forsinkelsesveje",
    "vandopland": "Østerbro"
   },
   "geometry": {
    "type": "LineString",
    "coordinates": [
     [
      12.5687,
      55.714
     ],
     [
      12.56974,
      55.71408
     ],
     [
      12.57188,
      55.71426
     ]
    ]
   }
  },
  {
   "type": "Feature",
   "properties": {
    "klima_id": "OS15",
    "projekt_navn": "Tåsingegade",
    "typologi": "Forsinkelsesveje",
    "vandopland": "Østerbro"
   },
   "geometry": {
    "type": "LineString",
    "coordinates": [
     [
      12.56972,
      55.71016
     ],
     [
      12.56987,
      55.71012
     ],
     [
      12.57061,
      55.71007
     ],
     [
      12.5727,
      55.70992
     ],
     [
      12.57366,
      55.70988
     ],
     [
      12.57381,
      55.70988
     ],
     [
      12.57461,
      55.70989
     ],
     [
      12.5754,
      55.70991
     ],
     [
      12.57569,
      55.70994
     ],
     [
      12.57698,
      55.71012
     ]
    ]
   }
  },
  {
   "type": "Feature",
   "properties": {
    "klima_id": "OS11",
    "projekt_navn": "Vennemindevej m.fl.",
    "typologi": "mix",
    "vandopland": "Østerbro"
   },
   "geometry": {
    "type": "LineString",
    "coordinates": [
     [
      12.57189,
      55.71419
     ],
     [
      12.57219,
      55.71317
     ]
    ]
   }
  },
  {
   "type": "Feature",
   "properties": {
    "klima_id": "OS11",
    "projekt_navn": "Vennemindevej m.fl.",
    "typologi": "mix",
    "vandopland": "Østerbro"
   },
   "geometry": {
    "type": "LineString",
    "coordinates": [
     [
      12.57063,
      55.71408
     ],
     [
      12.57091,
      55.71307
     ]
    ]
   }
  },
  {
   "type": "Feature",
   "properties": {
    "klima_id": "OS11",
    "projekt_navn": "Vennemindevej m.fl.",
    "typologi": "Forsinkelsesveje",
    "vandopland": "Østerbro"
   },
   "geometry": {
    "type": "LineString",
    "coordinates": [
     [
      12.56704,
      55.71269
     ],
     [
      12.56807,
      55.71274
     ],
     [
      12.56897,
      55.71282
     ],
     [
      12.56986,
      55.71289
     ],
     [
      12.57176,
      55.71305
     ],
     [
      12.57324,
      55.71318
     ],
     [
      12.57524,
      55.71336
     ],
     [
      12.57664,
      55.71348
     ],
     [
      12.57727,
      55.71354
     ]
    ]
   }
  },
  {
   "type": "Feature",
   "properties": {
    "klima_id": "OS12",
    "projekt_navn": "Hesseløgade m.fl.",
    "typologi": "Forsinkelsesveje",
    "vandopland": "Østerbro"
   },
   "geometry": {
    "type": "LineString",
    "coordinates": [
     [
      12.56951,
      55.71142
     ],
     [
      12.57031,
      55.71165
     ],
     [
      12.57241,
      55.71205
     ],
     [
      12.57492,
      55.71248
     ]
    ]
   }
  },
  {
   "type": "Feature",
   "properties": {
    "klima_id": "OS12",
    "projekt_navn": "Hesseløgade m.fl.",
    "typologi": "Forsinkelsesveje",
    "vandopland": "Østerbro"
   },
   "geometry": {
    "type": "LineString",
    "coordinates": [
     [
      12.57055,
      55.71018
     ],
     [
      12.57026,
      55.71146
     ]
    ]
   }
  },
  {
   "type": "Feature",
   "properties": {
    "klima_id": "BIR12.1&12.3",
    "projekt_navn": "Tingbjerg ",
    "typologi": "Skybrudsveje",
    "vandopland": "Bispebjerg"
   },
   "geometry": {
    "type": "LineString",
    "coordinates": [
     [
      12.48945,
      55.71667
     ],
     [
      12.49068,
      55.71539
     ]
    ]
   }
  },
  {
   "type": "Feature",
   "properties": {
    "klima_id": "KV30",
    "projekt_navn": "Lykkebovej",
    "typologi": "Grønne veje",
    "vandopland": "København Vest"
   },
   "geometry": {
    "type": "LineString",
    "coordinates": [
     [
      12.4817,
      55.65953
     ],
     [
      12.47973,
      55.65934
     ]
    ]
   }
  },
  {
   "type": "Feature",
   "properties": {
    "klima_id": "KV57",
    "projekt_navn": "Gåsebækvej (Skellet)",
    "typologi": "mix",
    "vandopland": "København Vest"
   },
   "geometry": {
    "type": "LineString",
    "coordinates": [
     [
      12.49544,
      55.67228
     ],
     [
      12.49604,
      55.67024
     ]
    ]
   }
  },
  {
   "type": "Feature",
   "properties": {
    "klima_id": "KV57",
    "projekt_navn": "Gåsebækvej (Skellet)",
    "typologi": "mix",
    "vandopland": "København Vest"
   },
   "geometry": {
    "type": "LineString",
    "coordinates": [
     [
      12.49653,
      55.66877
     ],
     [
      12.49621,
      55.66977
     ]
    ]
   }
  },
  {
   "type": "Feature",
   "properties": {
    "klima_id": "KV57",
    "projekt_navn": "Gåsebækvej (Skellet)",
    "typologi": "Skybrudsveje",
    "vandopland": "København Vest"
   },
   "geometry": {
    "type": "LineString",
    "coordinates": [
     [
      12.4942,
      55.66929
     ],
     [
      12.49472,
      55.66945
     ],
     [
      12.49506,
      55.66956
     ],
     [
      12.49553,
      55.66973
     ],
     [
      12.49572,
      55.66982
     ]
    ]
   }
  },
  {
   "type": "Feature",
   "properties": {
    "klima_id": "Frederiksberg",
    "typologi": "Grønne veje"
   },
   "geometry": {
    "type": "LineString",
    "coordinates": [
     [
      12.54758,
      55.67634
     ],
     [
      12.54873,
      55.67838
     ]
    ]
   }
  },
  {
   "type": "Feature",
   "properties": {
    "klima_id": "BIR7.11",
    "projekt_navn": "Lersø Parkalle Nord",
    "typologi": "Skybrudsledning",
    "vandopland": "Bispebjerg"
   },
   "geometry": {
    "type": "LineString",
    "coordinates": [
     [
      12.55289,
      55.71167
     ],
     [
      12.55253,
      55.7122
     ]
    ]
   }
  },
  {
   "type": "Feature",
   "properties": {
    "klima_id": "KV30",
    "projekt_navn": "Lykkebovej",
    "typologi": "Grønne veje",
    "vandopland": "København Vest"
   },
   "geometry": {
    "type": "LineString",
    "coordinates": [
     [
      12.48193,
      55.65882
     ],
     [
      12.47985,
      55.65865
     ]
    ]
   }
  },
  {
   "type": "Feature",
   "properties": {
    "klima_id": "IB22",
    "projekt_navn": "Lille Kongensgade",
    "typologi": "Skybrudsveje",
    "vandopland": "Indre By"
   },
   "geometry": {
    "type": "LineString",
    "coordinates": [
     [
      12.58285,
      55.67934
     ],
     [
      12.58379,
      55.67953
     ],
     [
      12.58434,
      55.67963
     ],
     [
      12.58479,
      55.6797
     ],
     [
      12.58487,
      55.67971
     ]
    ]
   }
  },
  {
   "type": "Feature",
   "properties": {
    "klima_id": "KV59",
    "projekt_navn": "Valby Langgade",
    "typologi": "mix",
    "vandopland": "København Vest"
   },
   "geometry": {
    "type": "LineString",
    "coordinates": [
     [
      12.51316,
      55.66516
     ],
     [
      12.51195,
      55.66536
     ],
     [
      12.51087,
      55.66582
     ]
    ]
   }
  },
  {
   "type": "Feature",
   "properties": {
    "klima_id": "KV60",
    "projekt_navn": "Vigerslev allé",
    "typologi": "Skybrudsledning",
    "vandopland": "København Vest"
   },
   "geometry": {
    "type": "LineString",
    "coordinates": [
     [
      12.50607,
      55.66211
     ],
     [
      12.50665,
      55.66183
     ],
     [
      12.50674,
      55.66132
     ],
     [
      12.50677,
      55.66111
     ],
     [
      12.50821,
      55.66118
     ]
    ]
   }
  },
  {
   "type": "Feature",
   "properties": {
    "klima_id": "KV57",
    "projekt_navn": "Gåsebækvej (Skellet)",
    "typologi": "Skybrudsledning",
    "vandopland": "København Vest"
   },
   "geometry": {
    "type": "LineString",
    "coordinates": [
     [
      12.49414,
      55.66935
     ],
     [
      12.49465,
      55.6695
     ],
     [
      12.4953,
      55.66971
     ],
     [
      12.4956,
      55.66986
     ],
     [
      12.49564,
      55.66994
     ]
    ]
   }
  },
  {
   "type": "Feature",
   "properties": {
    "klima_id": "KV57",
    "projekt_navn": "Gåsebækvej (Skellet)",
    "typologi": "Skybrudsledning",
    "vandopland": "København Vest"
   },
   "geometry": {
    "type": "LineString",
    "coordinates": [
     [
      12.4953,
      55.67228
     ],
     [
      12.49574,
      55.67086
     ],
     [
      12.49588,
      55.6702
     ],
     [
      12.49585,
      55.67013
     ]
    ]
   }
  },
  {
   "type": "Feature",
   "properties": {
    "klima_id": "BIR8.3",
    "projekt_navn": "Mimersgade",
    "typologi": "Forsinkelsesveje",
    "vandopland": "Bispebjerg"
   },
   "geometry": {
    "type": "LineString",
    "coordinates": [
     [
      12.54795,
      55.70302
     ],
     [
      12.54489,
      55.70133
     ],
     [
      12.54389,
      55.70081
     ],
     [
      12.54373,
      55.70072
     ]
    ]
   }
  },
  {
   "type": "Feature",
   "properties": {
    "klima_id": "BIR8.3",
    "projekt_navn": "Mimersgade",
    "typologi": "Forsinkelsesveje",
    "vandopland": "Bispebjerg"
   },
   "geometry": {
    "type": "LineString",
    "coordinates": [
     [
      12.54682,
      55.70357
     ],
     [
      12.54339,
      55.70166
     ],
     [
      12.5431,
      55.70149
     ],
     [
      12.5429,
      55.70084
     ],
     [
      12.54338,
      55.70078
     ]
    ]
   }
  },
  {
   "type": "Feature",
   "properties": {
    "klima_id": "BIR8.4",
    "projekt_navn": "Tagensvej Syd",
    "typologi": "Skybrudsledning",
    "vandopland": "Bispebjerg"
   },
   "geometry": {
    "type": "LineString",
    "coordinates": [
     [
      12.54618,
      55.70422
     ],
     [
      12.54525,
      55.70476
     ],
     [
      12.54596,
      55.7054
     ],
     [
      12.54564,
      55.70546
     ],
     [
      12.54511,
      55.70579
     ],
     [
      12.54414,
      55.70638
     ],
     [
      12.54397,
      55.70645
     ],
     [
      12.54348,
      55.70649
     ],
     [
      12.54293,
      55.70691
     ],
     [
      12.54293,
      55.70691
     ]
    ]
   }
  },
  {
   "type": "Feature",
   "properties": {
    "klima_id": "BIR17",
    "projekt_navn": "Baldersgade og Dagmarsgade",
    "typologi": "Skybrudsledning",
    "vandopland": "Bispebjerg"
   },
   "geometry": {
    "type": "LineString",
    "coordinates": [
     [
      12.54477,
      55.69919
     ],
     [
      12.54387,
      55.69838
     ],
     [
      12.54354,
      55.69807
     ]
    ]
   }
  },
  {
   "type": "Feature",
   "properties": {
    "klima_id": "OS25",
    "projekt_navn": "Århusgade",
    "typologi": "Skybrudsledning",
    "vandopland": "Østerbro"
   },
   "geometry": {
    "type": "LineString",
    "coordinates": [
     [
      12.58598,
      55.70671
     ],
     [
      12.58376,
      55.70649
     ]
    ]
   }
  },
  {
   "type": "Feature",
   "properties": {
    "klima_id": "BIR17",
    "projekt_navn": "Baldersgade og Dagmarsgade",
    "typologi": "Forsinkelsesveje",
    "vandopland": "Bispebjerg"
   },
   "geometry": {
    "type": "LineString",
    "coordinates": [
     [
      12.54657,
      55.69966
     ],
     [
      12.54565,
      55.69879
     ]
    ]
   }
  },
  {
   "type": "Feature",
   "properties": {
    "klima_id": "KV57",
    "projekt_navn": "Gåsebækvej (Skellet)",
    "typologi": "Skybrudsledning",
    "vandopland": "København Vest"
   },
   "geometry": {
    "type": "LineString",
    "coordinates": [
     [
      12.49645,
      55.66876
     ],
     [
      12.49599,
      55.66992
     ],
     [
      12.49588,
      55.66996
     ]
    ]
   }
  },
  {
   "type": "Feature",
   "properties": {
    "klima_id": "KV95",
    "projekt_navn": "Sønder Fasanvej",
    "typologi": "Skybrudsledning",
    "vandopland": "København Vest"
   },
   "geometry": {
    "type": "LineString",
    "coordinates": [
     [
      12.51711,
      55.66802
     ],
     [
      12.51713,
      55.66772
     ],
     [
      12.51694,
      55.66766
     ]
    ]
   }
  },
  {
   "type": "Feature",
   "properties": {
    "klima_id": "AM5",
    "projekt_navn": "Backersvej. Amager Hospital - Lergravsvej",
    "typologi": "Skybrudsveje",
    "vandopland": "Amager"
   },
   "geometry": {
    "type": "LineString",
    "coordinates": [
     [
      12.61794,
      55.66118
     ],
     [
      12.61839,
      55.66189
     ],
     [
      12.61857,
      55.66253
     ]
    ]
   }
  },
  {
   "type": "Feature",
   "properties": {
    "klima_id": "KV89",
    "projekt_navn": "Ny underføring langs Roskildevej",
    "typologi": "Skybrudsledning",
    "vandopland": "København Vest"
   },
   "geometry": {
    "type": "LineString",
    "coordinates": [
     [
      12.48629,
      55.67714
     ],
     [
      12.48586,
      55.67688
     ],
     [
      12.48539,
      55.6766
     ],
     [
      12.48421,
      55.6759
     ],
     [
      12.48371,
      55.67396
     ],
     [
      12.48357,
      55.6738
     ],
     [
      12.48237,
      55.67342
     ],
     [
      12.48215,
      55.67333
     ]
    ]
   }
  },
  {
   "type": "Feature",
   "properties": {
    "klima_id": "KV69",
    "projekt_navn": "Vestre Kirkegård",
    "typologi": "Skybrudsveje",
    "vandopland": "København Vest"
   },
   "geometry": {
    "type": "LineString",
    "coordinates": [
     [
      12.5273,
      55.65688
     ],
     [
      12.52827,
      55.65383
     ],
     [
      12.52859,
      55.65282
     ],
     [
      12.52875,
      55.65272
     ]
    ]
   }
  },
  {
   "type": "Feature",
   "properties": {
    "klima_id": "KV69",
    "projekt_navn": "Vestre Kirkegård",
    "typologi": "Skybrudsveje",
    "vandopland": "København Vest"
   },
   "geometry": {
    "type": "LineString",
    "coordinates": [
     [
      12.53034,
      55.65595
     ],
     [
      12.53106,
      55.65405
     ],
     [
      12.53094,
      55.65391
     ]
    ]
   }
  },
  {
   "type": "Feature",
   "properties": {
    "klima_id": "KV69",
    "projekt_navn": "Vestre Kirkegård",
    "typologi": "Skybrudsveje",
    "vandopland": "København Vest"
   },
   "geometry": {
    "type": "LineString",
    "coordinates": [
     [
      12.53258,
      55.65914
     ],
     [
      12.53304,
      55.6583
     ],
     [
      12.53436,
      55.65601
     ],
     [
      12.5347,
      55.6554
     ],
     [
      12.5346,
      55.65524
     ]
    ]
   }
  },
  {
   "type": "Feature",
   "properties": {
    "klima_id": "KV69",
    "projekt_navn": "Vestre Kirkegård",
    "typologi": "Skybrudsveje",
    "vandopland": "København Vest"
   },
   "geometry": {
    "type": "LineString",
    "coordinates": [
     [
      12.52591,
      55.66234
     ],
     [
      12.52662,
      55.66049
     ],
     [
      12.52708,
      55.65927
     ],
     [
      12.52724,
      55.65885
     ]
    ]
   }
  },
  {
   "type": "Feature",
   "properties": {
    "klima_id": "VEL15",
    "projekt_navn": "Supplerende skybrudsveje Sønder Boulevard",
    "typologi": "Skybrudsveje",
    "vandopland": "Vesterbro-ladegaardså"
   },
   "geometry": {
    "type": "LineString",
    "coordinates": [
     [
      12.56257,
      55.67398
     ],
     [
      12.56202,
      55.67384
     ],
     [
      12.56118,
      55.67347
     ],
     [
      12.55957,
      55.67314
     ],
     [
      12.5573,
      55.67266
     ],
     [
      12.55629,
      55.67244
     ]
    ]
   }
  },
  {
   "type": "Feature",
   "properties": {
    "klima_id": "KV69",
    "projekt_navn": "Vestre Kirkegård",
    "typologi": "Skybrudsveje",
    "vandopland": "København Vest"
   },
   "geometry": {
    "type": "LineString",
    "coordinates": [
     [
      12.52767,
      55.66141
     ],
     [
      12.52796,
      55.66068
     ],
     [
      12.5282,
      55.6601
     ],
     [
      12.52851,
      55.66007
     ]
    ]
   }
  },
  {
   "type": "Feature",
   "properties": {
    "klima_id": "KV69",
    "projekt_navn": "Vestre Kirkegård",
    "typologi": "Skybrudsveje",
    "vandopland": "København Vest"
   },
   "geometry": {
    "type": "LineString",
    "coordinates": [
     [
      12.52882,
      55.66154
     ],
     [
      12.5293,
      55.66031
     ],
     [
      12.5291,
      55.66016
     ]
    ]
   }
  },
  {
   "type": "Feature",
   "properties": {
    "klima_id": "KV69",
    "projekt_navn": "Vestre Kirkegård",
    "typologi": "Skybrudsveje",
    "vandopland": "København Vest"
   },
   "geometry": {
    "type": "LineString",
    "coordinates": [
     [
      12.52977,
      55.6628
     ],
     [
      12.53045,
      55.66096
     ],
     [
      12.53094,
      55.65973
     ],
     [
      12.53102,
      55.65951
     ]
    ]
   }
  },
  {
   "type": "Feature",
   "properties": {
    "klima_id": "KV69",
    "projekt_navn": "Vestre Kirkegård",
    "typologi": "Skybrudsveje",
    "vandopland": "København Vest"
   },
   "geometry": {
    "type": "LineString",
    "coordinates": [
     [
      12.53113,
      55.65924
     ],
     [
      12.53137,
      55.65858
     ],
     [
      12.53158,
      55.6581
     ],
     [
      12.53242,
      55.65622
     ],
     [
      12.53318,
      55.65455
     ],
     [
      12.53313,
      55.65447
     ],
     [
      12.5331,
      55.65438
     ],
     [
      12.53307,
      55.65432
     ],
     [
      12.53303,
      55.65431
     ],
     [
      12.53127,
      55.65408
     ],
     [
      12.5311,
      55.65406
     ]
    ]
   }
  },
  {
   "type": "Feature",
   "properties": {
    "klima_id": "AM45",
    "projekt_navn": "Njalsgade",
    "typologi": "mix",
    "vandopland": "Amager"
   },
   "geometry": {
    "type": "LineString",
    "coordinates": [
     [
      12.58742,
      55.66374
     ],
     [
      12.5851,
      55.664
     ],
     [
      12.58565,
      55.66428
     ]
    ]
   }
  },
  {
   "type": "Feature",
   "properties": {
    "klima_id": "AM14",
    "projekt_navn": "Hedegaardsvej og Jorisvej",
    "typologi": "mix",
    "vandopland": "Amager"
   },
   "geometry": {
    "type": "LineString",
    "coordinates": [
     [
      12.6361,
      55.6493
     ],
     [
      12.63644,
      55.64869
     ],
     [
      12.63675,
      55.64819
     ],
     [
      12.63676,
      55.64818
     ],
     [
      12.63715,
      55.64759
     ],
     [
      12.63757,
      55.64693
     ],
     [
      12.63817,
      55.64615
     ]
    ]
   }
  },
  {
   "type": "Feature",
   "properties": {
    "klima_id": "OS13",
    "projekt_navn": "Skt. Kjelds Plads og Bryggervangen",
    "typologi": "mix",
    "vandopland": "Østerbro"
   },
   "geometry": {
    "type": "LineString",
    "coordinates": [
     [
      12.56525,
      55.71108
     ],
     [
      12.56598,
      55.71203
     ],
     [
      12.56633,
      55.71251
     ]
    ]
   }
  },
  {
   "type": "Feature",
   "properties": {
    "klima_id": "NO7",
    "projekt_navn": "Øster Allé",
    "typologi": "Skybrudsveje",
    "vandopland": "Nørrebro"
   },
   "geometry": {
    "type": "LineString",
    "coordinates": [
     [
      12.57076,
      55.70241
     ],
     [
      12.57035,
      55.70119
     ]
    ]
   }
  },
  {
   "type": "Feature",
   "properties": {
    "klima_id": "OS14",
    "projekt_navn": "Reersøgade m.fl. ",
    "typologi": "Forsinkelsesveje",
    "vandopland": "Østerbro"
   },
   "geometry": {
    "type": "LineString",
    "coordinates": [
     [
      12.57407,
      55.71111
     ],
     [
      12.57533,
      55.71133
     ],
     [
      12.57661,
      55.71152
     ],
     [
      12.57726,
      55.7116
     ]
    ]
   }
  },
  {
   "type": "Feature",
   "properties": {
    "klima_id": "OS5",
    "projekt_navn": "Rothesgade m.fl.",
    "typologi": "mix",
    "vandopland": "Østerbro"
   },
   "geometry": {
    "type": "LineString",
    "coordinates": [
     [
      12.57737,
      55.70331
     ],
     [
      12.57888,
      55.70346
     ],
     [
      12.57888,
      55.70347
     ],
     [
      12.57985,
      55.70355
     ],
     [
      12.58035,
      55.70361
     ],
     [
      12.58122,
      55.70369
     ],
     [
      12.58517,
      55.70407
     ],
     [
      12.58677,
      55.70422
     ]
    ]
   }
  },
  {
   "type": "Feature",
   "properties": {
    "klima_id": "KV68",
    "projekt_navn": "Carl Jacobsens Vej",
    "typologi": "Skybrudsledning",
    "vandopland": "København Vest"
   },
   "geometry": {
    "type": "LineString",
    "coordinates": [
     [
      12.51646,
      55.65421
     ],
     [
      12.51892,
      55.65323
     ],
     [
      12.51983,
      55.65292
     ],
     [
      12.52341,
      55.653
     ],
     [
      12.52511,
      55.65237
     ],
     [
      12.52586,
      55.65216
     ],
     [
      12.52716,
      55.65227
     ]
    ]
   }
  },
  {
   "type": "Feature",
   "properties": {
    "klima_id": "IB2",
    "projekt_navn": "Slotsholmen",
    "typologi": "Skybrudsveje",
    "vandopland": "Indre By"
   },
   "geometry": {
    "type": "LineString",
    "coordinates": [
     [
      12.5821,
      55.67604
     ],
     [
      12.58214,
      55.67587
     ],
     [
      12.58231,
      55.67572
     ],
     [
      12.58257,
      55.67562
     ],
     [
      12.58451,
      55.67512
     ],
     [
      12.58597,
      55.67477
     ]
    ]
   }
  },
  {
   "type": "Feature",
   "properties": {
    "klima_id": "BIR22.1D",
    "typologi": "Grønne veje"
   },
   "geometry": {
    "type": "LineString",
    "coordinates": [
     [
      12.51912,
      55.71093
     ],
     [
      12.5199,
      55.71109
     ],
     [
      12.52185,
      55.71129
     ],
     [
      12.52584,
      55.71165
     ]
    ]
   }
  },
  {
   "type": "Feature",
   "properties": {
    "klima_id": "VEL40",
    "projekt_navn": "Borups Allé Vest",
    "typologi": "Skybrudsveje",
    "vandopland": "Vesterbro-ladegaardså"
   },
   "geometry": {
    "type": "LineString",
    "coordinates": [
     [
      12.52691,
      55.69588
     ],
     [
      12.52722,
      55.69571
     ],
     [
      12.52712,
      55.69569
     ]
    ]
   }
  },
  {
   "type": "Feature",
   "properties": {
    "klima_id": "IB2",
    "projekt_navn": "Slotsholmen",
    "typologi": "Skybrudsveje",
    "vandopland": "Indre By"
   },
   "geometry": {
    "type": "LineString",
    "coordinates": [
     [
      12.5762,
      55.67571
     ],
     [
      12.57647,
      55.67591
     ],
     [
      12.57668,
      55.67604
     ]
    ]
   }
  },
  {
   "type": "Feature",
   "properties": {
    "klima_id": "IB2",
    "projekt_navn": "Slotsholmen",
    "typologi": "Skybrudsveje",
    "vandopland": "Indre By"
   },
   "geometry": {
    "type": "LineString",
    "coordinates": [
     [
      12.57801,
      55.67643
     ],
     [
      12.57712,
      55.67626
     ],
     [
      12.577,
      55.67635
     ]
    ]
   }
  },
  {
   "type": "Feature",
   "properties": {
    "klima_id": "IB2",
    "projekt_navn": "Slotsholmen",
    "typologi": "Skybrudsveje",
    "vandopland": "Indre By"
   },
   "geometry": {
    "type": "LineString",
    "coordinates": [
     [
      12.58158,
      55.67526
     ],
     [
      12.58311,
      55.67389
     ],
     [
      12.58368,
      55.67401
     ],
     [
      12.58443,
      55.67411
     ],
     [
      12.58503,
      55.67415
     ]
    ]
   }
  },
  {
   "type": "Feature",
   "properties": {
    "klima_id": "Frederiksberg",
    "typologi": "Grønne veje"
   },
   "geometry": {
    "type": "LineString",
    "coordinates": [
     [
      12.52285,
      55.69289
     ],
     [
      12.52198,
      55.69171
     ]
    ]
   }
  },
  {
   "type": "Feature",
   "properties": {
    "klima_id": "VEL35",
    "projekt_navn": "Nordbanegade m.fl. til Nørrebroparken nord",
    "typologi": "Skybrudsveje",
    "vandopland": "Vesterbro-ladegaardså"
   },
   "geometry": {
    "type": "LineString",
    "coordinates": [
     [
      12.54402,
      55.69584
     ],
     [
      12.54342,
      55.69626
     ]
    ]
   }
  },
  {
   "type": "Feature",
   "properties": {
    "klima_id": "VEL35",
    "projekt_navn": "Nordbanegade m.fl. til Nørrebroparken nord",
    "typologi": "Skybrudsveje",
    "vandopland": "Vesterbro-ladegaardså"
   },
   "geometry": {
    "type": "LineString",
    "coordinates": [
     [
      12.54467,
      55.69693
     ],
     [
      12.54336,
      55.69631
     ],
     [
      12.54313,
      55.69618
     ]
    ]
   }
  },
  {
   "type": "Feature",
   "properties": {
    "klima_id": "VEL35",
    "projekt_navn": "Nordbanegade m.fl. til Nørrebroparken nord",
    "typologi": "Skybrudsveje",
    "vandopland": "Vesterbro-ladegaardså"
   },
   "geometry": {
    "type": "LineString",
    "coordinates": [
     [
      12.5432,
      55.6952
     ],
     [
      12.54316,
      55.69542
     ],
     [
      12.5431,
      55.69599
     ],
     [
      12.5431,
      55.69614
     ]
    ]
   }
  },
  {
   "type": "Feature",
   "properties": {
    "klima_id": "BIR7.3&10.1",
    "projekt_navn": "Lundehus Kirke",
    "typologi": "Skybrudsveje",
    "vandopland": "Bispebjerg"
   },
   "geometry": {
    "type": "LineString",
    "coordinates": [
     [
      12.54156,
      55.7114
     ],
     [
      12.54325,
      55.71018
     ]
    ]
   }
  },
  {
   "type": "Feature",
   "properties": {
    "klima_id": "BIR7.3&10.1",
    "projekt_navn": "Lundehus Kirke",
    "typologi": "Skybrudsveje",
    "vandopland": "Bispebjerg"
   },
   "geometry": {
    "type": "LineString",
    "coordinates": [
     [
      12.54356,
      55.71215
     ],
     [
      12.54421,
      55.71152
     ],
     [
      12.54439,
      55.7111
     ]
    ]
   }
  },
  {
   "type": "Feature",
   "properties": {
    "klima_id": "AM27",
    "projekt_navn": "Brydes Allé",
    "typologi": "Forsinkelsesveje",
    "vandopland": "Amager"
   },
   "geometry": {
    "type": "LineString",
    "coordinates": [
     [
      12.59907,
      55.66026
     ],
     [
      12.60016,
      55.6595
     ],
     [
      12.6003,
      55.65938
     ]
    ]
   }
  },
  {
   "type": "Feature",
   "properties": {
    "klima_id": "VEL48",
    "projekt_navn": "Korsgade og Thorupsgade",
    "typologi": "Skybrudsveje",
    "vandopland": "Vesterbro-ladegaardså"
   },
   "geometry": {
    "type": "LineString",
    "coordinates": [
     [
      12.55704,
      55.68552
     ],
     [
      12.55984,
      55.68444
     ]
    ]
   }
  },
  {
   "type": "Feature",
   "properties": {
    "klima_id": "AM9",
    "projekt_navn": "Italiensvej. Kastrupvej – Amager Strandvej",
    "typologi": "Skybrudsledning",
    "vandopland": "Amager"
   },
   "geometry": {
    "type": "LineString",
    "coordinates": [
     [
      12.63623,
      55.65714
     ],
     [
      12.63822,
      55.65723
     ],
     [
      12.64766,
      55.65865
     ]
    ]
   }
  },
  {
   "type": "Feature",
   "properties": {
    "klima_id": "OS1",
    "projekt_navn": "Strandboulevarden",
    "typologi": "mix",
    "vandopland": "Østerbro"
   },
   "geometry": {
    "type": "LineString",
    "coordinates": [
     [
      12.58588,
      55.70724
     ],
     [
      12.58552,
      55.70797
     ],
     [
      12.58534,
      55.70835
     ],
     [
      12.5851,
      55.70885
     ],
     [
      12.58485,
      55.70903
     ]
    ]
   }
  },
  {
   "type": "Feature",
   "properties": {
    "klima_id": "AM5",
    "projekt_navn": "Backersvej. Amager Hospital - Lergravsvej",
    "typologi": "mix",
    "vandopland": "Amager"
   },
   "geometry": {
    "type": "LineString",
    "coordinates": [
     [
      12.62194,
      55.6559
     ],
     [
      12.62074,
      55.65726
     ],
     [
      12.61955,
      55.65861
     ],
     [
      12.61878,
      55.65965
     ],
     [
      12.61797,
      55.6609
     ]
    ]
   }
  },
  {
   "type": "Feature",
   "properties": {
    "klima_id": "KV30",
    "projekt_navn": "Lykkebovej",
    "typologi": "Grønne veje",
    "vandopland": "København Vest"
   },
   "geometry": {
    "type": "LineString",
    "coordinates": [
     [
      12.48988,
      55.65902
     ],
     [
      12.48716,
      55.65897
     ],
     [
      12.48467,
      55.65893
     ]
    ]
   }
  },
  {
   "type": "Feature",
   "properties": {
    "klima_id": "KV91",
    "projekt_navn": "Valbygårdsvej",
    "typologi": "Skybrudsveje",
    "vandopland": "København Vest"
   },
   "geometry": {
    "type": "LineString",
    "coordinates": [
     [
      12.52396,
      55.65722
     ],
     [
      12.52375,
      55.65721
     ]
    ]
   }
  },
  {
   "type": "Feature",
   "properties": {
    "klima_id": "VEL9",
    "projekt_navn": "Gasværksvej",
    "typologi": "Skybrudsveje",
    "vandopland": "Vesterbro-ladegaardså"
   },
   "geometry": {
    "type": "LineString",
    "coordinates": [
     [
      12.55564,
      55.67235
     ],
     [
      12.55564,
      55.67236
     ],
     [
      12.55648,
      55.6715
     ],
     [
      12.55753,
      55.67049
     ],
     [
      12.55833,
      55.66971
     ]
    ]
   }
  },
  {
   "type": "Feature",
   "properties": {
    "klima_id": "BIR5.3",
    "projekt_navn": "Smedetoften m.fl.",
    "typologi": "Forsinkelsesveje",
    "vandopland": "Bispebjerg"
   },
   "geometry": {
    "type": "LineString",
    "coordinates": [
     [
      12.52334,
      55.70805
     ],
     [
      12.5212,
      55.70861
     ]
    ]
   }
  },
  {
   "type": "Feature",
   "properties": {
    "klima_id": "Frederiksberg",
    "typologi": "Grønne veje"
   },
   "geometry": {
    "type": "LineString",
    "coordinates": [
     [
      12.49555,
      55.68254
     ],
     [
      12.4962,
      55.68187
     ],
     [
      12.49663,
      55.68122
     ],
     [
      12.4969,
      55.68063
     ],
     [
      12.49742,
      55.67984
     ],
     [
      12.49776,
      55.67939
     ]
    ]
   }
  },
  {
   "type": "Feature",
   "properties": {
    "klima_id": "BIR5.4",
    "projekt_navn": "Tomsgårdsvej",
    "typologi": "Skybrudsveje",
    "vandopland": "Bispebjerg"
   },
   "geometry": {
    "type": "LineString",
    "coordinates": [
     [
      12.52453,
      55.71143
     ],
     [
      12.52474,
      55.71014
     ],
     [
      12.5249,
      55.71015
     ]
    ]
   }
  },
  {
   "type": "Feature",
   "properties": {
    "klima_id": "BIR7.5",
    "projekt_navn": "Bispebjerg Bakke",
    "typologi": "Skybrudsveje",
    "vandopland": "Bispebjerg"
   },
   "geometry": {
    "type": "LineString",
    "coordinates": [
     [
      12.54226,
      55.71186
     ],
     [
      12.54328,
      55.71223
     ],
     [
      12.54356,
      55.71215
     ]
    ]
   }
  },
  {
   "type": "Feature",
   "properties": {
    "klima_id": "OS38",
    "projekt_navn": "Østerfælledtorv",
    "typologi": "Forsinkelsesveje",
    "vandopland": "Østerbro"
   },
   "geometry": {
    "type": "LineString",
    "coordinates": [
     [
      12.57502,
      55.70522
     ],
     [
      12.57592,
      55.7053
     ],
     [
      12.57636,
      55.70552
     ]
    ]
   }
  },
  {
   "type": "Feature",
   "properties": {
    "klima_id": "Frederiksberg",
    "typologi": "mix"
   },
   "geometry": {
    "type": "LineString",
    "coordinates": [
     [
      12.51095,
      55.68183
     ],
     [
      12.50902,
      55.67882
     ],
     [
      12.50871,
      55.67811
     ],
     [
      12.50789,
      55.67624
     ],
     [
      12.50772,
      55.67584
     ],
     [
      12.50765,
      55.67568
     ],
     [
      12.50635,
      55.6727
     ],
     [
      12.50618,
      55.67231
     ],
     [
      12.50623,
      55.67227
     ]
    ]
   }
  },
  {
   "type": "Feature",
   "properties": {
    "klima_id": "Frederiksberg",
    "typologi": "Forsinkelsesveje"
   },
   "geometry": {
    "type": "LineString",
    "coordinates": [
     [
      12.51144,
      55.67565
     ],
     [
      12.51017,
      55.67511
     ]
    ]
   }
  },
  {
   "type": "Feature",
   "properties": {
    "klima_id": "KV6",
    "projekt_navn": "Skybrudsvej mod Husumparken",
    "typologi": "Skybrudsveje",
    "vandopland": "København Vest"
   },
   "geometry": {
    "type": "LineString",
    "coordinates": [
     [
      12.47906,
      55.70298
     ],
     [
      12.47769,
      55.70282
     ],
     [
      12.47558,
      55.70257
     ],
     [
      12.47566,
      55.70376
     ],
     [
      12.47521,
      55.70378
     ],
     [
      12.47439,
      55.70382
     ],
     [
      12.47256,
      55.70521
     ],
     [
      12.47243,
      55.70524
     ],
     [
      12.47305,
      55.70635
     ],
     [
      12.47184,
      55.7065
     ],
     [
      12.47223,
      55.70706
     ]
    ]
   }
  },
  {
   "type": "Feature",
   "properties": {
    "klima_id": "Frederiksberg",
    "typologi": "Grønne veje"
   },
   "geometry": {
    "type": "LineString",
    "coordinates": [
     [
      12.51672,
      55.67031
     ],
     [
      12.51209,
      55.67061
     ],
     [
      12.51113,
      55.67072
     ]
    ]
   }
  },
  {
   "type": "Feature",
   "properties": {
    "klima_id": "Frederiksberg",
    "typologi": "Grønne veje"
   },
   "geometry": {
    "type": "LineString",
    "coordinates": [
     [
      12.50534,
      55.67558
     ],
     [
      12.5072,
      55.6757
     ]
    ]
   }
  },
  {
   "type": "Feature",
   "properties": {
    "klima_id": "Frederiksberg",
    "typologi": "Grønne veje"
   },
   "geometry": {
    "type": "LineString",
    "coordinates": [
     [
      12.53884,
      55.67293
     ],
     [
      12.53915,
      55.67387
     ]
    ]
   }
  },
  {
   "type": "Feature",
   "properties": {
    "klima_id": "KV83",
    "projekt_navn": "Krogbjergparken syd",
    "typologi": "Skybrudsveje",
    "vandopland": "København Vest"
   },
   "geometry": {
    "type": "LineString",
    "coordinates": [
     [
      12.46382,
      55.70067
     ],
     [
      12.46387,
      55.70036
     ],
     [
      12.46389,
      55.70017
     ],
     [
      12.46398,
      55.6997
     ],
     [
      12.46403,
      55.69946
     ],
     [
      12.46406,
      55.6993
     ],
     [
      12.46407,
      55.69914
     ],
     [
      12.46407,
      55.69903
     ],
     [
      12.46405,
      55.69891
     ],
     [
      12.46403,
      55.69879
     ],
     [
      12.46398,
      55.6986
     ],
     [
      12.46395,
      55.6985
     ],
     [
      12.46391,
      55.69839
     ],
     [
      12.46385,
      55.69818
     ],
     [
      12.46376,
      55.6979
     ],
     [
      12.46368,
      55.69766
     ],
     [
      12.46371,
      55.69762
     ],
     [
      12.46352,
      55.69705
     ],
     [
      12.4635,
      55.69698
     ],
     [
      12.46346,
      55.69685
     ],
     [
      12.46346,
      55.69626
     ],
     [
      12.46354,
      55.69613
     ],
     [
      12.46367,
      55.69597
     ],
     [
      12.46387,
      55.69576
     ],
     [
      12.46465,
      55.69499
     ],
     [
      12.4652,
      55.69449
     ],
     [
      12.46542,
      55.69429
     ],
     [
      12.46604,
      55.69372
     ],
     [
      12.46612,
      55.69367
     ],
     [
      12.4664,
      55.69341
     ],
     [
      12.46659,
      55.69314
     ],
     [
      12.46666,
      55.69303
     ],
     [
      12.46684,
      55.69272
     ],
     [
      12.46686,
      55.69259
     ],
     [
      12.46688,
      55.69251
     ],
     [
      12.46688,
      55.69248
     ],
     [
      12.46689,
      55.69246
     ],
     [
      12.46691,
      55.69235
     ],
     [
      12.467,
      55.69186
     ],
     [
      12.46697,
      55.69181
     ],
     [
      12.46702,
      55.69165
     ]
    ]
   }
  },
  {
   "type": "Feature",
   "properties": {
    "klima_id": "BIR5.3",
    "projekt_navn": "Smedetoften m.fl.",
    "typologi": "Forsinkelsesveje",
    "vandopland": "Bispebjerg"
   },
   "geometry": {
    "type": "LineString",
    "coordinates": [
     [
      12.51832,
      55.70925
     ],
     [
      12.5212,
      55.70861
     ]
    ]
   }
  },
  {
   "type": "Feature",
   "properties": {
    "klima_id": "AM32",
    "projekt_navn": "Kongedybet",
    "typologi": "Skybrudsledning",
    "vandopland": "Amager"
   },
   "geometry": {
    "type": "LineString",
    "coordinates": [
     [
      12.60026,
      55.66427
     ],
     [
      12.59887,
      55.66387
     ],
     [
      12.59647,
      55.6633
     ],
     [
      12.59636,
      55.66341
     ]
    ]
   }
  },
  {
   "type": "Feature",
   "properties": {
    "klima_id": "AM28",
    "projekt_navn": "Kornblomstvej",
    "typologi": "Forsinkelsesveje",
    "vandopland": "Amager"
   },
   "geometry": {
    "type": "LineString",
    "coordinates": [
     [
      12.60147,
      55.6617
     ],
     [
      12.59906,
      55.66053
     ]
    ]
   }
  },
  {
   "type": "Feature",
   "properties": {
    "klima_id": "BIR5.7",
    "projekt_navn": "Dortheavej",
    "typologi": "Skybrudsledning",
    "vandopland": "Bispebjerg"
   },
   "geometry": {
    "type": "LineString",
    "coordinates": [
     [
      12.53698,
      55.7084
     ],
     [
      12.53686,
      55.70734
     ],
     [
      12.53677,
      55.70641
     ]
    ]
   }
  },
  {
   "type": "Feature",
   "properties": {
    "klima_id": "BIR7.8",
    "projekt_navn": "Tuborgvej",
    "typologi": "Skybrudsveje",
    "vandopland": "Bispebjerg"
   },
   "geometry": {
    "type": "LineString",
    "coordinates": [
     [
      12.53575,
      55.71432
     ],
     [
      12.53528,
      55.71377
     ],
     [
      12.53516,
      55.71358
     ],
     [
      12.53509,
      55.71348
     ],
     [
      12.53534,
      55.7132
     ],
     [
      12.53561,
      55.71288
     ]
    ]
   }
  },
  {
   "type": "Feature",
   "properties": {
    "klima_id": "BIR7.5",
    "projekt_navn": "Bispebjerg Bakke",
    "typologi": "Skybrudsveje",
    "vandopland": "Bispebjerg"
   },
   "geometry": {
    "type": "LineString",
    "coordinates": [
     [
      12.54406,
      55.71475
     ],
     [
      12.54448,
      55.71429
     ],
     [
      12.54464,
      55.71381
     ],
     [
      12.54454,
      55.71316
     ],
     [
      12.54441,
      55.7129
     ],
     [
      12.54414,
      55.71268
     ],
     [
      12.54376,
      55.71242
     ]
    ]
   }
  },
  {
   "type": "Feature",
   "properties": {
    "klima_id": "KV65",
    "projekt_navn": "Grønne veje i øvrigt Gåsebækrenden",
    "typologi": "Grønne veje",
    "vandopland": "København Vest"
   },
   "geometry": {
    "type": "LineString",
    "coordinates": [
     [
      12.4878,
      55.67063
     ],
     [
      12.48701,
      55.67
     ]
    ]
   }
  },
  {
   "type": "Feature",
   "properties": {
    "klima_id": "OS5",
    "projekt_navn": "Rothesgade m.fl.",
    "typologi": "mix",
    "vandopland": "Østerbro"
   },
   "geometry": {
    "type": "LineString",
    "coordinates": [
     [
      12.57855,
      55.70452
     ],
     [
      12.57877,
      55.7038
     ]
    ]
   }
  },
  {
   "type": "Feature",
   "properties": {
    "klima_id": "BIR2.3",
    "projekt_navn": "Vestagervej",
    "typologi": "mix",
    "vandopland": "Bispebjerg"
   },
   "geometry": {
    "type": "LineString",
    "coordinates": [
     [
      12.57067,
      55.72339
     ],
     [
      12.57391,
      55.72353
     ]
    ]
   }
  },
  {
   "type": "Feature",
   "properties": {
    "klima_id": "KV65",
    "projekt_navn": "Grønne veje i øvrigt Gåsebækrenden",
    "typologi": "Grønne veje",
    "vandopland": "København Vest"
   },
   "geometry": {
    "type": "LineString",
    "coordinates": [
     [
      12.48495,
      55.67023
     ],
     [
      12.48572,
      55.6702
     ],
     [
      12.48677,
      55.66985
     ],
     [
      12.48778,
      55.66949
     ],
     [
      12.48817,
      55.66964
     ],
     [
      12.48882,
      55.66935
     ]
    ]
   }
  },
  {
   "type": "Feature",
   "properties": {
    "klima_id": "BIR14.1",
    "projekt_navn": "Præstegårds Allé",
    "typologi": "Skybrudsledning",
    "vandopland": "Bispebjerg"
   },
   "geometry": {
    "type": "LineString",
    "coordinates": [
     [
      12.49515,
      55.70502
     ],
     [
      12.49454,
      55.70509
     ]
    ]
   }
  },
  {
   "type": "Feature",
   "properties": {
    "klima_id": "BIR7.8",
    "projekt_navn": "Tuborgvej",
    "typologi": "Skybrudsveje",
    "vandopland": "Bispebjerg"
   },
   "geometry": {
    "type": "LineString",
    "coordinates": [
     [
      12.53575,
      55.71432
     ],
     [
      12.53655,
      55.71511
     ],
     [
      12.53733,
      55.71591
     ],
     [
      12.53829,
      55.71666
     ]
    ]
   }
  },
  {
   "type": "Feature",
   "properties": {
    "klima_id": "BIR5.7",
    "projekt_navn": "Dortheavej",
    "typologi": "Skybrudsledning",
    "vandopland": "Bispebjerg"
   },
   "geometry": {
    "type": "LineString",
    "coordinates": [
     [
      12.53871,
      55.70735
     ],
     [
      12.53686,
      55.70734
     ]
    ]
   }
  },
  {
   "type": "Feature",
   "properties": {
    "klima_id": "Frederiksberg",
    "typologi": "Skybrudsveje"
   },
   "geometry": {
    "type": "LineString",
    "coordinates": [
     [
      12.54587,
      55.67889
     ],
     [
      12.54688,
      55.68031
     ]
    ]
   }
  },
  {
   "type": "Feature",
   "properties": {
    "klima_id": "AM57",
    "projekt_navn": "Amager Fælled",
    "typologi": "Skybrudsveje",
    "vandopland": "Amager"
   },
   "geometry": {
    "type": "LineString",
    "coordinates": [
     [
      12.56322,
      55.64184
     ],
     [
      12.5563,
      55.64215
     ]
    ]
   }
  },
  {
   "type": "Feature",
   "properties": {
    "klima_id": "BIR6.3&6.4",
    "projekt_navn": "Hovmestervej",
    "typologi": "Skybrudsveje",
    "vandopland": "Bispebjerg"
   },
   "geometry": {
    "type": "LineString",
    "coordinates": [
     [
      12.52908,
      55.71016
     ],
     [
      12.53187,
      55.71017
     ],
     [
      12.53354,
      55.71019
     ],
     [
      12.53472,
      55.71021
     ],
     [
      12.5361,
      55.71026
     ],
     [
      12.53749,
      55.71038
     ]
    ]
   }
  },
  {
   "type": "Feature",
   "properties": {
    "klima_id": "KV38",
    "projekt_navn": "Folehaven",
    "typologi": "mix",
    "vandopland": "København Vest"
   },
   "geometry": {
    "type": "LineString",
    "coordinates": [
     [
      12.48704,
      55.6527
     ],
     [
      12.48839,
      55.65272
     ],
     [
      12.48871,
      55.65271
     ],
     [
      12.48925,
      55.65269
     ],
     [
      12.48955,
      55.65267
     ],
     [
      12.48976,
      55.65266
     ],
     [
      12.49021,
      55.65263
     ],
     [
      12.49054,
      55.65262
     ],
     [
      12.49254,
      55.65251
     ],
     [
      12.49391,
      55.65237
     ],
     [
      12.49447,
      55.65231
     ],
     [
      12.49502,
      55.65224
     ],
     [
      12.49569,
      55.65214
     ],
     [
      12.4965,
      55.65202
     ],
     [
      12.49751,
      55.65184
     ],
     [
      12.49917,
      55.65154
     ],
     [
      12.49977,
      55.65144
     ],
     [
      12.5003,
      55.65136
     ],
     [
      12.5005,
      55.65133
     ],
     [
      12.50122,
      55.65125
     ],
     [
      12.50184,
      55.65117
     ],
     [
      12.503,
      55.65106
     ],
     [
      12.50377,
      55.65099
     ],
     [
      12.50487,
      55.65089
     ],
     [
      12.50521,
      55.65085
     ],
     [
      12.50594,
      55.65078
     ],
     [
      12.50606,
      55.65077
     ]
    ]
   }
  },
  {
   "type": "Feature",
   "properties": {
    "klima_id": "KV12",
    "projekt_navn": "Slotsherrensvej vest",
    "typologi": "mix",
    "vandopland": "København Vest"
   },
   "geometry": {
    "type": "LineString",
    "coordinates": [
     [
      12.48078,
      55.69781
     ],
     [
      12.47891,
      55.69778
     ],
     [
      12.47762,
      55.69777
     ],
     [
      12.47459,
      55.69847
     ],
     [
      12.47026,
      55.69949
     ],
     [
      12.46506,
      55.7007
     ],
     [
      12.46463,
      55.70081
     ],
     [
      12.46453,
      55.70064
     ]
    ]
   }
  },
  {
   "type": "Feature",
   "properties": {
    "klima_id": "KV12",
    "projekt_navn": "Slotsherrensvej vest",
    "typologi": "Forsinkelsesveje",
    "vandopland": "København Vest"
   },
   "geometry": {
    "type": "LineString",
    "coordinates": [
     [
      12.48078,
      55.69781
     ],
     [
      12.48149,
      55.69782
     ]
    ]
   }
  },
  {
   "type": "Feature",
   "properties": {
    "klima_id": "KV35",
    "projekt_navn": "Vigerslevvej",
    "typologi": "Skybrudsveje",
    "vandopland": "København Vest"
   },
   "geometry": {
    "type": "LineString",
    "coordinates": [
     [
      12.48857,
      55.65252
     ],
     [
      12.48876,
      55.65231
     ],
     [
      12.48888,
      55.65218
     ],
     [
      12.49016,
      55.65069
     ],
     [
      12.49147,
      55.64941
     ],
     [
      12.49225,
      55.64861
     ],
     [
      12.49369,
      55.64763
     ],
     [
      12.49549,
      55.64641
     ],
     [
      12.49584,
      55.64619
     ],
     [
      12.49681,
      55.6456
     ],
     [
      12.49538,
      55.645
     ]
    ]
   }
  },
  {
   "type": "Feature",
   "properties": {
    "klima_id": "KV39",
    "projekt_navn": "Gl. Køge Landevej",
    "typologi": "Forsinkelsesveje",
    "vandopland": "København Vest"
   },
   "geometry": {
    "type": "LineString",
    "coordinates": [
     [
      12.5079,
      55.65067
     ],
     [
      12.50549,
      55.64779
     ],
     [
      12.50209,
      55.64351
     ],
     [
      12.5015,
      55.64273
     ]
    ]
   }
  },
  {
   "type": "Feature",
   "properties": {
    "klima_id": "Frederiksberg",
    "typologi": "Skybrudsveje"
   },
   "geometry": {
    "type": "LineString",
    "coordinates": [
     [
      12.52928,
      55.68751
     ],
     [
      12.52941,
      55.68747
     ]
    ]
   }
  },
  {
   "type": "Feature",
   "properties": {
    "klima_id": "BIR7.5",
    "projekt_navn": "Bispebjerg Bakke",
    "typologi": "Skybrudsveje",
    "vandopland": "Bispebjerg"
   },
   "geometry": {
    "type": "LineString",
    "coordinates": [
     [
      12.53809,
      55.7105
     ],
     [
      12.53985,
      55.71088
     ],
     [
      12.54108,
      55.71133
     ]
    ]
   }
  },
  {
   "type": "Feature",
   "properties": {
    "klima_id": "BIR15.1",
    "projekt_navn": "Svenskelejren",
    "typologi": "Skybrudsledning",
    "vandopland": "Bispebjerg"
   },
   "geometry": {
    "type": "LineString",
    "coordinates": [
     [
      12.50831,
      55.70568
     ],
     [
      12.50863,
      55.70573
     ],
     [
      12.50858,
      55.70586
     ]
    ]
   }
  },
  {
   "type": "Feature",
   "properties": {
    "klima_id": "KV15",
    "projekt_navn": "Tybjergvej",
    "typologi": "Skybrudsveje",
    "vandopland": "København Vest"
   },
   "geometry": {
    "type": "LineString",
    "coordinates": [
     [
      12.47402,
      55.6933
     ],
     [
      12.47328,
      55.69399
     ],
     [
      12.4726,
      55.69473
     ],
     [
      12.47203,
      55.69546
     ],
     [
      12.47156,
      55.6962
     ],
     [
      12.47125,
      55.69693
     ],
     [
      12.47038,
      55.69892
     ],
     [
      12.47023,
      55.69918
     ]
    ]
   }
  },
  {
   "type": "Feature",
   "properties": {
    "klima_id": "AM47",
    "projekt_navn": "Johan Semps Gade",
    "typologi": "mix",
    "vandopland": "Amager"
   },
   "geometry": {
    "type": "LineString",
    "coordinates": [
     [
      12.58766,
      55.67173
     ],
     [
      12.58512,
      55.673
     ]
    ]
   }
  },
  {
   "type": "Feature",
   "properties": {
    "klima_id": "KV24",
    "projekt_navn": "Roskildevej",
    "typologi": "Skybrudsveje",
    "vandopland": "København Vest"
   },
   "geometry": {
    "type": "LineString",
    "coordinates": [
     [
      12.49063,
      55.67251
     ],
     [
      12.48868,
      55.67255
     ],
     [
      12.48642,
      55.67259
     ],
     [
      12.48547,
      55.67261
     ],
     [
      12.48134,
      55.67269
     ]
    ]
   }
  },
  {
   "type": "Feature",
   "properties": {
    "klima_id": "KV25",
    "projekt_navn": "Bramslykkevej",
    "typologi": "Forsinkelsesveje",
    "vandopland": "København Vest"
   },
   "geometry": {
    "type": "LineString",
    "coordinates": [
     [
      12.48519,
      55.67194
     ],
     [
      12.48845,
      55.67186
     ]
    ]
   }
  },
  {
   "type": "Feature",
   "properties": {
    "klima_id": "BIR5.7",
    "projekt_navn": "Dortheavej",
    "typologi": "mix",
    "vandopland": "Bispebjerg"
   },
   "geometry": {
    "type": "LineString",
    "coordinates": [
     [
      12.5321,
      55.70733
     ],
     [
      12.5321,
      55.70733
     ],
     [
      12.53228,
      55.70735
     ],
     [
      12.53254,
      55.70735
     ],
     [
      12.53338,
      55.70735
     ],
     [
      12.53427,
      55.70735
     ],
     [
      12.5362,
      55.70735
     ]
    ]
   }
  },
  {
   "type": "Feature",
   "properties": {
    "klima_id": "KV37A",
    "projekt_navn": "Kirsebærhaven",
    "typologi": "mix",
    "vandopland": "København Vest"
   },
   "geometry": {
    "type": "LineString",
    "coordinates": [
     [
      12.50601,
      55.65062
     ],
     [
      12.5059,
      55.65021
     ],
     [
      12.50585,
      55.6501
     ],
     [
      12.50576,
      55.64997
     ],
     [
      12.50564,
      55.64985
     ],
     [
      12.50547,
      55.64974
     ],
     [
      12.50536,
      55.64968
     ],
     [
      12.5052,
      55.64962
     ],
     [
      12.50503,
      55.64956
     ],
     [
      12.50487,
      55.64952
     ],
     [
      12.50469,
      55.64949
     ],
     [
      12.50401,
      55.64944
     ],
     [
      12.50249,
      55.64932
     ],
     [
      12.50097,
      55.6492
     ],
     [
      12.50019,
      55.64914
     ],
     [
      12.4997,
      55.6491
     ],
     [
      12.49914,
      55.64905
     ],
     [
      12.49865,
      55.649
     ],
     [
      12.49814,
      55.64893
     ],
     [
      12.49807,
      55.64892
     ],
     [
      12.49836,
      55.64824
     ],
     [
      12.49884,
      55.64708
     ],
     [
      12.49904,
      55.64664
     ],
     [
      12.49918,
      55.64634
     ],
     [
      12.4993,
      55.64603
     ],
     [
      12.49938,
      55.64588
     ],
     [
      12.49943,
      55.64579
     ],
     [
      12.49972,
      55.64525
     ],
     [
      12.50052,
      55.64377
     ],
     [
      12.50063,
      55.64355
     ],
     [
      12.50064,
      55.6435
     ],
     [
      12.50062,
      55.64345
     ],
     [
      12.50048,
      55.64337
     ],
     [
      12.5015,
      55.64273
     ],
     [
      12.50119,
      55.64233
     ],
     [
      12.5008,
      55.64193
     ]
    ]
   }
  },
  {
   "type": "Feature",
   "properties": {
    "klima_id": "BIR19.1,19.2&19.5",
    "projekt_navn": "Emdrupparken",
    "typologi": "Skybrudsveje",
    "vandopland": "Bispebjerg"
   },
   "geometry": {
    "type": "LineString",
    "coordinates": [
     [
      12.5321,
      55.727
     ],
     [
      12.53309,
      55.72692
     ],
     [
      12.53372,
      55.72696
     ],
     [
      12.53434,
      55.72701
     ],
     [
      12.53487,
      55.72705
     ],
     [
      12.53561,
      55.72701
     ],
     [
      12.53801,
      55.72637
     ],
     [
      12.53842,
      55.72621
     ]
    ]
   }
  },
  {
   "type": "Feature",
   "properties": {
    "klima_id": "Frederiksberg",
    "typologi": "Skybrudsveje"
   },
   "geometry": {
    "type": "LineString",
    "coordinates": [
     [
      12.51144,
      55.67565
     ],
     [
      12.51086,
      55.67503
     ],
     [
      12.51105,
      55.67453
     ]
    ]
   }
  },
  {
   "type": "Feature",
   "properties": {
    "klima_id": "BIR10.2",
    "projekt_navn": "Fruebjergvej",
    "typologi": "Forsinkelsesveje",
    "vandopland": "Bispebjerg"
   },
   "geometry": {
    "type": "LineString",
    "coordinates": [
     [
      12.54625,
      55.71572
     ],
     [
      12.54871,
      55.71637
     ]
    ]
   }
  },
  {
   "type": "Feature",
   "properties": {
    "klima_id": "OS28",
    "projekt_navn": "Østerbro skybrudstunnel ",
    "typologi": "Skybrudsledning",
    "vandopland": "Østerbro"
   },
   "geometry": {
    "type": "LineString",
    "coordinates": [
     [
      12.58709,
      55.71212
     ],
     [
      12.58833,
      55.71092
     ],
     [
      12.58893,
      55.71028
     ],
     [
      12.58931,
      55.70978
     ],
     [
      12.58957,
      55.70936
     ],
     [
      12.58963,
      55.70919
     ]
    ]
   }
  },
  {
   "type": "Feature",
   "properties": {
    "klima_id": "AM6",
    "projekt_navn": "Øresundsvej og Strandlodsvej",
    "typologi": "Forsinkelsesveje",
    "vandopland": "Amager"
   },
   "geometry": {
    "type": "LineString",
    "coordinates": [
     [
      12.62458,
      55.66159
     ],
     [
      12.62289,
      55.66377
     ]
    ]
   }
  },
  {
   "type": "Feature",
   "properties": {
    "klima_id": "KV23",
    "projekt_navn": "Damhussøen",
    "typologi": "Skybrudsveje",
    "vandopland": "København Vest"
   },
   "geometry": {
    "type": "LineString",
    "coordinates": [
     [
      12.48633,
      55.67713
     ],
     [
      12.48585,
      55.67684
     ],
     [
      12.48433,
      55.67588
     ],
     [
      12.48384,
      55.67402
     ],
     [
      12.48343,
      55.67357
     ],
     [
      12.48335,
      55.67348
     ],
     [
      12.48332,
      55.67347
     ],
     [
      12.48059,
      55.67297
     ],
     [
      12.48049,
      55.67268
     ],
     [
      12.48009,
      55.67174
     ]
    ]
   }
  },
  {
   "type": "Feature",
   "properties": {
    "klima_id": "IB3",
    "projekt_navn": "Gothersgade",
    "typologi": "Skybrudsledning",
    "vandopland": "Indre By"
   },
   "geometry": {
    "type": "LineString",
    "coordinates": [
     [
      12.57749,
      55.68357
     ],
     [
      12.58066,
      55.6827
     ],
     [
      12.58524,
      55.68147
     ],
     [
      12.58515,
      55.68113
     ],
     [
      12.58813,
      55.68038
     ]
    ]
   }
  },
  {
   "type": "Feature",
   "properties": {
    "klima_id": "KV1",
    "projekt_navn": "Korsager allé",
    "typologi": "Skybrudsveje",
    "vandopland": "København Vest"
   },
   "geometry": {
    "type": "LineString",
    "coordinates": [
     [
      12.47552,
      55.71102
     ],
     [
      12.47494,
      55.7094
     ],
     [
      12.47475,
      55.70894
     ],
     [
      12.47433,
      55.70787
     ],
     [
      12.47238,
      55.70742
     ],
     [
      12.46997,
      55.70691
     ],
     [
      12.46863,
      55.70669
     ],
     [
      12.46728,
      55.70648
     ],
     [
      12.46704,
      55.70645
     ],
     [
      12.46679,
      55.70636
     ],
     [
      12.46568,
      55.70589
     ],
     [
      12.46401,
      55.70517
     ],
     [
      12.46447,
      55.70415
     ],
     [
      12.46528,
      55.70236
     ],
     [
      12.46477,
      55.70224
     ]
    ]
   }
  },
  {
   "type": "Feature",
   "properties": {
    "klima_id": "Frederiksberg",
    "typologi": "Grønne veje"
   },
   "geometry": {
    "type": "LineString",
    "coordinates": [
     [
      12.55021,
      55.68487
     ],
     [
      12.54959,
      55.68376
     ]
    ]
   }
  },
  {
   "type": "Feature",
   "properties": {
    "klima_id": "IB17",
    "projekt_navn": "Store Kongensgade",
    "typologi": "Skybrudsledning",
    "vandopland": "Indre By"
   },
   "geometry": {
    "type": "LineString",
    "coordinates": [
     [
      12.58646,
      55.68526
     ],
     [
      12.58737,
      55.68624
     ],
     [
      12.58901,
      55.6858
     ],
     [
      12.59029,
      55.68731
     ],
     [
      12.59242,
      55.68757
     ],
     [
      12.593,
      55.68791
     ]
    ]
   }
  },
  {
   "type": "Feature",
   "properties": {
    "klima_id": "Frederiksberg",
    "typologi": "Grønne veje"
   },
   "geometry": {
    "type": "LineString",
    "coordinates": [
     [
      12.54759,
      55.68223
     ],
     [
      12.54664,
      55.68082
     ]
    ]
   }
  },
  {
   "type": "Feature",
   "properties": {
    "klima_id": "Frederiksberg",
    "typologi": "Grønne veje"
   },
   "geometry": {
    "type": "LineString",
    "coordinates": [
     [
      12.55036,
      55.68022
     ],
     [
      12.55305,
      55.6796
     ],
     [
      12.55439,
      55.67928
     ]
    ]
   }
  },
  {
   "type": "Feature",
   "properties": {
    "klima_id": "Frederiksberg",
    "typologi": "Grønne veje"
   },
   "geometry": {
    "type": "LineString",
    "coordinates": [
     [
      12.53927,
      55.68267
     ],
     [
      12.54093,
      55.6841
     ]
    ]
   }
  },
  {
   "type": "Feature",
   "properties": {
    "klima_id": "Frederiksberg",
    "typologi": "Grønne veje"
   },
   "geometry": {
    "type": "LineString",
    "coordinates": [
     [
      12.54014,
      55.68239
     ],
     [
      12.54099,
      55.68316
     ]
    ]
   }
  },
  {
   "type": "Feature",
   "properties": {
    "klima_id": "Frederiksberg",
    "typologi": "Grønne veje"
   },
   "geometry": {
    "type": "LineString",
    "coordinates": [
     [
      12.55352,
      55.68463
     ],
     [
      12.55268,
      55.68359
     ]
    ]
   }
  },
  {
   "type": "Feature",
   "properties": {
    "klima_id": "AM59",
    "projekt_navn": "Kongedybet skybrudsledning",
    "typologi": "Skybrudsledning",
    "vandopland": "Amager"
   },
   "geometry": {
    "type": "LineString",
    "coordinates": [
     [
      12.59874,
      55.6605
     ],
     [
      12.59693,
      55.66169
     ]
    ]
   }
  },
  {
   "type": "Feature",
   "properties": {
    "klima_id": "IB15",
    "projekt_navn": "Pumpestation Kastelsgraven",
    "typologi": "Skybrudsledning",
    "vandopland": "Indre By"
   },
   "geometry": {
    "type": "LineString",
    "coordinates": [
     [
      12.59817,
      55.69205
     ],
     [
      12.59945,
      55.69197
     ]
    ]
   }
  },
  {
   "type": "Feature",
   "properties": {
    "klima_id": "BIR4.3",
    "projekt_navn": "Hulgårdsvej",
    "typologi": "Skybrudsveje",
    "vandopland": "Bispebjerg"
   },
   "geometry": {
    "type": "LineString",
    "coordinates": [
     [
      12.51798,
      55.70056
     ],
     [
      12.51867,
      55.70132
     ],
     [
      12.51868,
      55.70136
     ],
     [
      12.51862,
      55.70146
     ]
    ]
   }
  },
  {
   "type": "Feature",
   "properties": {
    "klima_id": "NO4",
    "projekt_navn": "Blegdamsvej Nord",
    "typologi": "Skybrudsveje",
    "vandopland": "Nørrebro"
   },
   "geometry": {
    "type": "LineString",
    "coordinates": [
     [
      12.57079,
      55.69582
     ],
     [
      12.57159,
      55.69537
     ],
     [
      12.57207,
      55.6951
     ]
    ]
   }
  },
  {
   "type": "Feature",
   "properties": {
    "klima_id": "NO5",
    "projekt_navn": "Frederik V's Vej",
    "typologi": "Skybrudsveje",
    "vandopland": "Nørrebro"
   },
   "geometry": {
    "type": "LineString",
    "coordinates": [
     [
      12.56468,
      55.69965
     ],
     [
      12.5663,
      55.69873
     ],
     [
      12.56739,
      55.69879
     ]
    ]
   }
  },
  {
   "type": "Feature",
   "properties": {
    "klima_id": "AM46",
    "projekt_navn": "Krimsvejområdet Øresundsvej, Krimsvej og Tovelillevej",
    "typologi": "mix",
    "vandopland": "Amager"
   },
   "geometry": {
    "type": "LineString",
    "coordinates": [
     [
      12.62985,
      55.66027
     ],
     [
      12.62898,
      55.66185
     ],
     [
      12.62996,
      55.66201
     ],
     [
      12.63055,
      55.66205
     ],
     [
      12.63151,
      55.66214
     ],
     [
      12.63215,
      55.66221
     ],
     [
      12.63242,
      55.66225
     ],
     [
      12.63269,
      55.66229
     ]
    ]
   }
  },
  {
   "type": "Feature",
   "properties": {
    "klima_id": "AM15",
    "projekt_navn": "Gyldenrisvej og P-plads bag Kvickly",
    "typologi": "Skybrudsveje",
    "vandopland": "Amager"
   },
   "geometry": {
    "type": "LineString",
    "coordinates": [
     [
      12.61652,
      55.64138
     ],
     [
      12.61587,
      55.64128
     ]
    ]
   }
  },
  {
   "type": "Feature",
   "properties": {
    "klima_id": "AM4",
    "projekt_navn": "Strandlodsvej, Nyrnberggade og Bremensgade",
    "typologi": "mix",
    "vandopland": "Amager"
   },
   "geometry": {
    "type": "LineString",
    "coordinates": [
     [
      12.61941,
      55.66423
     ],
     [
      12.61726,
      55.66719
     ],
     [
      12.61683,
      55.66803
     ]
    ]
   }
  },
  {
   "type": "Feature",
   "properties": {
    "klima_id": "Frederiksberg",
    "typologi": "mix"
   },
   "geometry": {
    "type": "LineString",
    "coordinates": [
     [
      12.53324,
      55.68658
     ],
     [
      12.53259,
      55.68672
     ]
    ]
   }
  },
  {
   "type": "Feature",
   "properties": {
    "klima_id": "BIR18.2",
    "projekt_navn": "Pragtstjernevej",
    "typologi": "Skybrudsledning",
    "vandopland": "Bispebjerg"
   },
   "geometry": {
    "type": "LineString",
    "coordinates": [
     [
      12.53181,
      55.72008
     ],
     [
      12.5315,
      55.72006
     ]
    ]
   }
  },
  {
   "type": "Feature",
   "properties": {
    "klima_id": "OS1",
    "projekt_navn": "Strandboulevarden",
    "typologi": "Skybrudsledning",
    "vandopland": "Østerbro"
   },
   "geometry": {
    "type": "LineString",
    "coordinates": [
     [
      12.58481,
      55.70898
     ],
     [
      12.58499,
      55.70876
     ],
     [
      12.58511,
      55.7085
     ],
     [
      12.58535,
      55.70804
     ],
     [
      12.58586,
      55.707
     ],
     [
      12.58644,
      55.70588
     ],
     [
      12.58665,
      55.70547
     ],
     [
      12.58682,
      55.70508
     ],
     [
      12.58706,
      55.70462
     ],
     [
      12.58737,
      55.70418
     ],
     [
      12.58766,
      55.70378
     ],
     [
      12.5878,
      55.70336
     ],
     [
      12.58781,
      55.70324
     ],
     [
      12.58794,
      55.7029
     ],
     [
      12.58812,
      55.70244
     ],
     [
      12.58832,
      55.70203
     ],
     [
      12.58842,
      55.70188
     ],
     [
      12.58862,
      55.70162
     ],
     [
      12.5889,
      55.7013
     ],
     [
      12.58932,
      55.70062
     ],
     [
      12.58955,
      55.70029
     ],
     [
      12.59004,
      55.69956
     ],
     [
      12.59025,
      55.69909
     ],
     [
      12.59032,
      55.69872
     ],
     [
      12.59047,
      55.69811
     ],
     [
      12.5905,
      55.69779
     ]
    ]
   }
  },
  {
   "type": "Feature",
   "properties": {
    "klima_id": "BIR16.1",
    "projekt_navn": "Hyrdevangen",
    "typologi": "Skybrudsledning",
    "vandopland": "Bispebjerg"
   },
   "geometry": {
    "type": "LineString",
    "coordinates": [
     [
      12.51258,
      55.71203
     ],
     [
      12.51309,
      55.71248
     ],
     [
      12.51357,
      55.71268
     ],
     [
      12.51419,
      55.71301
     ]
    ]
   }
  },
  {
   "type": "Feature",
   "properties": {
    "klima_id": "BIR5.6",
    "projekt_navn": "Rentemestervej",
    "typologi": "mix",
    "vandopland": "Bispebjerg"
   },
   "geometry": {
    "type": "LineString",
    "coordinates": [
     [
      12.53243,
      55.70551
     ],
     [
      12.53532,
      55.70472
     ],
     [
      12.53568,
      55.70462
     ],
     [
      12.53736,
      55.70414
     ]
    ]
   }
  },
  {
   "type": "Feature",
   "properties": {
    "klima_id": "BIR10.2",
    "projekt_navn": "Fruebjergvej",
    "typologi": "Forsinkelsesveje",
    "vandopland": "Bispebjerg"
   },
   "geometry": {
    "type": "LineString",
    "coordinates": [
     [
      12.54871,
      55.71637
     ],
     [
      12.55141,
      55.71482
     ]
    ]
   }
  },
  {
   "type": "Feature",
   "properties": {
    "klima_id": "AM1C",
    "projekt_navn": "Amagerbanen. Vermlandsgade - Amagerfælledvej",
    "typologi": "Forsinkelsesveje",
    "vandopland": "Amager"
   },
   "geometry": {
    "type": "LineString",
    "coordinates": [
     [
      12.59835,
      55.668
     ],
     [
      12.59822,
      55.66779
     ]
    ]
   }
  },
  {
   "type": "Feature",
   "properties": {
    "klima_id": "OS8",
    "projekt_navn": "Brumleby",
    "typologi": "Forsinkelsesveje",
    "vandopland": "Østerbro"
   },
   "geometry": {
    "type": "LineString",
    "coordinates": [
     [
      12.57642,
      55.69978
     ],
     [
      12.5767,
      55.69997
     ],
     [
      12.57673,
      55.70022
     ],
     [
      12.57649,
      55.70044
     ],
     [
      12.57692,
      55.7007
     ]
    ]
   }
  },
  {
   "type": "Feature",
   "properties": {
    "klima_id": "OS1",
    "projekt_navn": "Strandboulevarden",
    "typologi": "mix",
    "vandopland": "Østerbro"
   },
   "geometry": {
    "type": "LineString",
    "coordinates": [
     [
      12.58589,
      55.70723
     ],
     [
      12.58628,
      55.70647
     ],
     [
      12.58642,
      55.70616
     ]
    ]
   }
  },
  {
   "type": "Feature",
   "properties": {
    "klima_id": "BIR16.3",
    "projekt_navn": "Utterslev Torv",
    "typologi": "Grønne veje",
    "vandopland": "Bispebjerg"
   },
   "geometry": {
    "type": "LineString",
    "coordinates": [
     [
      12.51595,
      55.7098
     ],
     [
      12.51593,
      55.71068
     ],
     [
      12.51695,
      55.71048
     ]
    ]
   }
  },
  {
   "type": "Feature",
   "properties": {
    "klima_id": "BIR16.1",
    "projekt_navn": "Hyrdevangen",
    "typologi": "Forsinkelsesveje",
    "vandopland": "Bispebjerg"
   },
   "geometry": {
    "type": "LineString",
    "coordinates": [
     [
      12.51431,
      55.7098
     ],
     [
      12.51296,
      55.70994
     ],
     [
      12.51296,
      55.70994
     ]
    ]
   }
  },
  {
   "type": "Feature",
   "properties": {
    "klima_id": "BIR7.9",
    "projekt_navn": "Pernillevej",
    "typologi": "Skybrudsveje",
    "vandopland": "Bispebjerg"
   },
   "geometry": {
    "type": "LineString",
    "coordinates": [
     [
      12.53643,
      55.71748
     ],
     [
      12.53676,
      55.71823
     ]
    ]
   }
  },
  {
   "type": "Feature",
   "properties": {
    "klima_id": "BIR3.1",
    "projekt_navn": "Vesterled",
    "typologi": "Skybrudsveje",
    "vandopland": "Bispebjerg"
   },
   "geometry": {
    "type": "LineString",
    "coordinates": [
     [
      12.58215,
      55.71854
     ],
     [
      12.58144,
      55.71848
     ]
    ]
   }
  },
  {
   "type": "Feature",
   "properties": {
    "klima_id": "BIR3.1",
    "projekt_navn": "Vesterled",
    "typologi": "Skybrudsveje",
    "vandopland": "Bispebjerg"
   },
   "geometry": {
    "type": "LineString",
    "coordinates": [
     [
      12.57863,
      55.71745
     ],
     [
      12.58027,
      55.7176
     ],
     [
      12.58056,
      55.71763
     ]
    ]
   }
  },
  {
   "type": "Feature",
   "properties": {
    "klima_id": "BIR3.1",
    "projekt_navn": "Vesterled",
    "typologi": "Skybrudsveje",
    "vandopland": "Bispebjerg"
   },
   "geometry": {
    "type": "LineString",
    "coordinates": [
     [
      12.58241,
      55.71952
     ],
     [
      12.58169,
      55.71932
     ],
     [
      12.58137,
      55.71926
     ]
    ]
   }
  },
  {
   "type": "Feature",
   "properties": {
    "klima_id": "BIR3.1",
    "projekt_navn": "Vesterled",
    "typologi": "Skybrudsveje",
    "vandopland": "Bispebjerg"
   },
   "geometry": {
    "type": "LineString",
    "coordinates": [
     [
      12.57853,
      55.71817
     ],
     [
      12.57993,
      55.71833
     ],
     [
      12.58044,
      55.71837
     ]
    ]
   }
  },
  {
   "type": "Feature",
   "properties": {
    "klima_id": "BIR7.9",
    "projekt_navn": "Pernillevej",
    "typologi": "Skybrudsveje",
    "vandopland": "Bispebjerg"
   },
   "geometry": {
    "type": "LineString",
    "coordinates": [
     [
      12.53726,
      55.71954
     ],
     [
      12.53698,
      55.71874
     ]
    ]
   }
  },
  {
   "type": "Feature",
   "properties": {
    "klima_id": "BIR4.3",
    "projekt_navn": "Hulgårdsvej",
    "typologi": "Skybrudsveje",
    "vandopland": "Bispebjerg"
   },
   "geometry": {
    "type": "LineString",
    "coordinates": [
     [
      12.51793,
      55.70301
     ],
     [
      12.5186,
      55.70244
     ],
     [
      12.51867,
      55.70229
     ],
     [
      12.51865,
      55.70219
     ]
    ]
   }
  },
  {
   "type": "Feature",
   "properties": {
    "klima_id": "AM57",
    "projekt_navn": "Amager Fælled",
    "typologi": "Skybrudsledning",
    "vandopland": "Amager"
   },
   "geometry": {
    "type": "LineString",
    "coordinates": [
     [
      12.58162,
      55.65431
     ],
     [
      12.57677,
      55.64117
     ]
    ]
   }
  },
  {
   "type": "Feature",
   "properties": {
    "klima_id": "Frederiksberg",
    "typologi": "Grønne veje"
   },
   "geometry": {
    "type": "LineString",
    "coordinates": [
     [
      12.53348,
      55.67401
     ],
     [
      12.53499,
      55.67387
     ],
     [
      12.53514,
      55.67429
     ]
    ]
   }
  },
  {
   "type": "Feature",
   "properties": {
    "klima_id": "BIR15.1",
    "projekt_navn": "Svenskelejren",
    "typologi": "Skybrudsledning",
    "vandopland": "Bispebjerg"
   },
   "geometry": {
    "type": "LineString",
    "coordinates": [
     [
      12.50723,
      55.70555
     ],
     [
      12.50831,
      55.70568
     ]
    ]
   }
  },
  {
   "type": "Feature",
   "properties": {
    "klima_id": "KV55",
    "projekt_navn": "Vigerslevvej nord",
    "typologi": "Forsinkelsesveje",
    "vandopland": "København Vest"
   },
   "geometry": {
    "type": "LineString",
    "coordinates": [
     [
      12.49254,
      55.6721
     ],
     [
      12.491,
      55.67069
     ],
     [
      12.4875,
      55.66794
     ],
     [
      12.48513,
      55.66608
     ]
    ]
   }
  },
  {
   "type": "Feature",
   "properties": {
    "klima_id": "KV69",
    "projekt_navn": "Vestre Kirkegård",
    "typologi": "Skybrudsledning",
    "vandopland": "København Vest"
   },
   "geometry": {
    "type": "LineString",
    "coordinates": [
     [
      12.52724,
      55.65885
     ],
     [
      12.52896,
      55.65904
     ],
     [
      12.52889,
      55.65928
     ]
    ]
   }
  },
  {
   "type": "Feature",
   "properties": {
    "klima_id": "KV69",
    "projekt_navn": "Vestre Kirkegård",
    "typologi": "Skybrudsledning",
    "vandopland": "København Vest"
   },
   "geometry": {
    "type": "LineString",
    "coordinates": [
     [
      12.53102,
      55.65951
     ],
     [
      12.53168,
      55.6596
     ]
    ]
   }
  },
  {
   "type": "Feature",
   "properties": {
    "klima_id": "BIR16.5",
    "projekt_navn": "Mosesvinget",
    "typologi": "Grønne veje",
    "vandopland": "Bispebjerg"
   },
   "geometry": {
    "type": "LineString",
    "coordinates": [
     [
      12.51104,
      55.71628
     ],
     [
      12.51083,
      55.71578
     ],
     [
      12.51069,
      55.71539
     ],
     [
      12.51059,
      55.71515
     ],
     [
      12.51021,
      55.71501
     ],
     [
      12.50986,
      55.71488
     ]
    ]
   }
  },
  {
   "type": "Feature",
   "properties": {
    "klima_id": "BIR14.3",
    "projekt_navn": "Kirkemosen",
    "typologi": "Forsinkelsesveje",
    "vandopland": "Bispebjerg"
   },
   "geometry": {
    "type": "LineString",
    "coordinates": [
     [
      12.49987,
      55.70975
     ],
     [
      12.50176,
      55.70975
     ],
     [
      12.5019,
      55.7098
     ]
    ]
   }
  },
  {
   "type": "Feature",
   "properties": {
    "klima_id": "BIR16.4",
    "projekt_navn": "Ørevadsvej",
    "typologi": "Skybrudsveje",
    "vandopland": "Bispebjerg"
   },
   "geometry": {
    "type": "LineString",
    "coordinates": [
     [
      12.51918,
      55.7138
     ],
     [
      12.51932,
      55.71387
     ],
     [
      12.5191,
      55.71437
     ]
    ]
   }
  },
  {
   "type": "Feature",
   "properties": {
    "klima_id": "Frederiksberg",
    "typologi": "mix"
   },
   "geometry": {
    "type": "LineString",
    "coordinates": [
     [
      12.50825,
      55.68527
     ],
     [
      12.51392,
      55.68637
     ]
    ]
   }
  },
  {
   "type": "Feature",
   "properties": {
    "klima_id": "AM36",
    "projekt_navn": "Artillerivej og Ørestads Boulevard",
    "typologi": "mix",
    "vandopland": "Amager"
   },
   "geometry": {
    "type": "LineString",
    "coordinates": [
     [
      12.57765,
      55.66189
     ],
     [
      12.58135,
      55.66292
     ],
     [
      12.58303,
      55.6638
     ],
     [
      12.58447,
      55.66458
     ],
     [
      12.58506,
      55.66472
     ]
    ]
   }
  },
  {
   "type": "Feature",
   "properties": {
    "klima_id": "Frederiksberg",
    "typologi": "Grønne veje"
   },
   "geometry": {
    "type": "LineString",
    "coordinates": [
     [
      12.55188,
      55.67972
     ],
     [
      12.55161,
      55.67931
     ]
    ]
   }
  },
  {
   "type": "Feature",
   "properties": {
    "klima_id": "BIR11.4",
    "projekt_navn": "Ryparken Øst",
    "typologi": "Skybrudsveje",
    "vandopland": "Bispebjerg"
   },
   "geometry": {
    "type": "LineString",
    "coordinates": [
     [
      12.56332,
      55.72196
     ],
     [
      12.56395,
      55.72177
     ],
     [
      12.56468,
      55.72176
     ]
    ]
   }
  },
  {
   "type": "Feature",
   "properties": {
    "klima_id": "Frederiksberg",
    "typologi": "Skybrudsveje"
   },
   "geometry": {
    "type": "LineString",
    "coordinates": [
     [
      12.55505,
      55.67416
     ],
     [
      12.55412,
      55.67602
     ],
     [
      12.55513,
      55.67608
     ]
    ]
   }
  },
  {
   "type": "Feature",
   "properties": {
    "klima_id": "Frederiksberg",
    "typologi": "mix"
   },
   "geometry": {
    "type": "LineString",
    "coordinates": [
     [
      12.54706,
      55.67331
     ],
     [
      12.54514,
      55.6735
     ],
     [
      12.54488,
      55.67351
     ]
    ]
   }
  },
  {
   "type": "Feature",
   "properties": {
    "klima_id": "BIR5.6",
    "projekt_navn": "Rentemestervej",
    "typologi": "Skybrudsveje",
    "vandopland": "Bispebjerg"
   },
   "geometry": {
    "type": "LineString",
    "coordinates": [
     [
      12.53111,
      55.70457
     ],
     [
      12.53173,
      55.70518
     ]
    ]
   }
  },
  {
   "type": "Feature",
   "properties": {
    "klima_id": "BIR7.6&7.7",
    "projekt_navn": "Tagensvej Nord",
    "typologi": "Forsinkelsesveje",
    "vandopland": "Bispebjerg"
   },
   "geometry": {
    "type": "LineString",
    "coordinates": [
     [
      12.54049,
      55.70759
     ],
     [
      12.53912,
      55.70893
     ]
    ]
   }
  },
  {
   "type": "Feature",
   "properties": {
    "klima_id": "Frederiksberg",
    "typologi": "Grønne veje"
   },
   "geometry": {
    "type": "LineString",
    "coordinates": [
     [
      12.49593,
      55.67239
     ],
     [
      12.49959,
      55.67233
     ],
     [
      12.50618,
      55.67231
     ]
    ]
   }
  },
  {
   "type": "Feature",
   "properties": {
    "klima_id": "OS7",
    "projekt_navn": "Løgstørgade",
    "typologi": "Skybrudsledning",
    "vandopland": "Østerbro"
   },
   "geometry": {
    "type": "LineString",
    "coordinates": [
     [
      12.58379,
      55.70794
     ],
     [
      12.58418,
      55.7084
     ],
     [
      12.58478,
      55.70909
     ]
    ]
   }
  },
  {
   "type": "Feature",
   "properties": {
    "klima_id": "OS4",
    "projekt_navn": "Middelfartsgade m.fl.",
    "typologi": "Skybrudsveje",
    "vandopland": "Østerbro"
   },
   "geometry": {
    "type": "LineString",
    "coordinates": [
     [
      12.58478,
      55.70909
     ],
     [
      12.58517,
      55.70906
     ],
     [
      12.58601,
      55.70922
     ],
     [
      12.58693,
      55.70943
     ],
     [
      12.58735,
      55.70967
     ],
     [
      12.58754,
      55.70969
     ]
    ]
   }
  },
  {
   "type": "Feature",
   "properties": {
    "klima_id": "IB2",
    "projekt_navn": "Slotsholmen",
    "typologi": "Skybrudsveje",
    "vandopland": "Indre By"
   },
   "geometry": {
    "type": "LineString",
    "coordinates": [
     [
      12.57988,
      55.67506
     ],
     [
      12.57789,
      55.67432
     ],
     [
      12.57939,
      55.67303
     ]
    ]
   }
  },
  {
   "type": "Feature",
   "properties": {
    "klima_id": "IB4",
    "projekt_navn": "Sankt Annæ Plads",
    "typologi": "Skybrudsledning",
    "vandopland": "Indre By"
   },
   "geometry": {
    "type": "LineString",
    "coordinates": [
     [
      12.58862,
      55.68218
     ],
     [
      12.59066,
      55.68163
     ],
     [
      12.59344,
      55.68087
     ],
     [
      12.59364,
      55.6811
     ],
     [
      12.59411,
      55.68129
     ]
    ]
   }
  },
  {
   "type": "Feature",
   "properties": {
    "klima_id": "IB8",
    "projekt_navn": "Vester Voldgade",
    "typologi": "Skybrudsledning",
    "vandopland": "Indre By"
   },
   "geometry": {
    "type": "LineString",
    "coordinates": [
     [
      12.57436,
      55.674
     ],
     [
      12.57645,
      55.67478
     ],
     [
      12.57698,
      55.67473
     ]
    ]
   }
  },
  {
   "type": "Feature",
   "properties": {
    "klima_id": "IB9",
    "projekt_navn": "Grønningen",
    "typologi": "Skybrudsledning",
    "vandopland": "Indre By"
   },
   "geometry": {
    "type": "LineString",
    "coordinates": [
     [
      12.58995,
      55.68816
     ],
     [
      12.59142,
      55.68865
     ]
    ]
   }
  },
  {
   "type": "Feature",
   "properties": {
    "klima_id": "IB1",
    "projekt_navn": "H.C. Andersens Boulevard",
    "typologi": "Skybrudsveje",
    "vandopland": "Indre By"
   },
   "geometry": {
    "type": "LineString",
    "coordinates": [
     [
      12.56502,
      55.67841
     ],
     [
      12.56725,
      55.67633
     ],
     [
      12.56792,
      55.67579
     ],
     [
      12.5681,
      55.67565
     ],
     [
      12.56848,
      55.67543
     ],
     [
      12.56995,
      55.6747
     ],
     [
      12.57288,
      55.67325
     ],
     [
      12.57391,
      55.67269
     ],
     [
      12.57544,
      55.67193
     ],
     [
      12.57468,
      55.67144
     ],
     [
      12.57693,
      55.67024
     ]
    ]
   }
  },
  {
   "type": "Feature",
   "properties": {
    "klima_id": "Frederiksberg",
    "typologi": "Grønne veje"
   },
   "geometry": {
    "type": "LineString",
    "coordinates": [
     [
      12.53828,
      55.68739
     ],
     [
      12.54023,
      55.68674
     ]
    ]
   }
  },
  {
   "type": "Feature",
   "properties": {
    "klima_id": "Frederiksberg",
    "typologi": "Grønne veje"
   },
   "geometry": {
    "type": "LineString",
    "coordinates": [
     [
      12.53237,
      55.68972
     ],
     [
      12.53369,
      55.68935
     ]
    ]
   }
  },
  {
   "type": "Feature",
   "properties": {
    "klima_id": "IB9",
    "projekt_navn": "Grønningen",
    "typologi": "Skybrudsledning",
    "vandopland": "Indre By"
   },
   "geometry": {
    "type": "LineString",
    "coordinates": [
     [
      12.58898,
      55.69008
     ],
     [
      12.58936,
      55.68924
     ],
     [
      12.59049,
      55.68953
     ],
     [
      12.59268,
      55.68774
     ]
    ]
   }
  },
  {
   "type": "Feature",
   "properties": {
    "klima_id": "Frederiksberg",
    "typologi": "Grønne veje"
   },
   "geometry": {
    "type": "LineString",
    "coordinates": [
     [
      12.52794,
      55.68359
     ],
     [
      12.53142,
      55.6828
     ],
     [
      12.53214,
      55.68262
     ],
     [
      12.53442,
      55.68204
     ]
    ]
   }
  },
  {
   "type": "Feature",
   "properties": {
    "klima_id": "Frederiksberg",
    "typologi": "Grønne veje"
   },
   "geometry": {
    "type": "LineString",
    "coordinates": [
     [
      12.53457,
      55.6844
     ],
     [
      12.53577,
      55.68597
     ]
    ]
   }
  },
  {
   "type": "Feature",
   "properties": {
    "klima_id": "Frederiksberg",
    "typologi": "Grønne veje"
   },
   "geometry": {
    "type": "LineString",
    "coordinates": [
     [
      12.53082,
      55.68481
     ],
     [
      12.53159,
      55.68464
     ],
     [
      12.53228,
      55.68501
     ]
    ]
   }
  },
  {
   "type": "Feature",
   "properties": {
    "klima_id": "Frederiksberg",
    "typologi": "Grønne veje"
   },
   "geometry": {
    "type": "LineString",
    "coordinates": [
     [
      12.52757,
      55.68366
     ],
     [
      12.52495,
      55.6842
     ]
    ]
   }
  },
  {
   "type": "Feature",
   "properties": {
    "klima_id": "Frederiksberg",
    "typologi": "Grønne veje"
   },
   "geometry": {
    "type": "LineString",
    "coordinates": [
     [
      12.52781,
      55.68373
     ],
     [
      12.53035,
      55.68705
     ]
    ]
   }
  },
  {
   "type": "Feature",
   "properties": {
    "klima_id": "NO19",
    "projekt_navn": "Kartoffelrækkerne",
    "typologi": "Skybrudsledning",
    "vandopland": "Nørrebro"
   },
   "geometry": {
    "type": "LineString",
    "coordinates": [
     [
      12.57339,
      55.69048
     ],
     [
      12.57199,
      55.69107
     ]
    ]
   }
  },
  {
   "type": "Feature",
   "properties": {
    "klima_id": "BIR5.7",
    "projekt_navn": "Dortheavej",
    "typologi": "Skybrudsveje",
    "vandopland": "Bispebjerg"
   },
   "geometry": {
    "type": "LineString",
    "coordinates": [
     [
      12.52885,
      55.70796
     ],
     [
      12.53151,
      55.7074
     ]
    ]
   }
  },
  {
   "type": "Feature",
   "properties": {
    "klima_id": "KV59",
    "projekt_navn": "Valby Langgade",
    "typologi": "Forsinkelsesveje",
    "vandopland": "København Vest"
   },
   "geometry": {
    "type": "LineString",
    "coordinates": [
     [
      12.51613,
      55.6644
     ],
     [
      12.5151,
      55.66487
     ],
     [
      12.51317,
      55.66516
     ],
     [
      12.51316,
      55.66516
     ]
    ]
   }
  },
  {
   "type": "Feature",
   "properties": {
    "klima_id": "KV65",
    "projekt_navn": "Grønne veje i øvrigt Gåsebækrenden",
    "typologi": "Grønne veje",
    "vandopland": "København Vest"
   },
   "geometry": {
    "type": "LineString",
    "coordinates": [
     [
      12.48937,
      55.66915
     ],
     [
      12.4912,
      55.66846
     ],
     [
      12.49096,
      55.66802
     ],
     [
      12.49082,
      55.66771
     ],
     [
      12.49065,
      55.6673
     ],
     [
      12.4903,
      55.66688
     ],
     [
      12.49023,
      55.66682
     ],
     [
      12.49001,
      55.66664
     ],
     [
      12.48912,
      55.66628
     ],
     [
      12.48824,
      55.66612
     ],
     [
      12.48772,
      55.66599
     ]
    ]
   }
  },
  {
   "type": "Feature",
   "properties": {
    "klima_id": "Frederiksberg",
    "typologi": "Grønne veje"
   },
   "geometry": {
    "type": "LineString",
    "coordinates": [
     [
      12.54146,
      55.68457
     ],
     [
      12.54125,
      55.68435
     ]
    ]
   }
  },
  {
   "type": "Feature",
   "properties": {
    "klima_id": "Frederiksberg",
    "typologi": "Grønne veje"
   },
   "geometry": {
    "type": "LineString",
    "coordinates": [
     [
      12.53957,
      55.68244
     ],
     [
      12.54074,
      55.68211
     ]
    ]
   }
  },
  {
   "type": "Feature",
   "properties": {
    "klima_id": "Frederiksberg",
    "typologi": "Grønne veje"
   },
   "geometry": {
    "type": "LineString",
    "coordinates": [
     [
      12.55165,
      55.68232
     ],
     [
      12.55212,
      55.68304
     ]
    ]
   }
  },
  {
   "type": "Feature",
   "properties": {
    "klima_id": "Frederiksberg",
    "typologi": "Grønne veje"
   },
   "geometry": {
    "type": "LineString",
    "coordinates": [
     [
      12.55475,
      55.6841
     ],
     [
      12.55332,
      55.68309
     ]
    ]
   }
  },
  {
   "type": "Feature",
   "properties": {
    "klima_id": "Frederiksberg",
    "typologi": "Grønne veje"
   },
   "geometry": {
    "type": "LineString",
    "coordinates": [
     [
      12.54633,
      55.68404
     ],
     [
      12.54782,
      55.68364
     ],
     [
      12.54809,
      55.6837
     ],
     [
      12.54949,
      55.6836
     ],
     [
      12.5503,
      55.68343
     ]
    ]
   }
  },
  {
   "type": "Feature",
   "properties": {
    "klima_id": "Frederiksberg",
    "typologi": "Grønne veje"
   },
   "geometry": {
    "type": "LineString",
    "coordinates": [
     [
      12.5517,
      55.68477
     ],
     [
      12.55066,
      55.68337
     ],
     [
      12.5502,
      55.68273
     ]
    ]
   }
  },
  {
   "type": "Feature",
   "properties": {
    "klima_id": "VEL33",
    "projekt_navn": "Nørre Farimagsgade",
    "typologi": "Skybrudsveje",
    "vandopland": "Vesterbro-ladegaardså"
   },
   "geometry": {
    "type": "LineString",
    "coordinates": [
     [
      12.56625,
      55.68307
     ],
     [
      12.56471,
      55.68122
     ],
     [
      12.56544,
      55.68053
     ]
    ]
   }
  },
  {
   "type": "Feature",
   "properties": {
    "klima_id": "VEL15",
    "projekt_navn": "Supplerende skybrudsveje Sønder Boulevard",
    "typologi": "Skybrudsveje",
    "vandopland": "Vesterbro-ladegaardså"
   },
   "geometry": {
    "type": "LineString",
    "coordinates": [
     [
      12.55024,
      55.67265
     ],
     [
      12.5509,
      55.67269
     ],
     [
      12.55168,
      55.6727
     ],
     [
      12.5526,
      55.67264
     ],
     [
      12.55382,
      55.6725
     ],
     [
      12.55428,
      55.67245
     ],
     [
      12.5546,
      55.67232
     ]
    ]
   }
  },
  {
   "type": "Feature",
   "properties": {
    "klima_id": "NO3B",
    "projekt_navn": "Ryesgade Syd",
    "typologi": "Forsinkelsesveje",
    "vandopland": "Nørrebro"
   },
   "geometry": {
    "type": "LineString",
    "coordinates": [
     [
      12.56235,
      55.68889
     ],
     [
      12.5631,
      55.68953
     ],
     [
      12.56375,
      55.68997
     ],
     [
      12.56614,
      55.69153
     ],
     [
      12.56778,
      55.69262
     ]
    ]
   }
  },
  {
   "type": "Feature",
   "properties": {
    "klima_id": "NO13",
    "projekt_navn": "Blegdamsvej Syd",
    "typologi": "Forsinkelsesveje",
    "vandopland": "Nørrebro"
   },
   "geometry": {
    "type": "LineString",
    "coordinates": [
     [
      12.56114,
      55.69089
     ],
     [
      12.56264,
      55.69171
     ],
     [
      12.56621,
      55.69369
     ],
     [
      12.56649,
      55.69369
     ]
    ]
   }
  },
  {
   "type": "Feature",
   "properties": {
    "klima_id": "OS1",
    "projekt_navn": "Strandboulevarden",
    "typologi": "mix",
    "vandopland": "Østerbro"
   },
   "geometry": {
    "type": "LineString",
    "coordinates": [
     [
      12.59069,
      55.69778
     ],
     [
      12.59059,
      55.69843
     ],
     [
      12.59048,
      55.69891
     ],
     [
      12.59022,
      55.69956
     ],
     [
      12.5898,
      55.70019
     ],
     [
      12.58901,
      55.70131
     ],
     [
      12.58857,
      55.70192
     ],
     [
      12.58844,
      55.70216
     ],
     [
      12.58826,
      55.70248
     ],
     [
      12.58806,
      55.70291
     ],
     [
      12.58795,
      55.70332
     ],
     [
      12.58789,
      55.70356
     ],
     [
      12.58781,
      55.70375
     ],
     [
      12.58747,
      55.70424
     ]
    ]
   }
  },
  {
   "type": "Feature",
   "properties": {
    "klima_id": "OS42",
    "projekt_navn": "Rensning Kildevældssøen",
    "typologi": "Skybrudsledning",
    "vandopland": "Østerbro"
   },
   "geometry": {
    "type": "LineString",
    "coordinates": [
     [
      12.56842,
      55.71479
     ],
     [
      12.56888,
      55.71454
     ]
    ]
   }
  },
  {
   "type": "Feature",
   "properties": {
    "klima_id": "KV30",
    "projekt_navn": "Lykkebovej",
    "typologi": "Skybrudsveje",
    "vandopland": "København Vest"
   },
   "geometry": {
    "type": "LineString",
    "coordinates": [
     [
      12.48727,
      55.6606
     ],
     [
      12.48717,
      55.65909
     ],
     [
      12.48744,
      55.6587
     ]
    ]
   }
  },
  {
   "type": "Feature",
   "properties": {
    "klima_id": "KV30",
    "projekt_navn": "Lykkebovej",
    "typologi": "Skybrudsveje",
    "vandopland": "København Vest"
   },
   "geometry": {
    "type": "LineString",
    "coordinates": [
     [
      12.48316,
      55.65868
     ],
     [
      12.48212,
      55.65859
     ],
     [
      12.47842,
      55.65831
     ]
    ]
   }
  },
  {
   "type": "Feature",
   "properties": {
    "klima_id": "OS16",
    "projekt_navn": "Jagtvej",
    "typologi": "Forsinkelsesveje",
    "vandopland": "Østerbro"
   },
   "geometry": {
    "type": "LineString",
    "coordinates": [
     [
      12.56508,
      55.70846
     ],
     [
      12.56584,
      55.70713
     ]
    ]
   }
  },
  {
   "type": "Feature",
   "properties": {
    "klima_id": "IB19",
    "projekt_navn": "Strøget og Købmagergade",
    "typologi": "Skybrudsledning",
    "vandopland": "Indre By"
   },
   "geometry": {
    "type": "LineString",
    "coordinates": [
     [
      12.58062,
      55.68012
     ],
     [
      12.57938,
      55.67978
     ]
    ]
   }
  },
  {
   "type": "Feature",
   "properties": {
    "klima_id": "IB19",
    "projekt_navn": "Strøget og Købmagergade",
    "typologi": "Skybrudsledning",
    "vandopland": "Indre By"
   },
   "geometry": {
    "type": "LineString",
    "coordinates": [
     [
      12.57657,
      55.68004
     ],
     [
      12.57749,
      55.68069
     ]
    ]
   }
  },
  {
   "type": "Feature",
   "properties": {
    "klima_id": "IB19",
    "projekt_navn": "Strøget og Købmagergade",
    "typologi": "Skybrudsledning",
    "vandopland": "Indre By"
   },
   "geometry": {
    "type": "LineString",
    "coordinates": [
     [
      12.5773,
      55.67971
     ],
     [
      12.57827,
      55.68036
     ]
    ]
   }
  },
  {
   "type": "Feature",
   "properties": {
    "klima_id": "KV79",
    "projekt_navn": "Sydhavnsgade",
    "typologi": "Skybrudsveje",
    "vandopland": "København Vest"
   },
   "geometry": {
    "type": "LineString",
    "coordinates": [
     [
      12.54902,
      55.64207
     ],
     [
      12.54594,
      55.6434
     ],
     [
      12.54551,
      55.64371
     ],
     [
      12.54348,
      55.6452
     ],
     [
      12.54262,
      55.64621
     ],
     [
      12.54253,
      55.64631
     ],
     [
      12.5422,
      55.6467
     ],
     [
      12.54045,
      55.65005
     ],
     [
      12.5412,
      55.65013
     ]
    ]
   }
  },
  {
   "type": "Feature",
   "properties": {
    "klima_id": "KV65",
    "projekt_navn": "Grønne veje i øvrigt Gåsebækrenden",
    "typologi": "Grønne veje",
    "vandopland": "København Vest"
   },
   "geometry": {
    "type": "LineString",
    "coordinates": [
     [
      12.49821,
      55.66744
     ],
     [
      12.49624,
      55.66797
     ]
    ]
   }
  },
  {
   "type": "Feature",
   "properties": {
    "klima_id": "BIR8.4",
    "projekt_navn": "Tagensvej Syd",
    "typologi": "Skybrudsledning",
    "vandopland": "Bispebjerg"
   },
   "geometry": {
    "type": "LineString",
    "coordinates": [
     [
      12.544,
      55.70544
     ],
     [
      12.54516,
      55.70482
     ],
     [
      12.54525,
      55.70476
     ]
    ]
   }
  },
  {
   "type": "Feature",
   "properties": {
    "klima_id": "BIR8.3",
    "projekt_navn": "Mimersgade",
    "typologi": "Forsinkelsesveje",
    "vandopland": "Bispebjerg"
   },
   "geometry": {
    "type": "LineString",
    "coordinates": [
     [
      12.54837,
      55.69991
     ],
     [
      12.54813,
      55.69978
     ]
    ]
   }
  },
  {
   "type": "Feature",
   "properties": {
    "klima_id": "KV59",
    "projekt_navn": "Valby Langgade",
    "typologi": "Forsinkelsesveje",
    "vandopland": "København Vest"
   },
   "geometry": {
    "type": "LineString",
    "coordinates": [
     [
      12.51087,
      55.66582
     ],
     [
      12.51074,
      55.66587
     ],
     [
      12.50976,
      55.66584
     ],
     [
      12.50939,
      55.66582
     ]
    ]
   }
  },
  {
   "type": "Feature",
   "properties": {
    "klima_id": "KV59",
    "projekt_navn": "Valby Langgade",
    "typologi": "Skybrudsledning",
    "vandopland": "København Vest"
   },
   "geometry": {
    "type": "LineString",
    "coordinates": [
     [
      12.51193,
      55.66537
     ],
     [
      12.51074,
      55.66587
     ],
     [
      12.50976,
      55.66584
     ],
     [
      12.50939,
      55.66582
     ],
     [
      12.50917,
      55.66567
     ]
    ]
   }
  },
  {
   "type": "Feature",
   "properties": {
    "klima_id": "Frederiksberg",
    "typologi": "mix"
   },
   "geometry": {
    "type": "LineString",
    "coordinates": [
     [
      12.5015,
      55.67859
     ],
     [
      12.50044,
      55.67855
     ],
     [
      12.49621,
      55.67838
     ],
     [
      12.49303,
      55.67829
     ],
     [
      12.49229,
      55.67819
     ]
    ]
   }
  },
  {
   "type": "Feature",
   "properties": {
    "klima_id": "KV65",
    "projekt_navn": "Grønne veje i øvrigt Gåsebækrenden",
    "typologi": "Grønne veje",
    "vandopland": "København Vest"
   },
   "geometry": {
    "type": "LineString",
    "coordinates": [
     [
      12.49571,
      55.6664
     ],
     [
      12.49485,
      55.66807
     ],
     [
      12.49475,
      55.66822
     ],
     [
      12.49465,
      55.66834
     ],
     [
      12.49453,
      55.66845
     ],
     [
      12.49437,
      55.66856
     ],
     [
      12.49435,
      55.66869
     ]
    ]
   }
  },
  {
   "type": "Feature",
   "properties": {
    "klima_id": "KV65",
    "projekt_navn": "Grønne veje i øvrigt Gåsebækrenden",
    "typologi": "Grønne veje",
    "vandopland": "København Vest"
   },
   "geometry": {
    "type": "LineString",
    "coordinates": [
     [
      12.50372,
      55.66644
     ],
     [
      12.50401,
      55.66597
     ],
     [
      12.50572,
      55.66462
     ]
    ]
   }
  },
  {
   "type": "Feature",
   "properties": {
    "klima_id": "KV65",
    "projekt_navn": "Grønne veje i øvrigt Gåsebækrenden",
    "typologi": "Grønne veje",
    "vandopland": "København Vest"
   },
   "geometry": {
    "type": "LineString",
    "coordinates": [
     [
      12.49381,
      55.66037
     ],
     [
      12.49336,
      55.66004
     ]
    ]
   }
  },
  {
   "type": "Feature",
   "properties": {
    "klima_id": "KV65",
    "projekt_navn": "Grønne veje i øvrigt Gåsebækrenden",
    "typologi": "Grønne veje",
    "vandopland": "København Vest"
   },
   "geometry": {
    "type": "LineString",
    "coordinates": [
     [
      12.48937,
      55.66225
     ],
     [
      12.48888,
      55.66189
     ]
    ]
   }
  },
  {
   "type": "Feature",
   "properties": {
    "klima_id": "KV65",
    "projekt_navn": "Grønne veje i øvrigt Gåsebækrenden",
    "typologi": "Grønne veje",
    "vandopland": "København Vest"
   },
   "geometry": {
    "type": "LineString",
    "coordinates": [
     [
      12.5027,
      55.66229
     ],
     [
      12.50352,
      55.66228
     ],
     [
      12.50368,
      55.66237
     ],
     [
      12.50446,
      55.66236
     ],
     [
      12.50477,
      55.66237
     ],
     [
      12.50557,
      55.66236
     ],
     [
      12.50574,
      55.66228
     ]
    ]
   }
  },
  {
   "type": "Feature",
   "properties": {
    "klima_id": "KV65",
    "projekt_navn": "Grønne veje i øvrigt Gåsebækrenden",
    "typologi": "Grønne veje",
    "vandopland": "København Vest"
   },
   "geometry": {
    "type": "LineString",
    "coordinates": [
     [
      12.50277,
      55.66293
     ],
     [
      12.50462,
      55.66292
     ],
     [
      12.50661,
      55.6629
     ]
    ]
   }
  },
  {
   "type": "Feature",
   "properties": {
    "klima_id": "VEL20",
    "projekt_navn": "Rantzausgade",
    "typologi": "Forsinkelsesveje",
    "vandopland": "Vesterbro-ladegaardså"
   },
   "geometry": {
    "type": "LineString",
    "coordinates": [
     [
      12.54515,
      55.68807
     ],
     [
      12.5533,
      55.68524
     ]
    ]
   }
  },
  {
   "type": "Feature",
   "properties": {
    "klima_id": "VEL42",
    "projekt_navn": "Ørnevej-Vibevej-Glentevej",
    "typologi": "Skybrudsveje",
    "vandopland": "Vesterbro-ladegaardså"
   },
   "geometry": {
    "type": "LineString",
    "coordinates": [
     [
      12.52803,
      55.70235
     ],
     [
      12.52937,
      55.70186
     ],
     [
      12.53012,
      55.70158
     ],
     [
      12.53112,
      55.7012
     ],
     [
      12.53214,
      55.70081
     ],
     [
      12.53078,
      55.69952
     ],
     [
      12.53301,
      55.69785
     ],
     [
      12.5338,
      55.69769
     ],
     [
      12.53551,
      55.69776
     ],
     [
      12.5357,
      55.69662
     ],
     [
      12.53454,
      55.69545
     ]
    ]
   }
  },
  {
   "type": "Feature",
   "properties": {
    "klima_id": "VEL18",
    "projekt_navn": "Vester Søgade og Kampmannsgade",
    "typologi": "Forsinkelsesveje",
    "vandopland": "Vesterbro-ladegaardså"
   },
   "geometry": {
    "type": "LineString",
    "coordinates": [
     [
      12.56005,
      55.67958
     ],
     [
      12.55963,
      55.67781
     ]
    ]
   }
  },
  {
   "type": "Feature",
   "properties": {
    "klima_id": "VEL2",
    "projekt_navn": "Sønder Boulevard",
    "typologi": "Skybrudsveje",
    "vandopland": "Vesterbro-ladegaardså"
   },
   "geometry": {
    "type": "LineString",
    "coordinates": [
     [
      12.5631,
      55.6712
     ],
     [
      12.56164,
      55.67073
     ]
    ]
   }
  },
  {
   "type": "Feature",
   "properties": {
    "klima_id": "KV95",
    "projekt_navn": "Sønder Fasanvej",
    "typologi": "Skybrudsveje",
    "vandopland": "København Vest"
   },
   "geometry": {
    "type": "LineString",
    "coordinates": [
     [
      12.51724,
      55.66797
     ],
     [
      12.51726,
      55.66773
     ]
    ]
   }
  },
  {
   "type": "Feature",
   "properties": {
    "klima_id": "VEL46",
    "projekt_navn": "Skybrudsledning i Åboulevard",
    "typologi": "Skybrudsledning",
    "vandopland": "Vesterbro-ladegaardså"
   },
   "geometry": {
    "type": "LineString",
    "coordinates": [
     [
      12.54011,
      55.68863
     ],
     [
      12.54285,
      55.68676
     ]
    ]
   }
  },
  {
   "type": "Feature",
   "properties": {
    "klima_id": "VEL45",
    "projekt_navn": "Kalvebod Brygge Skybrudstunnel",
    "typologi": "Skybrudsledning",
    "vandopland": "Vesterbro-ladegaardså"
   },
   "geometry": {
    "type": "LineString",
    "coordinates": [
     [
      12.55558,
      55.67399
     ],
     [
      12.55527,
      55.67362
     ],
     [
      12.55558,
      55.67246
     ],
     [
      12.55564,
      55.67236
     ],
     [
      12.55573,
      55.67226
     ],
     [
      12.55751,
      55.67046
     ],
     [
      12.55858,
      55.66948
     ],
     [
      12.55844,
      55.66912
     ],
     [
      12.56629,
      55.6639
     ]
    ]
   }
  },
  {
   "type": "Feature",
   "properties": {
    "klima_id": "BIR5.6",
    "projekt_navn": "Rentemestervej",
    "typologi": "Skybrudsledning",
    "vandopland": "Bispebjerg"
   },
   "geometry": {
    "type": "LineString",
    "coordinates": [
     [
      12.53173,
      55.70518
     ],
     [
      12.5321,
      55.7056
     ],
     [
      12.53225,
      55.70557
     ],
     [
      12.53241,
      55.70552
     ]
    ]
   }
  },
  {
   "type": "Feature",
   "properties": {
    "klima_id": "BIR5.7",
    "projekt_navn": "Dortheavej",
    "typologi": "Skybrudsledning",
    "vandopland": "Bispebjerg"
   },
   "geometry": {
    "type": "LineString",
    "coordinates": [
     [
      12.53211,
      55.70855
     ],
     [
      12.53211,
      55.70742
     ],
     [
      12.5321,
      55.70732
     ],
     [
      12.53227,
      55.70735
     ],
     [
      12.53686,
      55.70734
     ]
    ]
   }
  },
  {
   "type": "Feature",
   "properties": {
    "klima_id": "BIR5.8",
    "projekt_navn": "Lygten",
    "typologi": "Skybrudsledning",
    "vandopland": "Bispebjerg"
   },
   "geometry": {
    "type": "LineString",
    "coordinates": [
     [
      12.53858,
      55.70689
     ],
     [
      12.53833,
      55.70612
     ],
     [
      12.53833,
      55.70611
     ]
    ]
   }
  },
  {
   "type": "Feature",
   "properties": {
    "klima_id": "BIR5.6",
    "projekt_navn": "Rentemestervej",
    "typologi": "Skybrudsledning",
    "vandopland": "Bispebjerg"
   },
   "geometry": {
    "type": "LineString",
    "coordinates": [
     [
      12.53182,
      55.70568
     ],
     [
      12.5321,
      55.7056
     ]
    ]
   }
  },
  {
   "type": "Feature",
   "properties": {
    "klima_id": "BIR5.6",
    "projekt_navn": "Rentemestervej",
    "typologi": "Skybrudsledning",
    "vandopland": "Bispebjerg"
   },
   "geometry": {
    "type": "LineString",
    "coordinates": [
     [
      12.53013,
      55.70489
     ],
     [
      12.53065,
      55.70429
     ],
     [
      12.53075,
      55.70428
     ]
    ]
   }
  },
  {
   "type": "Feature",
   "properties": {
    "klima_id": "KV34",
    "projekt_navn": "Retortvej",
    "typologi": "Forsinkelsesveje",
    "vandopland": "København Vest"
   },
   "geometry": {
    "type": "LineString",
    "coordinates": [
     [
      12.49943,
      55.65864
     ],
     [
      12.50065,
      55.65633
     ],
     [
      12.50084,
      55.65597
     ],
     [
      12.50152,
      55.65462
     ],
     [
      12.50214,
      55.65309
     ],
     [
      12.50268,
      55.65215
     ],
     [
      12.50283,
      55.65182
     ],
     [
      12.50305,
      55.65121
     ],
     [
      12.503,
      55.65106
     ]
    ]
   }
  },
  {
   "type": "Feature",
   "properties": {
    "klima_id": "BIR2.3",
    "projekt_navn": "Vestagervej",
    "typologi": "Skybrudsledning",
    "vandopland": "Bispebjerg"
   },
   "geometry": {
    "type": "LineString",
    "coordinates": [
     [
      12.57451,
      55.72356
     ],
     [
      12.5727,
      55.72347
     ],
     [
      12.57067,
      55.72339
     ],
     [
      12.56921,
      55.72265
     ]
    ]
   }
  },
  {
   "type": "Feature",
   "properties": {
    "klima_id": "BIR2.3",
    "projekt_navn": "Vestagervej",
    "typologi": "Skybrudsledning",
    "vandopland": "Bispebjerg"
   },
   "geometry": {
    "type": "LineString",
    "coordinates": [
     [
      12.57278,
      55.72444
     ],
     [
      12.5727,
      55.72347
     ]
    ]
   }
  },
  {
   "type": "Feature",
   "properties": {
    "klima_id": "BIR2.3",
    "projekt_navn": "Vestagervej",
    "typologi": "mix",
    "vandopland": "Bispebjerg"
   },
   "geometry": {
    "type": "LineString",
    "coordinates": [
     [
      12.57225,
      55.72448
     ],
     [
      12.57278,
      55.72444
     ],
     [
      12.57274,
      55.72385
     ]
    ]
   }
  },
  {
   "type": "Feature",
   "properties": {
    "klima_id": "BIR2.3",
    "projekt_navn": "Vestagervej",
    "typologi": "mix",
    "vandopland": "Bispebjerg"
   },
   "geometry": {
    "type": "LineString",
    "coordinates": [
     [
      12.57284,
      55.7226
     ],
     [
      12.57277,
      55.72312
     ]
    ]
   }
  },
  {
   "type": "Feature",
   "properties": {
    "klima_id": "BIR2.3",
    "projekt_navn": "Vestagervej",
    "typologi": "Skybrudsledning",
    "vandopland": "Bispebjerg"
   },
   "geometry": {
    "type": "LineString",
    "coordinates": [
     [
      12.57282,
      55.72264
     ],
     [
      12.5727,
      55.72347
     ]
    ]
   }
  },
  {
   "type": "Feature",
   "properties": {
    "klima_id": "BIR2.3",
    "projekt_navn": "Vestagervej",
    "typologi": "Skybrudsledning",
    "vandopland": "Bispebjerg"
   },
   "geometry": {
    "type": "LineString",
    "coordinates": [
     [
      12.57441,
      55.7244
     ],
     [
      12.57451,
      55.72357
     ]
    ]
   }
  },
  {
   "type": "Feature",
   "properties": {
    "klima_id": "BIR2.3",
    "projekt_navn": "Vestagervej",
    "typologi": "Skybrudsledning",
    "vandopland": "Bispebjerg"
   },
   "geometry": {
    "type": "LineString",
    "coordinates": [
     [
      12.57459,
      55.72287
     ],
     [
      12.57451,
      55.72357
     ]
    ]
   }
  },
  {
   "type": "Feature",
   "properties": {
    "klima_id": "Frederiksberg",
    "typologi": "mix"
   },
   "geometry": {
    "type": "LineString",
    "coordinates": [
     [
      12.51017,
      55.67511
     ],
     [
      12.50872,
      55.67394
     ],
     [
      12.50716,
      55.6727
     ],
     [
      12.50695,
      55.67238
     ]
    ]
   }
  },
  {
   "type": "Feature",
   "properties": {
    "klima_id": "KV30",
    "projekt_navn": "Lykkebovej",
    "typologi": "Grønne veje",
    "vandopland": "København Vest"
   },
   "geometry": {
    "type": "LineString",
    "coordinates": [
     [
      12.48049,
      55.66027
     ],
     [
      12.48065,
      55.65949
     ]
    ]
   }
  },
  {
   "type": "Feature",
   "properties": {
    "klima_id": "VEL42",
    "projekt_navn": "Ørnevej-Vibevej-Glentevej",
    "typologi": "Skybrudsveje",
    "vandopland": "Vesterbro-ladegaardså"
   },
   "geometry": {
    "type": "LineString",
    "coordinates": [
     [
      12.53405,
      55.69867
     ],
     [
      12.53372,
      55.69816
     ]
    ]
   }
  },
  {
   "type": "Feature",
   "properties": {
    "klima_id": "Frederiksberg",
    "typologi": "Skybrudsledning"
   },
   "geometry": {
    "type": "LineString",
    "coordinates": [
     [
      12.52806,
      55.67537
     ],
     [
      12.53246,
      55.67478
     ]
    ]
   }
  },
  {
   "type": "Feature",
   "properties": {
    "klima_id": "KV95",
    "projekt_navn": "Sønder Fasanvej",
    "typologi": "mix",
    "vandopland": "København Vest"
   },
   "geometry": {
    "type": "LineString",
    "coordinates": [
     [
      12.51911,
      55.6675
     ],
     [
      12.51905,
      55.66719
     ],
     [
      12.51901,
      55.66716
     ],
     [
      12.51793,
      55.66744
     ],
     [
      12.51752,
      55.66754
     ]
    ]
   }
  },
  {
   "type": "Feature",
   "properties": {
    "klima_id": "KV95",
    "projekt_navn": "Sønder Fasanvej",
    "typologi": "mix",
    "vandopland": "København Vest"
   },
   "geometry": {
    "type": "LineString",
    "coordinates": [
     [
      12.51901,
      55.66674
     ],
     [
      12.51903,
      55.66695
     ]
    ]
   }
  },
  {
   "type": "Feature",
   "properties": {
    "klima_id": "KV95",
    "projekt_navn": "Sønder Fasanvej",
    "typologi": "Skybrudsveje",
    "vandopland": "København Vest"
   },
   "geometry": {
    "type": "LineString",
    "coordinates": [
     [
      12.51726,
      55.66675
     ],
     [
      12.51724,
      55.66738
     ]
    ]
   }
  },
  {
   "type": "Feature",
   "properties": {
    "klima_id": "BIR8.5",
    "projekt_navn": "Sigurdsgade",
    "typologi": "mix",
    "vandopland": "Bispebjerg"
   },
   "geometry": {
    "type": "LineString",
    "coordinates": [
     [
      12.55159,
      55.7038
     ],
     [
      12.5516,
      55.70393
     ],
     [
      12.55159,
      55.70403
     ],
     [
      12.55156,
      55.70416
     ],
     [
      12.55147,
      55.70427
     ],
     [
      12.55137,
      55.70439
     ],
     [
      12.55127,
      55.70447
     ],
     [
      12.55114,
      55.70455
     ],
     [
      12.55088,
      55.70469
     ],
     [
      12.54953,
      55.70394
     ]
    ]
   }
  },
  {
   "type": "Feature",
   "properties": {
    "klima_id": "BIR17",
    "projekt_navn": "Baldersgade og Dagmarsgade",
    "typologi": "Forsinkelsesveje",
    "vandopland": "Bispebjerg"
   },
   "geometry": {
    "type": "LineString",
    "coordinates": [
     [
      12.54541,
      55.69886
     ],
     [
      12.5451,
      55.69907
     ],
     [
      12.545,
      55.69913
     ]
    ]
   }
  },
  {
   "type": "Feature",
   "properties": {
    "klima_id": "BIR8.3",
    "projekt_navn": "Mimersgade",
    "typologi": "Forsinkelsesveje",
    "vandopland": "Bispebjerg"
   },
   "geometry": {
    "type": "LineString",
    "coordinates": [
     [
      12.5495,
      55.69945
     ],
     [
      12.54931,
      55.69957
     ],
     [
      12.54865,
      55.69998
     ],
     [
      12.54847,
      55.70009
     ],
     [
      12.54815,
      55.70023
     ],
     [
      12.54781,
      55.70038
     ],
     [
      12.54683,
      55.70074
     ],
     [
      12.54518,
      55.70128
     ]
    ]
   }
  },
  {
   "type": "Feature",
   "properties": {
    "klima_id": "BIR8.1",
    "projekt_navn": "Banearealet",
    "typologi": "Skybrudsledning",
    "vandopland": "Bispebjerg"
   },
   "geometry": {
    "type": "LineString",
    "coordinates": [
     [
      12.54292,
      55.70695
     ],
     [
      12.54884,
      55.70934
     ],
     [
      12.54918,
      55.7097
     ]
    ]
   }
  },
  {
   "type": "Feature",
   "properties": {
    "klima_id": "KV59",
    "projekt_navn": "Valby Langgade",
    "typologi": "Forsinkelsesveje",
    "vandopland": "København Vest"
   },
   "geometry": {
    "type": "LineString",
    "coordinates": [
     [
      12.51354,
      55.66587
     ],
     [
      12.51326,
      55.66531
     ]
    ]
   }
  },
  {
   "type": "Feature",
   "properties": {
    "klima_id": "KV59",
    "projekt_navn": "Valby Langgade",
    "typologi": "Forsinkelsesveje",
    "vandopland": "København Vest"
   },
   "geometry": {
    "type": "LineString",
    "coordinates": [
     [
      12.51267,
      55.66427
     ],
     [
      12.51308,
      55.66499
     ]
    ]
   }
  },
  {
   "type": "Feature",
   "properties": {
    "klima_id": "KV60",
    "projekt_navn": "Vigerslev allé",
    "typologi": "Skybrudsveje",
    "vandopland": "København Vest"
   },
   "geometry": {
    "type": "LineString",
    "coordinates": [
     [
      12.51021,
      55.66129
     ],
     [
      12.50906,
      55.66123
     ]
    ]
   }
  },
  {
   "type": "Feature",
   "properties": {
    "klima_id": "KV60",
    "projekt_navn": "Vigerslev allé",
    "typologi": "Skybrudsveje",
    "vandopland": "København Vest"
   },
   "geometry": {
    "type": "LineString",
    "coordinates": [
     [
      12.50677,
      55.66111
     ],
     [
      12.50821,
      55.66118
     ]
    ]
   }
  },
  {
   "type": "Feature",
   "properties": {
    "klima_id": "IB23",
    "projekt_navn": "Holmens Kanal",
    "typologi": "Skybrudsveje",
    "vandopland": "Indre By"
   },
   "geometry": {
    "type": "LineString",
    "coordinates": [
     [
      12.58505,
      55.67736
     ],
     [
      12.58557,
      55.6775
     ],
     [
      12.5858,
      55.67758
     ],
     [
      12.58592,
      55.67766
     ],
     [
      12.58601,
      55.67776
     ],
     [
      12.58606,
      55.67786
     ],
     [
      12.58609,
      55.67795
     ],
     [
      12.58606,
      55.6781
     ],
     [
      12.58599,
      55.67828
     ],
     [
      12.58578,
      55.67876
     ],
     [
      12.58558,
      55.67974
     ],
     [
      12.58592,
      55.67984
     ],
     [
      12.58644,
      55.68009
     ],
     [
      12.58673,
      55.68029
     ],
     [
      12.58689,
      55.68044
     ]
    ]
   }
  },
  {
   "type": "Feature",
   "properties": {
    "klima_id": "IB21",
    "projekt_navn": "Admiralgade",
    "typologi": "Skybrudsledning",
    "vandopland": "Indre By"
   },
   "geometry": {
    "type": "LineString",
    "coordinates": [
     [
      12.58231,
      55.67751
     ],
     [
      12.58272,
      55.6771
     ],
     [
      12.58284,
      55.67694
     ]
    ]
   }
  },
  {
   "type": "Feature",
   "properties": {
    "klima_id": "BIR8.5",
    "projekt_navn": "Sigurdsgade",
    "typologi": "mix",
    "vandopland": "Bispebjerg"
   },
   "geometry": {
    "type": "LineString",
    "coordinates": [
     [
      12.55661,
      55.70354
     ],
     [
      12.55567,
      55.70355
     ],
     [
      12.55376,
      55.70359
     ],
     [
      12.55157,
      55.70363
     ],
     [
      12.55117,
      55.70363
     ],
     [
      12.5501,
      55.70362
     ]
    ]
   }
  },
  {
   "type": "Feature",
   "properties": {
    "klima_id": "BIR8.5",
    "projekt_navn": "Sigurdsgade",
    "typologi": "mix",
    "vandopland": "Bispebjerg"
   },
   "geometry": {
    "type": "LineString",
    "coordinates": [
     [
      12.55428,
      55.70503
     ],
     [
      12.55409,
      55.70491
     ],
     [
      12.55401,
      55.70483
     ],
     [
      12.55394,
      55.70474
     ],
     [
      12.55389,
      55.70466
     ],
     [
      12.55387,
      55.70458
     ],
     [
      12.55381,
      55.70419
     ],
     [
      12.55377,
      55.7038
     ]
    ]
   }
  },
  {
   "type": "Feature",
   "properties": {
    "klima_id": "BIR8.5",
    "projekt_navn": "Sigurdsgade",
    "typologi": "mix",
    "vandopland": "Bispebjerg"
   },
   "geometry": {
    "type": "LineString",
    "coordinates": [
     [
      12.55091,
      55.70277
     ],
     [
      12.5515,
      55.70311
     ],
     [
      12.55154,
      55.70316
     ],
     [
      12.55158,
      55.70342
     ]
    ]
   }
  },
  {
   "type": "Feature",
   "properties": {
    "klima_id": "IB24",
    "projekt_navn": "Øster Voldgade",
    "typologi": "Skybrudsveje",
    "vandopland": "Indre By"
   },
   "geometry": {
    "type": "LineString",
    "coordinates": [
     [
      12.57562,
      55.68591
     ],
     [
      12.5765,
      55.6865
     ],
     [
      12.57735,
      55.68695
     ],
     [
      12.57813,
      55.68738
     ]
    ]
   }
  },
  {
   "type": "Feature",
   "properties": {
    "klima_id": "IB18",
    "projekt_navn": "Store Strandstræde",
    "typologi": "Skybrudsledning",
    "vandopland": "Indre By"
   },
   "geometry": {
    "type": "LineString",
    "coordinates": [
     [
      12.58841,
      55.68102
     ],
     [
      12.59011,
      55.68144
     ],
     [
      12.59027,
      55.68164
     ]
    ]
   }
  },
  {
   "type": "Feature",
   "properties": {
    "klima_id": "IB20",
    "projekt_navn": "Pistolstræde",
    "typologi": "Skybrudsledning",
    "vandopland": "Indre By"
   },
   "geometry": {
    "type": "LineString",
    "coordinates": [
     [
      12.58262,
      55.68073
     ],
     [
      12.58295,
      55.68082
     ]
    ]
   }
  },
  {
   "type": "Feature",
   "properties": {
    "klima_id": "AM34",
    "projekt_navn": "Ålandsgade",
    "typologi": "Skybrudsledning",
    "vandopland": "Amager"
   },
   "geometry": {
    "type": "LineString",
    "coordinates": [
     [
      12.60593,
      55.66499
     ],
     [
      12.60496,
      55.6648
     ],
     [
      12.60419,
      55.66464
     ]
    ]
   }
  },
  {
   "type": "Feature",
   "properties": {
    "klima_id": "AM10",
    "projekt_navn": "Elbagade - Fillipsparken",
    "typologi": "Skybrudsveje",
    "vandopland": "Amager"
   },
   "geometry": {
    "type": "LineString",
    "coordinates": [
     [
      12.61685,
      55.65339
     ],
     [
      12.61768,
      55.65353
     ],
     [
      12.61784,
      55.65363
     ]
    ]
   }
  },
  {
   "type": "Feature",
   "properties": {
    "klima_id": "AM1C",
    "projekt_navn": "Amagerbanen. Vermlandsgade - Amagerfælledvej",
    "typologi": "Forsinkelsesveje",
    "vandopland": "Amager"
   },
   "geometry": {
    "type": "LineString",
    "coordinates": [
     [
      12.59765,
      55.66764
     ],
     [
      12.59822,
      55.66779
     ],
     [
      12.59851,
      55.66748
     ],
     [
      12.5989,
      55.66706
     ],
     [
      12.59856,
      55.66699
     ]
    ]
   }
  },
  {
   "type": "Feature",
   "properties": {
    "klima_id": "Frederiksberg",
    "typologi": "Forsinkelsesveje"
   },
   "geometry": {
    "type": "LineString",
    "coordinates": [
     [
      12.49645,
      55.66992
     ],
     [
      12.50218,
      55.66983
     ]
    ]
   }
  },
  {
   "type": "Feature",
   "properties": {
    "klima_id": "AM35",
    "projekt_navn": "Amager Boulevard, Badenflethsgade m.fl.",
    "typologi": "mix",
    "vandopland": "Amager"
   },
   "geometry": {
    "type": "LineString",
    "coordinates": [
     [
      12.59262,
      55.66575
     ],
     [
      12.59277,
      55.66617
     ],
     [
      12.59284,
      55.66632
     ],
     [
      12.5933,
      55.66693
     ],
     [
      12.59084,
      55.66754
     ]
    ]
   }
  },
  {
   "type": "Feature",
   "properties": {
    "klima_id": "AM13",
    "projekt_navn": "Amager Fælledvej",
    "typologi": "Forsinkelsesveje",
    "vandopland": "Amager"
   },
   "geometry": {
    "type": "LineString",
    "coordinates": [
     [
      12.59247,
      55.65805
     ],
     [
      12.595,
      55.66632
     ]
    ]
   }
  },
  {
   "type": "Feature",
   "properties": {
    "klima_id": "NO26",
    "projekt_navn": "Sølund",
    "typologi": "Skybrudsledning",
    "vandopland": "Nørrebro"
   },
   "geometry": {
    "type": "LineString",
    "coordinates": [
     [
      12.56698,
      55.69209
     ],
     [
      12.56839,
      55.69138
     ]
    ]
   }
  },
  {
   "type": "Feature",
   "properties": {
    "klima_id": "KV87",
    "projekt_navn": "Nedre Kags Å",
    "typologi": "Skybrudsledning",
    "vandopland": "København Vest"
   },
   "geometry": {
    "type": "LineString",
    "coordinates": [
     [
      12.45667,
      55.71397
     ],
     [
      12.45736,
      55.71412
     ],
     [
      12.45794,
      55.71449
     ],
     [
      12.45813,
      55.71488
     ],
     [
      12.4586,
      55.71616
     ],
     [
      12.45873,
      55.71665
     ],
     [
      12.45879,
      55.71688
     ],
     [
      12.45817,
      55.71801
     ],
     [
      12.45799,
      55.71843
     ],
     [
      12.45765,
      55.719
     ],
     [
      12.45725,
      55.71961
     ],
     [
      12.45685,
      55.71991
     ]
    ]
   }
  },
  {
   "type": "Feature",
   "properties": {
    "klima_id": "BIR21",
    "projekt_navn": "Svanemøllen Skybrudstunnel",
    "typologi": "Skybrudsledning",
    "vandopland": "Bispebjerg"
   },
   "geometry": {
    "type": "LineString",
    "coordinates": [
     [
      12.51519,
      55.72277
     ],
     [
      12.51712,
      55.72548
     ],
     [
      12.51685,
      55.72573
     ],
     [
      12.51705,
      55.72664
     ]
    ]
   }
  },
  {
   "type": "Feature",
   "properties": {
    "klima_id": "IB13",
    "projekt_navn": "Ny Kongensgade",
    "typologi": "Skybrudsledning",
    "vandopland": "Indre By"
   },
   "geometry": {
    "type": "LineString",
    "coordinates": [
     [
      12.5769,
      55.67388
     ],
     [
      12.57739,
      55.67419
     ]
    ]
   }
  },
  {
   "type": "Feature",
   "properties": {
    "klima_id": "IB12",
    "projekt_navn": "Indre By Midt",
    "typologi": "Skybrudsledning",
    "vandopland": "Indre By"
   },
   "geometry": {
    "type": "LineString",
    "coordinates": [
     [
      12.58177,
      55.67726
     ],
     [
      12.58155,
      55.67715
     ]
    ]
   }
  },
  {
   "type": "Feature",
   "properties": {
    "klima_id": "IB12",
    "projekt_navn": "Indre By Midt",
    "typologi": "Skybrudsledning",
    "vandopland": "Indre By"
   },
   "geometry": {
    "type": "LineString",
    "coordinates": [
     [
      12.58077,
      55.67776
     ],
     [
      12.58051,
      55.67755
     ]
    ]
   }
  },
  {
   "type": "Feature",
   "properties": {
    "klima_id": "IB12",
    "projekt_navn": "Indre By Midt",
    "typologi": "Skybrudsledning",
    "vandopland": "Indre By"
   },
   "geometry": {
    "type": "LineString",
    "coordinates": [
     [
      12.57501,
      55.67597
     ],
     [
      12.57567,
      55.67585
     ]
    ]
   }
  },
  {
   "type": "Feature",
   "properties": {
    "klima_id": "IB11",
    "projekt_navn": "Indre By Nord",
    "typologi": "Skybrudsledning",
    "vandopland": "Indre By"
   },
   "geometry": {
    "type": "LineString",
    "coordinates": [
     [
      12.59647,
      55.68805
     ],
     [
      12.59685,
      55.68857
     ]
    ]
   }
  },
  {
   "type": "Feature",
   "properties": {
    "klima_id": "KV82a",
    "projekt_navn": "Gårdhave, Straussvej",
    "typologi": "Grønne veje",
    "vandopland": "København Vest"
   },
   "geometry": {
    "type": "LineString",
    "coordinates": [
     [
      12.52124,
      55.66045
     ],
     [
      12.52134,
      55.66045
     ],
     [
      12.52144,
      55.66043
     ],
     [
      12.52154,
      55.66042
     ],
     [
      12.52162,
      55.66039
     ],
     [
      12.52172,
      55.66032
     ],
     [
      12.52178,
      55.66026
     ],
     [
      12.52183,
      55.66012
     ],
     [
      12.52244,
      55.65649
     ],
     [
      12.52252,
      55.65636
     ],
     [
      12.52275,
      55.65469
     ],
     [
      12.52287,
      55.65402
     ],
     [
      12.52304,
      55.65309
     ]
    ]
   }
  },
  {
   "type": "Feature",
   "properties": {
    "klima_id": "KV82a",
    "projekt_navn": "Gårdhave, Straussvej",
    "typologi": "Grønne veje",
    "vandopland": "København Vest"
   },
   "geometry": {
    "type": "LineString",
    "coordinates": [
     [
      12.52124,
      55.66045
     ],
     [
      12.52113,
      55.66044
     ],
     [
      12.52102,
      55.66041
     ],
     [
      12.52091,
      55.66038
     ],
     [
      12.52082,
      55.66032
     ],
     [
      12.52078,
      55.66026
     ],
     [
      12.52126,
      55.65643
     ],
     [
      12.52169,
      55.65308
     ]
    ]
   }
  },
  {
   "type": "Feature",
   "properties": {
    "klima_id": "KV82a",
    "projekt_navn": "Gårdhave, Straussvej",
    "typologi": "Grønne veje",
    "vandopland": "København Vest"
   },
   "geometry": {
    "type": "LineString",
    "coordinates": [
     [
      12.5224,
      55.65643
     ],
     [
      12.52135,
      55.65639
     ]
    ]
   }
  },
  {
   "type": "Feature",
   "properties": {
    "klima_id": "KV82a",
    "projekt_navn": "Gårdhave, Straussvej",
    "typologi": "Grønne veje",
    "vandopland": "København Vest"
   },
   "geometry": {
    "type": "LineString",
    "coordinates": [
     [
      12.52369,
      55.65648
     ],
     [
      12.5226,
      55.65644
     ]
    ]
   }
  },
  {
   "type": "Feature",
   "properties": {
    "klima_id": "KV82a",
    "projekt_navn": "Gårdhave, Straussvej",
    "typologi": "Grønne veje",
    "vandopland": "København Vest"
   },
   "geometry": {
    "type": "LineString",
    "coordinates": [
     [
      12.52121,
      55.65639
     ],
     [
      12.52016,
      55.65635
     ]
    ]
   }
  },
  {
   "type": "Feature",
   "properties": {
    "klima_id": "KV82a",
    "projekt_navn": "Gårdhave, Straussvej",
    "typologi": "Grønne veje",
    "vandopland": "København Vest"
   },
   "geometry": {
    "type": "LineString",
    "coordinates": [
     [
      12.51996,
      55.65634
     ],
     [
      12.51886,
      55.6563
     ]
    ]
   }
  },
  {
   "type": "Feature",
   "properties": {
    "klima_id": "KV82a",
    "projekt_navn": "Gårdhave, Straussvej",
    "typologi": "Grønne veje",
    "vandopland": "København Vest"
   },
   "geometry": {
    "type": "LineString",
    "coordinates": [
     [
      12.51867,
      55.65629
     ],
     [
      12.51799,
      55.65627
     ]
    ]
   }
  },
  {
   "type": "Feature",
   "properties": {
    "klima_id": "KV82a",
    "projekt_navn": "Gårdhave, Straussvej",
    "typologi": "Grønne veje",
    "vandopland": "København Vest"
   },
   "geometry": {
    "type": "LineString",
    "coordinates": [
     [
      12.51982,
      55.65751
     ],
     [
      12.51802,
      55.65746
     ]
    ]
   }
  },
  {
   "type": "Feature",
   "properties": {
    "klima_id": "KV82a",
    "projekt_navn": "Gårdhave, Straussvej",
    "typologi": "Grønne veje",
    "vandopland": "København Vest"
   },
   "geometry": {
    "type": "LineString",
    "coordinates": [
     [
      12.51876,
      55.65743
     ],
     [
      12.51869,
      55.65349
     ]
    ]
   }
  },
  {
   "type": "Feature",
   "properties": {
    "klima_id": "BIR4.3",
    "projekt_navn": "Hulgårdsvej",
    "typologi": "Skybrudsveje",
    "vandopland": "Bispebjerg"
   },
   "geometry": {
    "type": "LineString",
    "coordinates": [
     [
      12.51954,
      55.70253
     ],
     [
      12.51892,
      55.70242
     ]
    ]
   }
  },
  {
   "type": "Feature",
   "properties": {
    "klima_id": "BIR4.1",
    "projekt_navn": "Bellahøjvej",
    "typologi": "Skybrudsledning",
    "vandopland": "Bispebjerg"
   },
   "geometry": {
    "type": "LineString",
    "coordinates": [
     [
      12.51162,
      55.69981
     ],
     [
      12.5141,
      55.69894
     ],
     [
      12.51449,
      55.69903
     ]
    ]
   }
  },
  {
   "type": "Feature",
   "properties": {
    "klima_id": "BIR4.1",
    "projekt_navn": "Bellahøjvej",
    "typologi": "Skybrudsledning",
    "vandopland": "Bispebjerg"
   },
   "geometry": {
    "type": "LineString",
    "coordinates": [
     [
      12.51454,
      55.6988
     ],
     [
      12.51456,
      55.69901
     ],
     [
      12.51456,
      55.69901
     ]
    ]
   }
  },
  {
   "type": "Feature",
   "properties": {
    "klima_id": "BIR4.2",
    "projekt_navn": "Bellahøj Camping",
    "typologi": "Skybrudsveje",
    "vandopland": "Bispebjerg"
   },
   "geometry": {
    "type": "LineString",
    "coordinates": [
     [
      12.51264,
      55.70296
     ],
     [
      12.51296,
      55.7037
     ],
     [
      12.51342,
      55.70377
     ]
    ]
   }
  },
  {
   "type": "Feature",
   "properties": {
    "klima_id": "BIR4.2",
    "projekt_navn": "Bellahøj Camping",
    "typologi": "Skybrudsveje",
    "vandopland": "Bispebjerg"
   },
   "geometry": {
    "type": "LineString",
    "coordinates": [
     [
      12.51224,
      55.70214
     ],
     [
      12.51242,
      55.70249
     ],
     [
      12.51257,
      55.70278
     ],
     [
      12.51307,
      55.70285
     ]
    ]
   }
  },
  {
   "type": "Feature",
   "properties": {
    "klima_id": "KV14",
    "projekt_navn": "Ålekistevej",
    "typologi": "Forsinkelsesveje",
    "vandopland": "København Vest"
   },
   "geometry": {
    "type": "LineString",
    "coordinates": [
     [
      12.47905,
      55.69756
     ],
     [
      12.47906,
      55.69733
     ],
     [
      12.47954,
      55.69584
     ],
     [
      12.48099,
      55.69141
     ]
    ]
   }
  },
  {
   "type": "Feature",
   "properties": {
    "klima_id": "KV54",
    "projekt_navn": "Grønne veje i øvrigt Grøndals Å",
    "typologi": "Grønne veje",
    "vandopland": "København Vest"
   },
   "geometry": {
    "type": "LineString",
    "coordinates": [
     [
      12.49717,
      55.69951
     ],
     [
      12.49711,
      55.69938
     ],
     [
      12.49702,
      55.69915
     ],
     [
      12.49697,
      55.69888
     ],
     [
      12.49682,
      55.69798
     ]
    ]
   }
  },
  {
   "type": "Feature",
   "properties": {
    "klima_id": "IB6",
    "projekt_navn": "Bredgade og Fredericiagade",
    "typologi": "Skybrudsledning",
    "vandopland": "Indre By"
   },
   "geometry": {
    "type": "LineString",
    "coordinates": [
     [
      12.58927,
      55.68317
     ],
     [
      12.593,
      55.68764
     ],
     [
      12.59379,
      55.68774
     ]
    ]
   }
  },
  {
   "type": "Feature",
   "properties": {
    "klima_id": "KV65",
    "projekt_navn": "Grønne veje i øvrigt Gåsebækrenden",
    "typologi": "Grønne veje",
    "vandopland": "København Vest"
   },
   "geometry": {
    "type": "LineString",
    "coordinates": [
     [
      12.49429,
      55.66908
     ],
     [
      12.49792,
      55.66822
     ],
     [
      12.4999,
      55.66774
     ],
     [
      12.50145,
      55.6674
     ],
     [
      12.50468,
      55.66671
     ],
     [
      12.50786,
      55.66604
     ],
     [
      12.50876,
      55.66589
     ]
    ]
   }
  },
  {
   "type": "Feature",
   "properties": {
    "klima_id": "VEL38",
    "projekt_navn": "Grøndals Å",
    "typologi": "Skybrudsledning",
    "vandopland": "Vesterbro-ladegaardså"
   },
   "geometry": {
    "type": "LineString",
    "coordinates": [
     [
      12.53477,
      55.69446
     ],
     [
      12.53354,
      55.69523
     ],
     [
      12.53243,
      55.69547
     ],
     [
      12.53056,
      55.69562
     ],
     [
      12.52765,
      55.69561
     ],
     [
      12.52696,
      55.6956
     ],
     [
      12.52628,
      55.69551
     ],
     [
      12.52589,
      55.69545
     ],
     [
      12.52518,
      55.6953
     ],
     [
      12.5249,
      55.69524
     ],
     [
      12.52412,
      55.69497
     ],
     [
      12.52317,
      55.69464
     ],
     [
      12.52289,
      55.69453
     ],
     [
      12.52238,
      55.69427
     ],
     [
      12.52212,
      55.69414
     ],
     [
      12.52163,
      55.69369
     ],
     [
      12.52113,
      55.69329
     ],
     [
      12.5211,
      55.69319
     ],
     [
      12.52089,
      55.69305
     ],
     [
      12.52048,
      55.69273
     ],
     [
      12.52031,
      55.69252
     ],
     [
      12.51976,
      55.69216
     ],
     [
      12.51949,
      55.69198
     ],
     [
      12.51917,
      55.69178
     ],
     [
      12.51881,
      55.69157
     ],
     [
      12.51863,
      55.69146
     ],
     [
      12.51832,
      55.6913
     ],
     [
      12.5179,
      55.69109
     ],
     [
      12.51764,
      55.69094
     ],
     [
      12.51758,
      55.6909
     ],
     [
      12.51739,
      55.69083
     ],
     [
      12.51706,
      55.69079
     ],
     [
      12.51649,
      55.69065
     ],
     [
      12.5162,
      55.69046
     ],
     [
      12.51555,
      55.69019
     ],
     [
      12.51423,
      55.68995
     ],
     [
      12.51264,
      55.68941
     ],
     [
      12.51201,
      55.68933
     ],
     [
      12.5112,
      55.68923
     ],
     [
      12.51024,
      55.68911
     ],
     [
      12.50826,
      55.68889
     ],
     [
      12.50687,
      55.68882
     ],
     [
      12.50654,
      55.6888
     ],
     [
      12.50555,
      55.68871
     ],
     [
      12.50406,
      55.68848
     ],
     [
      12.50372,
      55.68842
     ],
     [
      12.50333,
      55.6883
     ],
     [
      12.50241,
      55.68803
     ],
     [
      12.50197,
      55.68784
     ],
     [
      12.50034,
      55.68672
     ],
     [
      12.50016,
      55.68662
     ],
     [
      12.49941,
      55.68624
     ],
     [
      12.4987,
      55.68588
     ],
     [
      12.49789,
      55.68546
     ],
     [
      12.49753,
      55.68531
     ],
     [
      12.49604,
      55.68471
     ],
     [
      12.49586,
      55.68464
     ],
     [
      12.49559,
      55.68453
     ],
     [
      12.49532,
      55.68436
     ],
     [
      12.49465,
      55.68394
     ],
     [
      12.49403,
      55.68353
     ],
     [
      12.49299,
      55.68277
     ],
     [
      12.49248,
      55.68219
     ],
     [
      12.49214,
      55.68179
     ],
     [
      12.49207,
      55.68167
     ],
     [
      12.49193,
      55.68135
     ],
     [
      12.49175,
      55.68101
     ],
     [
      12.49166,
      55.68088
     ],
     [
      12.49126,
      55.68041
     ],
     [
      12.4912,
      55.68016
     ],
     [
      12.49104,
      55.67953
     ],
     [
      12.49096,
      55.67941
     ],
     [
      12.49086,
      55.67933
     ],
     [
      12.49065,
      55.67922
     ],
     [
      12.49005,
      55.67895
     ],
     [
      12.48884,
      55.67842
     ],
     [
      12.48765,
      55.6779
     ]
    ]
   }
  },
  {
   "type": "Feature",
   "properties": {
    "klima_id": "KV45",
    "projekt_navn": "Bangsbovej",
    "typologi": "Skybrudsveje",
    "vandopland": "København Vest"
   },
   "geometry": {
    "type": "LineString",
    "coordinates": [
     [
      12.49166,
      55.69321
     ],
     [
      12.49221,
      55.69259
     ],
     [
      12.49277,
      55.69225
     ],
     [
      12.49333,
      55.69191
     ],
     [
      12.49449,
      55.69129
     ],
     [
      12.49501,
      55.69103
     ],
     [
      12.49631,
      55.69026
     ],
     [
      12.49759,
      55.68943
     ],
     [
      12.49933,
      55.68809
     ]
    ]
   }
  },
  {
   "type": "Feature",
   "properties": {
    "klima_id": "BIR21",
    "projekt_navn": "Svanemøllen Skybrudstunnel",
    "typologi": "Skybrudsledning",
    "vandopland": "Bispebjerg"
   },
   "geometry": {
    "type": "LineString",
    "coordinates": [
     [
      12.51353,
      55.71982
     ],
     [
      12.51519,
      55.72277
     ],
     [
      12.51264,
      55.72287
     ],
     [
      12.51073,
      55.72304
     ],
     [
      12.50575,
      55.724
     ],
     [
      12.50462,
      55.72407
     ],
     [
      12.50204,
      55.72375
     ]
    ]
   }
  },
  {
   "type": "Feature",
   "properties": {
    "klima_id": "BIR21",
    "projekt_navn": "Svanemøllen Skybrudstunnel",
    "typologi": "Skybrudsledning",
    "vandopland": "Bispebjerg"
   },
   "geometry": {
    "type": "LineString",
    "coordinates": [
     [
      12.51712,
      55.72548
     ],
     [
      12.51959,
      55.72755
     ],
     [
      12.52223,
      55.72792
     ],
     [
      12.53257,
      55.72768
     ],
     [
      12.53534,
      55.72746
     ],
     [
      12.53521,
      55.72697
     ],
     [
      12.53392,
      55.72692
     ],
     [
      12.53313,
      55.72685
     ],
     [
      12.5321,
      55.72695
     ]
    ]
   }
  },
  {
   "type": "Feature",
   "properties": {
    "klima_id": "BIR21",
    "projekt_navn": "Svanemøllen Skybrudstunnel",
    "typologi": "Skybrudsledning",
    "vandopland": "Bispebjerg"
   },
   "geometry": {
    "type": "LineString",
    "coordinates": [
     [
      12.53534,
      55.72746
     ],
     [
      12.5558,
      55.72288
     ],
     [
      12.55593,
      55.72391
     ],
     [
      12.55899,
      55.72381
     ],
     [
      12.56024,
      55.72338
     ],
     [
      12.56042,
      55.72364
     ],
     [
      12.56096,
      55.72549
     ]
    ]
   }
  },
  {
   "type": "Feature",
   "properties": {
    "klima_id": "BIR21",
    "projekt_navn": "Svanemøllen Skybrudstunnel",
    "typologi": "Skybrudsledning",
    "vandopland": "Bispebjerg"
   },
   "geometry": {
    "type": "LineString",
    "coordinates": [
     [
      12.53404,
      55.70506
     ],
     [
      12.53704,
      55.70423
     ],
     [
      12.5382,
      55.70464
     ],
     [
      12.53828,
      55.70537
     ],
     [
      12.53905,
      55.70533
     ]
    ]
   }
  },
  {
   "type": "Feature",
   "properties": {
    "klima_id": "IB12",
    "projekt_navn": "Indre By Midt",
    "typologi": "Skybrudsledning",
    "vandopland": "Indre By"
   },
   "geometry": {
    "type": "LineString",
    "coordinates": [
     [
      12.58334,
      55.67676
     ],
     [
      12.58306,
      55.67653
     ]
    ]
   }
  },
  {
   "type": "Feature",
   "properties": {
    "klima_id": "BIR4.2",
    "projekt_navn": "Bellahøj Camping",
    "typologi": "Skybrudsveje",
    "vandopland": "Bispebjerg"
   },
   "geometry": {
    "type": "LineString",
    "coordinates": [
     [
      12.51129,
      55.70123
     ],
     [
      12.51172,
      55.70162
     ],
     [
      12.51193,
      55.70183
     ],
     [
      12.51209,
      55.70197
     ],
     [
      12.51245,
      55.70203
     ]
    ]
   }
  },
  {
   "type": "Feature",
   "properties": {
    "klima_id": "KV49",
    "projekt_navn": "Vanløse allé",
    "typologi": "Skybrudsveje",
    "vandopland": "København Vest"
   },
   "geometry": {
    "type": "LineString",
    "coordinates": [
     [
      12.50307,
      55.69162
     ],
     [
      12.49924,
      55.69012
     ],
     [
      12.49917,
      55.6901
     ],
     [
      12.4997,
      55.68958
     ]
    ]
   }
  },
  {
   "type": "Feature",
   "properties": {
    "klima_id": "KV41",
    "projekt_navn": "Borrebyvej",
    "typologi": "Skybrudsveje",
    "vandopland": "København Vest"
   },
   "geometry": {
    "type": "LineString",
    "coordinates": [
     [
      12.49384,
      55.69765
     ],
     [
      12.49402,
      55.69715
     ],
     [
      12.49416,
      55.6967
     ],
     [
      12.49431,
      55.69625
     ],
     [
      12.49462,
      55.69534
     ],
     [
      12.49488,
      55.69455
     ]
    ]
   }
  },
  {
   "type": "Feature",
   "properties": {
    "klima_id": "KV13",
    "projekt_navn": "Skjulhøj allé",
    "typologi": "Skybrudsledning",
    "vandopland": "København Vest"
   },
   "geometry": {
    "type": "LineString",
    "coordinates": [
     [
      12.48155,
      55.69658
     ],
     [
      12.4822,
      55.69463
     ],
     [
      12.48229,
      55.69435
     ],
     [
      12.48308,
      55.69205
     ],
     [
      12.48319,
      55.69178
     ],
     [
      12.48342,
      55.69152
     ],
     [
      12.48511,
      55.68897
     ]
    ]
   }
  },
  {
   "type": "Feature",
   "properties": {
    "klima_id": "KV44",
    "projekt_navn": "Bellahøjvej",
    "typologi": "Forsinkelsesveje",
    "vandopland": "København Vest"
   },
   "geometry": {
    "type": "LineString",
    "coordinates": [
     [
      12.49929,
      55.6952
     ],
     [
      12.49691,
      55.69459
     ],
     [
      12.49634,
      55.69445
     ],
     [
      12.49557,
      55.69426
     ],
     [
      12.49469,
      55.69403
     ]
    ]
   }
  },
  {
   "type": "Feature",
   "properties": {
    "klima_id": "KV13",
    "projekt_navn": "Skjulhøj allé",
    "typologi": "Skybrudsledning",
    "vandopland": "København Vest"
   },
   "geometry": {
    "type": "LineString",
    "coordinates": [
     [
      12.4822,
      55.69463
     ],
     [
      12.48499,
      55.69495
     ]
    ]
   }
  },
  {
   "type": "Feature",
   "properties": {
    "klima_id": "KV13",
    "projekt_navn": "Skjulhøj allé",
    "typologi": "Skybrudsledning",
    "vandopland": "København Vest"
   },
   "geometry": {
    "type": "LineString",
    "coordinates": [
     [
      12.48254,
      55.6936
     ],
     [
      12.48501,
      55.69412
     ]
    ]
   }
  },
  {
   "type": "Feature",
   "properties": {
    "klima_id": "KV97",
    "projekt_navn": "Hyltebjerg Allé",
    "typologi": "Forsinkelsesveje",
    "vandopland": "København Vest"
   },
   "geometry": {
    "type": "LineString",
    "coordinates": [
     [
      12.48468,
      55.68268
     ],
     [
      12.4886,
      55.68272
     ],
     [
      12.4903,
      55.68256
     ]
    ]
   }
  },
  {
   "type": "Feature",
   "properties": {
    "klima_id": "KV98",
    "projekt_navn": "Bogholder Allé",
    "typologi": "Forsinkelsesveje",
    "vandopland": "København Vest"
   },
   "geometry": {
    "type": "LineString",
    "coordinates": [
     [
      12.48388,
      55.68372
     ],
     [
      12.48903,
      55.6849
     ]
    ]
   }
  },
  {
   "type": "Feature",
   "properties": {
    "klima_id": "KV13",
    "projekt_navn": "Skjulhøj allé",
    "typologi": "Skybrudsledning",
    "vandopland": "København Vest"
   },
   "geometry": {
    "type": "LineString",
    "coordinates": [
     [
      12.48127,
      55.69137
     ],
     [
      12.48319,
      55.69178
     ]
    ]
   }
  },
  {
   "type": "Feature",
   "properties": {
    "klima_id": "KV54",
    "projekt_navn": "Grønne veje i øvrigt Grøndals Å",
    "typologi": "Grønne veje",
    "vandopland": "København Vest"
   },
   "geometry": {
    "type": "LineString",
    "coordinates": [
     [
      12.49431,
      55.70227
     ],
     [
      12.49417,
      55.70128
     ]
    ]
   }
  },
  {
   "type": "Feature",
   "properties": {
    "klima_id": "KV54",
    "projekt_navn": "Grønne veje i øvrigt Grøndals Å",
    "typologi": "Grønne veje",
    "vandopland": "København Vest"
   },
   "geometry": {
    "type": "LineString",
    "coordinates": [
     [
      12.49534,
      55.70155
     ],
     [
      12.49462,
      55.70118
     ]
    ]
   }
  },
  {
   "type": "Feature",
   "properties": {
    "klima_id": "KV54",
    "projekt_navn": "Grønne veje i øvrigt Grøndals Å",
    "typologi": "Grønne veje",
    "vandopland": "København Vest"
   },
   "geometry": {
    "type": "LineString",
    "coordinates": [
     [
      12.49633,
      55.70123
     ],
     [
      12.49643,
      55.70016
     ],
     [
      12.49645,
      55.6998
     ]
    ]
   }
  },
  {
   "type": "Feature",
   "properties": {
    "klima_id": "KV54",
    "projekt_navn": "Grønne veje i øvrigt Grøndals Å",
    "typologi": "Grønne veje",
    "vandopland": "København Vest"
   },
   "geometry": {
    "type": "LineString",
    "coordinates": [
     [
      12.49448,
      55.70079
     ],
     [
      12.49522,
      55.70033
     ],
     [
      12.49624,
      55.69985
     ],
     [
      12.49677,
      55.69966
     ],
     [
      12.49718,
      55.69954
     ],
     [
      12.49783,
      55.69942
     ],
     [
      12.49795,
      55.69941
     ]
    ]
   }
  },
  {
   "type": "Feature",
   "properties": {
    "klima_id": "KV54",
    "projekt_navn": "Grønne veje i øvrigt Grøndals Å",
    "typologi": "Grønne veje",
    "vandopland": "København Vest"
   },
   "geometry": {
    "type": "LineString",
    "coordinates": [
     [
      12.49517,
      55.7003
     ],
     [
      12.49478,
      55.70007
     ],
     [
      12.49455,
      55.69989
     ],
     [
      12.49427,
      55.69958
     ],
     [
      12.4942,
      55.69948
     ],
     [
      12.49407,
      55.69923
     ],
     [
      12.49402,
      55.69898
     ],
     [
      12.49394,
      55.69853
     ],
     [
      12.49383,
      55.69782
     ]
    ]
   }
  },
  {
   "type": "Feature",
   "properties": {
    "klima_id": "KV54",
    "projekt_navn": "Grønne veje i øvrigt Grøndals Å",
    "typologi": "Grønne veje",
    "vandopland": "København Vest"
   },
   "geometry": {
    "type": "LineString",
    "coordinates": [
     [
      12.49618,
      55.69982
     ],
     [
      12.49597,
      55.69967
     ],
     [
      12.49577,
      55.69948
     ],
     [
      12.49564,
      55.69931
     ],
     [
      12.49557,
      55.69919
     ],
     [
      12.49551,
      55.69903
     ],
     [
      12.49545,
      55.69866
     ],
     [
      12.49534,
      55.69793
     ]
    ]
   }
  },
  {
   "type": "Feature",
   "properties": {
    "klima_id": "KV65",
    "projekt_navn": "Grønne veje i øvrigt Gåsebækrenden",
    "typologi": "Grønne veje",
    "vandopland": "København Vest"
   },
   "geometry": {
    "type": "LineString",
    "coordinates": [
     [
      12.49668,
      55.66539
     ],
     [
      12.49681,
      55.66558
     ],
     [
      12.49693,
      55.66564
     ],
     [
      12.49889,
      55.66626
     ],
     [
      12.4998,
      55.66655
     ],
     [
      12.50035,
      55.66668
     ],
     [
      12.5007,
      55.66674
     ],
     [
      12.50101,
      55.66685
     ],
     [
      12.50112,
      55.66693
     ],
     [
      12.50121,
      55.66703
     ],
     [
      12.50133,
      55.66723
     ]
    ]
   }
  },
  {
   "type": "Feature",
   "properties": {
    "klima_id": "AM27",
    "projekt_navn": "Brydes Allé",
    "typologi": "Forsinkelsesveje",
    "vandopland": "Amager"
   },
   "geometry": {
    "type": "LineString",
    "coordinates": [
     [
      12.60006,
      55.65928
     ],
     [
      12.59888,
      55.65871
     ],
     [
      12.59753,
      55.65803
     ]
    ]
   }
  },
  {
   "type": "Feature",
   "properties": {
    "klima_id": "BIR31",
    "projekt_navn": "Landsdommervej",
    "typologi": "Skybrudsledning",
    "vandopland": "Bispebjerg"
   },
   "geometry": {
    "type": "LineString",
    "coordinates": [
     [
      12.52628,
      55.70908
     ],
     [
      12.52687,
      55.70897
     ],
     [
      12.52765,
      55.7088
     ],
     [
      12.52798,
      55.70874
     ],
     [
      12.52856,
      55.70875
     ],
     [
      12.53064,
      55.70873
     ],
     [
      12.5319,
      55.70873
     ],
     [
      12.5325,
      55.70861
     ],
     [
      12.53286,
      55.70856
     ],
     [
      12.53434,
      55.7085
     ],
     [
      12.53661,
      55.70843
     ],
     [
      12.53817,
      55.70838
     ]
    ]
   }
  },
  {
   "type": "Feature",
   "properties": {
    "klima_id": "BIR7.8",
    "projekt_navn": "Tuborgvej",
    "typologi": "Skybrudsledning",
    "vandopland": "Bispebjerg"
   },
   "geometry": {
    "type": "LineString",
    "coordinates": [
     [
      12.53766,
      55.71617
     ],
     [
      12.53829,
      55.71666
     ]
    ]
   }
  },
  {
   "type": "Feature",
   "properties": {
    "klima_id": "AM32",
    "projekt_navn": "Kongedybet",
    "typologi": "Skybrudsledning",
    "vandopland": "Amager"
   },
   "geometry": {
    "type": "LineString",
    "coordinates": [
     [
      12.60111,
      55.66339
     ],
     [
      12.59878,
      55.66276
     ],
     [
      12.59824,
      55.6626
     ]
    ]
   }
  },
  {
   "type": "Feature",
   "properties": {
    "klima_id": "Frederiksberg",
    "typologi": "Grønne veje"
   },
   "geometry": {
    "type": "LineString",
    "coordinates": [
     [
      12.54028,
      55.68164
     ],
     [
      12.54014,
      55.68137
     ],
     [
      12.54073,
      55.68128
     ]
    ]
   }
  },
  {
   "type": "Feature",
   "properties": {
    "klima_id": "NO21",
    "projekt_navn": "De Indre Søer",
    "typologi": "Skybrudsledning",
    "vandopland": "Nørrebro"
   },
   "geometry": {
    "type": "LineString",
    "coordinates": [
     [
      12.59291,
      55.68795
     ],
     [
      12.59287,
      55.68796
     ],
     [
      12.59261,
      55.68804
     ],
     [
      12.59202,
      55.68851
     ],
     [
      12.59199,
      55.68868
     ],
     [
      12.59199,
      55.68869
     ]
    ]
   }
  },
  {
   "type": "Feature",
   "properties": {
    "klima_id": "NO21",
    "projekt_navn": "De Indre Søer",
    "typologi": "Skybrudsledning",
    "vandopland": "Nørrebro"
   },
   "geometry": {
    "type": "LineString",
    "coordinates": [
     [
      12.58,
      55.68948
     ],
     [
      12.58018,
      55.68956
     ]
    ]
   }
  },
  {
   "type": "Feature",
   "properties": {
    "klima_id": "NO21",
    "projekt_navn": "De Indre Søer",
    "typologi": "Skybrudsledning",
    "vandopland": "Nørrebro"
   },
   "geometry": {
    "type": "LineString",
    "coordinates": [
     [
      12.57054,
      55.69168
     ],
     [
      12.57053,
      55.69168
     ],
     [
      12.57001,
      55.6913
     ]
    ]
   }
  },
  {
   "type": "Feature",
   "properties": {
    "klima_id": "BIR8.5",
    "projekt_navn": "Sigurdsgade",
    "typologi": "mix",
    "vandopland": "Bispebjerg"
   },
   "geometry": {
    "type": "LineString",
    "coordinates": [
     [
      12.55348,
      55.70152
     ],
     [
      12.55371,
      55.70336
     ]
    ]
   }
  },
  {
   "type": "Feature",
   "properties": {
    "klima_id": "KV54",
    "projekt_navn": "Grønne veje i øvrigt Grøndals Å",
    "typologi": "Grønne veje",
    "vandopland": "København Vest"
   },
   "geometry": {
    "type": "LineString",
    "coordinates": [
     [
      12.49816,
      55.69799
     ],
     [
      12.49777,
      55.69798
     ],
     [
      12.4968,
      55.69794
     ],
     [
      12.49534,
      55.69789
     ],
     [
      12.49419,
      55.69784
     ],
     [
      12.49391,
      55.69783
     ]
    ]
   }
  },
  {
   "type": "Feature",
   "properties": {
    "klima_id": "KV44",
    "projekt_navn": "Bellahøjvej",
    "typologi": "Forsinkelsesveje",
    "vandopland": "København Vest"
   },
   "geometry": {
    "type": "LineString",
    "coordinates": [
     [
      12.49842,
      55.6978
     ],
     [
      12.49931,
      55.6952
     ]
    ]
   }
  },
  {
   "type": "Feature",
   "properties": {
    "klima_id": "KV51",
    "projekt_navn": "Sallingvej",
    "typologi": "Forsinkelsesveje",
    "vandopland": "København Vest"
   },
   "geometry": {
    "type": "LineString",
    "coordinates": [
     [
      12.49636,
      55.69344
     ],
     [
      12.49787,
      55.69314
     ],
     [
      12.49965,
      55.69288
     ],
     [
      12.50074,
      55.69273
     ],
     [
      12.50193,
      55.69262
     ],
     [
      12.50373,
      55.69253
     ],
     [
      12.5039,
      55.69252
     ]
    ]
   }
  },
  {
   "type": "Feature",
   "properties": {
    "klima_id": "KV51",
    "projekt_navn": "Sallingvej",
    "typologi": "Skybrudsveje",
    "vandopland": "København Vest"
   },
   "geometry": {
    "type": "LineString",
    "coordinates": [
     [
      12.49847,
      55.69306
     ],
     [
      12.49784,
      55.69315
     ],
     [
      12.49778,
      55.69302
     ],
     [
      12.49785,
      55.69294
     ]
    ]
   }
  },
  {
   "type": "Feature",
   "properties": {
    "klima_id": "Frederiksberg",
    "typologi": "Grønne veje"
   },
   "geometry": {
    "type": "LineString",
    "coordinates": [
     [
      12.53464,
      55.68641
     ],
     [
      12.53514,
      55.68706
     ]
    ]
   }
  },
  {
   "type": "Feature",
   "properties": {
    "klima_id": "KV45",
    "projekt_navn": "Bangsbovej",
    "typologi": "Skybrudsveje",
    "vandopland": "København Vest"
   },
   "geometry": {
    "type": "LineString",
    "coordinates": [
     [
      12.48957,
      55.69301
     ],
     [
      12.49127,
      55.6933
     ]
    ]
   }
  },
  {
   "type": "Feature",
   "properties": {
    "klima_id": "KV45",
    "projekt_navn": "Bangsbovej",
    "typologi": "Skybrudsveje",
    "vandopland": "København Vest"
   },
   "geometry": {
    "type": "LineString",
    "coordinates": [
     [
      12.49385,
      55.69378
     ],
     [
      12.49185,
      55.69341
     ]
    ]
   }
  },
  {
   "type": "Feature",
   "properties": {
    "klima_id": "KV54",
    "projekt_navn": "Grønne veje i øvrigt Grøndals Å",
    "typologi": "Grønne veje",
    "vandopland": "København Vest"
   },
   "geometry": {
    "type": "LineString",
    "coordinates": [
     [
      12.49103,
      55.69234
     ],
     [
      12.49187,
      55.69106
     ],
     [
      12.49202,
      55.69083
     ],
     [
      12.49212,
      55.6907
     ],
     [
      12.49223,
      55.69058
     ],
     [
      12.4924,
      55.69043
     ],
     [
      12.4926,
      55.69029
     ],
     [
      12.49281,
      55.69016
     ],
     [
      12.49308,
      55.69003
     ],
     [
      12.49338,
      55.68986
     ],
     [
      12.49374,
      55.68965
     ],
     [
      12.49404,
      55.68944
     ],
     [
      12.49435,
      55.68921
     ],
     [
      12.49479,
      55.68884
     ]
    ]
   }
  },
  {
   "type": "Feature",
   "properties": {
    "klima_id": "KV54",
    "projekt_navn": "Grønne veje i øvrigt Grøndals Å",
    "typologi": "Grønne veje",
    "vandopland": "København Vest"
   },
   "geometry": {
    "type": "LineString",
    "coordinates": [
     [
      12.48979,
      55.69214
     ],
     [
      12.49029,
      55.69137
     ],
     [
      12.4906,
      55.69089
     ],
     [
      12.4908,
      55.69055
     ],
     [
      12.49096,
      55.69017
     ],
     [
      12.49112,
      55.68966
     ]
    ]
   }
  },
  {
   "type": "Feature",
   "properties": {
    "klima_id": "KV54",
    "projekt_navn": "Grønne veje i øvrigt Grøndals Å",
    "typologi": "Grønne veje",
    "vandopland": "København Vest"
   },
   "geometry": {
    "type": "LineString",
    "coordinates": [
     [
      12.48953,
      55.69072
     ],
     [
      12.49109,
      55.69096
     ],
     [
      12.49314,
      55.69126
     ],
     [
      12.49392,
      55.69138
     ]
    ]
   }
  },
  {
   "type": "Feature",
   "properties": {
    "klima_id": "KV54",
    "projekt_navn": "Grønne veje i øvrigt Grøndals Å",
    "typologi": "Grønne veje",
    "vandopland": "København Vest"
   },
   "geometry": {
    "type": "LineString",
    "coordinates": [
     [
      12.49483,
      55.69095
     ],
     [
      12.49394,
      55.69065
     ],
     [
      12.4936,
      55.69052
     ],
     [
      12.4932,
      55.69036
     ],
     [
      12.49261,
      55.69006
     ],
     [
      12.49179,
      55.68961
     ],
     [
      12.49138,
      55.68942
     ],
     [
      12.49119,
      55.68863
     ]
    ]
   }
  },
  {
   "type": "Feature",
   "properties": {
    "klima_id": "KV54",
    "projekt_navn": "Grønne veje i øvrigt Grøndals Å",
    "typologi": "Grønne veje",
    "vandopland": "København Vest"
   },
   "geometry": {
    "type": "LineString",
    "coordinates": [
     [
      12.49187,
      55.68959
     ],
     [
      12.49208,
      55.68951
     ],
     [
      12.4923,
      55.6894
     ],
     [
      12.49272,
      55.68913
     ],
     [
      12.49309,
      55.68883
     ],
     [
      12.49338,
      55.68853
     ]
    ]
   }
  },
  {
   "type": "Feature",
   "properties": {
    "klima_id": "KV54",
    "projekt_navn": "Grønne veje i øvrigt Grøndals Å",
    "typologi": "Grønne veje",
    "vandopland": "København Vest"
   },
   "geometry": {
    "type": "LineString",
    "coordinates": [
     [
      12.49401,
      55.6906
     ],
     [
      12.49434,
      55.69039
     ],
     [
      12.49536,
      55.68977
     ],
     [
      12.49577,
      55.6895
     ],
     [
      12.49617,
      55.68921
     ]
    ]
   }
  },
  {
   "type": "Feature",
   "properties": {
    "klima_id": "KV54",
    "projekt_navn": "Grønne veje i øvrigt Grøndals Å",
    "typologi": "Grønne veje",
    "vandopland": "København Vest"
   },
   "geometry": {
    "type": "LineString",
    "coordinates": [
     [
      12.49635,
      55.68906
     ],
     [
      12.49749,
      55.68811
     ]
    ]
   }
  },
  {
   "type": "Feature",
   "properties": {
    "klima_id": "KV54",
    "projekt_navn": "Grønne veje i øvrigt Grøndals Å",
    "typologi": "Grønne veje",
    "vandopland": "København Vest"
   },
   "geometry": {
    "type": "LineString",
    "coordinates": [
     [
      12.4986,
      55.68707
     ],
     [
      12.49817,
      55.68691
     ],
     [
      12.49501,
      55.68744
     ],
     [
      12.4949,
      55.68753
     ],
     [
      12.49498,
      55.68804
     ]
    ]
   }
  },
  {
   "type": "Feature",
   "properties": {
    "klima_id": "KV54",
    "projekt_navn": "Grønne veje i øvrigt Grøndals Å",
    "typologi": "Grønne veje",
    "vandopland": "København Vest"
   },
   "geometry": {
    "type": "LineString",
    "coordinates": [
     [
      12.49775,
      55.68789
     ],
     [
      12.49869,
      55.6871
     ]
    ]
   }
  },
  {
   "type": "Feature",
   "properties": {
    "klima_id": "KV99",
    "projekt_navn": "Gudenåvej",
    "typologi": "Skybrudsledning",
    "vandopland": "København Vest"
   },
   "geometry": {
    "type": "LineString",
    "coordinates": [
     [
      12.51161,
      55.68976
     ],
     [
      12.51125,
      55.69028
     ],
     [
      12.51283,
      55.69074
     ],
     [
      12.51427,
      55.69114
     ],
     [
      12.51367,
      55.69178
     ]
    ]
   }
  },
  {
   "type": "Feature",
   "properties": {
    "klima_id": "KV29",
    "projekt_navn": "Søvandsledningen",
    "typologi": "Skybrudsledning",
    "vandopland": "København Vest"
   },
   "geometry": {
    "type": "LineString",
    "coordinates": [
     [
      12.48391,
      55.68876
     ],
     [
      12.48604,
      55.68905
     ],
     [
      12.48666,
      55.68913
     ],
     [
      12.4893,
      55.6887
     ],
     [
      12.49116,
      55.68839
     ],
     [
      12.49197,
      55.68824
     ],
     [
      12.49364,
      55.6883
     ],
     [
      12.50004,
      55.68797
     ],
     [
      12.50185,
      55.68791
     ]
    ]
   }
  },
  {
   "type": "Feature",
   "properties": {
    "klima_id": "KV13",
    "projekt_navn": "Skjulhøj allé",
    "typologi": "Skybrudsledning",
    "vandopland": "København Vest"
   },
   "geometry": {
    "type": "LineString",
    "coordinates": [
     [
      12.48283,
      55.69279
     ],
     [
      12.48087,
      55.69236
     ]
    ]
   }
  },
  {
   "type": "Feature",
   "properties": {
    "klima_id": "KV98",
    "projekt_navn": "Bogholder Allé",
    "typologi": "Skybrudsveje",
    "vandopland": "København Vest"
   },
   "geometry": {
    "type": "LineString",
    "coordinates": [
     [
      12.48704,
      55.68444
     ],
     [
      12.48733,
      55.68451
     ],
     [
      12.48727,
      55.68459
     ]
    ]
   }
  },
  {
   "type": "Feature",
   "properties": {
    "klima_id": "KV97",
    "projekt_navn": "Hyltebjerg Allé",
    "typologi": "Skybrudsveje",
    "vandopland": "København Vest"
   },
   "geometry": {
    "type": "LineString",
    "coordinates": [
     [
      12.48625,
      55.6827
     ],
     [
      12.4886,
      55.68272
     ],
     [
      12.49022,
      55.68257
     ],
     [
      12.49025,
      55.68254
     ]
    ]
   }
  },
  {
   "type": "Feature",
   "properties": {
    "klima_id": "KV47",
    "projekt_navn": "Apollovej tidl. Katrinedalsvej ",
    "typologi": "Skybrudsveje",
    "vandopland": "København Vest"
   },
   "geometry": {
    "type": "LineString",
    "coordinates": [
     [
      12.49272,
      55.68821
     ],
     [
      12.49583,
      55.68811
     ],
     [
      12.49933,
      55.6879
     ]
    ]
   }
  },
  {
   "type": "Feature",
   "properties": {
    "klima_id": "KV52",
    "projekt_navn": "Godthåbsvej",
    "typologi": "Skybrudsledning",
    "vandopland": "København Vest"
   },
   "geometry": {
    "type": "LineString",
    "coordinates": [
     [
      12.51481,
      55.69153
     ],
     [
      12.51539,
      55.69109
     ],
     [
      12.51519,
      55.69101
     ],
     [
      12.51482,
      55.69085
     ],
     [
      12.51445,
      55.69071
     ],
     [
      12.51414,
      55.69062
     ],
     [
      12.51434,
      55.69042
     ]
    ]
   }
  },
  {
   "type": "Feature",
   "properties": {
    "klima_id": "KV54",
    "projekt_navn": "Grønne veje i øvrigt Grøndals Å",
    "typologi": "Grønne veje",
    "vandopland": "København Vest"
   },
   "geometry": {
    "type": "LineString",
    "coordinates": [
     [
      12.49594,
      55.69569
     ],
     [
      12.49632,
      55.69467
     ]
    ]
   }
  },
  {
   "type": "Feature",
   "properties": {
    "klima_id": "KV54",
    "projekt_navn": "Grønne veje i øvrigt Grøndals Å",
    "typologi": "Grønne veje",
    "vandopland": "København Vest"
   },
   "geometry": {
    "type": "LineString",
    "coordinates": [
     [
      12.49742,
      55.696
     ],
     [
      12.4978,
      55.69498
     ]
    ]
   }
  },
  {
   "type": "Feature",
   "properties": {
    "klima_id": "Frederiksberg",
    "typologi": "Grønne veje"
   },
   "geometry": {
    "type": "LineString",
    "coordinates": [
     [
      12.54937,
      55.67467
     ],
     [
      12.55088,
      55.6769
     ],
     [
      12.55167,
      55.67672
     ],
     [
      12.5514,
      55.6763
     ],
     [
      12.55332,
      55.67586
     ],
     [
      12.55388,
      55.67596
     ]
    ]
   }
  },
  {
   "type": "Feature",
   "properties": {
    "klima_id": "Frederiksberg",
    "typologi": "Grønne veje"
   },
   "geometry": {
    "type": "LineString",
    "coordinates": [
     [
      12.54255,
      55.67608
     ],
     [
      12.54157,
      55.67408
     ]
    ]
   }
  },
  {
   "type": "Feature",
   "properties": {
    "klima_id": "KV32",
    "projekt_navn": "Gårdstedet",
    "typologi": "Skybrudsveje",
    "vandopland": "København Vest"
   },
   "geometry": {
    "type": "LineString",
    "coordinates": [
     [
      12.48484,
      55.65822
     ],
     [
      12.48706,
      55.65825
     ],
     [
      12.4873,
      55.65779
     ]
    ]
   }
  },
  {
   "type": "Feature",
   "properties": {
    "klima_id": "BIR7.1",
    "projekt_navn": "Lersøparken",
    "typologi": "Skybrudsledning",
    "vandopland": "Bispebjerg"
   },
   "geometry": {
    "type": "LineString",
    "coordinates": [
     [
      12.54234,
      55.70818
     ],
     [
      12.54335,
      55.70787
     ],
     [
      12.54835,
      55.70966
     ],
     [
      12.54918,
      55.7097
     ]
    ]
   }
  },
  {
   "type": "Feature",
   "properties": {
    "klima_id": "Frederiksberg",
    "typologi": "Grønne veje"
   },
   "geometry": {
    "type": "LineString",
    "coordinates": [
     [
      12.5382,
      55.67942
     ],
     [
      12.53887,
      55.6809
     ],
     [
      12.53914,
      55.68105
     ],
     [
      12.54072,
      55.68083
     ]
    ]
   }
  },
  {
   "type": "Feature",
   "properties": {
    "klima_id": "Frederiksberg",
    "typologi": "Grønne veje"
   },
   "geometry": {
    "type": "LineString",
    "coordinates": [
     [
      12.53411,
      55.68069
     ],
     [
      12.53797,
      55.68098
     ],
     [
      12.53812,
      55.68143
     ]
    ]
   }
  },
  {
   "type": "Feature",
   "properties": {
    "klima_id": "Frederiksberg",
    "typologi": "Grønne veje"
   },
   "geometry": {
    "type": "LineString",
    "coordinates": [
     [
      12.53176,
      55.67236
     ],
     [
      12.53566,
      55.672
     ],
     [
      12.53636,
      55.67411
     ]
    ]
   }
  },
  {
   "type": "Feature",
   "properties": {
    "klima_id": "Frederiksberg",
    "typologi": "Grønne veje"
   },
   "geometry": {
    "type": "LineString",
    "coordinates": [
     [
      12.53325,
      55.67085
     ],
     [
      12.5335,
      55.67197
     ]
    ]
   }
  },
  {
   "type": "Feature",
   "properties": {
    "klima_id": "Frederiksberg",
    "typologi": "Grønne veje"
   },
   "geometry": {
    "type": "LineString",
    "coordinates": [
     [
      12.5295,
      55.67969
     ],
     [
      12.52872,
      55.67975
     ]
    ]
   }
  },
  {
   "type": "Feature",
   "properties": {
    "klima_id": "OS10",
    "projekt_navn": "Carl Nielsens Alle",
    "typologi": "Forsinkelsesveje",
    "vandopland": "Østerbro"
   },
   "geometry": {
    "type": "LineString",
    "coordinates": [
     [
      12.57864,
      55.71323
     ],
     [
      12.57872,
      55.71325
     ],
     [
      12.57933,
      55.71325
     ],
     [
      12.57937,
      55.71322
     ],
     [
      12.57939,
      55.71315
     ],
     [
      12.57937,
      55.71283
     ],
     [
      12.57866,
      55.71282
     ],
     [
      12.57864,
      55.71323
     ]
    ]
   }
  },
  {
   "type": "Feature",
   "properties": {
    "klima_id": "OS16",
    "projekt_navn": "Jagtvej",
    "typologi": "Forsinkelsesveje",
    "vandopland": "Østerbro"
   },
   "geometry": {
    "type": "LineString",
    "coordinates": [
     [
      12.56897,
      55.709
     ],
     [
      12.56935,
      55.70779
     ]
    ]
   }
  },
  {
   "type": "Feature",
   "properties": {
    "klima_id": "OS16",
    "projekt_navn": "Jagtvej",
    "typologi": "Forsinkelsesveje",
    "vandopland": "Østerbro"
   },
   "geometry": {
    "type": "LineString",
    "coordinates": [
     [
      12.56802,
      55.70881
     ],
     [
      12.56852,
      55.70763
     ]
    ]
   }
  },
  {
   "type": "Feature",
   "properties": {
    "klima_id": "AM21",
    "projekt_navn": "Remiseparken og ”Stierne” til Urbanplanen",
    "typologi": "mix",
    "vandopland": "Amager"
   },
   "geometry": {
    "type": "LineString",
    "coordinates": [
     [
      12.59271,
      55.64983
     ],
     [
      12.59478,
      55.64961
     ],
     [
      12.59443,
      55.64867
     ]
    ]
   }
  },
  {
   "type": "Feature",
   "properties": {
    "klima_id": "Frederiksberg",
    "typologi": "Grønne veje"
   },
   "geometry": {
    "type": "LineString",
    "coordinates": [
     [
      12.54118,
      55.67216
     ],
     [
      12.5425,
      55.67219
     ],
     [
      12.54425,
      55.67263
     ]
    ]
   }
  },
  {
   "type": "Feature",
   "properties": {
    "klima_id": "KV69",
    "projekt_navn": "Vestre Kirkegård",
    "typologi": "Skybrudsveje",
    "vandopland": "København Vest"
   },
   "geometry": {
    "type": "LineString",
    "coordinates": [
     [
      12.52742,
      55.65833
     ],
     [
      12.52756,
      55.65802
     ],
     [
      12.52826,
      55.65573
     ],
     [
      12.52886,
      55.65377
     ],
     [
      12.52928,
      55.65367
     ]
    ]
   }
  },
  {
   "type": "Feature",
   "properties": {
    "klima_id": "Frederiksberg",
    "typologi": "Skybrudsveje"
   },
   "geometry": {
    "type": "LineString",
    "coordinates": [
     [
      12.53291,
      55.69067
     ],
     [
      12.53472,
      55.69012
     ],
     [
      12.53528,
      55.69076
     ],
     [
      12.53634,
      55.69092
     ]
    ]
   }
  },
  {
   "type": "Feature",
   "properties": {
    "klima_id": "Frederiksberg",
    "typologi": "Forsinkelsesveje"
   },
   "geometry": {
    "type": "LineString",
    "coordinates": [
     [
      12.54211,
      55.67777
     ],
     [
      12.54298,
      55.68015
     ],
     [
      12.54373,
      55.68125
     ]
    ]
   }
  },
  {
   "type": "Feature",
   "properties": {
    "klima_id": "Frederiksberg",
    "typologi": "Grønne veje"
   },
   "geometry": {
    "type": "LineString",
    "coordinates": [
     [
      12.53139,
      55.66839
     ],
     [
      12.5345,
      55.66933
     ],
     [
      12.53781,
      55.67027
     ]
    ]
   }
  },
  {
   "type": "Feature",
   "properties": {
    "klima_id": "Frederiksberg",
    "typologi": "Grønne veje"
   },
   "geometry": {
    "type": "LineString",
    "coordinates": [
     [
      12.5339,
      55.69333
     ],
     [
      12.53489,
      55.69431
     ]
    ]
   }
  },
  {
   "type": "Feature",
   "properties": {
    "klima_id": "OS16",
    "projekt_navn": "Jagtvej",
    "typologi": "Skybrudsledning",
    "vandopland": "Østerbro"
   },
   "geometry": {
    "type": "LineString",
    "coordinates": [
     [
      12.56935,
      55.70779
     ],
     [
      12.56944,
      55.70761
     ]
    ]
   }
  },
  {
   "type": "Feature",
   "properties": {
    "klima_id": "OS16",
    "projekt_navn": "Jagtvej",
    "typologi": "Skybrudsledning",
    "vandopland": "Østerbro"
   },
   "geometry": {
    "type": "LineString",
    "coordinates": [
     [
      12.56478,
      55.707
     ],
     [
      12.56521,
      55.70685
     ]
    ]
   }
  },
  {
   "type": "Feature",
   "properties": {
    "klima_id": "Frederiksberg",
    "typologi": "Grønne veje"
   },
   "geometry": {
    "type": "LineString",
    "coordinates": [
     [
      12.54874,
      55.68497
     ],
     [
      12.54815,
      55.68383
     ]
    ]
   }
  },
  {
   "type": "Feature",
   "properties": {
    "klima_id": "AM32",
    "projekt_navn": "Kongedybet",
    "typologi": "Skybrudsledning",
    "vandopland": "Amager"
   },
   "geometry": {
    "type": "LineString",
    "coordinates": [
     [
      12.59741,
      55.66171
     ],
     [
      12.59899,
      55.66214
     ]
    ]
   }
  },
  {
   "type": "Feature",
   "properties": {
    "klima_id": "Frederiksberg",
    "typologi": "Grønne veje"
   },
   "geometry": {
    "type": "LineString",
    "coordinates": [
     [
      12.53463,
      55.67539
     ],
     [
      12.53442,
      55.67477
     ]
    ]
   }
  },
  {
   "type": "Feature",
   "properties": {
    "klima_id": "Frederiksberg",
    "typologi": "Grønne veje"
   },
   "geometry": {
    "type": "LineString",
    "coordinates": [
     [
      12.52318,
      55.68897
     ],
     [
      12.52448,
      55.69039
     ]
    ]
   }
  },
  {
   "type": "Feature",
   "properties": {
    "klima_id": "Frederiksberg",
    "typologi": "Grønne veje"
   },
   "geometry": {
    "type": "LineString",
    "coordinates": [
     [
      12.50645,
      55.687
     ],
     [
      12.50742,
      55.68793
     ],
     [
      12.51257,
      55.6889
     ]
    ]
   }
  },
  {
   "type": "Feature",
   "properties": {
    "klima_id": "Frederiksberg",
    "typologi": "Grønne veje"
   },
   "geometry": {
    "type": "LineString",
    "coordinates": [
     [
      12.53109,
      55.6841
     ],
     [
      12.53045,
      55.68318
     ]
    ]
   }
  },
  {
   "type": "Feature",
   "properties": {
    "klima_id": "Frederiksberg",
    "typologi": "Grønne veje"
   },
   "geometry": {
    "type": "LineString",
    "coordinates": [
     [
      12.51298,
      55.68119
     ],
     [
      12.51183,
      55.67911
     ]
    ]
   }
  },
  {
   "type": "Feature",
   "properties": {
    "klima_id": "Frederiksberg",
    "typologi": "Grønne veje"
   },
   "geometry": {
    "type": "LineString",
    "coordinates": [
     [
      12.52378,
      55.67985
     ],
     [
      12.52383,
      55.67968
     ]
    ]
   }
  },
  {
   "type": "Feature",
   "properties": {
    "klima_id": "Frederiksberg",
    "typologi": "Grønne veje"
   },
   "geometry": {
    "type": "LineString",
    "coordinates": [
     [
      12.52681,
      55.6925
     ],
     [
      12.5276,
      55.69227
     ]
    ]
   }
  },
  {
   "type": "Feature",
   "properties": {
    "klima_id": "IB3",
    "projekt_navn": "Gothersgade",
    "typologi": "Skybrudsledning",
    "vandopland": "Indre By"
   },
   "geometry": {
    "type": "LineString",
    "coordinates": [
     [
      12.58252,
      55.68476
     ],
     [
      12.58075,
      55.68268
     ]
    ]
   }
  },
  {
   "type": "Feature",
   "properties": {
    "klima_id": "Frederiksberg",
    "typologi": "Grønne veje"
   },
   "geometry": {
    "type": "LineString",
    "coordinates": [
     [
      12.55223,
      55.67987
     ],
     [
      12.55242,
      55.68013
     ]
    ]
   }
  },
  {
   "type": "Feature",
   "properties": {
    "klima_id": "OS11",
    "projekt_navn": "Vennemindevej m.fl.",
    "typologi": "Forsinkelsesveje",
    "vandopland": "Østerbro"
   },
   "geometry": {
    "type": "LineString",
    "coordinates": [
     [
      12.57124,
      55.71197
     ],
     [
      12.57099,
      55.71241
     ],
     [
      12.57087,
      55.71287
     ]
    ]
   }
  },
  {
   "type": "Feature",
   "properties": {
    "klima_id": "Frederiksberg",
    "typologi": "mix"
   },
   "geometry": {
    "type": "LineString",
    "coordinates": [
     [
      12.54158,
      55.68463
     ],
     [
      12.54239,
      55.68445
     ]
    ]
   }
  },
  {
   "type": "Feature",
   "properties": {
    "klima_id": "Frederiksberg",
    "typologi": "Skybrudsledning"
   },
   "geometry": {
    "type": "LineString",
    "coordinates": [
     [
      12.51926,
      55.68586
     ],
     [
      12.51844,
      55.68717
     ]
    ]
   }
  },
  {
   "type": "Feature",
   "properties": {
    "klima_id": "Frederiksberg",
    "typologi": "Grønne veje"
   },
   "geometry": {
    "type": "LineString",
    "coordinates": [
     [
      12.54407,
      55.68407
     ],
     [
      12.54475,
      55.68515
     ]
    ]
   }
  },
  {
   "type": "Feature",
   "properties": {
    "klima_id": "Frederiksberg",
    "typologi": "Grønne veje"
   },
   "geometry": {
    "type": "LineString",
    "coordinates": [
     [
      12.53251,
      55.68782
     ],
     [
      12.53164,
      55.68801
     ],
     [
      12.53077,
      55.68821
     ]
    ]
   }
  },
  {
   "type": "Feature",
   "properties": {
    "klima_id": "Frederiksberg",
    "typologi": "Grønne veje"
   },
   "geometry": {
    "type": "LineString",
    "coordinates": [
     [
      12.5468,
      55.67273
     ],
     [
      12.54541,
      55.67238
     ]
    ]
   }
  },
  {
   "type": "Feature",
   "properties": {
    "klima_id": "KV65",
    "projekt_navn": "Grønne veje i øvrigt Gåsebækrenden",
    "typologi": "Grønne veje",
    "vandopland": "København Vest"
   },
   "geometry": {
    "type": "LineString",
    "coordinates": [
     [
      12.49682,
      55.66525
     ],
     [
      12.49704,
      55.6652
     ],
     [
      12.49714,
      55.6652
     ],
     [
      12.49725,
      55.66521
     ],
     [
      12.4976,
      55.6653
     ],
     [
      12.49879,
      55.6656
     ],
     [
      12.49992,
      55.66588
     ],
     [
      12.50064,
      55.66606
     ],
     [
      12.50147,
      55.66623
     ],
     [
      12.50198,
      55.66631
     ]
    ]
   }
  },
  {
   "type": "Feature",
   "properties": {
    "klima_id": "KV65",
    "projekt_navn": "Grønne veje i øvrigt Gåsebækrenden",
    "typologi": "Grønne veje",
    "vandopland": "København Vest"
   },
   "geometry": {
    "type": "LineString",
    "coordinates": [
     [
      12.50118,
      55.66677
     ],
     [
      12.50154,
      55.66662
     ],
     [
      12.50188,
      55.6665
     ],
     [
      12.50223,
      55.66642
     ],
     [
      12.50265,
      55.66637
     ],
     [
      12.503,
      55.66635
     ],
     [
      12.50331,
      55.66639
     ],
     [
      12.50352,
      55.66646
     ],
     [
      12.50358,
      55.66649
     ],
     [
      12.50374,
      55.66673
     ]
    ]
   }
  },
  {
   "type": "Feature",
   "properties": {
    "klima_id": "KV65",
    "projekt_navn": "Grønne veje i øvrigt Gåsebækrenden",
    "typologi": "Grønne veje",
    "vandopland": "København Vest"
   },
   "geometry": {
    "type": "LineString",
    "coordinates": [
     [
      12.49707,
      55.66467
     ],
     [
      12.50369,
      55.66597
     ]
    ]
   }
  },
  {
   "type": "Feature",
   "properties": {
    "klima_id": "KV65",
    "projekt_navn": "Grønne veje i øvrigt Gåsebækrenden",
    "typologi": "Grønne veje",
    "vandopland": "København Vest"
   },
   "geometry": {
    "type": "LineString",
    "coordinates": [
     [
      12.50084,
      55.6646
     ],
     [
      12.50452,
      55.66532
     ]
    ]
   }
  },
  {
   "type": "Feature",
   "properties": {
    "klima_id": "OS16",
    "projekt_navn": "Jagtvej",
    "typologi": "Skybrudsledning",
    "vandopland": "Østerbro"
   },
   "geometry": {
    "type": "LineString",
    "coordinates": [
     [
      12.56584,
      55.70713
     ],
     [
      12.56596,
      55.70697
     ]
    ]
   }
  },
  {
   "type": "Feature",
   "properties": {
    "klima_id": "AM4",
    "projekt_navn": "Strandlodsvej, Nyrnberggade og Bremensgade",
    "typologi": "mix",
    "vandopland": "Amager"
   },
   "geometry": {
    "type": "LineString",
    "coordinates": [
     [
      12.62049,
      55.66705
     ],
     [
      12.62309,
      55.6677
     ]
    ]
   }
  },
  {
   "type": "Feature",
   "properties": {
    "klima_id": "BIR8.5",
    "projekt_navn": "Sigurdsgade",
    "typologi": "mix",
    "vandopland": "Bispebjerg"
   },
   "geometry": {
    "type": "LineString",
    "coordinates": [
     [
      12.55066,
      55.70275
     ],
     [
      12.54979,
      55.70322
     ]
    ]
   }
  },
  {
   "type": "Feature",
   "properties": {
    "klima_id": "Frederiksberg",
    "typologi": "Forsinkelsesveje"
   },
   "geometry": {
    "type": "LineString",
    "coordinates": [
     [
      12.52436,
      55.68095
     ],
     [
      12.52222,
      55.68058
     ],
     [
      12.52179,
      55.68051
     ]
    ]
   }
  },
  {
   "type": "Feature",
   "properties": {
    "klima_id": "BIR6.2",
    "projekt_navn": "Bispeparken Syd",
    "typologi": "Skybrudsveje",
    "vandopland": "Bispebjerg"
   },
   "geometry": {
    "type": "LineString",
    "coordinates": [
     [
      12.53375,
      55.712
     ],
     [
      12.53384,
      55.71188
     ]
    ]
   }
  },
  {
   "type": "Feature",
   "properties": {
    "klima_id": "BIR6.2",
    "projekt_navn": "Bispeparken Syd",
    "typologi": "Skybrudsveje",
    "vandopland": "Bispebjerg"
   },
   "geometry": {
    "type": "LineString",
    "coordinates": [
     [
      12.53416,
      55.71188
     ],
     [
      12.53412,
      55.71178
     ]
    ]
   }
  },
  {
   "type": "Feature",
   "properties": {
    "klima_id": "BIR5.4",
    "projekt_navn": "Tomsgårdsvej",
    "typologi": "Skybrudsveje",
    "vandopland": "Bispebjerg"
   },
   "geometry": {
    "type": "LineString",
    "coordinates": [
     [
      12.52613,
      55.71158
     ],
     [
      12.52661,
      55.71024
     ],
     [
      12.52631,
      55.71022
     ]
    ]
   }
  },
  {
   "type": "Feature",
   "properties": {
    "klima_id": "NO3A",
    "projekt_navn": "Ryesgade Nord",
    "typologi": "Forsinkelsesveje",
    "vandopland": "Nørrebro"
   },
   "geometry": {
    "type": "LineString",
    "coordinates": [
     [
      12.57821,
      55.69851
     ],
     [
      12.57322,
      55.69618
     ],
     [
      12.57279,
      55.6959
     ],
     [
      12.57188,
      55.6953
     ]
    ]
   }
  },
  {
   "type": "Feature",
   "properties": {
    "klima_id": "BIR7.2",
    "projekt_navn": "Lygten Kanal",
    "typologi": "Skybrudsledning",
    "vandopland": "Bispebjerg"
   },
   "geometry": {
    "type": "LineString",
    "coordinates": [
     [
      12.53833,
      55.70837
     ],
     [
      12.53888,
      55.70835
     ],
     [
      12.53944,
      55.70828
     ],
     [
      12.53969,
      55.70826
     ]
    ]
   }
  },
  {
   "type": "Feature",
   "properties": {
    "klima_id": "BIR6.2",
    "projekt_navn": "Bispeparken Syd",
    "typologi": "Skybrudsveje",
    "vandopland": "Bispebjerg"
   },
   "geometry": {
    "type": "LineString",
    "coordinates": [
     [
      12.53472,
      55.7108
     ],
     [
      12.53441,
      55.71078
     ],
     [
      12.53425,
      55.71066
     ]
    ]
   }
  },
  {
   "type": "Feature",
   "properties": {
    "klima_id": "BIR6.2",
    "projekt_navn": "Bispeparken Syd",
    "typologi": "Skybrudsledning",
    "vandopland": "Bispebjerg"
   },
   "geometry": {
    "type": "LineString",
    "coordinates": [
     [
      12.53208,
      55.71071
     ],
     [
      12.53317,
      55.71071
     ],
     [
      12.53334,
      55.71077
     ]
    ]
   }
  },
  {
   "type": "Feature",
   "properties": {
    "klima_id": "BIR6.2",
    "projekt_navn": "Bispeparken Syd",
    "typologi": "Skybrudsveje",
    "vandopland": "Bispebjerg"
   },
   "geometry": {
    "type": "LineString",
    "coordinates": [
     [
      12.53429,
      55.7111
     ],
     [
      12.53413,
      55.71096
     ]
    ]
   }
  },
  {
   "type": "Feature",
   "properties": {
    "klima_id": "BIR7.6&7.7",
    "projekt_navn": "Tagensvej Nord",
    "typologi": "Forsinkelsesveje",
    "vandopland": "Bispebjerg"
   },
   "geometry": {
    "type": "LineString",
    "coordinates": [
     [
      12.53148,
      55.71613
     ],
     [
      12.53199,
      55.71593
     ],
     [
      12.53259,
      55.7156
     ],
     [
      12.53289,
      55.71544
     ],
     [
      12.53308,
      55.71531
     ],
     [
      12.53343,
      55.71507
     ],
     [
      12.53383,
      55.71475
     ],
     [
      12.53421,
      55.71441
     ],
     [
      12.5345,
      55.71412
     ],
     [
      12.53464,
      55.71397
     ],
     [
      12.5348,
      55.71379
     ],
     [
      12.53508,
      55.71349
     ],
     [
      12.53547,
      55.71304
     ],
     [
      12.53575,
      55.71271
     ],
     [
      12.53658,
      55.71179
     ],
     [
      12.53765,
      55.71062
     ],
     [
      12.53786,
      55.7104
     ],
     [
      12.53812,
      55.71007
     ],
     [
      12.53907,
      55.70899
     ]
    ]
   }
  },
  {
   "type": "Feature",
   "properties": {
    "klima_id": "OS1",
    "projekt_navn": "Strandboulevarden",
    "typologi": "mix",
    "vandopland": "Østerbro"
   },
   "geometry": {
    "type": "LineString",
    "coordinates": [
     [
      12.58692,
      55.70516
     ],
     [
      12.58643,
      55.70614
     ]
    ]
   }
  },
  {
   "type": "Feature",
   "properties": {
    "klima_id": "OS16",
    "projekt_navn": "Jagtvej",
    "typologi": "Forsinkelsesveje",
    "vandopland": "Østerbro"
   },
   "geometry": {
    "type": "LineString",
    "coordinates": [
     [
      12.57193,
      55.70944
     ],
     [
      12.57194,
      55.70924
     ],
     [
      12.57247,
      55.70837
     ]
    ]
   }
  },
  {
   "type": "Feature",
   "properties": {
    "klima_id": "Frederiksberg",
    "typologi": "Grønne veje"
   },
   "geometry": {
    "type": "LineString",
    "coordinates": [
     [
      12.54524,
      55.67569
     ],
     [
      12.54726,
      55.67849
     ],
     [
      12.54743,
      55.67873
     ]
    ]
   }
  },
  {
   "type": "Feature",
   "properties": {
    "klima_id": "Frederiksberg",
    "typologi": "mix"
   },
   "geometry": {
    "type": "LineString",
    "coordinates": [
     [
      12.52179,
      55.68051
     ],
     [
      12.5194,
      55.67984
     ],
     [
      12.51734,
      55.67913
     ],
     [
      12.51721,
      55.67906
     ],
     [
      12.51641,
      55.67865
     ],
     [
      12.51481,
      55.67805
     ],
     [
      12.51358,
      55.67721
     ],
     [
      12.51249,
      55.67648
     ],
     [
      12.51197,
      55.67607
     ],
     [
      12.51141,
      55.67565
     ]
    ]
   }
  },
  {
   "type": "Feature",
   "properties": {
    "klima_id": "Frederiksberg",
    "typologi": "Skybrudsveje"
   },
   "geometry": {
    "type": "LineString",
    "coordinates": [
     [
      12.53861,
      55.6853
     ],
     [
      12.5396,
      55.68618
     ],
     [
      12.53995,
      55.68649
     ],
     [
      12.54023,
      55.68674
     ],
     [
      12.54122,
      55.68756
     ]
    ]
   }
  },
  {
   "type": "Feature",
   "properties": {
    "klima_id": "Frederiksberg",
    "typologi": "Forsinkelsesveje"
   },
   "geometry": {
    "type": "LineString",
    "coordinates": [
     [
      12.50007,
      55.68249
     ],
     [
      12.49829,
      55.68255
     ],
     [
      12.4967,
      55.68264
     ],
     [
      12.49555,
      55.68268
     ],
     [
      12.49401,
      55.68327
     ]
    ]
   }
  },
  {
   "type": "Feature",
   "properties": {
    "klima_id": "Frederiksberg",
    "typologi": "Forsinkelsesveje"
   },
   "geometry": {
    "type": "LineString",
    "coordinates": [
     [
      12.5015,
      55.67859
     ],
     [
      12.50377,
      55.67866
     ],
     [
      12.50413,
      55.67867
     ],
     [
      12.50506,
      55.6787
     ],
     [
      12.50702,
      55.67876
     ],
     [
      12.50902,
      55.67882
     ]
    ]
   }
  },
  {
   "type": "Feature",
   "properties": {
    "klima_id": "Frederiksberg",
    "typologi": "Skybrudsveje"
   },
   "geometry": {
    "type": "LineString",
    "coordinates": [
     [
      12.53047,
      55.68719
     ],
     [
      12.53023,
      55.68725
     ]
    ]
   }
  },
  {
   "type": "Feature",
   "properties": {
    "klima_id": "Frederiksberg",
    "typologi": "Grønne veje"
   },
   "geometry": {
    "type": "LineString",
    "coordinates": [
     [
      12.50197,
      55.67689
     ],
     [
      12.50116,
      55.6752
     ],
     [
      12.4999,
      55.67513
     ]
    ]
   }
  },
  {
   "type": "Feature",
   "properties": {
    "klima_id": "BIR14.1",
    "projekt_navn": "Præstegårds Allé",
    "typologi": "Skybrudsledning",
    "vandopland": "Bispebjerg"
   },
   "geometry": {
    "type": "LineString",
    "coordinates": [
     [
      12.4929,
      55.70581
     ],
     [
      12.49319,
      55.70604
     ],
     [
      12.49347,
      55.70627
     ],
     [
      12.4944,
      55.70702
     ],
     [
      12.49442,
      55.70723
     ],
     [
      12.49447,
      55.70844
     ]
    ]
   }
  },
  {
   "type": "Feature",
   "properties": {
    "klima_id": "Frederiksberg",
    "typologi": "Skybrudsveje"
   },
   "geometry": {
    "type": "LineString",
    "coordinates": [
     [
      12.51569,
      55.67899
     ],
     [
      12.51433,
      55.67896
     ],
     [
      12.51324,
      55.67893
     ],
     [
      12.51169,
      55.67889
     ],
     [
      12.50936,
      55.67883
     ]
    ]
   }
  },
  {
   "type": "Feature",
   "properties": {
    "klima_id": "IB4",
    "projekt_navn": "Sankt Annæ Plads",
    "typologi": "Skybrudsledning",
    "vandopland": "Indre By"
   },
   "geometry": {
    "type": "LineString",
    "coordinates": [
     [
      12.58881,
      55.68241
     ],
     [
      12.59364,
      55.6811
     ],
     [
      12.59411,
      55.68129
     ]
    ]
   }
  },
  {
   "type": "Feature",
   "properties": {
    "klima_id": "Frederiksberg",
    "typologi": "mix"
   },
   "geometry": {
    "type": "LineString",
    "coordinates": [
     [
      12.53246,
      55.67478
     ],
     [
      12.54273,
      55.67374
     ],
     [
      12.54374,
      55.67364
     ]
    ]
   }
  },
  {
   "type": "Feature",
   "properties": {
    "klima_id": "Frederiksberg",
    "typologi": "mix"
   },
   "geometry": {
    "type": "LineString",
    "coordinates": [
     [
      12.5343,
      55.68631
     ],
     [
      12.53577,
      55.68597
     ],
     [
      12.53922,
      55.68518
     ]
    ]
   }
  },
  {
   "type": "Feature",
   "properties": {
    "klima_id": "KV66",
    "projekt_navn": "Trekronergade",
    "typologi": "Forsinkelsesveje",
    "vandopland": "København Vest"
   },
   "geometry": {
    "type": "LineString",
    "coordinates": [
     [
      12.51947,
      55.66159
     ],
     [
      12.52044,
      55.65302
     ]
    ]
   }
  },
  {
   "type": "Feature",
   "properties": {
    "klima_id": "KV90",
    "projekt_navn": "Gammel Køge Landevej Nord",
    "typologi": "Skybrudsledning",
    "vandopland": "København Vest"
   },
   "geometry": {
    "type": "LineString",
    "coordinates": [
     [
      12.51412,
      55.65834
     ],
     [
      12.51215,
      55.6559
     ],
     [
      12.50926,
      55.65683
     ],
     [
      12.50818,
      55.65674
     ]
    ]
   }
  },
  {
   "type": "Feature",
   "properties": {
    "klima_id": "Frederiksberg",
    "typologi": "Skybrudsveje"
   },
   "geometry": {
    "type": "LineString",
    "coordinates": [
     [
      12.54262,
      55.6844
     ],
     [
      12.54374,
      55.68415
     ],
     [
      12.54732,
      55.68318
     ],
     [
      12.54865,
      55.68294
     ],
     [
      12.55174,
      55.68219
     ],
     [
      12.55382,
      55.68173
     ],
     [
      12.55423,
      55.68169
     ]
    ]
   }
  },
  {
   "type": "Feature",
   "properties": {
    "klima_id": "Frederiksberg",
    "typologi": "Grønne veje"
   },
   "geometry": {
    "type": "LineString",
    "coordinates": [
     [
      12.50048,
      55.67781
     ],
     [
      12.4997,
      55.67608
     ],
     [
      12.49964,
      55.6751
     ],
     [
      12.49784,
      55.67504
     ],
     [
      12.49809,
      55.67318
     ],
     [
      12.49774,
      55.67316
     ]
    ]
   }
  },
  {
   "type": "Feature",
   "properties": {
    "klima_id": "IB11",
    "projekt_navn": "Indre By Nord",
    "typologi": "Skybrudsledning",
    "vandopland": "Indre By"
   },
   "geometry": {
    "type": "LineString",
    "coordinates": [
     [
      12.5872,
      55.6807
     ],
     [
      12.58806,
      55.68046
     ]
    ]
   }
  },
  {
   "type": "Feature",
   "properties": {
    "klima_id": "IB11",
    "projekt_navn": "Indre By Nord",
    "typologi": "Skybrudsledning",
    "vandopland": "Indre By"
   },
   "geometry": {
    "type": "LineString",
    "coordinates": [
     [
      12.5953,
      55.68649
     ],
     [
      12.59792,
      55.6858
     ]
    ]
   }
  },
  {
   "type": "Feature",
   "properties": {
    "klima_id": "IB11",
    "projekt_navn": "Indre By Nord",
    "typologi": "Skybrudsledning",
    "vandopland": "Indre By"
   },
   "geometry": {
    "type": "LineString",
    "coordinates": [
     [
      12.59492,
      55.68601
     ],
     [
      12.59561,
      55.68688
     ]
    ]
   }
  },
  {
   "type": "Feature",
   "properties": {
    "klima_id": "IB10",
    "projekt_navn": "Bredgade-Amalienborg",
    "typologi": "Skybrudsledning",
    "vandopland": "Indre By"
   },
   "geometry": {
    "type": "LineString",
    "coordinates": [
     [
      12.59058,
      55.6847
     ],
     [
      12.59467,
      55.68362
     ]
    ]
   }
  },
  {
   "type": "Feature",
   "properties": {
    "klima_id": "BIR21",
    "projekt_navn": "Svanemøllen Skybrudstunnel",
    "typologi": "Skybrudsledning",
    "vandopland": "Bispebjerg"
   },
   "geometry": {
    "type": "LineString",
    "coordinates": [
     [
      12.5558,
      55.72288
     ],
     [
      12.55611,
      55.72281
     ],
     [
      12.56909,
      55.72317
     ],
     [
      12.56868,
      55.72281
     ],
     [
      12.56562,
      55.72103
     ],
     [
      12.5575,
      55.71641
     ],
     [
      12.55258,
      55.71347
     ],
     [
      12.55158,
      55.71287
     ],
     [
      12.55119,
      55.71265
     ],
     [
      12.55051,
      55.71026
     ],
     [
      12.54127,
      55.70598
     ],
     [
      12.5382,
      55.70464
     ]
    ]
   }
  },
  {
   "type": "Feature",
   "properties": {
    "klima_id": "BIR21",
    "projekt_navn": "Svanemøllen Skybrudstunnel",
    "typologi": "Skybrudsledning",
    "vandopland": "Bispebjerg"
   },
   "geometry": {
    "type": "LineString",
    "coordinates": [
     [
      12.56909,
      55.72317
     ],
     [
      12.58669,
      55.72435
     ],
     [
      12.60234,
      55.72536
     ]
    ]
   }
  },
  {
   "type": "Feature",
   "properties": {
    "typologi": "Grønne veje"
   },
   "geometry": {
    "type": "LineString",
    "coordinates": [
     [
      12.50657,
      55.69711
     ],
     [
      12.51013,
      55.70032
     ]
    ]
   }
  },
  {
   "type": "Feature",
   "properties": {
    "typologi": "Grønne veje"
   },
   "geometry": {
    "type": "LineString",
    "coordinates": [
     [
      12.51179,
      55.6996
     ],
     [
      12.50967,
      55.69765
     ],
     [
      12.50785,
      55.69626
     ]
    ]
   }
  },
  {
   "type": "Feature",
   "properties": {
    "typologi": "Grønne veje"
   },
   "geometry": {
    "type": "LineString",
    "coordinates": [
     [
      12.51041,
      55.69813
     ],
     [
      12.51344,
      55.69699
     ]
    ]
   }
  },
  {
   "type": "Feature",
   "properties": {
    "typologi": "Grønne veje"
   },
   "geometry": {
    "type": "LineString",
    "coordinates": [
     [
      12.50965,
      55.69747
     ],
     [
      12.51254,
      55.69639
     ]
    ]
   }
  },
  {
   "type": "Feature",
   "properties": {
    "typologi": "Grønne veje"
   },
   "geometry": {
    "type": "LineString",
    "coordinates": [
     [
      12.51709,
      55.70958
     ],
     [
      12.51693,
      55.70847
     ],
     [
      12.51691,
      55.70682
     ]
    ]
   }
  },
  {
   "type": "Feature",
   "properties": {
    "typologi": "Grønne veje"
   },
   "geometry": {
    "type": "LineString",
    "coordinates": [
     [
      12.52316,
      55.70552
     ],
     [
      12.5227,
      55.70447
     ]
    ]
   }
  },
  {
   "type": "Feature",
   "properties": {
    "typologi": "Grønne veje"
   },
   "geometry": {
    "type": "LineString",
    "coordinates": [
     [
      12.5321,
      55.70732
     ],
     [
      12.53211,
      55.70642
     ],
     [
      12.5321,
      55.7056
     ],
     [
      12.53213,
      55.70524
     ],
     [
      12.5333,
      55.70273
     ]
    ]
   }
  },
  {
   "type": "Feature",
   "properties": {
    "typologi": "Grønne veje"
   },
   "geometry": {
    "type": "LineString",
    "coordinates": [
     [
      12.53053,
      55.70309
     ],
     [
      12.53163,
      55.70394
     ],
     [
      12.53251,
      55.70409
     ]
    ]
   }
  },
  {
   "type": "Feature",
   "properties": {
    "klima_id": "BIR1.1",
    "projekt_navn": "Svanemøllens Kasserne Ved Banen",
    "typologi": "Skybrudsveje",
    "vandopland": "Bispebjerg"
   },
   "geometry": {
    "type": "LineString",
    "coordinates": [
     [
      12.56892,
      55.72461
     ],
     [
      12.57029,
      55.72261
     ]
    ]
   }
  }
 ]
}